     #Energy         O_s         O_p        Mo_s        Mo_p        Mo_d        Nb_s        Nb_p        Nb_d
   -64.38611     0.00000     0.00000     0.00000     0.00000     0.00000     0.00000     0.00000     0.00000
   -64.36311     0.00000     0.00000     0.00000     0.00000     0.00000     0.00000     0.00000     0.00000
   -64.33911     0.00000     0.00000     0.00000     0.00000     0.00000     0.00000     0.00000     0.00000
   -64.31611     0.00000     0.00000     0.00000     0.00000     0.00000     0.00000     0.00000     0.00000
   -64.29311     0.00000     0.00000     0.00000     0.00000     0.00000     0.00000     0.00000     0.00000
   -64.27011     0.00000     0.00000     0.00000     0.00000     0.00000     0.00000     0.00000     0.00000
   -64.24711     0.00000     0.00000     0.00000     0.00000     0.00000     0.00000     0.00000     0.00000
   -64.22411     0.00000     0.00000     0.00000     0.00000     0.00000     0.00000     0.00000     0.00000
   -64.20011     0.00000     0.00000     0.00000     0.00000     0.00000     0.00000     0.00000     0.00000
   -64.17711     0.00000     0.00000     0.00000     0.00000     0.00000     0.00000     0.00000     0.00000
   -64.15411     0.00000     0.00000     0.00000     0.00000     0.00000     0.00000     0.00000     0.00000
   -64.13111     0.00000     0.00000     0.00000     0.00000     0.00000     0.00000     0.00000     0.00000
   -64.10811     0.00000     0.00000     0.00000     0.00000     0.00000     0.00000     0.00000     0.00000
   -64.08411     0.00000     0.00000     0.00000     0.00000     0.00000     0.00000     0.00000     0.00000
   -64.06111     0.00000     0.00000     0.00000     0.00000     0.00000     0.00000     0.00000     0.00000
   -64.03811     0.00000     0.00000     0.00000     0.00000     0.00000     0.00000     0.00000     0.00000
   -64.01511     0.00000     0.00000     0.00000     0.00000     0.00000     0.00000     0.00000     0.00000
   -63.99211     0.00000     0.00000     0.00000     0.00000     0.00000     0.00000     0.00000     0.00000
   -63.96911     0.00000     0.00000     0.00000     0.00000     0.00000     0.00000     0.00000     0.00000
   -63.94511     0.00000     0.00000     0.00000     0.00000     0.00000     0.00000     0.00000     0.00000
   -63.92211     0.00000     0.00000     0.00000     0.00000     0.00000     0.00000     0.00000     0.00000
   -63.89911     0.00000     0.00000     0.00000     0.00000     0.00000     0.00000     0.00000     0.00000
   -63.87611     0.00000     0.00000     0.00000     0.00000     0.00000     0.00000     0.00000     0.00000
   -63.85311     0.00000     0.00000     0.00000     0.00000     0.00000     0.00000     0.00000     0.00000
   -63.83011     0.00000     0.00000     0.00000     0.00000     0.00000     0.00000     0.00000     0.00000
   -63.80611     0.00000     0.00000     0.00000     0.00000     0.00000     0.00000     0.00000     0.00000
   -63.78311     0.00000     0.00000     0.00000     0.00000     0.00000     0.00000     0.00000     0.00000
   -63.76011     0.00000     0.00000     0.00000     0.00000     0.00000     0.00000     0.00000     0.00000
   -63.73711     0.00000     0.00000     0.00000     0.00000     0.00000     0.00000     0.00000     0.00000
   -63.71411     0.00000     0.00000     0.00000     0.00000     0.00000     0.00000     0.00000     0.00000
   -63.69011     0.00000     0.00000     0.00000     0.00000     0.00000     0.00000     0.00000     0.00000
   -63.66711     0.00000     0.00000     0.00000     0.00000     0.00000     0.00000     0.00000     0.00000
   -63.64411     0.00000     0.00000     0.00000     0.00000     0.00000     0.00000     0.00000     0.00000
   -63.62111     0.00000     0.00000     0.00000     0.00000     0.00000     0.00000     0.00000     0.00000
   -63.59811     0.00000     0.00000     0.00000     0.00000     0.00000     0.00000     0.00000     0.00000
   -63.57511     0.00000     0.00000     0.00000     0.00000     0.00000     0.00000     0.00000     0.00000
   -63.55111     0.00000     0.00000     0.00000     0.00000     0.00000     0.00000     0.00000     0.00000
   -63.52811     0.00000     0.00000     0.00000     0.00000     0.00000     0.00000     0.00000     0.00000
   -63.50511     0.00000     0.00000     0.00000     0.00000     0.00000     0.00000     0.00000     0.00000
   -63.48211     0.00000     0.00000     0.00000     0.00000     0.00000     0.00000     0.00000     0.00000
   -63.45911     0.00000     0.00000     0.00000     0.00000     0.00000     0.00000     0.00000     0.00000
   -63.43611     0.00000     0.00000     0.00000     0.00000     0.00000     0.00000     0.00000     0.00000
   -63.41211     0.00000     0.00000     0.00000     0.00000     0.00000     0.00000     0.00000     0.00000
   -63.38911     0.00000     0.00000     0.00000     0.00000     0.00000     0.00000     0.00000     0.00000
   -63.36611     0.00000     0.00000     0.00000     0.00000     0.00000     0.00000     0.00000     0.00000
   -63.34311     0.00000     0.00000     0.00000     0.00000     0.00000     0.00000     0.00000     0.00000
   -63.32011     0.00000     0.00000     0.00000     0.00000     0.00000     0.00000     0.00000     0.00000
   -63.29611     0.00000     0.00000     0.00000     0.00000     0.00000     0.00000     0.00000     0.00000
   -63.27311     0.00000     0.00000     0.00000     0.00000     0.00000     0.00000     0.00000     0.00000
   -63.25011     0.00000     0.00000     0.00000     0.00000     0.00000     0.00000     0.00000     0.00000
   -63.22711     0.00000     0.00000     0.00000     0.00000     0.00000     0.00000     0.00000     0.00000
   -63.20411     0.00000     0.00000     0.00000     0.00000     0.00000     0.00000     0.00000     0.00000
   -63.18111     0.00000     0.00000     0.00000     0.00000     0.00000     0.00000     0.00000     0.00000
   -63.15711     0.00000     0.00000     0.00000     0.00000     0.00000     0.00000     0.00000     0.00000
   -63.13411     0.00000     0.00000     0.00000     0.00000     0.00000     0.00000     0.00000     0.00000
   -63.11111     0.00000     0.00000     0.00000     0.00000     0.00000     0.00000     0.00000     0.00000
   -63.08811     0.00000     0.00000     0.00000     0.00000     0.00000     0.00000     0.00000     0.00000
   -63.06511     0.00000     0.00000     0.00000     0.00000     0.00000     0.00000     0.00000     0.00000
   -63.04211     0.00000     0.00000     0.00000     0.00000     0.00000     0.00000     0.00000     0.00000
   -63.01811     0.00000     0.00000     0.00000     0.00000     0.00000     0.00000     0.00000     0.00000
   -62.99511     0.00000     0.00000     0.00000     0.00000     0.00000     0.00000     0.00000     0.00000
   -62.97211     0.00000     0.00000     0.00000     0.00000     0.00000     0.00000     0.00000     0.00000
   -62.94911     0.00000     0.00000     0.00000     0.00000     0.00000     0.00000     0.00000     0.00000
   -62.92611     0.00000     0.00000     0.00000     0.00000     0.00000     0.00000     0.00000     0.00000
   -62.90211     0.00000     0.00000     0.00000     0.00000     0.00000     0.00000     0.00000     0.00000
   -62.87911     0.00000     0.00000     0.00000     0.00000     0.00000     0.00000     0.00000     0.00000
   -62.85611     0.00000     0.00000     0.00000     0.00000     0.00000     0.00000     0.00000     0.00000
   -62.83311     0.00000     0.00000     0.00000     0.00000     0.00000     0.00000     0.00000     0.00000
   -62.81011     0.00000     0.00000     0.00000     0.00000     0.00000     0.00000     0.00000     0.00000
   -62.78711     0.00000     0.00000     0.00000     0.00000     0.00000     0.00000     0.00000     0.00000
   -62.76311     0.00000     0.00000     0.00000     0.00000     0.00000     0.00000     0.00000     0.00000
   -62.74011     0.00000     0.00000     0.00000     0.00000     0.00000     0.00000     0.00000     0.00000
   -62.71711     0.00000     0.00000     0.00000     0.00000     0.00000     0.00000     0.00000     0.00000
   -62.69411     0.00000     0.00000     0.00000     0.00000     0.00000     0.00000     0.00000     0.00000
   -62.67111     0.00000     0.00000     0.00000     0.00000     0.00000     0.00000     0.00000     0.00000
   -62.64811     0.00000     0.00000     0.00000     0.00000     0.00000     0.00000     0.00000     0.00000
   -62.62411     0.00000     0.00000     0.00000     0.00000     0.00000     0.00000     0.00000     0.00000
   -62.60111     0.00000     0.00000     0.00000     0.00000     0.00000     0.00000     0.00000     0.00000
   -62.57811     0.00000     0.00000     0.00000     0.00000     0.00000     0.00000     0.00000     0.00000
   -62.55511     0.00000     0.00000     0.00000     0.00000     0.00000     0.00000     0.00000     0.00000
   -62.53211     0.00000     0.00000     0.00000     0.00000     0.00000     0.00000     0.00000     0.00000
   -62.50811     0.00000     0.00000     0.00000     0.00000     0.00000     0.00000     0.00000     0.00000
   -62.48511     0.00000     0.00000     0.00000     0.00000     0.00000     0.00000     0.00000     0.00000
   -62.46211     0.00000     0.00000     0.00000     0.00000     0.00000     0.00000     0.00000     0.00000
   -62.43911     0.00000     0.00000     0.00000     0.00000     0.00000     0.00000     0.00000     0.00000
   -62.41611     0.00000     0.00000     0.00000     0.00000     0.00000     0.00000     0.00000     0.00000
   -62.39311     0.00000     0.00000     0.00000     0.00000     0.00000     0.00000     0.00000     0.00000
   -62.36911     0.00000     0.00000     0.00000     0.00000     0.00000     0.00000     0.00000     0.00000
   -62.34611     0.00000     0.00000     0.00000     0.00000     0.00000     0.00000     0.00000     0.00000
   -62.32311     0.00000     0.00000     0.00000     0.00000     0.00000     0.00000     0.00000     0.00000
   -62.30011     0.00000     0.00000     0.00000     0.00000     0.00000     0.00000     0.00000     0.00000
   -62.27711     0.00000     0.00000     0.00000     0.00000     0.00000     0.00000     0.00000     0.00000
   -62.25411     0.00000     0.00000     0.00000     0.00000     0.00000     0.00000     0.00000     0.00000
   -62.23011     0.00000     0.00000     0.00000     0.00000     0.00000     0.00000     0.00000     0.00000
   -62.20711     0.00000     0.00000     0.00000     0.00000     0.00000     0.00000     0.00000     0.00000
   -62.18411     0.00000     0.00000     0.00000     0.00000     0.00000     0.00000     0.00000     0.00000
   -62.16111     0.00000     0.00000     0.00000     0.00000     0.00000     0.00000     0.00000     0.00000
   -62.13811     0.00000     0.00000     0.00000     0.00000     0.00000     0.00000     0.00000     0.00000
   -62.11411     0.00000     0.00000     0.00000     0.00000     0.00000     0.00000     0.00000     0.00000
   -62.09111     0.00000     0.00000     0.00000     0.00000     0.00000     0.00000     0.00000     0.00000
   -62.06811     0.00000     0.00000     0.00000     0.00000     0.00000     0.00000     0.00000     0.00000
   -62.04511     0.00000     0.00000     0.00000     0.00000     0.00000     0.00000     0.00000     0.00000
   -62.02211     0.00000     0.00000     0.00000     0.00000     0.00000     0.00000     0.00000     0.00000
   -61.99911     0.00000     0.00000     0.00000     0.00000     0.00000     0.00000     0.00000     0.00000
   -61.97511     0.00000     0.00000     0.00000     0.00000     0.00000     0.00000     0.00000     0.00000
   -61.95211     0.00000     0.00000     0.00000     0.00000     0.00000     0.00000     0.00000     0.00000
   -61.92911     0.00000     0.00000     0.00001     0.00000     0.00000     0.00000     0.00000     0.00000
   -61.90611     0.00000     0.00000     0.00002     0.00000     0.00000     0.00000     0.00000     0.00000
   -61.88311     0.00000     0.00000     0.00005     0.00000     0.00000     0.00000     0.00000     0.00000
   -61.86011     0.00000     0.00000     0.00012     0.00000     0.00000     0.00000     0.00000     0.00000
   -61.83611     0.00000     0.00000     0.00027     0.00000     0.00000     0.00000     0.00000     0.00000
   -61.81311     0.00000     0.00000     0.00058     0.00000     0.00000     0.00000     0.00000     0.00000
   -61.79011     0.00000     0.00000     0.00121     0.00000     0.00000     0.00000     0.00000     0.00000
   -61.76711     0.00000     0.00000     0.00249     0.00000     0.00000     0.00000     0.00000     0.00000
   -61.74411     0.00000     0.00000     0.00500     0.00000     0.00000     0.00000     0.00000     0.00000
   -61.72011     0.00000     0.00000     0.00977     0.00000     0.00000     0.00000     0.00000     0.00000
   -61.69711     0.00000     0.00000     0.01866     0.00000     0.00000     0.00000     0.00000     0.00000
   -61.67411     0.00000     0.00000     0.03478     0.00000     0.00000     0.00000     0.00000     0.00000
   -61.65111     0.00000     0.00000     0.06331     0.00000     0.00000     0.00000     0.00000     0.00000
   -61.62811     0.00000     0.00000     0.11256     0.00001     0.00000     0.00000     0.00000     0.00000
   -61.60511     0.00000     0.00000     0.19551     0.00001     0.00001     0.00000     0.00000     0.00000
   -61.58111     0.00000     0.00000     0.33178     0.00002     0.00002     0.00000     0.00000     0.00000
   -61.55811     0.00000     0.00000     0.55021     0.00004     0.00003     0.00001     0.00000     0.00000
   -61.53511     0.00000     0.00000     0.89184     0.00006     0.00005     0.00001     0.00000     0.00000
   -61.51211     0.00000     0.00000     1.41324     0.00010     0.00008     0.00002     0.00000     0.00000
   -61.48911     0.00000     0.00000     2.18985     0.00016     0.00013     0.00002     0.00000     0.00000
   -61.46611     0.00000     0.00000     3.31851     0.00024     0.00020     0.00003     0.00000     0.00000
   -61.44211     0.00000     0.00000     4.91958     0.00036     0.00031     0.00005     0.00001     0.00000
   -61.41911     0.00001     0.00001     7.13690     0.00052     0.00048     0.00007     0.00001     0.00000
   -61.39611     0.00001     0.00001    10.13409     0.00074     0.00071     0.00010     0.00001     0.00000
   -61.37311     0.00001     0.00001    14.08875     0.00103     0.00103     0.00013     0.00002     0.00001
   -61.35011     0.00001     0.00001    19.18280     0.00140     0.00147     0.00017     0.00003     0.00001
   -61.32611     0.00002     0.00002    25.58948     0.00186     0.00204     0.00023     0.00003     0.00001
   -61.30311     0.00002     0.00002    33.45784     0.00241     0.00278     0.00029     0.00004     0.00001
   -61.28011     0.00003     0.00003    42.89194     0.00308     0.00371     0.00036     0.00006     0.00002
   -61.25711     0.00004     0.00004    53.93793     0.00384     0.00484     0.00043     0.00007     0.00002
   -61.23411     0.00005     0.00005    66.57060     0.00471     0.00619     0.00052     0.00009     0.00003
   -61.21111     0.00005     0.00006    80.67128     0.00565     0.00777     0.00061     0.00011     0.00004
   -61.18711     0.00006     0.00007    96.03503     0.00666     0.00955     0.00071     0.00013     0.00004
   -61.16411     0.00007     0.00008   112.37280     0.00771     0.01151     0.00080     0.00015     0.00005
   -61.14111     0.00008     0.00009   129.30760     0.00877     0.01362     0.00090     0.00017     0.00006
   -61.11811     0.00009     0.00010   146.40100     0.00981     0.01582     0.00099     0.00019     0.00007
   -61.09511     0.00010     0.00010   163.17680     0.01079     0.01803     0.00107     0.00021     0.00008
   -61.07211     0.00010     0.00011   179.12580     0.01169     0.02019     0.00115     0.00023     0.00009
   -61.04811     0.00011     0.00012   193.75780     0.01248     0.02222     0.00121     0.00024     0.00010
   -61.02511     0.00011     0.00012   206.61460     0.01314     0.02402     0.00125     0.00026     0.00011
   -61.00211     0.00011     0.00012   217.29480     0.01364     0.02554     0.00128     0.00027     0.00011
   -60.97911     0.00011     0.00012   225.48200     0.01398     0.02670     0.00128     0.00027     0.00012
   -60.95611     0.00010     0.00012   230.99100     0.01416     0.02746     0.00127     0.00027     0.00012
   -60.93211     0.00010     0.00011   233.70900     0.01417     0.02781     0.00124     0.00027     0.00012
   -60.90911     0.00009     0.00010   233.66000     0.01404     0.02773     0.00118     0.00026     0.00012
   -60.88611     0.00008     0.00010   230.96600     0.01376     0.02726     0.00112     0.00024     0.00011
   -60.86311     0.00007     0.00009   225.83300     0.01336     0.02641     0.00103     0.00023     0.00011
   -60.84011     0.00006     0.00008   218.52300     0.01285     0.02526     0.00094     0.00021     0.00010
   -60.81711     0.00005     0.00007   209.33600     0.01226     0.02385     0.00085     0.00018     0.00009
   -60.79311     0.00005     0.00006   198.55800     0.01160     0.02225     0.00075     0.00016     0.00008
   -60.77011     0.00004     0.00005   186.48100     0.01088     0.02052     0.00065     0.00014     0.00007
   -60.74711     0.00003     0.00004   173.35550     0.01012     0.01871     0.00055     0.00012     0.00006
   -60.72411     0.00003     0.00004   159.43300     0.00932     0.01687     0.00046     0.00010     0.00005
   -60.70111     0.00002     0.00003   144.93460     0.00849     0.01504     0.00038     0.00008     0.00004
   -60.67811     0.00002     0.00003   130.11440     0.00764     0.01325     0.00031     0.00007     0.00003
   -60.65411     0.00001     0.00002   115.20770     0.00679     0.01152     0.00025     0.00005     0.00003
   -60.63111     0.00001     0.00002   100.48630     0.00594     0.00989     0.00020     0.00004     0.00002
   -60.60811     0.00001     0.00001    86.22760     0.00512     0.00836     0.00016     0.00003     0.00002
   -60.58511     0.00001     0.00001    72.69895     0.00433     0.00696     0.00012     0.00003     0.00001
   -60.56211     0.00000     0.00001    60.14998     0.00360     0.00569     0.00009     0.00002     0.00001
   -60.53811     0.00000     0.00001    48.78639     0.00293     0.00457     0.00007     0.00001     0.00001
   -60.51511     0.00000     0.00000    38.75159     0.00234     0.00360     0.00005     0.00001     0.00001
   -60.49211     0.00000     0.00000    30.11730     0.00182     0.00278     0.00004     0.00001     0.00000
   -60.46911     0.00000     0.00000    22.88753     0.00139     0.00210     0.00003     0.00001     0.00000
   -60.44611     0.00000     0.00000    16.99316     0.00103     0.00155     0.00002     0.00000     0.00000
   -60.42311     0.00000     0.00000    12.32170     0.00075     0.00112     0.00001     0.00000     0.00000
   -60.39911     0.00000     0.00000     8.72086     0.00053     0.00079     0.00001     0.00000     0.00000
   -60.37611     0.00000     0.00000     6.02283     0.00037     0.00054     0.00001     0.00000     0.00000
   -60.35311     0.00000     0.00000     4.05753     0.00025     0.00037     0.00000     0.00000     0.00000
   -60.33011     0.00000     0.00000     2.66543     0.00016     0.00024     0.00000     0.00000     0.00000
   -60.30711     0.00000     0.00000     1.70733     0.00011     0.00015     0.00000     0.00000     0.00000
   -60.28311     0.00000     0.00000     1.06595     0.00007     0.00010     0.00000     0.00000     0.00000
   -60.26011     0.00000     0.00000     0.64867     0.00004     0.00006     0.00000     0.00000     0.00000
   -60.23711     0.00000     0.00000     0.38471     0.00002     0.00003     0.00000     0.00000     0.00000
   -60.21411     0.00000     0.00000     0.22232     0.00001     0.00002     0.00000     0.00000     0.00000
   -60.19111     0.00000     0.00000     0.12519     0.00001     0.00001     0.00000     0.00000     0.00000
   -60.16811     0.00000     0.00000     0.06869     0.00000     0.00001     0.00000     0.00000     0.00000
   -60.14411     0.00000     0.00000     0.03671     0.00000     0.00000     0.00000     0.00000     0.00000
   -60.12111     0.00000     0.00000     0.01912     0.00000     0.00000     0.00000     0.00000     0.00000
   -60.09811     0.00000     0.00000     0.00970     0.00000     0.00000     0.00000     0.00000     0.00000
   -60.07511     0.00000     0.00000     0.00479     0.00000     0.00000     0.00000     0.00000     0.00000
   -60.05211     0.00000     0.00000     0.00231     0.00000     0.00000     0.00000     0.00000     0.00000
   -60.02911     0.00000     0.00000     0.00108     0.00000     0.00000     0.00000     0.00000     0.00000
   -60.00511     0.00000     0.00000     0.00049     0.00000     0.00000     0.00000     0.00000     0.00000
   -59.98211     0.00000     0.00000     0.00022     0.00000     0.00000     0.00000     0.00000     0.00000
   -59.95911     0.00000     0.00000     0.00010     0.00000     0.00000     0.00000     0.00000     0.00000
   -59.93611     0.00000     0.00000     0.00004     0.00000     0.00000     0.00000     0.00000     0.00000
   -59.91311     0.00000     0.00000     0.00002     0.00000     0.00000     0.00000     0.00000     0.00000
   -59.88911     0.00000     0.00000     0.00001     0.00000     0.00000     0.00000     0.00000     0.00000
   -59.86611     0.00000     0.00000     0.00000     0.00000     0.00000     0.00000     0.00000     0.00000
   -59.84311     0.00000     0.00000     0.00000     0.00000     0.00000     0.00000     0.00000     0.00000
   -59.82011     0.00000     0.00000     0.00000     0.00000     0.00000     0.00000     0.00000     0.00000
   -59.79711     0.00000     0.00000     0.00000     0.00000     0.00000     0.00000     0.00000     0.00000
   -59.77411     0.00000     0.00000     0.00000     0.00000     0.00000     0.00000     0.00000     0.00000
   -59.75011     0.00000     0.00000     0.00000     0.00000     0.00000     0.00000     0.00000     0.00000
   -59.72711     0.00000     0.00000     0.00000     0.00000     0.00000     0.00000     0.00000     0.00000
   -59.70411     0.00000     0.00000     0.00000     0.00000     0.00000     0.00000     0.00000     0.00000
   -59.68111     0.00000     0.00000     0.00000     0.00000     0.00000     0.00000     0.00000     0.00000
   -59.65811     0.00000     0.00000     0.00000     0.00000     0.00000     0.00000     0.00000     0.00000
   -59.63511     0.00000     0.00000     0.00000     0.00000     0.00000     0.00000     0.00000     0.00000
   -59.61111     0.00000     0.00000     0.00000     0.00000     0.00000     0.00000     0.00000     0.00000
   -59.58811     0.00000     0.00000     0.00000     0.00000     0.00000     0.00000     0.00000     0.00000
   -59.56511     0.00000     0.00000     0.00000     0.00000     0.00000     0.00000     0.00000     0.00000
   -59.54211     0.00000     0.00000     0.00000     0.00000     0.00000     0.00000     0.00000     0.00000
   -59.51911     0.00000     0.00000     0.00000     0.00000     0.00000     0.00000     0.00000     0.00000
   -59.49511     0.00000     0.00000     0.00000     0.00000     0.00000     0.00000     0.00000     0.00000
   -59.47211     0.00000     0.00000     0.00000     0.00000     0.00000     0.00000     0.00000     0.00000
   -59.44911     0.00000     0.00000     0.00000     0.00000     0.00000     0.00000     0.00000     0.00000
   -59.42611     0.00000     0.00000     0.00000     0.00000     0.00000     0.00000     0.00000     0.00000
   -59.40311     0.00000     0.00000     0.00000     0.00000     0.00000     0.00000     0.00000     0.00000
   -59.38011     0.00000     0.00000     0.00000     0.00000     0.00000     0.00000     0.00000     0.00000
   -59.35611     0.00000     0.00000     0.00000     0.00000     0.00000     0.00000     0.00000     0.00000
   -59.33311     0.00000     0.00000     0.00000     0.00000     0.00000     0.00000     0.00000     0.00000
   -59.31011     0.00000     0.00000     0.00000     0.00000     0.00000     0.00000     0.00000     0.00000
   -59.28711     0.00000     0.00000     0.00000     0.00000     0.00000     0.00000     0.00000     0.00000
   -59.26411     0.00000     0.00000     0.00000     0.00000     0.00000     0.00000     0.00000     0.00000
   -59.24111     0.00000     0.00000     0.00000     0.00000     0.00000     0.00000     0.00000     0.00000
   -59.21711     0.00000     0.00000     0.00000     0.00000     0.00000     0.00000     0.00000     0.00000
   -59.19411     0.00000     0.00000     0.00000     0.00000     0.00000     0.00000     0.00000     0.00000
   -59.17111     0.00000     0.00000     0.00000     0.00000     0.00000     0.00000     0.00000     0.00000
   -59.14811     0.00000     0.00000     0.00000     0.00000     0.00000     0.00000     0.00000     0.00000
   -59.12511     0.00000     0.00000     0.00000     0.00000     0.00000     0.00000     0.00000     0.00000
   -59.10111     0.00000     0.00000     0.00000     0.00000     0.00000     0.00000     0.00000     0.00000
   -59.07811     0.00000     0.00000     0.00000     0.00000     0.00000     0.00000     0.00000     0.00000
   -59.05511     0.00000     0.00000     0.00000     0.00000     0.00000     0.00000     0.00000     0.00000
   -59.03211     0.00000     0.00000     0.00000     0.00000     0.00000     0.00000     0.00000     0.00000
   -59.00911     0.00000     0.00000     0.00000     0.00000     0.00000     0.00000     0.00000     0.00000
   -58.98611     0.00000     0.00000     0.00000     0.00000     0.00000     0.00000     0.00000     0.00000
   -58.96211     0.00000     0.00000     0.00000     0.00000     0.00000     0.00000     0.00000     0.00000
   -58.93911     0.00000     0.00000     0.00000     0.00000     0.00000     0.00000     0.00000     0.00000
   -58.91611     0.00000     0.00000     0.00000     0.00000     0.00000     0.00000     0.00000     0.00000
   -58.89311     0.00000     0.00000     0.00000     0.00000     0.00000     0.00000     0.00000     0.00000
   -58.87011     0.00000     0.00000     0.00000     0.00000     0.00000     0.00000     0.00000     0.00000
   -58.84711     0.00000     0.00000     0.00000     0.00000     0.00000     0.00000     0.00000     0.00000
   -58.82311     0.00000     0.00000     0.00000     0.00000     0.00000     0.00000     0.00000     0.00000
   -58.80011     0.00000     0.00000     0.00000     0.00000     0.00000     0.00000     0.00000     0.00000
   -58.77711     0.00000     0.00000     0.00000     0.00000     0.00000     0.00000     0.00000     0.00000
   -58.75411     0.00000     0.00000     0.00000     0.00000     0.00000     0.00000     0.00000     0.00000
   -58.73111     0.00000     0.00000     0.00000     0.00000     0.00000     0.00000     0.00000     0.00000
   -58.70711     0.00000     0.00000     0.00000     0.00000     0.00000     0.00000     0.00000     0.00000
   -58.68411     0.00000     0.00000     0.00000     0.00000     0.00000     0.00000     0.00000     0.00000
   -58.66111     0.00000     0.00000     0.00000     0.00000     0.00000     0.00000     0.00000     0.00000
   -58.63811     0.00000     0.00000     0.00000     0.00000     0.00000     0.00000     0.00000     0.00000
   -58.61511     0.00000     0.00000     0.00000     0.00000     0.00000     0.00000     0.00000     0.00000
   -58.59211     0.00000     0.00000     0.00000     0.00000     0.00000     0.00000     0.00000     0.00000
   -58.56811     0.00000     0.00000     0.00000     0.00000     0.00000     0.00000     0.00000     0.00000
   -58.54511     0.00000     0.00000     0.00000     0.00000     0.00000     0.00000     0.00000     0.00000
   -58.52211     0.00000     0.00000     0.00000     0.00000     0.00000     0.00000     0.00000     0.00000
   -58.49911     0.00000     0.00000     0.00000     0.00000     0.00000     0.00000     0.00000     0.00000
   -58.47611     0.00000     0.00000     0.00000     0.00000     0.00000     0.00000     0.00000     0.00000
   -58.45311     0.00000     0.00000     0.00000     0.00000     0.00000     0.00000     0.00000     0.00000
   -58.42911     0.00000     0.00000     0.00000     0.00000     0.00000     0.00000     0.00000     0.00000
   -58.40611     0.00000     0.00000     0.00000     0.00000     0.00000     0.00000     0.00000     0.00000
   -58.38311     0.00000     0.00000     0.00000     0.00000     0.00000     0.00000     0.00000     0.00000
   -58.36011     0.00000     0.00000     0.00000     0.00000     0.00000     0.00000     0.00000     0.00000
   -58.33711     0.00000     0.00000     0.00000     0.00000     0.00000     0.00000     0.00000     0.00000
   -58.31311     0.00000     0.00000     0.00000     0.00000     0.00000     0.00000     0.00000     0.00000
   -58.29011     0.00000     0.00000     0.00000     0.00000     0.00000     0.00000     0.00000     0.00000
   -58.26711     0.00000     0.00000     0.00000     0.00000     0.00000     0.00000     0.00000     0.00000
   -58.24411     0.00000     0.00000     0.00000     0.00000     0.00000     0.00000     0.00000     0.00000
   -58.22111     0.00000     0.00000     0.00000     0.00000     0.00000     0.00000     0.00000     0.00000
   -58.19811     0.00000     0.00000     0.00000     0.00000     0.00000     0.00000     0.00000     0.00000
   -58.17411     0.00000     0.00000     0.00000     0.00000     0.00000     0.00000     0.00000     0.00000
   -58.15111     0.00000     0.00000     0.00000     0.00000     0.00000     0.00000     0.00000     0.00000
   -58.12811     0.00000     0.00000     0.00000     0.00000     0.00000     0.00000     0.00000     0.00000
   -58.10511     0.00000     0.00000     0.00000     0.00000     0.00000     0.00000     0.00000     0.00000
   -58.08211     0.00000     0.00000     0.00000     0.00000     0.00000     0.00000     0.00000     0.00000
   -58.05911     0.00000     0.00000     0.00000     0.00000     0.00000     0.00000     0.00000     0.00000
   -58.03511     0.00000     0.00000     0.00000     0.00000     0.00000     0.00000     0.00000     0.00000
   -58.01211     0.00000     0.00000     0.00000     0.00000     0.00000     0.00000     0.00000     0.00000
   -57.98911     0.00000     0.00000     0.00000     0.00000     0.00000     0.00000     0.00000     0.00000
   -57.96611     0.00000     0.00000     0.00000     0.00000     0.00000     0.00000     0.00000     0.00000
   -57.94311     0.00000     0.00000     0.00000     0.00000     0.00000     0.00000     0.00000     0.00000
   -57.91911     0.00000     0.00000     0.00000     0.00000     0.00000     0.00000     0.00000     0.00000
   -57.89611     0.00000     0.00000     0.00000     0.00000     0.00000     0.00000     0.00000     0.00000
   -57.87311     0.00000     0.00000     0.00000     0.00000     0.00000     0.00000     0.00000     0.00000
   -57.85011     0.00000     0.00000     0.00000     0.00000     0.00000     0.00000     0.00000     0.00000
   -57.82711     0.00000     0.00000     0.00000     0.00000     0.00000     0.00000     0.00000     0.00000
   -57.80411     0.00000     0.00000     0.00000     0.00000     0.00000     0.00000     0.00000     0.00000
   -57.78011     0.00000     0.00000     0.00000     0.00000     0.00000     0.00000     0.00000     0.00000
   -57.75711     0.00000     0.00000     0.00000     0.00000     0.00000     0.00000     0.00000     0.00000
   -57.73411     0.00000     0.00000     0.00000     0.00000     0.00000     0.00000     0.00000     0.00000
   -57.71111     0.00000     0.00000     0.00000     0.00000     0.00000     0.00000     0.00000     0.00000
   -57.68811     0.00000     0.00000     0.00000     0.00000     0.00000     0.00000     0.00000     0.00000
   -57.66511     0.00000     0.00000     0.00000     0.00000     0.00000     0.00000     0.00000     0.00000
   -57.64111     0.00000     0.00000     0.00000     0.00000     0.00000     0.00000     0.00000     0.00000
   -57.61811     0.00000     0.00000     0.00000     0.00000     0.00000     0.00000     0.00000     0.00000
   -57.59511     0.00000     0.00000     0.00000     0.00000     0.00000     0.00000     0.00000     0.00000
   -57.57211     0.00000     0.00000     0.00000     0.00000     0.00000     0.00000     0.00000     0.00000
   -57.54911     0.00000     0.00000     0.00000     0.00000     0.00000     0.00000     0.00000     0.00000
   -57.52511     0.00000     0.00000     0.00000     0.00000     0.00000     0.00000     0.00000     0.00000
   -57.50211     0.00000     0.00000     0.00000     0.00000     0.00000     0.00000     0.00000     0.00000
   -57.47911     0.00000     0.00000     0.00000     0.00000     0.00000     0.00000     0.00000     0.00000
   -57.45611     0.00000     0.00000     0.00000     0.00000     0.00000     0.00000     0.00000     0.00000
   -57.43311     0.00000     0.00000     0.00000     0.00000     0.00000     0.00000     0.00000     0.00000
   -57.41011     0.00000     0.00000     0.00000     0.00000     0.00000     0.00000     0.00000     0.00000
   -57.38611     0.00000     0.00000     0.00000     0.00000     0.00000     0.00000     0.00000     0.00000
   -57.36311     0.00000     0.00000     0.00000     0.00000     0.00000     0.00000     0.00000     0.00000
   -57.34011     0.00000     0.00000     0.00000     0.00000     0.00000     0.00000     0.00000     0.00000
   -57.31711     0.00000     0.00000     0.00000     0.00000     0.00000     0.00000     0.00000     0.00000
   -57.29411     0.00000     0.00000     0.00000     0.00000     0.00000     0.00000     0.00000     0.00000
   -57.27111     0.00000     0.00000     0.00000     0.00000     0.00000     0.00000     0.00000     0.00000
   -57.24711     0.00000     0.00000     0.00000     0.00000     0.00000     0.00000     0.00000     0.00000
   -57.22411     0.00000     0.00000     0.00000     0.00000     0.00000     0.00000     0.00000     0.00000
   -57.20111     0.00000     0.00000     0.00000     0.00000     0.00000     0.00000     0.00000     0.00000
   -57.17811     0.00000     0.00000     0.00000     0.00000     0.00000     0.00000     0.00000     0.00000
   -57.15511     0.00000     0.00000     0.00000     0.00000     0.00000     0.00000     0.00000     0.00000
   -57.13111     0.00000     0.00000     0.00000     0.00000     0.00000     0.00000     0.00000     0.00000
   -57.10811     0.00000     0.00000     0.00000     0.00000     0.00000     0.00000     0.00000     0.00000
   -57.08511     0.00000     0.00000     0.00000     0.00000     0.00000     0.00000     0.00000     0.00000
   -57.06211     0.00000     0.00000     0.00000     0.00000     0.00000     0.00000     0.00000     0.00000
   -57.03911     0.00000     0.00000     0.00000     0.00000     0.00000     0.00000     0.00000     0.00000
   -57.01611     0.00000     0.00000     0.00000     0.00000     0.00000     0.00000     0.00000     0.00000
   -56.99211     0.00000     0.00000     0.00000     0.00000     0.00000     0.00000     0.00000     0.00000
   -56.96911     0.00000     0.00000     0.00000     0.00000     0.00000     0.00000     0.00000     0.00000
   -56.94611     0.00000     0.00000     0.00000     0.00000     0.00000     0.00000     0.00000     0.00000
   -56.92311     0.00000     0.00000     0.00000     0.00000     0.00000     0.00000     0.00000     0.00000
   -56.90011     0.00000     0.00000     0.00000     0.00000     0.00000     0.00000     0.00000     0.00000
   -56.87711     0.00000     0.00000     0.00000     0.00000     0.00000     0.00000     0.00000     0.00000
   -56.85311     0.00000     0.00000     0.00000     0.00000     0.00000     0.00000     0.00000     0.00000
   -56.83011     0.00000     0.00000     0.00000     0.00000     0.00000     0.00000     0.00000     0.00000
   -56.80711     0.00000     0.00000     0.00000     0.00000     0.00000     0.00000     0.00000     0.00000
   -56.78411     0.00000     0.00000     0.00000     0.00000     0.00000     0.00000     0.00000     0.00000
   -56.76111     0.00000     0.00000     0.00000     0.00000     0.00000     0.00000     0.00000     0.00000
   -56.73711     0.00000     0.00000     0.00000     0.00000     0.00000     0.00000     0.00000     0.00000
   -56.71411     0.00000     0.00000     0.00000     0.00000     0.00000     0.00000     0.00000     0.00000
   -56.69111     0.00000     0.00000     0.00000     0.00000     0.00000     0.00000     0.00000     0.00000
   -56.66811     0.00000     0.00000     0.00000     0.00000     0.00000     0.00000     0.00000     0.00000
   -56.64511     0.00000     0.00000     0.00000     0.00000     0.00000     0.00000     0.00000     0.00000
   -56.62211     0.00000     0.00000     0.00000     0.00000     0.00000     0.00000     0.00000     0.00000
   -56.59811     0.00000     0.00000     0.00000     0.00000     0.00000     0.00000     0.00000     0.00000
   -56.57511     0.00000     0.00000     0.00000     0.00000     0.00000     0.00000     0.00000     0.00000
   -56.55211     0.00000     0.00000     0.00000     0.00000     0.00000     0.00000     0.00000     0.00000
   -56.52911     0.00000     0.00000     0.00000     0.00000     0.00000     0.00000     0.00000     0.00000
   -56.50611     0.00000     0.00000     0.00000     0.00000     0.00000     0.00000     0.00000     0.00000
   -56.48311     0.00000     0.00000     0.00000     0.00000     0.00000     0.00000     0.00000     0.00000
   -56.45911     0.00000     0.00000     0.00000     0.00000     0.00000     0.00000     0.00000     0.00000
   -56.43611     0.00000     0.00000     0.00000     0.00000     0.00000     0.00000     0.00000     0.00000
   -56.41311     0.00000     0.00000     0.00000     0.00000     0.00000     0.00000     0.00000     0.00000
   -56.39011     0.00000     0.00000     0.00000     0.00000     0.00000     0.00000     0.00000     0.00000
   -56.36711     0.00000     0.00000     0.00000     0.00000     0.00000     0.00000     0.00000     0.00000
   -56.34311     0.00000     0.00000     0.00000     0.00000     0.00000     0.00000     0.00000     0.00000
   -56.32011     0.00000     0.00000     0.00000     0.00000     0.00000     0.00000     0.00000     0.00000
   -56.29711     0.00000     0.00000     0.00000     0.00000     0.00000     0.00000     0.00000     0.00000
   -56.27411     0.00000     0.00000     0.00000     0.00000     0.00000     0.00000     0.00000     0.00000
   -56.25111     0.00000     0.00000     0.00000     0.00000     0.00000     0.00000     0.00000     0.00000
   -56.22811     0.00000     0.00000     0.00000     0.00000     0.00000     0.00000     0.00000     0.00000
   -56.20411     0.00000     0.00000     0.00000     0.00000     0.00000     0.00000     0.00000     0.00000
   -56.18111     0.00000     0.00000     0.00000     0.00000     0.00000     0.00000     0.00000     0.00000
   -56.15811     0.00000     0.00000     0.00000     0.00000     0.00000     0.00000     0.00000     0.00000
   -56.13511     0.00000     0.00000     0.00000     0.00000     0.00000     0.00000     0.00000     0.00000
   -56.11211     0.00000     0.00000     0.00000     0.00000     0.00000     0.00000     0.00000     0.00000
   -56.08911     0.00000     0.00000     0.00000     0.00000     0.00000     0.00000     0.00000     0.00000
   -56.06511     0.00000     0.00000     0.00000     0.00000     0.00000     0.00000     0.00000     0.00000
   -56.04211     0.00000     0.00000     0.00000     0.00000     0.00000     0.00001     0.00000     0.00000
   -56.01911     0.00000     0.00000     0.00000     0.00000     0.00000     0.00002     0.00000     0.00000
   -55.99611     0.00000     0.00000     0.00000     0.00000     0.00000     0.00004     0.00000     0.00000
   -55.97311     0.00000     0.00000     0.00000     0.00000     0.00000     0.00009     0.00000     0.00000
   -55.94911     0.00000     0.00000     0.00000     0.00000     0.00000     0.00019     0.00000     0.00000
   -55.92611     0.00000     0.00000     0.00000     0.00000     0.00000     0.00039     0.00000     0.00000
   -55.90311     0.00000     0.00000     0.00000     0.00000     0.00000     0.00079     0.00000     0.00000
   -55.88011     0.00000     0.00000     0.00000     0.00000     0.00000     0.00156     0.00000     0.00000
   -55.85711     0.00000     0.00000     0.00000     0.00000     0.00000     0.00301     0.00000     0.00000
   -55.83411     0.00000     0.00000     0.00000     0.00000     0.00000     0.00564     0.00000     0.00000
   -55.81011     0.00000     0.00000     0.00000     0.00000     0.00000     0.01030     0.00000     0.00000
   -55.78711     0.00000     0.00000     0.00000     0.00000     0.00000     0.01835     0.00000     0.00000
   -55.76411     0.00000     0.00000     0.00001     0.00000     0.00000     0.03182     0.00000     0.00000
   -55.74111     0.00000     0.00000     0.00001     0.00000     0.00001     0.05379     0.00000     0.00000
   -55.71811     0.00001     0.00001     0.00002     0.00001     0.00001     0.08860     0.00000     0.00000
   -55.69511     0.00001     0.00001     0.00003     0.00001     0.00002     0.14224     0.00000     0.00000
   -55.67111     0.00001     0.00001     0.00005     0.00002     0.00002     0.22258     0.00000     0.00000
   -55.64811     0.00002     0.00002     0.00007     0.00003     0.00004     0.33957     0.00001     0.00000
   -55.62511     0.00003     0.00003     0.00010     0.00004     0.00006     0.50513     0.00001     0.00000
   -55.60211     0.00005     0.00005     0.00015     0.00006     0.00008     0.73260     0.00001     0.00000
   -55.57911     0.00006     0.00007     0.00021     0.00009     0.00011     1.03630     0.00002     0.00001
   -55.55511     0.00009     0.00009     0.00029     0.00012     0.00016     1.42970     0.00003     0.00001
   -55.53211     0.00012     0.00012     0.00040     0.00016     0.00021     1.92410     0.00004     0.00001
   -55.50911     0.00015     0.00016     0.00052     0.00021     0.00028     2.52750     0.00005     0.00001
   -55.48611     0.00019     0.00020     0.00067     0.00027     0.00036     3.23960     0.00006     0.00002
   -55.46311     0.00024     0.00025     0.00083     0.00034     0.00045     4.05200     0.00008     0.00002
   -55.44011     0.00029     0.00030     0.00102     0.00042     0.00055     4.94900     0.00009     0.00003
   -55.41611     0.00034     0.00036     0.00122     0.00050     0.00065     5.90100     0.00011     0.00003
   -55.39311     0.00039     0.00041     0.00142     0.00058     0.00076     6.87100     0.00013     0.00004
   -55.37011     0.00044     0.00046     0.00161     0.00067     0.00086     7.81300     0.00015     0.00004
   -55.34711     0.00048     0.00051     0.00179     0.00074     0.00096     8.67800     0.00016     0.00005
   -55.32411     0.00051     0.00054     0.00195     0.00080     0.00105     9.41600     0.00018     0.00005
   -55.30111     0.00054     0.00057     0.00207     0.00085     0.00111     9.98000     0.00019     0.00005
   -55.27711     0.00055     0.00058     0.00214     0.00089     0.00115    10.33600     0.00020     0.00005
   -55.25411     0.00055     0.00058     0.00217     0.00090     0.00117    10.45800     0.00020     0.00005
   -55.23111     0.00053     0.00056     0.00215     0.00089     0.00116    10.34000     0.00020     0.00005
   -55.20811     0.00051     0.00053     0.00208     0.00086     0.00112     9.98700     0.00019     0.00005
   -55.18511     0.00047     0.00050     0.00196     0.00082     0.00106     9.42500     0.00018     0.00005
   -55.16111     0.00043     0.00045     0.00181     0.00075     0.00098     8.68900     0.00017     0.00004
   -55.13811     0.00038     0.00040     0.00163     0.00068     0.00088     7.82500     0.00015     0.00004
   -55.11511     0.00033     0.00035     0.00144     0.00060     0.00078     6.88400     0.00013     0.00004
   -55.09211     0.00028     0.00029     0.00123     0.00052     0.00067     5.91400     0.00011     0.00003
   -55.06911     0.00023     0.00024     0.00104     0.00043     0.00056     4.96100     0.00010     0.00003
   -55.04611     0.00019     0.00020     0.00085     0.00036     0.00046     4.06400     0.00008     0.00002
   -55.02211     0.00015     0.00015     0.00068     0.00028     0.00037     3.25000     0.00006     0.00002
   -54.99911     0.00011     0.00012     0.00053     0.00022     0.00029     2.53610     0.00005     0.00001
   -54.97611     0.00009     0.00009     0.00040     0.00017     0.00022     1.93210     0.00004     0.00001
   -54.95311     0.00006     0.00007     0.00030     0.00013     0.00016     1.43610     0.00003     0.00001
   -54.93011     0.00005     0.00005     0.00022     0.00009     0.00012     1.04100     0.00002     0.00001
   -54.90611     0.00003     0.00003     0.00015     0.00006     0.00008     0.73620     0.00001     0.00000
   -54.88311     0.00002     0.00002     0.00011     0.00004     0.00006     0.50777     0.00001     0.00000
   -54.86011     0.00001     0.00002     0.00007     0.00003     0.00004     0.34145     0.00001     0.00000
   -54.83711     0.00001     0.00001     0.00005     0.00002     0.00003     0.22395     0.00000     0.00000
   -54.81411     0.00001     0.00001     0.00003     0.00001     0.00002     0.14314     0.00000     0.00000
   -54.79111     0.00000     0.00000     0.00002     0.00001     0.00001     0.08919     0.00000     0.00000
   -54.76711     0.00000     0.00000     0.00001     0.00000     0.00001     0.05416     0.00000     0.00000
   -54.74411     0.00000     0.00000     0.00001     0.00000     0.00000     0.03206     0.00000     0.00000
   -54.72111     0.00000     0.00000     0.00000     0.00000     0.00000     0.01849     0.00000     0.00000
   -54.69811     0.00000     0.00000     0.00000     0.00000     0.00000     0.01039     0.00000     0.00000
   -54.67511     0.00000     0.00000     0.00000     0.00000     0.00000     0.00569     0.00000     0.00000
   -54.65211     0.00000     0.00000     0.00000     0.00000     0.00000     0.00303     0.00000     0.00000
   -54.62811     0.00000     0.00000     0.00000     0.00000     0.00000     0.00157     0.00000     0.00000
   -54.60511     0.00000     0.00000     0.00000     0.00000     0.00000     0.00080     0.00000     0.00000
   -54.58211     0.00000     0.00000     0.00000     0.00000     0.00000     0.00039     0.00000     0.00000
   -54.55911     0.00000     0.00000     0.00000     0.00000     0.00000     0.00019     0.00000     0.00000
   -54.53611     0.00000     0.00000     0.00000     0.00000     0.00000     0.00009     0.00000     0.00000
   -54.51211     0.00000     0.00000     0.00000     0.00000     0.00000     0.00004     0.00000     0.00000
   -54.48911     0.00000     0.00000     0.00000     0.00000     0.00000     0.00002     0.00000     0.00000
   -54.46611     0.00000     0.00000     0.00000     0.00000     0.00000     0.00001     0.00000     0.00000
   -54.44311     0.00000     0.00000     0.00000     0.00000     0.00000     0.00000     0.00000     0.00000
   -54.42011     0.00000     0.00000     0.00000     0.00000     0.00000     0.00000     0.00000     0.00000
   -54.39711     0.00000     0.00000     0.00000     0.00000     0.00000     0.00000     0.00000     0.00000
   -54.37311     0.00000     0.00000     0.00000     0.00000     0.00000     0.00000     0.00000     0.00000
   -54.35011     0.00000     0.00000     0.00000     0.00000     0.00000     0.00000     0.00000     0.00000
   -54.32711     0.00000     0.00000     0.00000     0.00000     0.00000     0.00000     0.00000     0.00000
   -54.30411     0.00000     0.00000     0.00000     0.00000     0.00000     0.00000     0.00000     0.00000
   -54.28111     0.00000     0.00000     0.00000     0.00000     0.00000     0.00000     0.00000     0.00000
   -54.25811     0.00000     0.00000     0.00000     0.00000     0.00000     0.00000     0.00000     0.00000
   -54.23411     0.00000     0.00000     0.00000     0.00000     0.00000     0.00000     0.00000     0.00000
   -54.21111     0.00000     0.00000     0.00000     0.00000     0.00000     0.00000     0.00000     0.00000
   -54.18811     0.00000     0.00000     0.00000     0.00000     0.00000     0.00000     0.00000     0.00000
   -54.16511     0.00000     0.00000     0.00000     0.00000     0.00000     0.00000     0.00000     0.00000
   -54.14211     0.00000     0.00000     0.00000     0.00000     0.00000     0.00000     0.00000     0.00000
   -54.11811     0.00000     0.00000     0.00000     0.00000     0.00000     0.00000     0.00000     0.00000
   -54.09511     0.00000     0.00000     0.00000     0.00000     0.00000     0.00000     0.00000     0.00000
   -54.07211     0.00000     0.00000     0.00000     0.00000     0.00000     0.00000     0.00000     0.00000
   -54.04911     0.00000     0.00000     0.00000     0.00000     0.00000     0.00000     0.00000     0.00000
   -54.02611     0.00000     0.00000     0.00000     0.00000     0.00000     0.00000     0.00000     0.00000
   -54.00311     0.00000     0.00000     0.00000     0.00000     0.00000     0.00000     0.00000     0.00000
   -53.97911     0.00000     0.00000     0.00000     0.00000     0.00000     0.00000     0.00000     0.00000
   -53.95611     0.00000     0.00000     0.00000     0.00000     0.00000     0.00000     0.00000     0.00000
   -53.93311     0.00000     0.00000     0.00000     0.00000     0.00000     0.00000     0.00000     0.00000
   -53.91011     0.00000     0.00000     0.00000     0.00000     0.00000     0.00000     0.00000     0.00000
   -53.88711     0.00000     0.00000     0.00000     0.00000     0.00000     0.00000     0.00000     0.00000
   -53.86411     0.00000     0.00000     0.00000     0.00000     0.00000     0.00000     0.00000     0.00000
   -53.84011     0.00000     0.00000     0.00000     0.00000     0.00000     0.00000     0.00000     0.00000
   -53.81711     0.00000     0.00000     0.00000     0.00000     0.00000     0.00000     0.00000     0.00000
   -53.79411     0.00000     0.00000     0.00000     0.00000     0.00000     0.00000     0.00000     0.00000
   -53.77111     0.00000     0.00000     0.00000     0.00000     0.00000     0.00000     0.00000     0.00000
   -53.74811     0.00000     0.00000     0.00000     0.00000     0.00000     0.00000     0.00000     0.00000
   -53.72411     0.00000     0.00000     0.00000     0.00000     0.00000     0.00000     0.00000     0.00000
   -53.70111     0.00000     0.00000     0.00000     0.00000     0.00000     0.00000     0.00000     0.00000
   -53.67811     0.00000     0.00000     0.00000     0.00000     0.00000     0.00000     0.00000     0.00000
   -53.65511     0.00000     0.00000     0.00000     0.00000     0.00000     0.00000     0.00000     0.00000
   -53.63211     0.00000     0.00000     0.00000     0.00000     0.00000     0.00000     0.00000     0.00000
   -53.60911     0.00000     0.00000     0.00000     0.00000     0.00000     0.00000     0.00000     0.00000
   -53.58511     0.00000     0.00000     0.00000     0.00000     0.00000     0.00000     0.00000     0.00000
   -53.56211     0.00000     0.00000     0.00000     0.00000     0.00000     0.00000     0.00000     0.00000
   -53.53911     0.00000     0.00000     0.00000     0.00000     0.00000     0.00000     0.00000     0.00000
   -53.51611     0.00000     0.00000     0.00000     0.00000     0.00000     0.00000     0.00000     0.00000
   -53.49311     0.00000     0.00000     0.00000     0.00000     0.00000     0.00000     0.00000     0.00000
   -53.47011     0.00000     0.00000     0.00000     0.00000     0.00000     0.00000     0.00000     0.00000
   -53.44611     0.00000     0.00000     0.00000     0.00000     0.00000     0.00000     0.00000     0.00000
   -53.42311     0.00000     0.00000     0.00000     0.00000     0.00000     0.00000     0.00000     0.00000
   -53.40011     0.00000     0.00000     0.00000     0.00000     0.00000     0.00000     0.00000     0.00000
   -53.37711     0.00000     0.00000     0.00000     0.00000     0.00000     0.00000     0.00000     0.00000
   -53.35411     0.00000     0.00000     0.00000     0.00000     0.00000     0.00000     0.00000     0.00000
   -53.33011     0.00000     0.00000     0.00000     0.00000     0.00000     0.00000     0.00000     0.00000
   -53.30711     0.00000     0.00000     0.00000     0.00000     0.00000     0.00000     0.00000     0.00000
   -53.28411     0.00000     0.00000     0.00000     0.00000     0.00000     0.00000     0.00000     0.00000
   -53.26111     0.00000     0.00000     0.00000     0.00000     0.00000     0.00000     0.00000     0.00000
   -53.23811     0.00000     0.00000     0.00000     0.00000     0.00000     0.00000     0.00000     0.00000
   -53.21511     0.00000     0.00000     0.00000     0.00000     0.00000     0.00000     0.00000     0.00000
   -53.19111     0.00000     0.00000     0.00000     0.00000     0.00000     0.00000     0.00000     0.00000
   -53.16811     0.00000     0.00000     0.00000     0.00000     0.00000     0.00000     0.00000     0.00000
   -53.14511     0.00000     0.00000     0.00000     0.00000     0.00000     0.00000     0.00000     0.00000
   -53.12211     0.00000     0.00000     0.00000     0.00000     0.00000     0.00000     0.00000     0.00000
   -53.09911     0.00000     0.00000     0.00000     0.00000     0.00000     0.00000     0.00000     0.00000
   -53.07611     0.00000     0.00000     0.00000     0.00000     0.00000     0.00000     0.00000     0.00000
   -53.05211     0.00000     0.00000     0.00000     0.00000     0.00000     0.00000     0.00000     0.00000
   -53.02911     0.00000     0.00000     0.00000     0.00000     0.00000     0.00000     0.00000     0.00000
   -53.00611     0.00000     0.00000     0.00000     0.00000     0.00000     0.00000     0.00000     0.00000
   -52.98311     0.00000     0.00000     0.00000     0.00000     0.00000     0.00000     0.00000     0.00000
   -52.96011     0.00000     0.00000     0.00000     0.00000     0.00000     0.00000     0.00000     0.00000
   -52.93611     0.00000     0.00000     0.00000     0.00000     0.00000     0.00000     0.00000     0.00000
   -52.91311     0.00000     0.00000     0.00000     0.00000     0.00000     0.00000     0.00000     0.00000
   -52.89011     0.00000     0.00000     0.00000     0.00000     0.00000     0.00000     0.00000     0.00000
   -52.86711     0.00000     0.00000     0.00000     0.00000     0.00000     0.00000     0.00000     0.00000
   -52.84411     0.00000     0.00000     0.00000     0.00000     0.00000     0.00000     0.00000     0.00000
   -52.82111     0.00000     0.00000     0.00000     0.00000     0.00000     0.00000     0.00000     0.00000
   -52.79711     0.00000     0.00000     0.00000     0.00000     0.00000     0.00000     0.00000     0.00000
   -52.77411     0.00000     0.00000     0.00000     0.00000     0.00000     0.00000     0.00000     0.00000
   -52.75111     0.00000     0.00000     0.00000     0.00000     0.00000     0.00000     0.00000     0.00000
   -52.72811     0.00000     0.00000     0.00000     0.00000     0.00000     0.00000     0.00000     0.00000
   -52.70511     0.00000     0.00000     0.00000     0.00000     0.00000     0.00000     0.00000     0.00000
   -52.68211     0.00000     0.00000     0.00000     0.00000     0.00000     0.00000     0.00000     0.00000
   -52.65811     0.00000     0.00000     0.00000     0.00000     0.00000     0.00000     0.00000     0.00000
   -52.63511     0.00000     0.00000     0.00000     0.00000     0.00000     0.00000     0.00000     0.00000
   -52.61211     0.00000     0.00000     0.00000     0.00000     0.00000     0.00000     0.00000     0.00000
   -52.58911     0.00000     0.00000     0.00000     0.00000     0.00000     0.00000     0.00000     0.00000
   -52.56611     0.00000     0.00000     0.00000     0.00000     0.00000     0.00000     0.00000     0.00000
   -52.54211     0.00000     0.00000     0.00000     0.00000     0.00000     0.00000     0.00000     0.00000
   -52.51911     0.00000     0.00000     0.00000     0.00000     0.00000     0.00000     0.00000     0.00000
   -52.49611     0.00000     0.00000     0.00000     0.00000     0.00000     0.00000     0.00000     0.00000
   -52.47311     0.00000     0.00000     0.00000     0.00000     0.00000     0.00000     0.00000     0.00000
   -52.45011     0.00000     0.00000     0.00000     0.00000     0.00000     0.00000     0.00000     0.00000
   -52.42711     0.00000     0.00000     0.00000     0.00000     0.00000     0.00000     0.00000     0.00000
   -52.40311     0.00000     0.00000     0.00000     0.00000     0.00000     0.00000     0.00000     0.00000
   -52.38011     0.00000     0.00000     0.00000     0.00000     0.00000     0.00000     0.00000     0.00000
   -52.35711     0.00000     0.00000     0.00000     0.00000     0.00000     0.00000     0.00000     0.00000
   -52.33411     0.00000     0.00000     0.00000     0.00000     0.00000     0.00000     0.00000     0.00000
   -52.31111     0.00000     0.00000     0.00000     0.00000     0.00000     0.00000     0.00000     0.00000
   -52.28811     0.00000     0.00000     0.00000     0.00000     0.00000     0.00000     0.00000     0.00000
   -52.26411     0.00000     0.00000     0.00000     0.00000     0.00000     0.00000     0.00000     0.00000
   -52.24111     0.00000     0.00000     0.00000     0.00000     0.00000     0.00000     0.00000     0.00000
   -52.21811     0.00000     0.00000     0.00000     0.00000     0.00000     0.00000     0.00000     0.00000
   -52.19511     0.00000     0.00000     0.00000     0.00000     0.00000     0.00000     0.00000     0.00000
   -52.17211     0.00000     0.00000     0.00000     0.00000     0.00000     0.00000     0.00000     0.00000
   -52.14811     0.00000     0.00000     0.00000     0.00000     0.00000     0.00000     0.00000     0.00000
   -52.12511     0.00000     0.00000     0.00000     0.00000     0.00000     0.00000     0.00000     0.00000
   -52.10211     0.00000     0.00000     0.00000     0.00000     0.00000     0.00000     0.00000     0.00000
   -52.07911     0.00000     0.00000     0.00000     0.00000     0.00000     0.00000     0.00000     0.00000
   -52.05611     0.00000     0.00000     0.00000     0.00000     0.00000     0.00000     0.00000     0.00000
   -52.03311     0.00000     0.00000     0.00000     0.00000     0.00000     0.00000     0.00000     0.00000
   -52.00911     0.00000     0.00000     0.00000     0.00000     0.00000     0.00000     0.00000     0.00000
   -51.98611     0.00000     0.00000     0.00000     0.00000     0.00000     0.00000     0.00000     0.00000
   -51.96311     0.00000     0.00000     0.00000     0.00000     0.00000     0.00000     0.00000     0.00000
   -51.94011     0.00000     0.00000     0.00000     0.00000     0.00000     0.00000     0.00000     0.00000
   -51.91711     0.00000     0.00000     0.00000     0.00000     0.00000     0.00000     0.00000     0.00000
   -51.89411     0.00000     0.00000     0.00000     0.00000     0.00000     0.00000     0.00000     0.00000
   -51.87011     0.00000     0.00000     0.00000     0.00000     0.00000     0.00000     0.00000     0.00000
   -51.84711     0.00000     0.00000     0.00000     0.00000     0.00000     0.00000     0.00000     0.00000
   -51.82411     0.00000     0.00000     0.00000     0.00000     0.00000     0.00000     0.00000     0.00000
   -51.80111     0.00000     0.00000     0.00000     0.00000     0.00000     0.00000     0.00000     0.00000
   -51.77811     0.00000     0.00000     0.00000     0.00000     0.00000     0.00000     0.00000     0.00000
   -51.75411     0.00000     0.00000     0.00000     0.00000     0.00000     0.00000     0.00000     0.00000
   -51.73111     0.00000     0.00000     0.00000     0.00000     0.00000     0.00000     0.00000     0.00000
   -51.70811     0.00000     0.00000     0.00000     0.00000     0.00000     0.00000     0.00000     0.00000
   -51.68511     0.00000     0.00000     0.00000     0.00000     0.00000     0.00000     0.00000     0.00000
   -51.66211     0.00000     0.00000     0.00000     0.00000     0.00000     0.00000     0.00000     0.00000
   -51.63911     0.00000     0.00000     0.00000     0.00000     0.00000     0.00000     0.00000     0.00000
   -51.61511     0.00000     0.00000     0.00000     0.00000     0.00000     0.00000     0.00000     0.00000
   -51.59211     0.00000     0.00000     0.00000     0.00000     0.00000     0.00000     0.00000     0.00000
   -51.56911     0.00000     0.00000     0.00000     0.00000     0.00000     0.00000     0.00000     0.00000
   -51.54611     0.00000     0.00000     0.00000     0.00000     0.00000     0.00000     0.00000     0.00000
   -51.52311     0.00000     0.00000     0.00000     0.00000     0.00000     0.00000     0.00000     0.00000
   -51.50011     0.00000     0.00000     0.00000     0.00000     0.00000     0.00000     0.00000     0.00000
   -51.47611     0.00000     0.00000     0.00000     0.00000     0.00000     0.00000     0.00000     0.00000
   -51.45311     0.00000     0.00000     0.00000     0.00000     0.00000     0.00000     0.00000     0.00000
   -51.43011     0.00000     0.00000     0.00000     0.00000     0.00000     0.00000     0.00000     0.00000
   -51.40711     0.00000     0.00000     0.00000     0.00000     0.00000     0.00000     0.00000     0.00000
   -51.38411     0.00000     0.00000     0.00000     0.00000     0.00000     0.00000     0.00000     0.00000
   -51.36011     0.00000     0.00000     0.00000     0.00000     0.00000     0.00000     0.00000     0.00000
   -51.33711     0.00000     0.00000     0.00000     0.00000     0.00000     0.00000     0.00000     0.00000
   -51.31411     0.00000     0.00000     0.00000     0.00000     0.00000     0.00000     0.00000     0.00000
   -51.29111     0.00000     0.00000     0.00000     0.00000     0.00000     0.00000     0.00000     0.00000
   -51.26811     0.00000     0.00000     0.00000     0.00000     0.00000     0.00000     0.00000     0.00000
   -51.24511     0.00000     0.00000     0.00000     0.00000     0.00000     0.00000     0.00000     0.00000
   -51.22111     0.00000     0.00000     0.00000     0.00000     0.00000     0.00000     0.00000     0.00000
   -51.19811     0.00000     0.00000     0.00000     0.00000     0.00000     0.00000     0.00000     0.00000
   -51.17511     0.00000     0.00000     0.00000     0.00000     0.00000     0.00000     0.00000     0.00000
   -51.15211     0.00000     0.00000     0.00000     0.00000     0.00000     0.00000     0.00000     0.00000
   -51.12911     0.00000     0.00000     0.00000     0.00000     0.00000     0.00000     0.00000     0.00000
   -51.10611     0.00000     0.00000     0.00000     0.00000     0.00000     0.00000     0.00000     0.00000
   -51.08211     0.00000     0.00000     0.00000     0.00000     0.00000     0.00000     0.00000     0.00000
   -51.05911     0.00000     0.00000     0.00000     0.00000     0.00000     0.00000     0.00000     0.00000
   -51.03611     0.00000     0.00000     0.00000     0.00000     0.00000     0.00000     0.00000     0.00000
   -51.01311     0.00000     0.00000     0.00000     0.00000     0.00000     0.00000     0.00000     0.00000
   -50.99011     0.00000     0.00000     0.00000     0.00000     0.00000     0.00000     0.00000     0.00000
   -50.96611     0.00000     0.00000     0.00000     0.00000     0.00000     0.00000     0.00000     0.00000
   -50.94311     0.00000     0.00000     0.00000     0.00000     0.00000     0.00000     0.00000     0.00000
   -50.92011     0.00000     0.00000     0.00000     0.00000     0.00000     0.00000     0.00000     0.00000
   -50.89711     0.00000     0.00000     0.00000     0.00000     0.00000     0.00000     0.00000     0.00000
   -50.87411     0.00000     0.00000     0.00000     0.00000     0.00000     0.00000     0.00000     0.00000
   -50.85111     0.00000     0.00000     0.00000     0.00000     0.00000     0.00000     0.00000     0.00000
   -50.82711     0.00000     0.00000     0.00000     0.00000     0.00000     0.00000     0.00000     0.00000
   -50.80411     0.00000     0.00000     0.00000     0.00000     0.00000     0.00000     0.00000     0.00000
   -50.78111     0.00000     0.00000     0.00000     0.00000     0.00000     0.00000     0.00000     0.00000
   -50.75811     0.00000     0.00000     0.00000     0.00000     0.00000     0.00000     0.00000     0.00000
   -50.73511     0.00000     0.00000     0.00000     0.00000     0.00000     0.00000     0.00000     0.00000
   -50.71211     0.00000     0.00000     0.00000     0.00000     0.00000     0.00000     0.00000     0.00000
   -50.68811     0.00000     0.00000     0.00000     0.00000     0.00000     0.00000     0.00000     0.00000
   -50.66511     0.00000     0.00000     0.00000     0.00000     0.00000     0.00000     0.00000     0.00000
   -50.64211     0.00000     0.00000     0.00000     0.00000     0.00000     0.00000     0.00000     0.00000
   -50.61911     0.00000     0.00000     0.00000     0.00000     0.00000     0.00000     0.00000     0.00000
   -50.59611     0.00000     0.00000     0.00000     0.00000     0.00000     0.00000     0.00000     0.00000
   -50.57211     0.00000     0.00000     0.00000     0.00000     0.00000     0.00000     0.00000     0.00000
   -50.54911     0.00000     0.00000     0.00000     0.00000     0.00000     0.00000     0.00000     0.00000
   -50.52611     0.00000     0.00000     0.00000     0.00000     0.00000     0.00000     0.00000     0.00000
   -50.50311     0.00000     0.00000     0.00000     0.00000     0.00000     0.00000     0.00000     0.00000
   -50.48011     0.00000     0.00000     0.00000     0.00000     0.00000     0.00000     0.00000     0.00000
   -50.45711     0.00000     0.00000     0.00000     0.00000     0.00000     0.00000     0.00000     0.00000
   -50.43311     0.00000     0.00000     0.00000     0.00000     0.00000     0.00000     0.00000     0.00000
   -50.41011     0.00000     0.00000     0.00000     0.00000     0.00000     0.00000     0.00000     0.00000
   -50.38711     0.00000     0.00000     0.00000     0.00000     0.00000     0.00000     0.00000     0.00000
   -50.36411     0.00000     0.00000     0.00000     0.00000     0.00000     0.00000     0.00000     0.00000
   -50.34111     0.00000     0.00000     0.00000     0.00000     0.00000     0.00000     0.00000     0.00000
   -50.31811     0.00000     0.00000     0.00000     0.00000     0.00000     0.00000     0.00000     0.00000
   -50.29411     0.00000     0.00000     0.00000     0.00000     0.00000     0.00000     0.00000     0.00000
   -50.27111     0.00000     0.00000     0.00000     0.00000     0.00000     0.00000     0.00000     0.00000
   -50.24811     0.00000     0.00000     0.00000     0.00000     0.00000     0.00000     0.00000     0.00000
   -50.22511     0.00000     0.00000     0.00000     0.00000     0.00000     0.00000     0.00000     0.00000
   -50.20211     0.00000     0.00000     0.00000     0.00000     0.00000     0.00000     0.00000     0.00000
   -50.17811     0.00000     0.00000     0.00000     0.00000     0.00000     0.00000     0.00000     0.00000
   -50.15511     0.00000     0.00000     0.00000     0.00000     0.00000     0.00000     0.00000     0.00000
   -50.13211     0.00000     0.00000     0.00000     0.00000     0.00000     0.00000     0.00000     0.00000
   -50.10911     0.00000     0.00000     0.00000     0.00000     0.00000     0.00000     0.00000     0.00000
   -50.08611     0.00000     0.00000     0.00000     0.00000     0.00000     0.00000     0.00000     0.00000
   -50.06311     0.00000     0.00000     0.00000     0.00000     0.00000     0.00000     0.00000     0.00000
   -50.03911     0.00000     0.00000     0.00000     0.00000     0.00000     0.00000     0.00000     0.00000
   -50.01611     0.00000     0.00000     0.00000     0.00000     0.00000     0.00000     0.00000     0.00000
   -49.99311     0.00000     0.00000     0.00000     0.00000     0.00000     0.00000     0.00000     0.00000
   -49.97011     0.00000     0.00000     0.00000     0.00000     0.00000     0.00000     0.00000     0.00000
   -49.94711     0.00000     0.00000     0.00000     0.00000     0.00000     0.00000     0.00000     0.00000
   -49.92411     0.00000     0.00000     0.00000     0.00000     0.00000     0.00000     0.00000     0.00000
   -49.90011     0.00000     0.00000     0.00000     0.00000     0.00000     0.00000     0.00000     0.00000
   -49.87711     0.00000     0.00000     0.00000     0.00000     0.00000     0.00000     0.00000     0.00000
   -49.85411     0.00000     0.00000     0.00000     0.00000     0.00000     0.00000     0.00000     0.00000
   -49.83111     0.00000     0.00000     0.00000     0.00000     0.00000     0.00000     0.00000     0.00000
   -49.80811     0.00000     0.00000     0.00000     0.00000     0.00000     0.00000     0.00000     0.00000
   -49.78411     0.00000     0.00000     0.00000     0.00000     0.00000     0.00000     0.00000     0.00000
   -49.76111     0.00000     0.00000     0.00000     0.00000     0.00000     0.00000     0.00000     0.00000
   -49.73811     0.00000     0.00000     0.00000     0.00000     0.00000     0.00000     0.00000     0.00000
   -49.71511     0.00000     0.00000     0.00000     0.00000     0.00000     0.00000     0.00000     0.00000
   -49.69211     0.00000     0.00000     0.00000     0.00000     0.00000     0.00000     0.00000     0.00000
   -49.66911     0.00000     0.00000     0.00000     0.00000     0.00000     0.00000     0.00000     0.00000
   -49.64511     0.00000     0.00000     0.00000     0.00000     0.00000     0.00000     0.00000     0.00000
   -49.62211     0.00000     0.00000     0.00000     0.00000     0.00000     0.00000     0.00000     0.00000
   -49.59911     0.00000     0.00000     0.00000     0.00000     0.00000     0.00000     0.00000     0.00000
   -49.57611     0.00000     0.00000     0.00000     0.00000     0.00000     0.00000     0.00000     0.00000
   -49.55311     0.00000     0.00000     0.00000     0.00000     0.00000     0.00000     0.00000     0.00000
   -49.52911     0.00000     0.00000     0.00000     0.00000     0.00000     0.00000     0.00000     0.00000
   -49.50611     0.00000     0.00000     0.00000     0.00000     0.00000     0.00000     0.00000     0.00000
   -49.48311     0.00000     0.00000     0.00000     0.00000     0.00000     0.00000     0.00000     0.00000
   -49.46011     0.00000     0.00000     0.00000     0.00000     0.00000     0.00000     0.00000     0.00000
   -49.43711     0.00000     0.00000     0.00000     0.00000     0.00000     0.00000     0.00000     0.00000
   -49.41411     0.00000     0.00000     0.00000     0.00000     0.00000     0.00000     0.00000     0.00000
   -49.39011     0.00000     0.00000     0.00000     0.00000     0.00000     0.00000     0.00000     0.00000
   -49.36711     0.00000     0.00000     0.00000     0.00000     0.00000     0.00000     0.00000     0.00000
   -49.34411     0.00000     0.00000     0.00000     0.00000     0.00000     0.00000     0.00000     0.00000
   -49.32111     0.00000     0.00000     0.00000     0.00000     0.00000     0.00000     0.00000     0.00000
   -49.29811     0.00000     0.00000     0.00000     0.00000     0.00000     0.00000     0.00000     0.00000
   -49.27511     0.00000     0.00000     0.00000     0.00000     0.00000     0.00000     0.00000     0.00000
   -49.25111     0.00000     0.00000     0.00000     0.00000     0.00000     0.00000     0.00000     0.00000
   -49.22811     0.00000     0.00000     0.00000     0.00000     0.00000     0.00000     0.00000     0.00000
   -49.20511     0.00000     0.00000     0.00000     0.00000     0.00000     0.00000     0.00000     0.00000
   -49.18211     0.00000     0.00000     0.00000     0.00000     0.00000     0.00000     0.00000     0.00000
   -49.15911     0.00000     0.00000     0.00000     0.00000     0.00000     0.00000     0.00000     0.00000
   -49.13511     0.00000     0.00000     0.00000     0.00000     0.00000     0.00000     0.00000     0.00000
   -49.11211     0.00000     0.00000     0.00000     0.00000     0.00000     0.00000     0.00000     0.00000
   -49.08911     0.00000     0.00000     0.00000     0.00000     0.00000     0.00000     0.00000     0.00000
   -49.06611     0.00000     0.00000     0.00000     0.00000     0.00000     0.00000     0.00000     0.00000
   -49.04311     0.00000     0.00000     0.00000     0.00000     0.00000     0.00000     0.00000     0.00000
   -49.02011     0.00000     0.00000     0.00000     0.00000     0.00000     0.00000     0.00000     0.00000
   -48.99611     0.00000     0.00000     0.00000     0.00000     0.00000     0.00000     0.00000     0.00000
   -48.97311     0.00000     0.00000     0.00000     0.00000     0.00000     0.00000     0.00000     0.00000
   -48.95011     0.00000     0.00000     0.00000     0.00000     0.00000     0.00000     0.00000     0.00000
   -48.92711     0.00000     0.00000     0.00000     0.00000     0.00000     0.00000     0.00000     0.00000
   -48.90411     0.00000     0.00000     0.00000     0.00000     0.00000     0.00000     0.00000     0.00000
   -48.88111     0.00000     0.00000     0.00000     0.00000     0.00000     0.00000     0.00000     0.00000
   -48.85711     0.00000     0.00000     0.00000     0.00000     0.00000     0.00000     0.00000     0.00000
   -48.83411     0.00000     0.00000     0.00000     0.00000     0.00000     0.00000     0.00000     0.00000
   -48.81111     0.00000     0.00000     0.00000     0.00000     0.00000     0.00000     0.00000     0.00000
   -48.78811     0.00000     0.00000     0.00000     0.00000     0.00000     0.00000     0.00000     0.00000
   -48.76511     0.00000     0.00000     0.00000     0.00000     0.00000     0.00000     0.00000     0.00000
   -48.74111     0.00000     0.00000     0.00000     0.00000     0.00000     0.00000     0.00000     0.00000
   -48.71811     0.00000     0.00000     0.00000     0.00000     0.00000     0.00000     0.00000     0.00000
   -48.69511     0.00000     0.00000     0.00000     0.00000     0.00000     0.00000     0.00000     0.00000
   -48.67211     0.00000     0.00000     0.00000     0.00000     0.00000     0.00000     0.00000     0.00000
   -48.64911     0.00000     0.00000     0.00000     0.00000     0.00000     0.00000     0.00000     0.00000
   -48.62611     0.00000     0.00000     0.00000     0.00000     0.00000     0.00000     0.00000     0.00000
   -48.60211     0.00000     0.00000     0.00000     0.00000     0.00000     0.00000     0.00000     0.00000
   -48.57911     0.00000     0.00000     0.00000     0.00000     0.00000     0.00000     0.00000     0.00000
   -48.55611     0.00000     0.00000     0.00000     0.00000     0.00000     0.00000     0.00000     0.00000
   -48.53311     0.00000     0.00000     0.00000     0.00000     0.00000     0.00000     0.00000     0.00000
   -48.51011     0.00000     0.00000     0.00000     0.00000     0.00000     0.00000     0.00000     0.00000
   -48.48711     0.00000     0.00000     0.00000     0.00000     0.00000     0.00000     0.00000     0.00000
   -48.46311     0.00000     0.00000     0.00000     0.00000     0.00000     0.00000     0.00000     0.00000
   -48.44011     0.00000     0.00000     0.00000     0.00000     0.00000     0.00000     0.00000     0.00000
   -48.41711     0.00000     0.00000     0.00000     0.00000     0.00000     0.00000     0.00000     0.00000
   -48.39411     0.00000     0.00000     0.00000     0.00000     0.00000     0.00000     0.00000     0.00000
   -48.37111     0.00000     0.00000     0.00000     0.00000     0.00000     0.00000     0.00000     0.00000
   -48.34711     0.00000     0.00000     0.00000     0.00000     0.00000     0.00000     0.00000     0.00000
   -48.32411     0.00000     0.00000     0.00000     0.00000     0.00000     0.00000     0.00000     0.00000
   -48.30111     0.00000     0.00000     0.00000     0.00000     0.00000     0.00000     0.00000     0.00000
   -48.27811     0.00000     0.00000     0.00000     0.00000     0.00000     0.00000     0.00000     0.00000
   -48.25511     0.00000     0.00000     0.00000     0.00000     0.00000     0.00000     0.00000     0.00000
   -48.23211     0.00000     0.00000     0.00000     0.00000     0.00000     0.00000     0.00000     0.00000
   -48.20811     0.00000     0.00000     0.00000     0.00000     0.00000     0.00000     0.00000     0.00000
   -48.18511     0.00000     0.00000     0.00000     0.00000     0.00000     0.00000     0.00000     0.00000
   -48.16211     0.00000     0.00000     0.00000     0.00000     0.00000     0.00000     0.00000     0.00000
   -48.13911     0.00000     0.00000     0.00000     0.00000     0.00000     0.00000     0.00000     0.00000
   -48.11611     0.00000     0.00000     0.00000     0.00000     0.00000     0.00000     0.00000     0.00000
   -48.09311     0.00000     0.00000     0.00000     0.00000     0.00000     0.00000     0.00000     0.00000
   -48.06911     0.00000     0.00000     0.00000     0.00000     0.00000     0.00000     0.00000     0.00000
   -48.04611     0.00000     0.00000     0.00000     0.00000     0.00000     0.00000     0.00000     0.00000
   -48.02311     0.00000     0.00000     0.00000     0.00000     0.00000     0.00000     0.00000     0.00000
   -48.00011     0.00000     0.00000     0.00000     0.00000     0.00000     0.00000     0.00000     0.00000
   -47.97711     0.00000     0.00000     0.00000     0.00000     0.00000     0.00000     0.00000     0.00000
   -47.95311     0.00000     0.00000     0.00000     0.00000     0.00000     0.00000     0.00000     0.00000
   -47.93011     0.00000     0.00000     0.00000     0.00000     0.00000     0.00000     0.00000     0.00000
   -47.90711     0.00000     0.00000     0.00000     0.00000     0.00000     0.00000     0.00000     0.00000
   -47.88411     0.00000     0.00000     0.00000     0.00000     0.00000     0.00000     0.00000     0.00000
   -47.86111     0.00000     0.00000     0.00000     0.00000     0.00000     0.00000     0.00000     0.00000
   -47.83811     0.00000     0.00000     0.00000     0.00000     0.00000     0.00000     0.00000     0.00000
   -47.81411     0.00000     0.00000     0.00000     0.00000     0.00000     0.00000     0.00000     0.00000
   -47.79111     0.00000     0.00000     0.00000     0.00000     0.00000     0.00000     0.00000     0.00000
   -47.76811     0.00000     0.00000     0.00000     0.00000     0.00000     0.00000     0.00000     0.00000
   -47.74511     0.00000     0.00000     0.00000     0.00000     0.00000     0.00000     0.00000     0.00000
   -47.72211     0.00000     0.00000     0.00000     0.00000     0.00000     0.00000     0.00000     0.00000
   -47.69911     0.00000     0.00000     0.00000     0.00000     0.00000     0.00000     0.00000     0.00000
   -47.67511     0.00000     0.00000     0.00000     0.00000     0.00000     0.00000     0.00000     0.00000
   -47.65211     0.00000     0.00000     0.00000     0.00000     0.00000     0.00000     0.00000     0.00000
   -47.62911     0.00000     0.00000     0.00000     0.00000     0.00000     0.00000     0.00000     0.00000
   -47.60611     0.00000     0.00000     0.00000     0.00000     0.00000     0.00000     0.00000     0.00000
   -47.58311     0.00000     0.00000     0.00000     0.00000     0.00000     0.00000     0.00000     0.00000
   -47.55911     0.00000     0.00000     0.00000     0.00000     0.00000     0.00000     0.00000     0.00000
   -47.53611     0.00000     0.00000     0.00000     0.00000     0.00000     0.00000     0.00000     0.00000
   -47.51311     0.00000     0.00000     0.00000     0.00000     0.00000     0.00000     0.00000     0.00000
   -47.49011     0.00000     0.00000     0.00000     0.00000     0.00000     0.00000     0.00000     0.00000
   -47.46711     0.00000     0.00000     0.00000     0.00000     0.00000     0.00000     0.00000     0.00000
   -47.44411     0.00000     0.00000     0.00000     0.00000     0.00000     0.00000     0.00000     0.00000
   -47.42011     0.00000     0.00000     0.00000     0.00000     0.00000     0.00000     0.00000     0.00000
   -47.39711     0.00000     0.00000     0.00000     0.00000     0.00000     0.00000     0.00000     0.00000
   -47.37411     0.00000     0.00000     0.00000     0.00000     0.00000     0.00000     0.00000     0.00000
   -47.35111     0.00000     0.00000     0.00000     0.00000     0.00000     0.00000     0.00000     0.00000
   -47.32811     0.00000     0.00000     0.00000     0.00000     0.00000     0.00000     0.00000     0.00000
   -47.30511     0.00000     0.00000     0.00000     0.00000     0.00000     0.00000     0.00000     0.00000
   -47.28111     0.00000     0.00000     0.00000     0.00000     0.00000     0.00000     0.00000     0.00000
   -47.25811     0.00000     0.00000     0.00000     0.00000     0.00000     0.00000     0.00000     0.00000
   -47.23511     0.00000     0.00000     0.00000     0.00000     0.00000     0.00000     0.00000     0.00000
   -47.21211     0.00000     0.00000     0.00000     0.00000     0.00000     0.00000     0.00000     0.00000
   -47.18911     0.00000     0.00000     0.00000     0.00000     0.00000     0.00000     0.00000     0.00000
   -47.16511     0.00000     0.00000     0.00000     0.00000     0.00000     0.00000     0.00000     0.00000
   -47.14211     0.00000     0.00000     0.00000     0.00000     0.00000     0.00000     0.00000     0.00000
   -47.11911     0.00000     0.00000     0.00000     0.00000     0.00000     0.00000     0.00000     0.00000
   -47.09611     0.00000     0.00000     0.00000     0.00000     0.00000     0.00000     0.00000     0.00000
   -47.07311     0.00000     0.00000     0.00000     0.00000     0.00000     0.00000     0.00000     0.00000
   -47.05011     0.00000     0.00000     0.00000     0.00000     0.00000     0.00000     0.00000     0.00000
   -47.02611     0.00000     0.00000     0.00000     0.00000     0.00000     0.00000     0.00000     0.00000
   -47.00311     0.00000     0.00000     0.00000     0.00000     0.00000     0.00000     0.00000     0.00000
   -46.98011     0.00000     0.00000     0.00000     0.00000     0.00000     0.00000     0.00000     0.00000
   -46.95711     0.00000     0.00000     0.00000     0.00000     0.00000     0.00000     0.00000     0.00000
   -46.93411     0.00000     0.00000     0.00000     0.00000     0.00000     0.00000     0.00000     0.00000
   -46.91111     0.00000     0.00000     0.00000     0.00000     0.00000     0.00000     0.00000     0.00000
   -46.88711     0.00000     0.00000     0.00000     0.00000     0.00000     0.00000     0.00000     0.00000
   -46.86411     0.00000     0.00000     0.00000     0.00000     0.00000     0.00000     0.00000     0.00000
   -46.84111     0.00000     0.00000     0.00000     0.00000     0.00000     0.00000     0.00000     0.00000
   -46.81811     0.00000     0.00000     0.00000     0.00000     0.00000     0.00000     0.00000     0.00000
   -46.79511     0.00000     0.00000     0.00000     0.00000     0.00000     0.00000     0.00000     0.00000
   -46.77111     0.00000     0.00000     0.00000     0.00000     0.00000     0.00000     0.00000     0.00000
   -46.74811     0.00000     0.00000     0.00000     0.00000     0.00000     0.00000     0.00000     0.00000
   -46.72511     0.00000     0.00000     0.00000     0.00000     0.00000     0.00000     0.00000     0.00000
   -46.70211     0.00000     0.00000     0.00000     0.00000     0.00000     0.00000     0.00000     0.00000
   -46.67911     0.00000     0.00000     0.00000     0.00000     0.00000     0.00000     0.00000     0.00000
   -46.65611     0.00000     0.00000     0.00000     0.00000     0.00000     0.00000     0.00000     0.00000
   -46.63211     0.00000     0.00000     0.00000     0.00000     0.00000     0.00000     0.00000     0.00000
   -46.60911     0.00000     0.00000     0.00000     0.00000     0.00000     0.00000     0.00000     0.00000
   -46.58611     0.00000     0.00000     0.00000     0.00000     0.00000     0.00000     0.00000     0.00000
   -46.56311     0.00000     0.00000     0.00000     0.00000     0.00000     0.00000     0.00000     0.00000
   -46.54011     0.00000     0.00000     0.00000     0.00000     0.00000     0.00000     0.00000     0.00000
   -46.51711     0.00000     0.00000     0.00000     0.00000     0.00000     0.00000     0.00000     0.00000
   -46.49311     0.00000     0.00000     0.00000     0.00000     0.00000     0.00000     0.00000     0.00000
   -46.47011     0.00000     0.00000     0.00000     0.00000     0.00000     0.00000     0.00000     0.00000
   -46.44711     0.00000     0.00000     0.00000     0.00000     0.00000     0.00000     0.00000     0.00000
   -46.42411     0.00000     0.00000     0.00000     0.00000     0.00000     0.00000     0.00000     0.00000
   -46.40111     0.00000     0.00000     0.00000     0.00000     0.00000     0.00000     0.00000     0.00000
   -46.37711     0.00000     0.00000     0.00000     0.00000     0.00000     0.00000     0.00000     0.00000
   -46.35411     0.00000     0.00000     0.00000     0.00000     0.00000     0.00000     0.00000     0.00000
   -46.33111     0.00000     0.00000     0.00000     0.00000     0.00000     0.00000     0.00000     0.00000
   -46.30811     0.00000     0.00000     0.00000     0.00000     0.00000     0.00000     0.00000     0.00000
   -46.28511     0.00000     0.00000     0.00000     0.00000     0.00000     0.00000     0.00000     0.00000
   -46.26211     0.00000     0.00000     0.00000     0.00000     0.00000     0.00000     0.00000     0.00000
   -46.23811     0.00000     0.00000     0.00000     0.00000     0.00000     0.00000     0.00000     0.00000
   -46.21511     0.00000     0.00000     0.00000     0.00000     0.00000     0.00000     0.00000     0.00000
   -46.19211     0.00000     0.00000     0.00000     0.00000     0.00000     0.00000     0.00000     0.00000
   -46.16911     0.00000     0.00000     0.00000     0.00000     0.00000     0.00000     0.00000     0.00000
   -46.14611     0.00000     0.00000     0.00000     0.00000     0.00000     0.00000     0.00000     0.00000
   -46.12311     0.00000     0.00000     0.00000     0.00000     0.00000     0.00000     0.00000     0.00000
   -46.09911     0.00000     0.00000     0.00000     0.00000     0.00000     0.00000     0.00000     0.00000
   -46.07611     0.00000     0.00000     0.00000     0.00000     0.00000     0.00000     0.00000     0.00000
   -46.05311     0.00000     0.00000     0.00000     0.00000     0.00000     0.00000     0.00000     0.00000
   -46.03011     0.00000     0.00000     0.00000     0.00000     0.00000     0.00000     0.00000     0.00000
   -46.00711     0.00000     0.00000     0.00000     0.00000     0.00000     0.00000     0.00000     0.00000
   -45.98311     0.00000     0.00000     0.00000     0.00000     0.00000     0.00000     0.00000     0.00000
   -45.96011     0.00000     0.00000     0.00000     0.00000     0.00000     0.00000     0.00000     0.00000
   -45.93711     0.00000     0.00000     0.00000     0.00000     0.00000     0.00000     0.00000     0.00000
   -45.91411     0.00000     0.00000     0.00000     0.00000     0.00000     0.00000     0.00000     0.00000
   -45.89111     0.00000     0.00000     0.00000     0.00000     0.00000     0.00000     0.00000     0.00000
   -45.86811     0.00000     0.00000     0.00000     0.00000     0.00000     0.00000     0.00000     0.00000
   -45.84411     0.00000     0.00000     0.00000     0.00000     0.00000     0.00000     0.00000     0.00000
   -45.82111     0.00000     0.00000     0.00000     0.00000     0.00000     0.00000     0.00000     0.00000
   -45.79811     0.00000     0.00000     0.00000     0.00000     0.00000     0.00000     0.00000     0.00000
   -45.77511     0.00000     0.00000     0.00000     0.00000     0.00000     0.00000     0.00000     0.00000
   -45.75211     0.00000     0.00000     0.00000     0.00000     0.00000     0.00000     0.00000     0.00000
   -45.72911     0.00000     0.00000     0.00000     0.00000     0.00000     0.00000     0.00000     0.00000
   -45.70511     0.00000     0.00000     0.00000     0.00000     0.00000     0.00000     0.00000     0.00000
   -45.68211     0.00000     0.00000     0.00000     0.00000     0.00000     0.00000     0.00000     0.00000
   -45.65911     0.00000     0.00000     0.00000     0.00000     0.00000     0.00000     0.00000     0.00000
   -45.63611     0.00000     0.00000     0.00000     0.00000     0.00000     0.00000     0.00000     0.00000
   -45.61311     0.00000     0.00000     0.00000     0.00000     0.00000     0.00000     0.00000     0.00000
   -45.58911     0.00000     0.00000     0.00000     0.00000     0.00000     0.00000     0.00000     0.00000
   -45.56611     0.00000     0.00000     0.00000     0.00000     0.00000     0.00000     0.00000     0.00000
   -45.54311     0.00000     0.00000     0.00000     0.00000     0.00000     0.00000     0.00000     0.00000
   -45.52011     0.00000     0.00000     0.00000     0.00000     0.00000     0.00000     0.00000     0.00000
   -45.49711     0.00000     0.00000     0.00000     0.00000     0.00000     0.00000     0.00000     0.00000
   -45.47411     0.00000     0.00000     0.00000     0.00000     0.00000     0.00000     0.00000     0.00000
   -45.45011     0.00000     0.00000     0.00000     0.00000     0.00000     0.00000     0.00000     0.00000
   -45.42711     0.00000     0.00000     0.00000     0.00000     0.00000     0.00000     0.00000     0.00000
   -45.40411     0.00000     0.00000     0.00000     0.00000     0.00000     0.00000     0.00000     0.00000
   -45.38111     0.00000     0.00000     0.00000     0.00000     0.00000     0.00000     0.00000     0.00000
   -45.35811     0.00000     0.00000     0.00000     0.00000     0.00000     0.00000     0.00000     0.00000
   -45.33511     0.00000     0.00000     0.00000     0.00000     0.00000     0.00000     0.00000     0.00000
   -45.31111     0.00000     0.00000     0.00000     0.00000     0.00000     0.00000     0.00000     0.00000
   -45.28811     0.00000     0.00000     0.00000     0.00000     0.00000     0.00000     0.00000     0.00000
   -45.26511     0.00000     0.00000     0.00000     0.00000     0.00000     0.00000     0.00000     0.00000
   -45.24211     0.00000     0.00000     0.00000     0.00000     0.00000     0.00000     0.00000     0.00000
   -45.21911     0.00000     0.00000     0.00000     0.00000     0.00000     0.00000     0.00000     0.00000
   -45.19511     0.00000     0.00000     0.00000     0.00000     0.00000     0.00000     0.00000     0.00000
   -45.17211     0.00000     0.00000     0.00000     0.00000     0.00000     0.00000     0.00000     0.00000
   -45.14911     0.00000     0.00000     0.00000     0.00000     0.00000     0.00000     0.00000     0.00000
   -45.12611     0.00000     0.00000     0.00000     0.00000     0.00000     0.00000     0.00000     0.00000
   -45.10311     0.00000     0.00000     0.00000     0.00000     0.00000     0.00000     0.00000     0.00000
   -45.08011     0.00000     0.00000     0.00000     0.00000     0.00000     0.00000     0.00000     0.00000
   -45.05611     0.00000     0.00000     0.00000     0.00000     0.00000     0.00000     0.00000     0.00000
   -45.03311     0.00000     0.00000     0.00000     0.00000     0.00000     0.00000     0.00000     0.00000
   -45.01011     0.00000     0.00000     0.00000     0.00000     0.00000     0.00000     0.00000     0.00000
   -44.98711     0.00000     0.00000     0.00000     0.00000     0.00000     0.00000     0.00000     0.00000
   -44.96411     0.00000     0.00000     0.00000     0.00000     0.00000     0.00000     0.00000     0.00000
   -44.94111     0.00000     0.00000     0.00000     0.00000     0.00000     0.00000     0.00000     0.00000
   -44.91711     0.00000     0.00000     0.00000     0.00000     0.00000     0.00000     0.00000     0.00000
   -44.89411     0.00000     0.00000     0.00000     0.00000     0.00000     0.00000     0.00000     0.00000
   -44.87111     0.00000     0.00000     0.00000     0.00000     0.00000     0.00000     0.00000     0.00000
   -44.84811     0.00000     0.00000     0.00000     0.00000     0.00000     0.00000     0.00000     0.00000
   -44.82511     0.00000     0.00000     0.00000     0.00000     0.00000     0.00000     0.00000     0.00000
   -44.80111     0.00000     0.00000     0.00000     0.00000     0.00000     0.00000     0.00000     0.00000
   -44.77811     0.00000     0.00000     0.00000     0.00000     0.00000     0.00000     0.00000     0.00000
   -44.75511     0.00000     0.00000     0.00000     0.00000     0.00000     0.00000     0.00000     0.00000
   -44.73211     0.00000     0.00000     0.00000     0.00000     0.00000     0.00000     0.00000     0.00000
   -44.70911     0.00000     0.00000     0.00000     0.00000     0.00000     0.00000     0.00000     0.00000
   -44.68611     0.00000     0.00000     0.00000     0.00000     0.00000     0.00000     0.00000     0.00000
   -44.66211     0.00000     0.00000     0.00000     0.00000     0.00000     0.00000     0.00000     0.00000
   -44.63911     0.00000     0.00000     0.00000     0.00000     0.00000     0.00000     0.00000     0.00000
   -44.61611     0.00000     0.00000     0.00000     0.00000     0.00000     0.00000     0.00000     0.00000
   -44.59311     0.00000     0.00000     0.00000     0.00000     0.00000     0.00000     0.00000     0.00000
   -44.57011     0.00000     0.00000     0.00000     0.00000     0.00000     0.00000     0.00000     0.00000
   -44.54611     0.00000     0.00000     0.00000     0.00000     0.00000     0.00000     0.00000     0.00000
   -44.52311     0.00000     0.00000     0.00000     0.00000     0.00000     0.00000     0.00000     0.00000
   -44.50011     0.00000     0.00000     0.00000     0.00000     0.00000     0.00000     0.00000     0.00000
   -44.47711     0.00000     0.00000     0.00000     0.00000     0.00000     0.00000     0.00000     0.00000
   -44.45411     0.00000     0.00000     0.00000     0.00000     0.00000     0.00000     0.00000     0.00000
   -44.43111     0.00000     0.00000     0.00000     0.00000     0.00000     0.00000     0.00000     0.00000
   -44.40711     0.00000     0.00000     0.00000     0.00000     0.00000     0.00000     0.00000     0.00000
   -44.38411     0.00000     0.00000     0.00000     0.00000     0.00000     0.00000     0.00000     0.00000
   -44.36111     0.00000     0.00000     0.00000     0.00000     0.00000     0.00000     0.00000     0.00000
   -44.33811     0.00000     0.00000     0.00000     0.00000     0.00000     0.00000     0.00000     0.00000
   -44.31511     0.00000     0.00000     0.00000     0.00000     0.00000     0.00000     0.00000     0.00000
   -44.29211     0.00000     0.00000     0.00000     0.00000     0.00000     0.00000     0.00000     0.00000
   -44.26811     0.00000     0.00000     0.00000     0.00000     0.00000     0.00000     0.00000     0.00000
   -44.24511     0.00000     0.00000     0.00000     0.00000     0.00000     0.00000     0.00000     0.00000
   -44.22211     0.00000     0.00000     0.00000     0.00000     0.00000     0.00000     0.00000     0.00000
   -44.19911     0.00000     0.00000     0.00000     0.00000     0.00000     0.00000     0.00000     0.00000
   -44.17611     0.00000     0.00000     0.00000     0.00000     0.00000     0.00000     0.00000     0.00000
   -44.15211     0.00000     0.00000     0.00000     0.00000     0.00000     0.00000     0.00000     0.00000
   -44.12911     0.00000     0.00000     0.00000     0.00000     0.00000     0.00000     0.00000     0.00000
   -44.10611     0.00000     0.00000     0.00000     0.00000     0.00000     0.00000     0.00000     0.00000
   -44.08311     0.00000     0.00000     0.00000     0.00000     0.00000     0.00000     0.00000     0.00000
   -44.06011     0.00000     0.00000     0.00000     0.00000     0.00000     0.00000     0.00000     0.00000
   -44.03711     0.00000     0.00000     0.00000     0.00000     0.00000     0.00000     0.00000     0.00000
   -44.01311     0.00000     0.00000     0.00000     0.00000     0.00000     0.00000     0.00000     0.00000
   -43.99011     0.00000     0.00000     0.00000     0.00000     0.00000     0.00000     0.00000     0.00000
   -43.96711     0.00000     0.00000     0.00000     0.00000     0.00000     0.00000     0.00000     0.00000
   -43.94411     0.00000     0.00000     0.00000     0.00000     0.00000     0.00000     0.00000     0.00000
   -43.92111     0.00000     0.00000     0.00000     0.00000     0.00000     0.00000     0.00000     0.00000
   -43.89811     0.00000     0.00000     0.00000     0.00000     0.00000     0.00000     0.00000     0.00000
   -43.87411     0.00000     0.00000     0.00000     0.00000     0.00000     0.00000     0.00000     0.00000
   -43.85111     0.00000     0.00000     0.00000     0.00000     0.00000     0.00000     0.00000     0.00000
   -43.82811     0.00000     0.00000     0.00000     0.00000     0.00000     0.00000     0.00000     0.00000
   -43.80511     0.00000     0.00000     0.00000     0.00000     0.00000     0.00000     0.00000     0.00000
   -43.78211     0.00000     0.00000     0.00000     0.00000     0.00000     0.00000     0.00000     0.00000
   -43.75811     0.00000     0.00000     0.00000     0.00000     0.00000     0.00000     0.00000     0.00000
   -43.73511     0.00000     0.00000     0.00000     0.00000     0.00000     0.00000     0.00000     0.00000
   -43.71211     0.00000     0.00000     0.00000     0.00000     0.00000     0.00000     0.00000     0.00000
   -43.68911     0.00000     0.00000     0.00000     0.00000     0.00000     0.00000     0.00000     0.00000
   -43.66611     0.00000     0.00000     0.00000     0.00000     0.00000     0.00000     0.00000     0.00000
   -43.64311     0.00000     0.00000     0.00000     0.00000     0.00000     0.00000     0.00000     0.00000
   -43.61911     0.00000     0.00000     0.00000     0.00000     0.00000     0.00000     0.00000     0.00000
   -43.59611     0.00000     0.00000     0.00000     0.00000     0.00000     0.00000     0.00000     0.00000
   -43.57311     0.00000     0.00000     0.00000     0.00000     0.00000     0.00000     0.00000     0.00000
   -43.55011     0.00000     0.00000     0.00000     0.00000     0.00000     0.00000     0.00000     0.00000
   -43.52711     0.00000     0.00000     0.00000     0.00000     0.00000     0.00000     0.00000     0.00000
   -43.50411     0.00000     0.00000     0.00000     0.00000     0.00000     0.00000     0.00000     0.00000
   -43.48011     0.00000     0.00000     0.00000     0.00000     0.00000     0.00000     0.00000     0.00000
   -43.45711     0.00000     0.00000     0.00000     0.00000     0.00000     0.00000     0.00000     0.00000
   -43.43411     0.00000     0.00000     0.00000     0.00000     0.00000     0.00000     0.00000     0.00000
   -43.41111     0.00000     0.00000     0.00000     0.00000     0.00000     0.00000     0.00000     0.00000
   -43.38811     0.00000     0.00000     0.00000     0.00000     0.00000     0.00000     0.00000     0.00000
   -43.36411     0.00000     0.00000     0.00000     0.00000     0.00000     0.00000     0.00000     0.00000
   -43.34111     0.00000     0.00000     0.00000     0.00000     0.00000     0.00000     0.00000     0.00000
   -43.31811     0.00000     0.00000     0.00000     0.00000     0.00000     0.00000     0.00000     0.00000
   -43.29511     0.00000     0.00000     0.00000     0.00000     0.00000     0.00000     0.00000     0.00000
   -43.27211     0.00000     0.00000     0.00000     0.00000     0.00000     0.00000     0.00000     0.00000
   -43.24911     0.00000     0.00000     0.00000     0.00000     0.00000     0.00000     0.00000     0.00000
   -43.22511     0.00000     0.00000     0.00000     0.00000     0.00000     0.00000     0.00000     0.00000
   -43.20211     0.00000     0.00000     0.00000     0.00000     0.00000     0.00000     0.00000     0.00000
   -43.17911     0.00000     0.00000     0.00000     0.00000     0.00000     0.00000     0.00000     0.00000
   -43.15611     0.00000     0.00000     0.00000     0.00000     0.00000     0.00000     0.00000     0.00000
   -43.13311     0.00000     0.00000     0.00000     0.00000     0.00000     0.00000     0.00000     0.00000
   -43.11011     0.00000     0.00000     0.00000     0.00000     0.00000     0.00000     0.00000     0.00000
   -43.08611     0.00000     0.00000     0.00000     0.00000     0.00000     0.00000     0.00000     0.00000
   -43.06311     0.00000     0.00000     0.00000     0.00000     0.00000     0.00000     0.00000     0.00000
   -43.04011     0.00000     0.00000     0.00000     0.00000     0.00000     0.00000     0.00000     0.00000
   -43.01711     0.00000     0.00000     0.00000     0.00000     0.00000     0.00000     0.00000     0.00000
   -42.99411     0.00000     0.00000     0.00000     0.00000     0.00000     0.00000     0.00000     0.00000
   -42.97011     0.00000     0.00000     0.00000     0.00000     0.00000     0.00000     0.00000     0.00000
   -42.94711     0.00000     0.00000     0.00000     0.00000     0.00000     0.00000     0.00000     0.00000
   -42.92411     0.00000     0.00000     0.00000     0.00000     0.00000     0.00000     0.00000     0.00000
   -42.90111     0.00000     0.00000     0.00000     0.00000     0.00000     0.00000     0.00000     0.00000
   -42.87811     0.00000     0.00000     0.00000     0.00000     0.00000     0.00000     0.00000     0.00000
   -42.85511     0.00000     0.00000     0.00000     0.00000     0.00000     0.00000     0.00000     0.00000
   -42.83111     0.00000     0.00000     0.00000     0.00000     0.00000     0.00000     0.00000     0.00000
   -42.80811     0.00000     0.00000     0.00000     0.00000     0.00000     0.00000     0.00000     0.00000
   -42.78511     0.00000     0.00000     0.00000     0.00000     0.00000     0.00000     0.00000     0.00000
   -42.76211     0.00000     0.00000     0.00000     0.00000     0.00000     0.00000     0.00000     0.00000
   -42.73911     0.00000     0.00000     0.00000     0.00000     0.00000     0.00000     0.00000     0.00000
   -42.71611     0.00000     0.00000     0.00000     0.00000     0.00000     0.00000     0.00000     0.00000
   -42.69211     0.00000     0.00000     0.00000     0.00000     0.00000     0.00000     0.00000     0.00000
   -42.66911     0.00000     0.00000     0.00000     0.00000     0.00000     0.00000     0.00000     0.00000
   -42.64611     0.00000     0.00000     0.00000     0.00000     0.00000     0.00000     0.00000     0.00000
   -42.62311     0.00000     0.00000     0.00000     0.00000     0.00000     0.00000     0.00000     0.00000
   -42.60011     0.00000     0.00000     0.00000     0.00000     0.00000     0.00000     0.00000     0.00000
   -42.57611     0.00000     0.00000     0.00000     0.00000     0.00000     0.00000     0.00000     0.00000
   -42.55311     0.00000     0.00000     0.00000     0.00000     0.00000     0.00000     0.00000     0.00000
   -42.53011     0.00000     0.00000     0.00000     0.00000     0.00000     0.00000     0.00000     0.00000
   -42.50711     0.00000     0.00000     0.00000     0.00000     0.00000     0.00000     0.00000     0.00000
   -42.48411     0.00000     0.00000     0.00000     0.00000     0.00000     0.00000     0.00000     0.00000
   -42.46111     0.00000     0.00000     0.00000     0.00000     0.00000     0.00000     0.00000     0.00000
   -42.43711     0.00000     0.00000     0.00000     0.00000     0.00000     0.00000     0.00000     0.00000
   -42.41411     0.00000     0.00000     0.00000     0.00000     0.00000     0.00000     0.00000     0.00000
   -42.39111     0.00000     0.00000     0.00000     0.00000     0.00000     0.00000     0.00000     0.00000
   -42.36811     0.00000     0.00000     0.00000     0.00000     0.00000     0.00000     0.00000     0.00000
   -42.34511     0.00000     0.00000     0.00000     0.00000     0.00000     0.00000     0.00000     0.00000
   -42.32211     0.00000     0.00000     0.00000     0.00000     0.00000     0.00000     0.00000     0.00000
   -42.29811     0.00000     0.00000     0.00000     0.00000     0.00000     0.00000     0.00000     0.00000
   -42.27511     0.00000     0.00000     0.00000     0.00000     0.00000     0.00000     0.00000     0.00000
   -42.25211     0.00000     0.00000     0.00000     0.00000     0.00000     0.00000     0.00000     0.00000
   -42.22911     0.00000     0.00000     0.00000     0.00000     0.00000     0.00000     0.00000     0.00000
   -42.20611     0.00000     0.00000     0.00000     0.00000     0.00000     0.00000     0.00000     0.00000
   -42.18211     0.00000     0.00000     0.00000     0.00000     0.00000     0.00000     0.00000     0.00000
   -42.15911     0.00000     0.00000     0.00000     0.00000     0.00000     0.00000     0.00000     0.00000
   -42.13611     0.00000     0.00000     0.00000     0.00000     0.00000     0.00000     0.00000     0.00000
   -42.11311     0.00000     0.00000     0.00000     0.00000     0.00000     0.00000     0.00000     0.00000
   -42.09011     0.00000     0.00000     0.00000     0.00000     0.00000     0.00000     0.00000     0.00000
   -42.06711     0.00000     0.00000     0.00000     0.00000     0.00000     0.00000     0.00000     0.00000
   -42.04311     0.00000     0.00000     0.00000     0.00000     0.00000     0.00000     0.00000     0.00000
   -42.02011     0.00000     0.00000     0.00000     0.00000     0.00000     0.00000     0.00000     0.00000
   -41.99711     0.00000     0.00000     0.00000     0.00000     0.00000     0.00000     0.00000     0.00000
   -41.97411     0.00000     0.00000     0.00000     0.00000     0.00000     0.00000     0.00000     0.00000
   -41.95111     0.00000     0.00000     0.00000     0.00000     0.00000     0.00000     0.00000     0.00000
   -41.92811     0.00000     0.00000     0.00000     0.00000     0.00000     0.00000     0.00000     0.00000
   -41.90411     0.00000     0.00000     0.00000     0.00000     0.00000     0.00000     0.00000     0.00000
   -41.88111     0.00000     0.00000     0.00000     0.00000     0.00000     0.00000     0.00000     0.00000
   -41.85811     0.00000     0.00000     0.00000     0.00000     0.00000     0.00000     0.00000     0.00000
   -41.83511     0.00000     0.00000     0.00000     0.00000     0.00000     0.00000     0.00000     0.00000
   -41.81211     0.00000     0.00000     0.00000     0.00000     0.00000     0.00000     0.00000     0.00000
   -41.78811     0.00000     0.00000     0.00000     0.00000     0.00000     0.00000     0.00000     0.00000
   -41.76511     0.00000     0.00000     0.00000     0.00000     0.00000     0.00000     0.00000     0.00000
   -41.74211     0.00000     0.00000     0.00000     0.00000     0.00000     0.00000     0.00000     0.00000
   -41.71911     0.00000     0.00000     0.00000     0.00000     0.00000     0.00000     0.00000     0.00000
   -41.69611     0.00000     0.00000     0.00000     0.00000     0.00000     0.00000     0.00000     0.00000
   -41.67311     0.00000     0.00000     0.00000     0.00000     0.00000     0.00000     0.00000     0.00000
   -41.64911     0.00000     0.00000     0.00000     0.00000     0.00000     0.00000     0.00000     0.00000
   -41.62611     0.00000     0.00000     0.00000     0.00000     0.00000     0.00000     0.00000     0.00000
   -41.60311     0.00000     0.00000     0.00000     0.00000     0.00000     0.00000     0.00000     0.00000
   -41.58011     0.00000     0.00000     0.00000     0.00000     0.00000     0.00000     0.00000     0.00000
   -41.55711     0.00000     0.00000     0.00000     0.00000     0.00000     0.00000     0.00000     0.00000
   -41.53411     0.00000     0.00000     0.00000     0.00000     0.00000     0.00000     0.00000     0.00000
   -41.51011     0.00000     0.00000     0.00000     0.00000     0.00000     0.00000     0.00000     0.00000
   -41.48711     0.00000     0.00000     0.00000     0.00000     0.00000     0.00000     0.00000     0.00000
   -41.46411     0.00000     0.00000     0.00000     0.00000     0.00000     0.00000     0.00000     0.00000
   -41.44111     0.00000     0.00000     0.00000     0.00000     0.00000     0.00000     0.00000     0.00000
   -41.41811     0.00000     0.00000     0.00000     0.00000     0.00000     0.00000     0.00000     0.00000
   -41.39411     0.00000     0.00000     0.00000     0.00000     0.00000     0.00000     0.00000     0.00000
   -41.37111     0.00000     0.00000     0.00000     0.00000     0.00000     0.00000     0.00000     0.00000
   -41.34811     0.00000     0.00000     0.00000     0.00000     0.00000     0.00000     0.00000     0.00000
   -41.32511     0.00000     0.00000     0.00000     0.00000     0.00000     0.00000     0.00000     0.00000
   -41.30211     0.00000     0.00000     0.00000     0.00000     0.00000     0.00000     0.00000     0.00000
   -41.27911     0.00000     0.00000     0.00000     0.00000     0.00000     0.00000     0.00000     0.00000
   -41.25511     0.00000     0.00000     0.00000     0.00000     0.00000     0.00000     0.00000     0.00000
   -41.23211     0.00000     0.00000     0.00000     0.00000     0.00000     0.00000     0.00000     0.00000
   -41.20911     0.00000     0.00000     0.00000     0.00000     0.00000     0.00000     0.00000     0.00000
   -41.18611     0.00000     0.00000     0.00000     0.00000     0.00000     0.00000     0.00000     0.00000
   -41.16311     0.00000     0.00000     0.00000     0.00000     0.00000     0.00000     0.00000     0.00000
   -41.14011     0.00000     0.00000     0.00000     0.00000     0.00000     0.00000     0.00000     0.00000
   -41.11611     0.00000     0.00000     0.00000     0.00000     0.00000     0.00000     0.00000     0.00000
   -41.09311     0.00000     0.00000     0.00000     0.00000     0.00000     0.00000     0.00000     0.00000
   -41.07011     0.00000     0.00000     0.00000     0.00000     0.00000     0.00000     0.00000     0.00000
   -41.04711     0.00000     0.00000     0.00000     0.00000     0.00000     0.00000     0.00000     0.00000
   -41.02411     0.00000     0.00000     0.00000     0.00000     0.00000     0.00000     0.00000     0.00000
   -41.00011     0.00000     0.00000     0.00000     0.00000     0.00000     0.00000     0.00000     0.00000
   -40.97711     0.00000     0.00000     0.00000     0.00000     0.00000     0.00000     0.00000     0.00000
   -40.95411     0.00000     0.00000     0.00000     0.00000     0.00000     0.00000     0.00000     0.00000
   -40.93111     0.00000     0.00000     0.00000     0.00000     0.00000     0.00000     0.00000     0.00000
   -40.90811     0.00000     0.00000     0.00000     0.00000     0.00000     0.00000     0.00000     0.00000
   -40.88511     0.00000     0.00000     0.00000     0.00000     0.00000     0.00000     0.00000     0.00000
   -40.86111     0.00000     0.00000     0.00000     0.00000     0.00000     0.00000     0.00000     0.00000
   -40.83811     0.00000     0.00000     0.00000     0.00000     0.00000     0.00000     0.00000     0.00000
   -40.81511     0.00000     0.00000     0.00000     0.00000     0.00000     0.00000     0.00000     0.00000
   -40.79211     0.00000     0.00000     0.00000     0.00000     0.00000     0.00000     0.00000     0.00000
   -40.76911     0.00000     0.00000     0.00000     0.00000     0.00000     0.00000     0.00000     0.00000
   -40.74611     0.00000     0.00000     0.00000     0.00000     0.00000     0.00000     0.00000     0.00000
   -40.72211     0.00000     0.00000     0.00000     0.00000     0.00000     0.00000     0.00000     0.00000
   -40.69911     0.00000     0.00000     0.00000     0.00000     0.00000     0.00000     0.00000     0.00000
   -40.67611     0.00000     0.00000     0.00000     0.00000     0.00000     0.00000     0.00000     0.00000
   -40.65311     0.00000     0.00000     0.00000     0.00000     0.00000     0.00000     0.00000     0.00000
   -40.63011     0.00000     0.00000     0.00000     0.00000     0.00000     0.00000     0.00000     0.00000
   -40.60611     0.00000     0.00000     0.00000     0.00000     0.00000     0.00000     0.00000     0.00000
   -40.58311     0.00000     0.00000     0.00000     0.00000     0.00000     0.00000     0.00000     0.00000
   -40.56011     0.00000     0.00000     0.00000     0.00000     0.00000     0.00000     0.00000     0.00000
   -40.53711     0.00000     0.00000     0.00000     0.00000     0.00000     0.00000     0.00000     0.00000
   -40.51411     0.00000     0.00000     0.00000     0.00000     0.00000     0.00000     0.00000     0.00000
   -40.49111     0.00000     0.00000     0.00000     0.00000     0.00000     0.00000     0.00000     0.00000
   -40.46711     0.00000     0.00000     0.00000     0.00000     0.00000     0.00000     0.00000     0.00000
   -40.44411     0.00000     0.00000     0.00000     0.00000     0.00000     0.00000     0.00000     0.00000
   -40.42111     0.00000     0.00000     0.00000     0.00000     0.00000     0.00000     0.00000     0.00000
   -40.39811     0.00000     0.00000     0.00000     0.00000     0.00000     0.00000     0.00000     0.00000
   -40.37511     0.00000     0.00000     0.00000     0.00000     0.00000     0.00000     0.00000     0.00000
   -40.35211     0.00000     0.00000     0.00000     0.00000     0.00000     0.00000     0.00000     0.00000
   -40.32811     0.00000     0.00000     0.00000     0.00000     0.00000     0.00000     0.00000     0.00000
   -40.30511     0.00000     0.00000     0.00000     0.00000     0.00000     0.00000     0.00000     0.00000
   -40.28211     0.00000     0.00000     0.00000     0.00000     0.00000     0.00000     0.00000     0.00000
   -40.25911     0.00000     0.00000     0.00000     0.00000     0.00000     0.00000     0.00000     0.00000
   -40.23611     0.00000     0.00000     0.00000     0.00000     0.00000     0.00000     0.00000     0.00000
   -40.21211     0.00000     0.00000     0.00000     0.00000     0.00000     0.00000     0.00000     0.00000
   -40.18911     0.00000     0.00000     0.00000     0.00000     0.00000     0.00000     0.00000     0.00000
   -40.16611     0.00000     0.00000     0.00000     0.00000     0.00000     0.00000     0.00000     0.00000
   -40.14311     0.00000     0.00000     0.00000     0.00000     0.00000     0.00000     0.00000     0.00000
   -40.12011     0.00000     0.00000     0.00000     0.00000     0.00000     0.00000     0.00000     0.00000
   -40.09711     0.00000     0.00000     0.00000     0.00000     0.00000     0.00000     0.00000     0.00000
   -40.07311     0.00000     0.00000     0.00000     0.00000     0.00000     0.00000     0.00000     0.00000
   -40.05011     0.00000     0.00000     0.00000     0.00000     0.00000     0.00000     0.00000     0.00000
   -40.02711     0.00000     0.00000     0.00000     0.00000     0.00000     0.00000     0.00000     0.00000
   -40.00411     0.00000     0.00000     0.00000     0.00000     0.00000     0.00000     0.00000     0.00000
   -39.98111     0.00000     0.00000     0.00000     0.00000     0.00000     0.00000     0.00000     0.00000
   -39.95811     0.00000     0.00000     0.00000     0.00000     0.00000     0.00000     0.00000     0.00000
   -39.93411     0.00000     0.00000     0.00000     0.00000     0.00000     0.00000     0.00000     0.00000
   -39.91111     0.00000     0.00000     0.00000     0.00000     0.00000     0.00000     0.00000     0.00000
   -39.88811     0.00000     0.00000     0.00000     0.00000     0.00000     0.00000     0.00000     0.00000
   -39.86511     0.00000     0.00000     0.00000     0.00000     0.00000     0.00000     0.00000     0.00000
   -39.84211     0.00000     0.00000     0.00000     0.00000     0.00000     0.00000     0.00000     0.00000
   -39.81811     0.00000     0.00000     0.00000     0.00000     0.00000     0.00000     0.00000     0.00000
   -39.79511     0.00000     0.00000     0.00000     0.00000     0.00000     0.00000     0.00000     0.00000
   -39.77211     0.00000     0.00000     0.00000     0.00000     0.00000     0.00000     0.00000     0.00000
   -39.74911     0.00000     0.00000     0.00000     0.00000     0.00000     0.00000     0.00000     0.00000
   -39.72611     0.00000     0.00000     0.00000     0.00000     0.00000     0.00000     0.00000     0.00000
   -39.70311     0.00000     0.00000     0.00000     0.00000     0.00000     0.00000     0.00000     0.00000
   -39.67911     0.00000     0.00000     0.00000     0.00000     0.00000     0.00000     0.00000     0.00000
   -39.65611     0.00000     0.00000     0.00000     0.00000     0.00000     0.00000     0.00000     0.00000
   -39.63311     0.00000     0.00000     0.00000     0.00000     0.00000     0.00000     0.00000     0.00000
   -39.61011     0.00000     0.00000     0.00000     0.00000     0.00000     0.00000     0.00000     0.00000
   -39.58711     0.00000     0.00000     0.00000     0.00000     0.00000     0.00000     0.00000     0.00000
   -39.56411     0.00000     0.00000     0.00000     0.00000     0.00000     0.00000     0.00000     0.00000
   -39.54011     0.00000     0.00000     0.00000     0.00000     0.00000     0.00000     0.00000     0.00000
   -39.51711     0.00000     0.00000     0.00000     0.00000     0.00000     0.00000     0.00000     0.00000
   -39.49411     0.00000     0.00000     0.00000     0.00000     0.00000     0.00000     0.00000     0.00000
   -39.47111     0.00000     0.00000     0.00000     0.00000     0.00000     0.00000     0.00000     0.00000
   -39.44811     0.00000     0.00000     0.00000     0.00000     0.00000     0.00000     0.00000     0.00000
   -39.42411     0.00000     0.00000     0.00000     0.00000     0.00000     0.00000     0.00000     0.00000
   -39.40111     0.00000     0.00000     0.00000     0.00000     0.00000     0.00000     0.00000     0.00000
   -39.37811     0.00000     0.00000     0.00000     0.00000     0.00000     0.00000     0.00000     0.00000
   -39.35511     0.00000     0.00000     0.00000     0.00000     0.00000     0.00000     0.00000     0.00000
   -39.33211     0.00000     0.00000     0.00000     0.00000     0.00000     0.00000     0.00000     0.00000
   -39.30911     0.00000     0.00000     0.00000     0.00000     0.00000     0.00000     0.00000     0.00000
   -39.28511     0.00000     0.00000     0.00000     0.00000     0.00000     0.00000     0.00000     0.00000
   -39.26211     0.00000     0.00000     0.00000     0.00000     0.00000     0.00000     0.00000     0.00000
   -39.23911     0.00000     0.00000     0.00000     0.00000     0.00000     0.00000     0.00000     0.00000
   -39.21611     0.00000     0.00000     0.00000     0.00000     0.00000     0.00000     0.00000     0.00000
   -39.19311     0.00000     0.00000     0.00000     0.00000     0.00000     0.00000     0.00000     0.00000
   -39.16911     0.00000     0.00000     0.00000     0.00000     0.00000     0.00000     0.00000     0.00000
   -39.14611     0.00000     0.00000     0.00000     0.00000     0.00000     0.00000     0.00000     0.00000
   -39.12311     0.00000     0.00000     0.00000     0.00000     0.00000     0.00000     0.00000     0.00000
   -39.10011     0.00000     0.00000     0.00000     0.00000     0.00000     0.00000     0.00000     0.00000
   -39.07711     0.00000     0.00000     0.00000     0.00000     0.00000     0.00000     0.00000     0.00000
   -39.05411     0.00000     0.00000     0.00000     0.00000     0.00000     0.00000     0.00000     0.00000
   -39.03011     0.00000     0.00000     0.00000     0.00000     0.00000     0.00000     0.00000     0.00000
   -39.00711     0.00000     0.00000     0.00000     0.00000     0.00000     0.00000     0.00000     0.00000
   -38.98411     0.00000     0.00000     0.00000     0.00000     0.00000     0.00000     0.00000     0.00000
   -38.96111     0.00000     0.00000     0.00000     0.00000     0.00000     0.00000     0.00000     0.00000
   -38.93811     0.00000     0.00000     0.00000     0.00000     0.00000     0.00000     0.00000     0.00000
   -38.91511     0.00000     0.00000     0.00000     0.00000     0.00000     0.00000     0.00000     0.00000
   -38.89111     0.00000     0.00000     0.00000     0.00000     0.00000     0.00000     0.00000     0.00000
   -38.86811     0.00000     0.00000     0.00000     0.00000     0.00000     0.00000     0.00000     0.00000
   -38.84511     0.00000     0.00000     0.00000     0.00000     0.00000     0.00000     0.00000     0.00000
   -38.82211     0.00000     0.00000     0.00000     0.00000     0.00000     0.00000     0.00000     0.00000
   -38.79911     0.00000     0.00000     0.00000     0.00000     0.00000     0.00000     0.00000     0.00000
   -38.77511     0.00000     0.00000     0.00000     0.00000     0.00000     0.00000     0.00000     0.00000
   -38.75211     0.00000     0.00000     0.00000     0.00000     0.00000     0.00000     0.00000     0.00000
   -38.72911     0.00000     0.00000     0.00000     0.00000     0.00000     0.00000     0.00000     0.00000
   -38.70611     0.00000     0.00000     0.00000     0.00000     0.00000     0.00000     0.00000     0.00000
   -38.68311     0.00000     0.00000     0.00000     0.00000     0.00000     0.00000     0.00000     0.00000
   -38.66011     0.00000     0.00000     0.00000     0.00000     0.00000     0.00000     0.00000     0.00000
   -38.63611     0.00000     0.00000     0.00000     0.00000     0.00000     0.00000     0.00000     0.00000
   -38.61311     0.00000     0.00000     0.00000     0.00000     0.00000     0.00000     0.00000     0.00000
   -38.59011     0.00000     0.00000     0.00000     0.00000     0.00000     0.00000     0.00000     0.00000
   -38.56711     0.00000     0.00000     0.00000     0.00000     0.00000     0.00000     0.00000     0.00000
   -38.54411     0.00000     0.00000     0.00000     0.00000     0.00000     0.00000     0.00000     0.00000
   -38.52111     0.00000     0.00000     0.00000     0.00000     0.00000     0.00000     0.00000     0.00000
   -38.49711     0.00000     0.00000     0.00000     0.00000     0.00000     0.00000     0.00000     0.00000
   -38.47411     0.00000     0.00000     0.00000     0.00000     0.00000     0.00000     0.00000     0.00000
   -38.45111     0.00000     0.00000     0.00000     0.00000     0.00000     0.00000     0.00000     0.00000
   -38.42811     0.00000     0.00000     0.00000     0.00000     0.00000     0.00000     0.00000     0.00000
   -38.40511     0.00000     0.00000     0.00000     0.00000     0.00000     0.00000     0.00000     0.00000
   -38.38111     0.00000     0.00000     0.00000     0.00000     0.00000     0.00000     0.00000     0.00000
   -38.35811     0.00000     0.00000     0.00000     0.00000     0.00000     0.00000     0.00000     0.00000
   -38.33511     0.00000     0.00000     0.00000     0.00000     0.00000     0.00000     0.00000     0.00000
   -38.31211     0.00000     0.00000     0.00000     0.00000     0.00000     0.00000     0.00000     0.00000
   -38.28911     0.00000     0.00000     0.00000     0.00000     0.00000     0.00000     0.00000     0.00000
   -38.26611     0.00000     0.00000     0.00000     0.00000     0.00000     0.00000     0.00000     0.00000
   -38.24211     0.00000     0.00000     0.00000     0.00000     0.00000     0.00000     0.00000     0.00000
   -38.21911     0.00000     0.00000     0.00000     0.00000     0.00000     0.00000     0.00000     0.00000
   -38.19611     0.00000     0.00000     0.00000     0.00000     0.00000     0.00000     0.00000     0.00000
   -38.17311     0.00000     0.00000     0.00000     0.00000     0.00000     0.00000     0.00000     0.00000
   -38.15011     0.00000     0.00000     0.00000     0.00000     0.00000     0.00000     0.00000     0.00000
   -38.12711     0.00000     0.00000     0.00000     0.00000     0.00000     0.00000     0.00000     0.00000
   -38.10311     0.00000     0.00000     0.00000     0.00000     0.00000     0.00000     0.00000     0.00000
   -38.08011     0.00000     0.00000     0.00000     0.00000     0.00000     0.00000     0.00000     0.00000
   -38.05711     0.00000     0.00000     0.00000     0.00000     0.00000     0.00000     0.00000     0.00000
   -38.03411     0.00000     0.00000     0.00000     0.00000     0.00000     0.00000     0.00000     0.00000
   -38.01111     0.00000     0.00000     0.00000     0.00000     0.00000     0.00000     0.00000     0.00000
   -37.98711     0.00000     0.00000     0.00000     0.00000     0.00000     0.00000     0.00000     0.00000
   -37.96411     0.00000     0.00000     0.00000     0.00000     0.00000     0.00000     0.00000     0.00000
   -37.94111     0.00000     0.00000     0.00000     0.00000     0.00000     0.00000     0.00000     0.00000
   -37.91811     0.00000     0.00000     0.00000     0.00000     0.00000     0.00000     0.00000     0.00000
   -37.89511     0.00000     0.00000     0.00000     0.00000     0.00000     0.00000     0.00000     0.00000
   -37.87211     0.00000     0.00000     0.00000     0.00000     0.00000     0.00000     0.00000     0.00000
   -37.84811     0.00000     0.00000     0.00000     0.00000     0.00000     0.00000     0.00000     0.00000
   -37.82511     0.00000     0.00000     0.00000     0.00000     0.00000     0.00000     0.00000     0.00000
   -37.80211     0.00000     0.00000     0.00000     0.00000     0.00000     0.00000     0.00000     0.00000
   -37.77911     0.00000     0.00000     0.00000     0.00000     0.00000     0.00000     0.00000     0.00000
   -37.75611     0.00000     0.00000     0.00000     0.00000     0.00000     0.00000     0.00000     0.00000
   -37.73311     0.00000     0.00000     0.00000     0.00000     0.00000     0.00000     0.00000     0.00000
   -37.70911     0.00000     0.00000     0.00000     0.00000     0.00000     0.00000     0.00000     0.00000
   -37.68611     0.00000     0.00000     0.00000     0.00000     0.00000     0.00000     0.00000     0.00000
   -37.66311     0.00000     0.00000     0.00000     0.00000     0.00000     0.00000     0.00000     0.00000
   -37.64011     0.00000     0.00000     0.00000     0.00000     0.00000     0.00000     0.00000     0.00000
   -37.61711     0.00000     0.00000     0.00000     0.00000     0.00000     0.00000     0.00000     0.00000
   -37.59311     0.00000     0.00000     0.00000     0.00000     0.00000     0.00000     0.00000     0.00000
   -37.57011     0.00000     0.00000     0.00000     0.00000     0.00000     0.00000     0.00000     0.00000
   -37.54711     0.00000     0.00000     0.00000     0.00000     0.00000     0.00000     0.00000     0.00000
   -37.52411     0.00000     0.00000     0.00000     0.00000     0.00000     0.00000     0.00000     0.00000
   -37.50111     0.00000     0.00000     0.00000     0.00000     0.00000     0.00000     0.00000     0.00000
   -37.47811     0.00000     0.00000     0.00000     0.00000     0.00000     0.00000     0.00000     0.00000
   -37.45411     0.00000     0.00000     0.00000     0.00000     0.00000     0.00000     0.00000     0.00000
   -37.43111     0.00000     0.00000     0.00000     0.00000     0.00000     0.00000     0.00000     0.00000
   -37.40811     0.00000     0.00000     0.00000     0.00000     0.00000     0.00000     0.00000     0.00000
   -37.38511     0.00000     0.00000     0.00000     0.00000     0.00000     0.00000     0.00000     0.00000
   -37.36211     0.00000     0.00000     0.00000     0.00000     0.00000     0.00000     0.00000     0.00000
   -37.33911     0.00000     0.00000     0.00000     0.00000     0.00000     0.00000     0.00000     0.00000
   -37.31511     0.00000     0.00000     0.00000     0.00000     0.00000     0.00000     0.00000     0.00000
   -37.29211     0.00000     0.00000     0.00000     0.00000     0.00000     0.00000     0.00000     0.00000
   -37.26911     0.00000     0.00000     0.00000     0.00000     0.00000     0.00000     0.00000     0.00000
   -37.24611     0.00000     0.00000     0.00000     0.00000     0.00000     0.00000     0.00000     0.00000
   -37.22311     0.00000     0.00000     0.00000     0.00000     0.00000     0.00000     0.00000     0.00000
   -37.19911     0.00000     0.00000     0.00000     0.00000     0.00000     0.00000     0.00000     0.00000
   -37.17611     0.00000     0.00000     0.00000     0.00000     0.00000     0.00000     0.00000     0.00000
   -37.15311     0.00000     0.00000     0.00000     0.00000     0.00000     0.00000     0.00000     0.00000
   -37.13011     0.00000     0.00000     0.00000     0.00000     0.00000     0.00000     0.00000     0.00000
   -37.10711     0.00000     0.00000     0.00000     0.00000     0.00000     0.00000     0.00000     0.00000
   -37.08411     0.00000     0.00000     0.00000     0.00000     0.00000     0.00000     0.00000     0.00000
   -37.06011     0.00000     0.00000     0.00000     0.00000     0.00000     0.00000     0.00000     0.00000
   -37.03711     0.00000     0.00000     0.00000     0.00000     0.00000     0.00000     0.00000     0.00000
   -37.01411     0.00000     0.00000     0.00000     0.00000     0.00000     0.00000     0.00000     0.00000
   -36.99111     0.00000     0.00000     0.00000     0.00000     0.00000     0.00000     0.00000     0.00000
   -36.96811     0.00000     0.00000     0.00000     0.00000     0.00000     0.00000     0.00000     0.00000
   -36.94511     0.00000     0.00000     0.00000     0.00000     0.00000     0.00000     0.00000     0.00000
   -36.92111     0.00000     0.00000     0.00000     0.00000     0.00000     0.00000     0.00000     0.00000
   -36.89811     0.00000     0.00000     0.00000     0.00000     0.00000     0.00000     0.00000     0.00000
   -36.87511     0.00000     0.00000     0.00000     0.00000     0.00000     0.00000     0.00000     0.00000
   -36.85211     0.00000     0.00000     0.00000     0.00000     0.00000     0.00000     0.00000     0.00000
   -36.82911     0.00000     0.00000     0.00000     0.00000     0.00000     0.00000     0.00000     0.00000
   -36.80511     0.00000     0.00000     0.00000     0.00000     0.00000     0.00000     0.00000     0.00000
   -36.78211     0.00000     0.00000     0.00000     0.00000     0.00000     0.00000     0.00000     0.00000
   -36.75911     0.00000     0.00000     0.00000     0.00000     0.00000     0.00000     0.00000     0.00000
   -36.73611     0.00000     0.00000     0.00000     0.00000     0.00000     0.00000     0.00000     0.00000
   -36.71311     0.00000     0.00000     0.00000     0.00000     0.00000     0.00000     0.00000     0.00000
   -36.69011     0.00000     0.00000     0.00000     0.00000     0.00000     0.00000     0.00000     0.00000
   -36.66611     0.00000     0.00000     0.00000     0.00000     0.00000     0.00000     0.00000     0.00000
   -36.64311     0.00000     0.00000     0.00000     0.00000     0.00000     0.00000     0.00000     0.00000
   -36.62011     0.00000     0.00000     0.00000     0.00000     0.00000     0.00000     0.00000     0.00000
   -36.59711     0.00000     0.00000     0.00000     0.00000     0.00000     0.00000     0.00000     0.00000
   -36.57411     0.00000     0.00000     0.00000     0.00001     0.00000     0.00000     0.00000     0.00000
   -36.55111     0.00000     0.00000     0.00000     0.00002     0.00000     0.00000     0.00000     0.00000
   -36.52711     0.00000     0.00000     0.00000     0.00004     0.00000     0.00000     0.00000     0.00000
   -36.50411     0.00000     0.00000     0.00000     0.00009     0.00000     0.00000     0.00000     0.00000
   -36.48111     0.00000     0.00000     0.00000     0.00020     0.00000     0.00000     0.00000     0.00000
   -36.45811     0.00000     0.00000     0.00000     0.00043     0.00000     0.00000     0.00000     0.00000
   -36.43511     0.00000     0.00000     0.00000     0.00091     0.00000     0.00000     0.00000     0.00000
   -36.41111     0.00000     0.00000     0.00000     0.00188     0.00000     0.00000     0.00000     0.00000
   -36.38811     0.00000     0.00000     0.00000     0.00380     0.00000     0.00000     0.00000     0.00000
   -36.36511     0.00000     0.00000     0.00000     0.00747     0.00001     0.00000     0.00000     0.00000
   -36.34211     0.00000     0.00000     0.00001     0.01434     0.00001     0.00000     0.00000     0.00000
   -36.31911     0.00000     0.00000     0.00001     0.02684     0.00002     0.00000     0.00001     0.00000
   -36.29611     0.00000     0.00000     0.00002     0.04900     0.00004     0.00000     0.00001     0.00000
   -36.27211     0.00000     0.00000     0.00003     0.08730     0.00007     0.00000     0.00002     0.00000
   -36.24911     0.00001     0.00000     0.00006     0.15174     0.00011     0.00000     0.00004     0.00000
   -36.22611     0.00001     0.00000     0.00010     0.25744     0.00019     0.00000     0.00007     0.00000
   -36.20311     0.00002     0.00001     0.00016     0.42641     0.00032     0.00000     0.00011     0.00000
   -36.18011     0.00003     0.00001     0.00026     0.68971     0.00052     0.00000     0.00018     0.00000
   -36.15711     0.00004     0.00002     0.00041     1.08964     0.00082     0.00001     0.00028     0.00001
   -36.13311     0.00007     0.00002     0.00064     1.68218     0.00126     0.00001     0.00044     0.00001
   -36.11011     0.00010     0.00004     0.00095     2.53834     0.00191     0.00002     0.00066     0.00002
   -36.08711     0.00015     0.00005     0.00139     3.74537     0.00282     0.00003     0.00098     0.00003
   -36.06411     0.00021     0.00008     0.00200     5.40633     0.00407     0.00004     0.00141     0.00004
   -36.04111     0.00030     0.00011     0.00280     7.63762     0.00576     0.00005     0.00200     0.00006
   -36.01711     0.00040     0.00014     0.00384    10.56483     0.00799     0.00007     0.00278     0.00008
   -35.99411     0.00054     0.00019     0.00516    14.31758     0.01085     0.00010     0.00377     0.00011
   -35.97111     0.00070     0.00026     0.00681    19.01948     0.01445     0.00013     0.00502     0.00014
   -35.94811     0.00089     0.00033     0.00881    24.77787     0.01889     0.00017     0.00656     0.00019
   -35.92511     0.00112     0.00042     0.01120    31.67943     0.02424     0.00022     0.00840     0.00024
   -35.90211     0.00137     0.00052     0.01400    39.76949     0.03055     0.00028     0.01056     0.00030
   -35.87811     0.00165     0.00063     0.01720    49.05040     0.03783     0.00034     0.01305     0.00037
   -35.85511     0.00195     0.00075     0.02080    59.47183     0.04606     0.00042     0.01585     0.00046
   -35.83211     0.00227     0.00088     0.02479    70.92710     0.05517     0.00050     0.01895     0.00054
   -35.80911     0.00259     0.00101     0.02913    83.24532     0.06504     0.00059     0.02232     0.00064
   -35.78611     0.00292     0.00115     0.03376    96.20302     0.07551     0.00069     0.02590     0.00074
   -35.76311     0.00323     0.00128     0.03862   109.52495     0.08635     0.00079     0.02964     0.00085
   -35.73911     0.00353     0.00141     0.04362   122.90820     0.09732     0.00090     0.03348     0.00095
   -35.71611     0.00381     0.00153     0.04868   136.00811     0.10818     0.00101     0.03735     0.00105
   -35.69311     0.00406     0.00164     0.05368   148.48848     0.11865     0.00111     0.04117     0.00114
   -35.67011     0.00428     0.00174     0.05852   160.02950     0.12849     0.00121     0.04487     0.00123
   -35.64711     0.00446     0.00181     0.06309   170.35980     0.13751     0.00131     0.04839     0.00131
   -35.62311     0.00460     0.00187     0.06727   179.26260     0.14555     0.00139     0.05167     0.00138
   -35.60011     0.00471     0.00192     0.07099   186.59760     0.15256     0.00147     0.05467     0.00143
   -35.57711     0.00478     0.00195     0.07418   192.34130     0.15854     0.00153     0.05737     0.00148
   -35.55411     0.00482     0.00196     0.07679   196.52960     0.16359     0.00158     0.05975     0.00151
   -35.53111     0.00484     0.00197     0.07880   199.30870     0.16786     0.00162     0.06184     0.00153
   -35.50811     0.00483     0.00196     0.08023   200.90420     0.17158     0.00164     0.06366     0.00155
   -35.48411     0.00481     0.00195     0.08112   201.58650     0.17499     0.00164     0.06520     0.00156
   -35.46111     0.00478     0.00193     0.08152   201.66630     0.17837     0.00164     0.06655     0.00157
   -35.43811     0.00474     0.00190     0.08151   201.45890     0.18194     0.00163     0.06772     0.00158
   -35.41511     0.00470     0.00188     0.08116   201.23920     0.18593     0.00161     0.06876     0.00159
   -35.39211     0.00465     0.00186     0.08058   201.28570     0.19049     0.00159     0.06967     0.00160
   -35.36911     0.00459     0.00183     0.07981   201.78540     0.19573     0.00157     0.07050     0.00161
   -35.34511     0.00453     0.00181     0.07893   202.88530     0.20167     0.00154     0.07121     0.00163
   -35.32211     0.00446     0.00179     0.07798   204.66090     0.20829     0.00152     0.07187     0.00165
   -35.29911     0.00438     0.00177     0.07699   207.13460     0.21552     0.00149     0.07247     0.00168
   -35.27611     0.00429     0.00175     0.07596   210.29100     0.22321     0.00147     0.07301     0.00171
   -35.25311     0.00418     0.00173     0.07490   214.07310     0.23122     0.00145     0.07349     0.00174
   -35.22911     0.00407     0.00170     0.07379   218.39110     0.23935     0.00143     0.07395     0.00178
   -35.20611     0.00394     0.00168     0.07261   223.17550     0.24742     0.00141     0.07441     0.00183
   -35.18311     0.00381     0.00166     0.07133   228.29360     0.25523     0.00139     0.07488     0.00188
   -35.16011     0.00367     0.00163     0.06993   233.67560     0.26260     0.00137     0.07540     0.00194
   -35.13711     0.00353     0.00160     0.06839   239.20180     0.26932     0.00135     0.07600     0.00200
   -35.11411     0.00339     0.00157     0.06671   244.80830     0.27525     0.00132     0.07669     0.00206
   -35.09011     0.00325     0.00154     0.06489   250.41830     0.28025     0.00130     0.07747     0.00213
   -35.06711     0.00312     0.00151     0.06298   255.95260     0.28422     0.00128     0.07834     0.00220
   -35.04411     0.00298     0.00148     0.06100   261.37010     0.28703     0.00125     0.07928     0.00226
   -35.02111     0.00285     0.00145     0.05901   266.64870     0.28865     0.00123     0.08023     0.00232
   -34.99811     0.00273     0.00141     0.05709   271.75800     0.28909     0.00121     0.08113     0.00238
   -34.97511     0.00260     0.00138     0.05532   276.72270     0.28833     0.00120     0.08189     0.00242
   -34.95111     0.00248     0.00134     0.05374   281.56920     0.28646     0.00118     0.08247     0.00245
   -34.92811     0.00236     0.00130     0.05244   286.34330     0.28354     0.00116     0.08273     0.00246
   -34.90511     0.00223     0.00126     0.05144   291.12260     0.27970     0.00114     0.08261     0.00246
   -34.88211     0.00210     0.00122     0.05078   295.98590     0.27506     0.00112     0.08207     0.00244
   -34.85911     0.00198     0.00117     0.05042   300.94650     0.26975     0.00110     0.08106     0.00240
   -34.83511     0.00186     0.00113     0.05033   306.03220     0.26389     0.00108     0.07957     0.00234
   -34.81211     0.00174     0.00108     0.05043   311.19580     0.25757     0.00104     0.07756     0.00227
   -34.78911     0.00162     0.00104     0.05064   316.27410     0.25085     0.00101     0.07508     0.00218
   -34.76611     0.00151     0.00099     0.05084   321.12030     0.24378     0.00096     0.07215     0.00209
   -34.74311     0.00141     0.00094     0.05094   325.41560     0.23637     0.00092     0.06882     0.00198
   -34.72011     0.00132     0.00089     0.05083   328.84280     0.22863     0.00086     0.06513     0.00187
   -34.69611     0.00123     0.00084     0.05043   331.00000     0.22052     0.00080     0.06115     0.00175
   -34.67311     0.00114     0.00079     0.04970   331.49740     0.21206     0.00074     0.05693     0.00162
   -34.65011     0.00107     0.00074     0.04860   329.94140     0.20324     0.00068     0.05256     0.00150
   -34.62711     0.00099     0.00069     0.04713   325.99020     0.19406     0.00062     0.04808     0.00137
   -34.60411     0.00092     0.00064     0.04531   319.34970     0.18455     0.00055     0.04358     0.00124
   -34.58111     0.00084     0.00059     0.04319   309.90680     0.17473     0.00049     0.03913     0.00112
   -34.55711     0.00077     0.00054     0.04080   297.58240     0.16464     0.00043     0.03478     0.00100
   -34.53411     0.00070     0.00048     0.03821   282.52320     0.15430     0.00037     0.03061     0.00088
   -34.51111     0.00063     0.00043     0.03547   264.95810     0.14376     0.00031     0.02667     0.00077
   -34.48811     0.00056     0.00038     0.03263   245.28010     0.13304     0.00026     0.02300     0.00067
   -34.46511     0.00049     0.00034     0.02974   223.97290     0.12220     0.00022     0.01963     0.00058
   -34.44111     0.00043     0.00029     0.02684   201.59930     0.11128     0.00018     0.01659     0.00049
   -34.41811     0.00036     0.00025     0.02397   178.77330     0.10037     0.00015     0.01387     0.00042
   -34.39511     0.00031     0.00021     0.02118   156.10097     0.08957     0.00012     0.01147     0.00035
   -34.37211     0.00026     0.00018     0.01849   134.15053     0.07896     0.00009     0.00938     0.00029
   -34.34911     0.00021     0.00014     0.01593   113.40643     0.06870     0.00007     0.00759     0.00024
   -34.32611     0.00017     0.00012     0.01354    94.26970     0.05892     0.00006     0.00606     0.00019
   -34.30211     0.00013     0.00009     0.01133    77.02385     0.04975     0.00004     0.00478     0.00015
   -34.27911     0.00010     0.00007     0.00934    61.82893     0.04130     0.00003     0.00372     0.00012
   -34.25611     0.00008     0.00006     0.00757    48.74425     0.03369     0.00002     0.00286     0.00009
   -34.23311     0.00006     0.00004     0.00602    37.72492     0.02698     0.00002     0.00216     0.00007
   -34.21011     0.00004     0.00003     0.00470    28.65084     0.02118     0.00001     0.00161     0.00005
   -34.18711     0.00003     0.00002     0.00360    21.34360     0.01630     0.00001     0.00117     0.00004
   -34.16311     0.00002     0.00002     0.00270    15.59040     0.01228     0.00001     0.00084     0.00003
   -34.14011     0.00002     0.00001     0.00198    11.16115     0.00905     0.00000     0.00059     0.00002
   -34.11711     0.00001     0.00001     0.00143     7.82781     0.00653     0.00000     0.00041     0.00001
   -34.09411     0.00001     0.00001     0.00100     5.37645     0.00460     0.00000     0.00028     0.00001
   -34.07111     0.00000     0.00000     0.00069     3.61485     0.00317     0.00000     0.00019     0.00001
   -34.04711     0.00000     0.00000     0.00046     2.37816     0.00213     0.00000     0.00012     0.00000
   -34.02411     0.00000     0.00000     0.00030     1.53044     0.00140     0.00000     0.00008     0.00000
   -34.00111     0.00000     0.00000     0.00019     0.96301     0.00090     0.00000     0.00005     0.00000
   -33.97811     0.00000     0.00000     0.00012     0.59232     0.00056     0.00000     0.00003     0.00000
   -33.95511     0.00000     0.00000     0.00007     0.35599     0.00034     0.00000     0.00002     0.00000
   -33.93211     0.00000     0.00000     0.00004     0.20901     0.00020     0.00000     0.00001     0.00000
   -33.90811     0.00000     0.00000     0.00003     0.11984     0.00012     0.00000     0.00001     0.00000
   -33.88511     0.00000     0.00000     0.00001     0.06709     0.00007     0.00000     0.00000     0.00000
   -33.86211     0.00000     0.00000     0.00001     0.03666     0.00004     0.00000     0.00000     0.00000
   -33.83911     0.00000     0.00000     0.00000     0.01955     0.00002     0.00000     0.00000     0.00000
   -33.81611     0.00000     0.00000     0.00000     0.01017     0.00001     0.00000     0.00000     0.00000
   -33.79211     0.00000     0.00000     0.00000     0.00516     0.00001     0.00000     0.00000     0.00000
   -33.76911     0.00000     0.00000     0.00000     0.00256     0.00000     0.00000     0.00000     0.00000
   -33.74611     0.00000     0.00000     0.00000     0.00123     0.00000     0.00000     0.00000     0.00000
   -33.72311     0.00000     0.00000     0.00000     0.00058     0.00000     0.00000     0.00000     0.00000
   -33.70011     0.00000     0.00000     0.00000     0.00027     0.00000     0.00000     0.00000     0.00000
   -33.67711     0.00000     0.00000     0.00000     0.00012     0.00000     0.00000     0.00000     0.00000
   -33.65311     0.00000     0.00000     0.00000     0.00005     0.00000     0.00000     0.00000     0.00000
   -33.63011     0.00000     0.00000     0.00000     0.00002     0.00000     0.00000     0.00000     0.00000
   -33.60711     0.00000     0.00000     0.00000     0.00001     0.00000     0.00000     0.00000     0.00000
   -33.58411     0.00000     0.00000     0.00000     0.00000     0.00000     0.00000     0.00000     0.00000
   -33.56111     0.00000     0.00000     0.00000     0.00000     0.00000     0.00000     0.00000     0.00000
   -33.53811     0.00000     0.00000     0.00000     0.00000     0.00000     0.00000     0.00000     0.00000
   -33.51411     0.00000     0.00000     0.00000     0.00000     0.00000     0.00000     0.00000     0.00000
   -33.49111     0.00000     0.00000     0.00000     0.00000     0.00000     0.00000     0.00000     0.00000
   -33.46811     0.00000     0.00000     0.00000     0.00000     0.00000     0.00000     0.00000     0.00000
   -33.44511     0.00000     0.00000     0.00000     0.00000     0.00000     0.00000     0.00000     0.00000
   -33.42211     0.00000     0.00000     0.00000     0.00000     0.00000     0.00000     0.00000     0.00000
   -33.39811     0.00000     0.00000     0.00000     0.00000     0.00000     0.00000     0.00000     0.00000
   -33.37511     0.00000     0.00000     0.00000     0.00000     0.00000     0.00000     0.00000     0.00000
   -33.35211     0.00000     0.00000     0.00000     0.00000     0.00000     0.00000     0.00000     0.00000
   -33.32911     0.00000     0.00000     0.00000     0.00000     0.00000     0.00000     0.00000     0.00000
   -33.30611     0.00000     0.00000     0.00000     0.00000     0.00000     0.00000     0.00000     0.00000
   -33.28311     0.00000     0.00000     0.00000     0.00000     0.00000     0.00000     0.00000     0.00000
   -33.25911     0.00000     0.00000     0.00000     0.00000     0.00000     0.00000     0.00000     0.00000
   -33.23611     0.00000     0.00000     0.00000     0.00000     0.00000     0.00000     0.00000     0.00000
   -33.21311     0.00000     0.00000     0.00000     0.00000     0.00000     0.00000     0.00000     0.00000
   -33.19011     0.00000     0.00000     0.00000     0.00000     0.00000     0.00000     0.00000     0.00000
   -33.16711     0.00000     0.00000     0.00000     0.00000     0.00000     0.00000     0.00000     0.00000
   -33.14411     0.00000     0.00000     0.00000     0.00000     0.00000     0.00000     0.00000     0.00000
   -33.12011     0.00000     0.00000     0.00000     0.00000     0.00000     0.00000     0.00000     0.00000
   -33.09711     0.00000     0.00000     0.00000     0.00000     0.00000     0.00000     0.00000     0.00000
   -33.07411     0.00000     0.00000     0.00000     0.00000     0.00000     0.00000     0.00000     0.00000
   -33.05111     0.00000     0.00000     0.00000     0.00000     0.00000     0.00000     0.00000     0.00000
   -33.02811     0.00000     0.00000     0.00000     0.00000     0.00000     0.00000     0.00000     0.00000
   -33.00411     0.00000     0.00000     0.00000     0.00000     0.00000     0.00000     0.00000     0.00000
   -32.98111     0.00000     0.00000     0.00000     0.00000     0.00000     0.00000     0.00000     0.00000
   -32.95811     0.00000     0.00000     0.00000     0.00000     0.00000     0.00000     0.00000     0.00000
   -32.93511     0.00000     0.00000     0.00000     0.00000     0.00000     0.00000     0.00000     0.00000
   -32.91211     0.00000     0.00000     0.00000     0.00000     0.00000     0.00000     0.00000     0.00000
   -32.88911     0.00000     0.00000     0.00000     0.00000     0.00000     0.00000     0.00000     0.00000
   -32.86511     0.00000     0.00000     0.00000     0.00000     0.00000     0.00000     0.00000     0.00000
   -32.84211     0.00000     0.00000     0.00000     0.00000     0.00000     0.00000     0.00000     0.00000
   -32.81911     0.00000     0.00000     0.00000     0.00000     0.00000     0.00000     0.00000     0.00000
   -32.79611     0.00000     0.00000     0.00000     0.00000     0.00000     0.00000     0.00000     0.00000
   -32.77311     0.00000     0.00000     0.00000     0.00000     0.00000     0.00000     0.00000     0.00000
   -32.75011     0.00000     0.00000     0.00000     0.00000     0.00000     0.00000     0.00000     0.00000
   -32.72611     0.00000     0.00000     0.00000     0.00000     0.00000     0.00000     0.00000     0.00000
   -32.70311     0.00000     0.00000     0.00000     0.00000     0.00000     0.00000     0.00000     0.00000
   -32.68011     0.00000     0.00000     0.00000     0.00000     0.00000     0.00000     0.00000     0.00000
   -32.65711     0.00000     0.00000     0.00000     0.00000     0.00000     0.00000     0.00000     0.00000
   -32.63411     0.00000     0.00000     0.00000     0.00000     0.00000     0.00000     0.00000     0.00000
   -32.61011     0.00000     0.00000     0.00000     0.00000     0.00000     0.00000     0.00000     0.00000
   -32.58711     0.00000     0.00000     0.00000     0.00000     0.00000     0.00000     0.00000     0.00000
   -32.56411     0.00000     0.00000     0.00000     0.00000     0.00000     0.00000     0.00000     0.00000
   -32.54111     0.00000     0.00000     0.00000     0.00000     0.00000     0.00000     0.00000     0.00000
   -32.51811     0.00000     0.00000     0.00000     0.00000     0.00000     0.00000     0.00000     0.00000
   -32.49511     0.00000     0.00000     0.00000     0.00000     0.00000     0.00000     0.00000     0.00000
   -32.47111     0.00000     0.00000     0.00000     0.00000     0.00000     0.00000     0.00000     0.00000
   -32.44811     0.00000     0.00000     0.00000     0.00000     0.00000     0.00000     0.00000     0.00000
   -32.42511     0.00000     0.00000     0.00000     0.00000     0.00000     0.00000     0.00000     0.00000
   -32.40211     0.00000     0.00000     0.00000     0.00000     0.00000     0.00000     0.00000     0.00000
   -32.37911     0.00000     0.00000     0.00000     0.00000     0.00000     0.00000     0.00000     0.00000
   -32.35611     0.00000     0.00000     0.00000     0.00000     0.00000     0.00000     0.00000     0.00000
   -32.33211     0.00000     0.00000     0.00000     0.00000     0.00000     0.00000     0.00000     0.00000
   -32.30911     0.00000     0.00000     0.00000     0.00000     0.00000     0.00000     0.00000     0.00000
   -32.28611     0.00000     0.00000     0.00000     0.00000     0.00000     0.00000     0.00000     0.00000
   -32.26311     0.00000     0.00000     0.00000     0.00000     0.00000     0.00000     0.00001     0.00000
   -32.24011     0.00000     0.00000     0.00000     0.00000     0.00000     0.00000     0.00001     0.00000
   -32.21611     0.00000     0.00000     0.00000     0.00000     0.00000     0.00000     0.00003     0.00000
   -32.19311     0.00000     0.00000     0.00000     0.00000     0.00000     0.00000     0.00007     0.00000
   -32.17011     0.00000     0.00000     0.00000     0.00000     0.00000     0.00000     0.00015     0.00000
   -32.14711     0.00000     0.00000     0.00000     0.00000     0.00000     0.00000     0.00032     0.00000
   -32.12411     0.00000     0.00000     0.00000     0.00001     0.00000     0.00000     0.00065     0.00000
   -32.10111     0.00001     0.00000     0.00000     0.00001     0.00000     0.00000     0.00128     0.00000
   -32.07711     0.00001     0.00000     0.00000     0.00003     0.00000     0.00000     0.00247     0.00000
   -32.05411     0.00002     0.00001     0.00000     0.00005     0.00000     0.00000     0.00465     0.00000
   -32.03111     0.00004     0.00001     0.00000     0.00009     0.00001     0.00000     0.00852     0.00000
   -32.00811     0.00008     0.00002     0.00000     0.00016     0.00001     0.00000     0.01519     0.00000
   -31.98511     0.00014     0.00004     0.00001     0.00028     0.00002     0.00000     0.02641     0.00000
   -31.96211     0.00023     0.00006     0.00001     0.00048     0.00003     0.00000     0.04474     0.00000
   -31.93811     0.00038     0.00010     0.00002     0.00079     0.00005     0.00000     0.07388     0.00000
   -31.91511     0.00061     0.00016     0.00003     0.00127     0.00009     0.00000     0.11891     0.00001
   -31.89211     0.00095     0.00025     0.00005     0.00199     0.00014     0.00001     0.18667     0.00001
   -31.86911     0.00143     0.00038     0.00008     0.00305     0.00021     0.00001     0.28577     0.00002
   -31.84611     0.00212     0.00057     0.00012     0.00455     0.00032     0.00001     0.42727     0.00003
   -31.82211     0.00304     0.00082     0.00018     0.00663     0.00047     0.00002     0.62339     0.00004
   -31.79911     0.00426     0.00115     0.00025     0.00944     0.00067     0.00003     0.88863     0.00006
   -31.77611     0.00582     0.00158     0.00035     0.01314     0.00094     0.00004     1.23827     0.00008
   -31.75311     0.00773     0.00212     0.00047     0.01788     0.00128     0.00005     1.68824     0.00011
   -31.73011     0.01002     0.00276     0.00063     0.02382     0.00172     0.00007     2.25329     0.00014
   -31.70711     0.01265     0.00352     0.00082     0.03109     0.00227     0.00009     2.94700     0.00018
   -31.68311     0.01558     0.00439     0.00105     0.03978     0.00293     0.00011     3.78030     0.00023
   -31.66011     0.01871     0.00534     0.00131     0.04997     0.00373     0.00014     4.76060     0.00028
   -31.63711     0.02192     0.00635     0.00161     0.06166     0.00465     0.00017     5.89270     0.00034
   -31.61411     0.02507     0.00740     0.00195     0.07484     0.00572     0.00020     7.17330     0.00041
   -31.59111     0.02800     0.00845     0.00232     0.08940     0.00693     0.00023     8.59700     0.00048
   -31.56811     0.03056     0.00945     0.00271     0.10521     0.00828     0.00027    10.15200     0.00055
   -31.54411     0.03260     0.01038     0.00313     0.12201     0.00974     0.00031    11.81500     0.00063
   -31.52111     0.03404     0.01119     0.00356     0.13955     0.01129     0.00034    13.55900     0.00070
   -31.49811     0.03480     0.01187     0.00398     0.15741     0.01290     0.00038    15.34500     0.00077
   -31.47511     0.03487     0.01237     0.00440     0.17510     0.01454     0.00041    17.12800     0.00084
   -31.45211     0.03427     0.01270     0.00480     0.19207     0.01613     0.00044    18.85600     0.00089
   -31.42811     0.03307     0.01283     0.00515     0.20770     0.01763     0.00046    20.46200     0.00094
   -31.40511     0.03136     0.01276     0.00545     0.22136     0.01898     0.00047    21.88400     0.00097
   -31.38211     0.02923     0.01249     0.00569     0.23242     0.02009     0.00048    23.06400     0.00098
   -31.35911     0.02681     0.01203     0.00586     0.24033     0.02094     0.00047    23.94300     0.00098
   -31.33611     0.02419     0.01139     0.00594     0.24470     0.02146     0.00046    24.47800     0.00097
   -31.31311     0.02149     0.01061     0.00594     0.24530     0.02164     0.00043    24.64600     0.00093
   -31.28911     0.01878     0.00970     0.00584     0.24202     0.02147     0.00040    24.43300     0.00089
   -31.26611     0.01615     0.00871     0.00567     0.23508     0.02096     0.00037    23.85300     0.00083
   -31.24311     0.01365     0.00766     0.00542     0.22473     0.02013     0.00032    22.93000     0.00076
   -31.22011     0.01134     0.00661     0.00511     0.21152     0.01903     0.00028    21.70700     0.00068
   -31.19711     0.00924     0.00559     0.00474     0.19598     0.01771     0.00024    20.23500     0.00060
   -31.17411     0.00739     0.00463     0.00434     0.17881     0.01623     0.00020    18.57800     0.00052
   -31.15011     0.00580     0.00375     0.00391     0.16058     0.01464     0.00016    16.79000     0.00045
   -31.12711     0.00445     0.00297     0.00347     0.14197     0.01299     0.00012    14.93800     0.00037
   -31.10411     0.00334     0.00231     0.00304     0.12351     0.01135     0.00010    13.07900     0.00031
   -31.08111     0.00245     0.00176     0.00261     0.10570     0.00976     0.00007    11.26000     0.00025
   -31.05811     0.00176     0.00131     0.00221     0.08895     0.00824     0.00005     9.53110     0.00020
   -31.03411     0.00123     0.00095     0.00184     0.07357     0.00685     0.00004     7.92500     0.00016
   -31.01111     0.00084     0.00068     0.00150     0.05976     0.00558     0.00003     6.47060     0.00012
   -30.98811     0.00056     0.00048     0.00120     0.04764     0.00447     0.00002     5.18200     0.00009
   -30.96511     0.00037     0.00033     0.00094     0.03725     0.00351     0.00001     4.06920     0.00007
   -30.94211     0.00023     0.00022     0.00073     0.02855     0.00270     0.00001     3.12933     0.00005
   -30.91911     0.00014     0.00015     0.00055     0.02143     0.00203     0.00000     2.35716     0.00004
   -30.89511     0.00009     0.00010     0.00040     0.01574     0.00150     0.00000     1.73699     0.00003
   -30.87211     0.00005     0.00006     0.00029     0.01132     0.00108     0.00000     1.25167     0.00002
   -30.84911     0.00003     0.00004     0.00020     0.00795     0.00076     0.00000     0.88158     0.00001
   -30.82611     0.00002     0.00002     0.00014     0.00546     0.00052     0.00000     0.60658     0.00001
   -30.80311     0.00001     0.00002     0.00009     0.00366     0.00035     0.00000     0.40758     0.00001
   -30.78011     0.00000     0.00001     0.00006     0.00240     0.00023     0.00000     0.26738     0.00000
   -30.75611     0.00000     0.00001     0.00004     0.00153     0.00015     0.00000     0.17115     0.00000
   -30.73311     0.00000     0.00000     0.00002     0.00096     0.00009     0.00000     0.10688     0.00000
   -30.71011     0.00000     0.00000     0.00002     0.00058     0.00006     0.00000     0.06510     0.00000
   -30.68711     0.00000     0.00000     0.00001     0.00035     0.00003     0.00000     0.03867     0.00000
   -30.66411     0.00000     0.00000     0.00001     0.00020     0.00002     0.00000     0.02240     0.00000
   -30.64011     0.00000     0.00000     0.00000     0.00011     0.00001     0.00000     0.01264     0.00000
   -30.61711     0.00000     0.00000     0.00000     0.00006     0.00001     0.00000     0.00695     0.00000
   -30.59411     0.00000     0.00000     0.00000     0.00003     0.00000     0.00000     0.00373     0.00000
   -30.57111     0.00000     0.00000     0.00000     0.00002     0.00000     0.00000     0.00195     0.00000
   -30.54811     0.00000     0.00000     0.00000     0.00001     0.00000     0.00000     0.00099     0.00000
   -30.52511     0.00000     0.00000     0.00000     0.00000     0.00000     0.00000     0.00049     0.00000
   -30.50111     0.00000     0.00000     0.00000     0.00000     0.00000     0.00000     0.00024     0.00000
   -30.47811     0.00000     0.00000     0.00000     0.00000     0.00000     0.00000     0.00011     0.00000
   -30.45511     0.00000     0.00000     0.00000     0.00000     0.00000     0.00000     0.00005     0.00000
   -30.43211     0.00000     0.00000     0.00000     0.00000     0.00000     0.00000     0.00002     0.00000
   -30.40911     0.00000     0.00000     0.00000     0.00000     0.00000     0.00000     0.00001     0.00000
   -30.38611     0.00000     0.00000     0.00000     0.00000     0.00000     0.00000     0.00000     0.00000
   -30.36211     0.00000     0.00000     0.00000     0.00000     0.00000     0.00000     0.00000     0.00000
   -30.33911     0.00000     0.00000     0.00000     0.00000     0.00000     0.00000     0.00000     0.00000
   -30.31611     0.00000     0.00000     0.00000     0.00000     0.00000     0.00000     0.00000     0.00000
   -30.29311     0.00000     0.00000     0.00000     0.00000     0.00000     0.00000     0.00000     0.00000
   -30.27011     0.00000     0.00000     0.00000     0.00000     0.00000     0.00000     0.00000     0.00000
   -30.24611     0.00000     0.00000     0.00000     0.00000     0.00000     0.00000     0.00000     0.00000
   -30.22311     0.00000     0.00000     0.00000     0.00000     0.00000     0.00000     0.00000     0.00000
   -30.20011     0.00000     0.00000     0.00000     0.00000     0.00000     0.00000     0.00000     0.00000
   -30.17711     0.00000     0.00000     0.00000     0.00000     0.00000     0.00000     0.00000     0.00000
   -30.15411     0.00000     0.00000     0.00000     0.00000     0.00000     0.00000     0.00000     0.00000
   -30.13111     0.00000     0.00000     0.00000     0.00000     0.00000     0.00000     0.00000     0.00000
   -30.10711     0.00000     0.00000     0.00000     0.00000     0.00000     0.00000     0.00000     0.00000
   -30.08411     0.00000     0.00000     0.00000     0.00000     0.00000     0.00000     0.00000     0.00000
   -30.06111     0.00000     0.00000     0.00000     0.00000     0.00000     0.00000     0.00000     0.00000
   -30.03811     0.00000     0.00000     0.00000     0.00000     0.00000     0.00000     0.00000     0.00000
   -30.01511     0.00000     0.00000     0.00000     0.00000     0.00000     0.00000     0.00000     0.00000
   -29.99211     0.00000     0.00000     0.00000     0.00000     0.00000     0.00000     0.00000     0.00000
   -29.96811     0.00000     0.00000     0.00000     0.00000     0.00000     0.00000     0.00000     0.00000
   -29.94511     0.00000     0.00000     0.00000     0.00000     0.00000     0.00000     0.00000     0.00000
   -29.92211     0.00000     0.00000     0.00000     0.00000     0.00000     0.00000     0.00000     0.00000
   -29.89911     0.00000     0.00000     0.00000     0.00000     0.00000     0.00000     0.00000     0.00000
   -29.87611     0.00000     0.00000     0.00000     0.00000     0.00000     0.00000     0.00000     0.00000
   -29.85211     0.00000     0.00000     0.00000     0.00000     0.00000     0.00000     0.00000     0.00000
   -29.82911     0.00000     0.00000     0.00000     0.00000     0.00000     0.00000     0.00000     0.00000
   -29.80611     0.00000     0.00000     0.00000     0.00000     0.00000     0.00000     0.00000     0.00000
   -29.78311     0.00000     0.00000     0.00000     0.00000     0.00000     0.00000     0.00000     0.00000
   -29.76011     0.00000     0.00000     0.00000     0.00000     0.00000     0.00000     0.00000     0.00000
   -29.73711     0.00000     0.00000     0.00000     0.00000     0.00000     0.00000     0.00000     0.00000
   -29.71311     0.00000     0.00000     0.00000     0.00000     0.00000     0.00000     0.00000     0.00000
   -29.69011     0.00000     0.00000     0.00000     0.00000     0.00000     0.00000     0.00000     0.00000
   -29.66711     0.00000     0.00000     0.00000     0.00000     0.00000     0.00000     0.00000     0.00000
   -29.64411     0.00000     0.00000     0.00000     0.00000     0.00000     0.00000     0.00000     0.00000
   -29.62111     0.00000     0.00000     0.00000     0.00000     0.00000     0.00000     0.00000     0.00000
   -29.59811     0.00000     0.00000     0.00000     0.00000     0.00000     0.00000     0.00000     0.00000
   -29.57411     0.00000     0.00000     0.00000     0.00000     0.00000     0.00000     0.00000     0.00000
   -29.55111     0.00000     0.00000     0.00000     0.00000     0.00000     0.00000     0.00000     0.00000
   -29.52811     0.00000     0.00000     0.00000     0.00000     0.00000     0.00000     0.00000     0.00000
   -29.50511     0.00000     0.00000     0.00000     0.00000     0.00000     0.00000     0.00000     0.00000
   -29.48211     0.00000     0.00000     0.00000     0.00000     0.00000     0.00000     0.00000     0.00000
   -29.45811     0.00000     0.00000     0.00000     0.00000     0.00000     0.00000     0.00000     0.00000
   -29.43511     0.00000     0.00000     0.00000     0.00000     0.00000     0.00000     0.00000     0.00000
   -29.41211     0.00000     0.00000     0.00000     0.00000     0.00000     0.00000     0.00000     0.00000
   -29.38911     0.00000     0.00000     0.00000     0.00000     0.00000     0.00000     0.00000     0.00000
   -29.36611     0.00000     0.00000     0.00000     0.00000     0.00000     0.00000     0.00000     0.00000
   -29.34311     0.00000     0.00000     0.00000     0.00000     0.00000     0.00000     0.00000     0.00000
   -29.31911     0.00000     0.00000     0.00000     0.00000     0.00000     0.00000     0.00000     0.00000
   -29.29611     0.00000     0.00000     0.00000     0.00000     0.00000     0.00000     0.00000     0.00000
   -29.27311     0.00000     0.00000     0.00000     0.00000     0.00000     0.00000     0.00000     0.00000
   -29.25011     0.00000     0.00000     0.00000     0.00000     0.00000     0.00000     0.00000     0.00000
   -29.22711     0.00000     0.00000     0.00000     0.00000     0.00000     0.00000     0.00000     0.00000
   -29.20411     0.00000     0.00000     0.00000     0.00000     0.00000     0.00000     0.00000     0.00000
   -29.18011     0.00000     0.00000     0.00000     0.00000     0.00000     0.00000     0.00000     0.00000
   -29.15711     0.00000     0.00000     0.00000     0.00000     0.00000     0.00000     0.00000     0.00000
   -29.13411     0.00000     0.00000     0.00000     0.00000     0.00000     0.00000     0.00000     0.00000
   -29.11111     0.00000     0.00000     0.00000     0.00000     0.00000     0.00000     0.00000     0.00000
   -29.08811     0.00000     0.00000     0.00000     0.00000     0.00000     0.00000     0.00000     0.00000
   -29.06411     0.00000     0.00000     0.00000     0.00000     0.00000     0.00000     0.00000     0.00000
   -29.04111     0.00000     0.00000     0.00000     0.00000     0.00000     0.00000     0.00000     0.00000
   -29.01811     0.00000     0.00000     0.00000     0.00000     0.00000     0.00000     0.00000     0.00000
   -28.99511     0.00000     0.00000     0.00000     0.00000     0.00000     0.00000     0.00000     0.00000
   -28.97211     0.00000     0.00000     0.00000     0.00000     0.00000     0.00000     0.00000     0.00000
   -28.94911     0.00000     0.00000     0.00000     0.00000     0.00000     0.00000     0.00000     0.00000
   -28.92511     0.00000     0.00000     0.00000     0.00000     0.00000     0.00000     0.00000     0.00000
   -28.90211     0.00000     0.00000     0.00000     0.00000     0.00000     0.00000     0.00000     0.00000
   -28.87911     0.00000     0.00000     0.00000     0.00000     0.00000     0.00000     0.00000     0.00000
   -28.85611     0.00000     0.00000     0.00000     0.00000     0.00000     0.00000     0.00000     0.00000
   -28.83311     0.00000     0.00000     0.00000     0.00000     0.00000     0.00000     0.00000     0.00000
   -28.81011     0.00000     0.00000     0.00000     0.00000     0.00000     0.00000     0.00000     0.00000
   -28.78611     0.00000     0.00000     0.00000     0.00000     0.00000     0.00000     0.00000     0.00000
   -28.76311     0.00000     0.00000     0.00000     0.00000     0.00000     0.00000     0.00000     0.00000
   -28.74011     0.00000     0.00000     0.00000     0.00000     0.00000     0.00000     0.00000     0.00000
   -28.71711     0.00000     0.00000     0.00000     0.00000     0.00000     0.00000     0.00000     0.00000
   -28.69411     0.00000     0.00000     0.00000     0.00000     0.00000     0.00000     0.00000     0.00000
   -28.67011     0.00000     0.00000     0.00000     0.00000     0.00000     0.00000     0.00000     0.00000
   -28.64711     0.00000     0.00000     0.00000     0.00000     0.00000     0.00000     0.00000     0.00000
   -28.62411     0.00000     0.00000     0.00000     0.00000     0.00000     0.00000     0.00000     0.00000
   -28.60111     0.00000     0.00000     0.00000     0.00000     0.00000     0.00000     0.00000     0.00000
   -28.57811     0.00000     0.00000     0.00000     0.00000     0.00000     0.00000     0.00000     0.00000
   -28.55511     0.00000     0.00000     0.00000     0.00000     0.00000     0.00000     0.00000     0.00000
   -28.53111     0.00000     0.00000     0.00000     0.00000     0.00000     0.00000     0.00000     0.00000
   -28.50811     0.00000     0.00000     0.00000     0.00000     0.00000     0.00000     0.00000     0.00000
   -28.48511     0.00000     0.00000     0.00000     0.00000     0.00000     0.00000     0.00000     0.00000
   -28.46211     0.00000     0.00000     0.00000     0.00000     0.00000     0.00000     0.00000     0.00000
   -28.43911     0.00000     0.00000     0.00000     0.00000     0.00000     0.00000     0.00000     0.00000
   -28.41511     0.00000     0.00000     0.00000     0.00000     0.00000     0.00000     0.00000     0.00000
   -28.39211     0.00000     0.00000     0.00000     0.00000     0.00000     0.00000     0.00000     0.00000
   -28.36911     0.00000     0.00000     0.00000     0.00000     0.00000     0.00000     0.00000     0.00000
   -28.34611     0.00000     0.00000     0.00000     0.00000     0.00000     0.00000     0.00000     0.00000
   -28.32311     0.00000     0.00000     0.00000     0.00000     0.00000     0.00000     0.00000     0.00000
   -28.30011     0.00000     0.00000     0.00000     0.00000     0.00000     0.00000     0.00000     0.00000
   -28.27611     0.00000     0.00000     0.00000     0.00000     0.00000     0.00000     0.00000     0.00000
   -28.25311     0.00000     0.00000     0.00000     0.00000     0.00000     0.00000     0.00000     0.00000
   -28.23011     0.00000     0.00000     0.00000     0.00000     0.00000     0.00000     0.00000     0.00000
   -28.20711     0.00000     0.00000     0.00000     0.00000     0.00000     0.00000     0.00000     0.00000
   -28.18411     0.00000     0.00000     0.00000     0.00000     0.00000     0.00000     0.00000     0.00000
   -28.16111     0.00000     0.00000     0.00000     0.00000     0.00000     0.00000     0.00000     0.00000
   -28.13711     0.00000     0.00000     0.00000     0.00000     0.00000     0.00000     0.00000     0.00000
   -28.11411     0.00000     0.00000     0.00000     0.00000     0.00000     0.00000     0.00000     0.00000
   -28.09111     0.00000     0.00000     0.00000     0.00000     0.00000     0.00000     0.00000     0.00000
   -28.06811     0.00000     0.00000     0.00000     0.00000     0.00000     0.00000     0.00000     0.00000
   -28.04511     0.00000     0.00000     0.00000     0.00000     0.00000     0.00000     0.00000     0.00000
   -28.02111     0.00000     0.00000     0.00000     0.00000     0.00000     0.00000     0.00000     0.00000
   -27.99811     0.00000     0.00000     0.00000     0.00000     0.00000     0.00000     0.00000     0.00000
   -27.97511     0.00000     0.00000     0.00000     0.00000     0.00000     0.00000     0.00000     0.00000
   -27.95211     0.00000     0.00000     0.00000     0.00000     0.00000     0.00000     0.00000     0.00000
   -27.92911     0.00000     0.00000     0.00000     0.00000     0.00000     0.00000     0.00000     0.00000
   -27.90611     0.00000     0.00000     0.00000     0.00000     0.00000     0.00000     0.00000     0.00000
   -27.88211     0.00000     0.00000     0.00000     0.00000     0.00000     0.00000     0.00000     0.00000
   -27.85911     0.00000     0.00000     0.00000     0.00000     0.00000     0.00000     0.00000     0.00000
   -27.83611     0.00000     0.00000     0.00000     0.00000     0.00000     0.00000     0.00000     0.00000
   -27.81311     0.00000     0.00000     0.00000     0.00000     0.00000     0.00000     0.00000     0.00000
   -27.79011     0.00000     0.00000     0.00000     0.00000     0.00000     0.00000     0.00000     0.00000
   -27.76711     0.00000     0.00000     0.00000     0.00000     0.00000     0.00000     0.00000     0.00000
   -27.74311     0.00000     0.00000     0.00000     0.00000     0.00000     0.00000     0.00000     0.00000
   -27.72011     0.00000     0.00000     0.00000     0.00000     0.00000     0.00000     0.00000     0.00000
   -27.69711     0.00000     0.00000     0.00000     0.00000     0.00000     0.00000     0.00000     0.00000
   -27.67411     0.00000     0.00000     0.00000     0.00000     0.00000     0.00000     0.00000     0.00000
   -27.65111     0.00000     0.00000     0.00000     0.00000     0.00000     0.00000     0.00000     0.00000
   -27.62711     0.00000     0.00000     0.00000     0.00000     0.00000     0.00000     0.00000     0.00000
   -27.60411     0.00000     0.00000     0.00000     0.00000     0.00000     0.00000     0.00000     0.00000
   -27.58111     0.00000     0.00000     0.00000     0.00000     0.00000     0.00000     0.00000     0.00000
   -27.55811     0.00000     0.00000     0.00000     0.00000     0.00000     0.00000     0.00000     0.00000
   -27.53511     0.00000     0.00000     0.00000     0.00000     0.00000     0.00000     0.00000     0.00000
   -27.51211     0.00000     0.00000     0.00000     0.00000     0.00000     0.00000     0.00000     0.00000
   -27.48811     0.00000     0.00000     0.00000     0.00000     0.00000     0.00000     0.00000     0.00000
   -27.46511     0.00000     0.00000     0.00000     0.00000     0.00000     0.00000     0.00000     0.00000
   -27.44211     0.00000     0.00000     0.00000     0.00000     0.00000     0.00000     0.00000     0.00000
   -27.41911     0.00000     0.00000     0.00000     0.00000     0.00000     0.00000     0.00000     0.00000
   -27.39611     0.00000     0.00000     0.00000     0.00000     0.00000     0.00000     0.00000     0.00000
   -27.37311     0.00000     0.00000     0.00000     0.00000     0.00000     0.00000     0.00000     0.00000
   -27.34911     0.00000     0.00000     0.00000     0.00000     0.00000     0.00000     0.00000     0.00000
   -27.32611     0.00000     0.00000     0.00000     0.00000     0.00000     0.00000     0.00000     0.00000
   -27.30311     0.00000     0.00000     0.00000     0.00000     0.00000     0.00000     0.00000     0.00000
   -27.28011     0.00000     0.00000     0.00000     0.00000     0.00000     0.00000     0.00000     0.00000
   -27.25711     0.00000     0.00000     0.00000     0.00000     0.00000     0.00000     0.00000     0.00000
   -27.23311     0.00000     0.00000     0.00000     0.00000     0.00000     0.00000     0.00000     0.00000
   -27.21011     0.00000     0.00000     0.00000     0.00000     0.00000     0.00000     0.00000     0.00000
   -27.18711     0.00000     0.00000     0.00000     0.00000     0.00000     0.00000     0.00000     0.00000
   -27.16411     0.00000     0.00000     0.00000     0.00000     0.00000     0.00000     0.00000     0.00000
   -27.14111     0.00000     0.00000     0.00000     0.00000     0.00000     0.00000     0.00000     0.00000
   -27.11811     0.00000     0.00000     0.00000     0.00000     0.00000     0.00000     0.00000     0.00000
   -27.09411     0.00000     0.00000     0.00000     0.00000     0.00000     0.00000     0.00000     0.00000
   -27.07111     0.00000     0.00000     0.00000     0.00000     0.00000     0.00000     0.00000     0.00000
   -27.04811     0.00000     0.00000     0.00000     0.00000     0.00000     0.00000     0.00000     0.00000
   -27.02511     0.00000     0.00000     0.00000     0.00000     0.00000     0.00000     0.00000     0.00000
   -27.00211     0.00000     0.00000     0.00000     0.00000     0.00000     0.00000     0.00000     0.00000
   -26.97911     0.00000     0.00000     0.00000     0.00000     0.00000     0.00000     0.00000     0.00000
   -26.95511     0.00000     0.00000     0.00000     0.00000     0.00000     0.00000     0.00000     0.00000
   -26.93211     0.00000     0.00000     0.00000     0.00000     0.00000     0.00000     0.00000     0.00000
   -26.90911     0.00000     0.00000     0.00000     0.00000     0.00000     0.00000     0.00000     0.00000
   -26.88611     0.00000     0.00000     0.00000     0.00000     0.00000     0.00000     0.00000     0.00000
   -26.86311     0.00000     0.00000     0.00000     0.00000     0.00000     0.00000     0.00000     0.00000
   -26.83911     0.00000     0.00000     0.00000     0.00000     0.00000     0.00000     0.00000     0.00000
   -26.81611     0.00000     0.00000     0.00000     0.00000     0.00000     0.00000     0.00000     0.00000
   -26.79311     0.00000     0.00000     0.00000     0.00000     0.00000     0.00000     0.00000     0.00000
   -26.77011     0.00000     0.00000     0.00000     0.00000     0.00000     0.00000     0.00000     0.00000
   -26.74711     0.00000     0.00000     0.00000     0.00000     0.00000     0.00000     0.00000     0.00000
   -26.72411     0.00000     0.00000     0.00000     0.00000     0.00000     0.00000     0.00000     0.00000
   -26.70011     0.00000     0.00000     0.00000     0.00000     0.00000     0.00000     0.00000     0.00000
   -26.67711     0.00000     0.00000     0.00000     0.00000     0.00000     0.00000     0.00000     0.00000
   -26.65411     0.00000     0.00000     0.00000     0.00000     0.00000     0.00000     0.00000     0.00000
   -26.63111     0.00000     0.00000     0.00000     0.00000     0.00000     0.00000     0.00000     0.00000
   -26.60811     0.00000     0.00000     0.00000     0.00000     0.00000     0.00000     0.00000     0.00000
   -26.58511     0.00000     0.00000     0.00000     0.00000     0.00000     0.00000     0.00000     0.00000
   -26.56111     0.00000     0.00000     0.00000     0.00000     0.00000     0.00000     0.00000     0.00000
   -26.53811     0.00000     0.00000     0.00000     0.00000     0.00000     0.00000     0.00000     0.00000
   -26.51511     0.00000     0.00000     0.00000     0.00000     0.00000     0.00000     0.00000     0.00000
   -26.49211     0.00000     0.00000     0.00000     0.00000     0.00000     0.00000     0.00000     0.00000
   -26.46911     0.00000     0.00000     0.00000     0.00000     0.00000     0.00000     0.00000     0.00000
   -26.44511     0.00000     0.00000     0.00000     0.00000     0.00000     0.00000     0.00000     0.00000
   -26.42211     0.00000     0.00000     0.00000     0.00000     0.00000     0.00000     0.00000     0.00000
   -26.39911     0.00000     0.00000     0.00000     0.00000     0.00000     0.00000     0.00000     0.00000
   -26.37611     0.00000     0.00000     0.00000     0.00000     0.00000     0.00000     0.00000     0.00000
   -26.35311     0.00000     0.00000     0.00000     0.00000     0.00000     0.00000     0.00000     0.00000
   -26.33011     0.00000     0.00000     0.00000     0.00000     0.00000     0.00000     0.00000     0.00000
   -26.30611     0.00000     0.00000     0.00000     0.00000     0.00000     0.00000     0.00000     0.00000
   -26.28311     0.00000     0.00000     0.00000     0.00000     0.00000     0.00000     0.00000     0.00000
   -26.26011     0.00000     0.00000     0.00000     0.00000     0.00000     0.00000     0.00000     0.00000
   -26.23711     0.00000     0.00000     0.00000     0.00000     0.00000     0.00000     0.00000     0.00000
   -26.21411     0.00000     0.00000     0.00000     0.00000     0.00000     0.00000     0.00000     0.00000
   -26.19111     0.00000     0.00000     0.00000     0.00000     0.00000     0.00000     0.00000     0.00000
   -26.16711     0.00000     0.00000     0.00000     0.00000     0.00000     0.00000     0.00000     0.00000
   -26.14411     0.00000     0.00000     0.00000     0.00000     0.00000     0.00000     0.00000     0.00000
   -26.12111     0.00000     0.00000     0.00000     0.00000     0.00000     0.00000     0.00000     0.00000
   -26.09811     0.00000     0.00000     0.00000     0.00000     0.00000     0.00000     0.00000     0.00000
   -26.07511     0.00000     0.00000     0.00000     0.00000     0.00000     0.00000     0.00000     0.00000
   -26.05111     0.00000     0.00000     0.00000     0.00000     0.00000     0.00000     0.00000     0.00000
   -26.02811     0.00000     0.00000     0.00000     0.00000     0.00000     0.00000     0.00000     0.00000
   -26.00511     0.00000     0.00000     0.00000     0.00000     0.00000     0.00000     0.00000     0.00000
   -25.98211     0.00000     0.00000     0.00000     0.00000     0.00000     0.00000     0.00000     0.00000
   -25.95911     0.00000     0.00000     0.00000     0.00000     0.00000     0.00000     0.00000     0.00000
   -25.93611     0.00000     0.00000     0.00000     0.00000     0.00000     0.00000     0.00000     0.00000
   -25.91211     0.00000     0.00000     0.00000     0.00000     0.00000     0.00000     0.00000     0.00000
   -25.88911     0.00000     0.00000     0.00000     0.00000     0.00000     0.00000     0.00000     0.00000
   -25.86611     0.00000     0.00000     0.00000     0.00000     0.00000     0.00000     0.00000     0.00000
   -25.84311     0.00000     0.00000     0.00000     0.00000     0.00000     0.00000     0.00000     0.00000
   -25.82011     0.00000     0.00000     0.00000     0.00000     0.00000     0.00000     0.00000     0.00000
   -25.79711     0.00000     0.00000     0.00000     0.00000     0.00000     0.00000     0.00000     0.00000
   -25.77311     0.00000     0.00000     0.00000     0.00000     0.00000     0.00000     0.00000     0.00000
   -25.75011     0.00000     0.00000     0.00000     0.00000     0.00000     0.00000     0.00000     0.00000
   -25.72711     0.00000     0.00000     0.00000     0.00000     0.00000     0.00000     0.00000     0.00000
   -25.70411     0.00000     0.00000     0.00000     0.00000     0.00000     0.00000     0.00000     0.00000
   -25.68111     0.00000     0.00000     0.00000     0.00000     0.00000     0.00000     0.00000     0.00000
   -25.65711     0.00000     0.00000     0.00000     0.00000     0.00000     0.00000     0.00000     0.00000
   -25.63411     0.00000     0.00000     0.00000     0.00000     0.00000     0.00000     0.00000     0.00000
   -25.61111     0.00000     0.00000     0.00000     0.00000     0.00000     0.00000     0.00000     0.00000
   -25.58811     0.00000     0.00000     0.00000     0.00000     0.00000     0.00000     0.00000     0.00000
   -25.56511     0.00000     0.00000     0.00000     0.00000     0.00000     0.00000     0.00000     0.00000
   -25.54211     0.00000     0.00000     0.00000     0.00000     0.00000     0.00000     0.00000     0.00000
   -25.51811     0.00000     0.00000     0.00000     0.00000     0.00000     0.00000     0.00000     0.00000
   -25.49511     0.00000     0.00000     0.00000     0.00000     0.00000     0.00000     0.00000     0.00000
   -25.47211     0.00000     0.00000     0.00000     0.00000     0.00000     0.00000     0.00000     0.00000
   -25.44911     0.00000     0.00000     0.00000     0.00000     0.00000     0.00000     0.00000     0.00000
   -25.42611     0.00000     0.00000     0.00000     0.00000     0.00000     0.00000     0.00000     0.00000
   -25.40311     0.00000     0.00000     0.00000     0.00000     0.00000     0.00000     0.00000     0.00000
   -25.37911     0.00000     0.00000     0.00000     0.00000     0.00000     0.00000     0.00000     0.00000
   -25.35611     0.00000     0.00000     0.00000     0.00000     0.00000     0.00000     0.00000     0.00000
   -25.33311     0.00000     0.00000     0.00000     0.00000     0.00000     0.00000     0.00000     0.00000
   -25.31011     0.00000     0.00000     0.00000     0.00000     0.00000     0.00000     0.00000     0.00000
   -25.28711     0.00000     0.00000     0.00000     0.00000     0.00000     0.00000     0.00000     0.00000
   -25.26311     0.00000     0.00000     0.00000     0.00000     0.00000     0.00000     0.00000     0.00000
   -25.24011     0.00000     0.00000     0.00000     0.00000     0.00000     0.00000     0.00000     0.00000
   -25.21711     0.00000     0.00000     0.00000     0.00000     0.00000     0.00000     0.00000     0.00000
   -25.19411     0.00000     0.00000     0.00000     0.00000     0.00000     0.00000     0.00000     0.00000
   -25.17111     0.00000     0.00000     0.00000     0.00000     0.00000     0.00000     0.00000     0.00000
   -25.14811     0.00000     0.00000     0.00000     0.00000     0.00000     0.00000     0.00000     0.00000
   -25.12411     0.00000     0.00000     0.00000     0.00000     0.00000     0.00000     0.00000     0.00000
   -25.10111     0.00000     0.00000     0.00000     0.00000     0.00000     0.00000     0.00000     0.00000
   -25.07811     0.00000     0.00000     0.00000     0.00000     0.00000     0.00000     0.00000     0.00000
   -25.05511     0.00000     0.00000     0.00000     0.00000     0.00000     0.00000     0.00000     0.00000
   -25.03211     0.00000     0.00000     0.00000     0.00000     0.00000     0.00000     0.00000     0.00000
   -25.00911     0.00000     0.00000     0.00000     0.00000     0.00000     0.00000     0.00000     0.00000
   -24.98511     0.00000     0.00000     0.00000     0.00000     0.00000     0.00000     0.00000     0.00000
   -24.96211     0.00000     0.00000     0.00000     0.00000     0.00000     0.00000     0.00000     0.00000
   -24.93911     0.00000     0.00000     0.00000     0.00000     0.00000     0.00000     0.00000     0.00000
   -24.91611     0.00000     0.00000     0.00000     0.00000     0.00000     0.00000     0.00000     0.00000
   -24.89311     0.00000     0.00000     0.00000     0.00000     0.00000     0.00000     0.00000     0.00000
   -24.86911     0.00000     0.00000     0.00000     0.00000     0.00000     0.00000     0.00000     0.00000
   -24.84611     0.00000     0.00000     0.00000     0.00000     0.00000     0.00000     0.00000     0.00000
   -24.82311     0.00000     0.00000     0.00000     0.00000     0.00000     0.00000     0.00000     0.00000
   -24.80011     0.00000     0.00000     0.00000     0.00000     0.00000     0.00000     0.00000     0.00000
   -24.77711     0.00000     0.00000     0.00000     0.00000     0.00000     0.00000     0.00000     0.00000
   -24.75411     0.00000     0.00000     0.00000     0.00000     0.00000     0.00000     0.00000     0.00000
   -24.73011     0.00000     0.00000     0.00000     0.00000     0.00000     0.00000     0.00000     0.00000
   -24.70711     0.00000     0.00000     0.00000     0.00000     0.00000     0.00000     0.00000     0.00000
   -24.68411     0.00000     0.00000     0.00000     0.00000     0.00000     0.00000     0.00000     0.00000
   -24.66111     0.00000     0.00000     0.00000     0.00000     0.00000     0.00000     0.00000     0.00000
   -24.63811     0.00000     0.00000     0.00000     0.00000     0.00000     0.00000     0.00000     0.00000
   -24.61511     0.00000     0.00000     0.00000     0.00000     0.00000     0.00000     0.00000     0.00000
   -24.59111     0.00000     0.00000     0.00000     0.00000     0.00000     0.00000     0.00000     0.00000
   -24.56811     0.00000     0.00000     0.00000     0.00000     0.00000     0.00000     0.00000     0.00000
   -24.54511     0.00000     0.00000     0.00000     0.00000     0.00000     0.00000     0.00000     0.00000
   -24.52211     0.00000     0.00000     0.00000     0.00000     0.00000     0.00000     0.00000     0.00000
   -24.49911     0.00000     0.00000     0.00000     0.00000     0.00000     0.00000     0.00000     0.00000
   -24.47511     0.00000     0.00000     0.00000     0.00000     0.00000     0.00000     0.00000     0.00000
   -24.45211     0.00000     0.00000     0.00000     0.00000     0.00000     0.00000     0.00000     0.00000
   -24.42911     0.00000     0.00000     0.00000     0.00000     0.00000     0.00000     0.00000     0.00000
   -24.40611     0.00000     0.00000     0.00000     0.00000     0.00000     0.00000     0.00000     0.00000
   -24.38311     0.00000     0.00000     0.00000     0.00000     0.00000     0.00000     0.00000     0.00000
   -24.36011     0.00000     0.00000     0.00000     0.00000     0.00000     0.00000     0.00000     0.00000
   -24.33611     0.00000     0.00000     0.00000     0.00000     0.00000     0.00000     0.00000     0.00000
   -24.31311     0.00000     0.00000     0.00000     0.00000     0.00000     0.00000     0.00000     0.00000
   -24.29011     0.00000     0.00000     0.00000     0.00000     0.00000     0.00000     0.00000     0.00000
   -24.26711     0.00000     0.00000     0.00000     0.00000     0.00000     0.00000     0.00000     0.00000
   -24.24411     0.00000     0.00000     0.00000     0.00000     0.00000     0.00000     0.00000     0.00000
   -24.22111     0.00000     0.00000     0.00000     0.00000     0.00000     0.00000     0.00000     0.00000
   -24.19711     0.00000     0.00000     0.00000     0.00000     0.00000     0.00000     0.00000     0.00000
   -24.17411     0.00000     0.00000     0.00000     0.00000     0.00000     0.00000     0.00000     0.00000
   -24.15111     0.00000     0.00000     0.00000     0.00000     0.00000     0.00000     0.00000     0.00000
   -24.12811     0.00000     0.00000     0.00000     0.00000     0.00000     0.00000     0.00000     0.00000
   -24.10511     0.00000     0.00000     0.00000     0.00000     0.00000     0.00000     0.00000     0.00000
   -24.08111     0.00000     0.00000     0.00000     0.00000     0.00000     0.00000     0.00000     0.00000
   -24.05811     0.00000     0.00000     0.00000     0.00000     0.00000     0.00000     0.00000     0.00000
   -24.03511     0.00000     0.00000     0.00000     0.00000     0.00000     0.00000     0.00000     0.00000
   -24.01211     0.00000     0.00000     0.00000     0.00000     0.00000     0.00000     0.00000     0.00000
   -23.98911     0.00000     0.00000     0.00000     0.00000     0.00000     0.00000     0.00000     0.00000
   -23.96611     0.00000     0.00000     0.00000     0.00000     0.00000     0.00000     0.00000     0.00000
   -23.94211     0.00000     0.00000     0.00000     0.00000     0.00000     0.00000     0.00000     0.00000
   -23.91911     0.00000     0.00000     0.00000     0.00000     0.00000     0.00000     0.00000     0.00000
   -23.89611     0.00000     0.00000     0.00000     0.00000     0.00000     0.00000     0.00000     0.00000
   -23.87311     0.00000     0.00000     0.00000     0.00000     0.00000     0.00000     0.00000     0.00000
   -23.85011     0.00000     0.00000     0.00000     0.00000     0.00000     0.00000     0.00000     0.00000
   -23.82711     0.00000     0.00000     0.00000     0.00000     0.00000     0.00000     0.00000     0.00000
   -23.80311     0.00000     0.00000     0.00000     0.00000     0.00000     0.00000     0.00000     0.00000
   -23.78011     0.00000     0.00000     0.00000     0.00000     0.00000     0.00000     0.00000     0.00000
   -23.75711     0.00000     0.00000     0.00000     0.00000     0.00000     0.00000     0.00000     0.00000
   -23.73411     0.00000     0.00000     0.00000     0.00000     0.00000     0.00000     0.00000     0.00000
   -23.71111     0.00000     0.00000     0.00000     0.00000     0.00000     0.00000     0.00000     0.00000
   -23.68711     0.00000     0.00000     0.00000     0.00000     0.00000     0.00000     0.00000     0.00000
   -23.66411     0.00000     0.00000     0.00000     0.00000     0.00000     0.00000     0.00000     0.00000
   -23.64111     0.00000     0.00000     0.00000     0.00000     0.00000     0.00000     0.00000     0.00000
   -23.61811     0.00000     0.00000     0.00000     0.00000     0.00000     0.00000     0.00000     0.00000
   -23.59511     0.00000     0.00000     0.00000     0.00000     0.00000     0.00000     0.00000     0.00000
   -23.57211     0.00000     0.00000     0.00000     0.00000     0.00000     0.00000     0.00000     0.00000
   -23.54811     0.00000     0.00000     0.00000     0.00000     0.00000     0.00000     0.00000     0.00000
   -23.52511     0.00000     0.00000     0.00000     0.00000     0.00000     0.00000     0.00000     0.00000
   -23.50211     0.00000     0.00000     0.00000     0.00000     0.00000     0.00000     0.00000     0.00000
   -23.47911     0.00000     0.00000     0.00000     0.00000     0.00000     0.00000     0.00000     0.00000
   -23.45611     0.00000     0.00000     0.00000     0.00000     0.00000     0.00000     0.00000     0.00000
   -23.43311     0.00000     0.00000     0.00000     0.00000     0.00000     0.00000     0.00000     0.00000
   -23.40911     0.00000     0.00000     0.00000     0.00000     0.00000     0.00000     0.00000     0.00000
   -23.38611     0.00000     0.00000     0.00000     0.00000     0.00000     0.00000     0.00000     0.00000
   -23.36311     0.00000     0.00000     0.00000     0.00000     0.00000     0.00000     0.00000     0.00000
   -23.34011     0.00000     0.00000     0.00000     0.00000     0.00000     0.00000     0.00000     0.00000
   -23.31711     0.00000     0.00000     0.00000     0.00000     0.00000     0.00000     0.00000     0.00000
   -23.29311     0.00000     0.00000     0.00000     0.00000     0.00000     0.00000     0.00000     0.00000
   -23.27011     0.00000     0.00000     0.00000     0.00000     0.00000     0.00000     0.00000     0.00000
   -23.24711     0.00000     0.00000     0.00000     0.00000     0.00000     0.00000     0.00000     0.00000
   -23.22411     0.00000     0.00000     0.00000     0.00000     0.00000     0.00000     0.00000     0.00000
   -23.20111     0.00000     0.00000     0.00000     0.00000     0.00000     0.00000     0.00000     0.00000
   -23.17811     0.00000     0.00000     0.00000     0.00000     0.00000     0.00000     0.00000     0.00000
   -23.15411     0.00000     0.00000     0.00000     0.00000     0.00000     0.00000     0.00000     0.00000
   -23.13111     0.00000     0.00000     0.00000     0.00000     0.00000     0.00000     0.00000     0.00000
   -23.10811     0.00000     0.00000     0.00000     0.00000     0.00000     0.00000     0.00000     0.00000
   -23.08511     0.00000     0.00000     0.00000     0.00000     0.00000     0.00000     0.00000     0.00000
   -23.06211     0.00000     0.00000     0.00000     0.00000     0.00000     0.00000     0.00000     0.00000
   -23.03811     0.00000     0.00000     0.00000     0.00000     0.00000     0.00000     0.00000     0.00000
   -23.01511     0.00000     0.00000     0.00000     0.00000     0.00000     0.00000     0.00000     0.00000
   -22.99211     0.00000     0.00000     0.00000     0.00000     0.00000     0.00000     0.00000     0.00000
   -22.96911     0.00000     0.00000     0.00000     0.00000     0.00000     0.00000     0.00000     0.00000
   -22.94611     0.00000     0.00000     0.00000     0.00000     0.00000     0.00000     0.00000     0.00000
   -22.92311     0.00000     0.00000     0.00000     0.00000     0.00000     0.00000     0.00000     0.00000
   -22.89911     0.00000     0.00000     0.00000     0.00000     0.00000     0.00000     0.00000     0.00000
   -22.87611     0.00000     0.00000     0.00000     0.00000     0.00000     0.00000     0.00000     0.00000
   -22.85311     0.00000     0.00000     0.00000     0.00000     0.00000     0.00000     0.00000     0.00000
   -22.83011     0.00000     0.00000     0.00000     0.00000     0.00000     0.00000     0.00000     0.00000
   -22.80711     0.00000     0.00000     0.00000     0.00000     0.00000     0.00000     0.00000     0.00000
   -22.78411     0.00000     0.00000     0.00000     0.00000     0.00000     0.00000     0.00000     0.00000
   -22.76011     0.00000     0.00000     0.00000     0.00000     0.00000     0.00000     0.00000     0.00000
   -22.73711     0.00000     0.00000     0.00000     0.00000     0.00000     0.00000     0.00000     0.00000
   -22.71411     0.00000     0.00000     0.00000     0.00000     0.00000     0.00000     0.00000     0.00000
   -22.69111     0.00000     0.00000     0.00000     0.00000     0.00000     0.00000     0.00000     0.00000
   -22.66811     0.00000     0.00000     0.00000     0.00000     0.00000     0.00000     0.00000     0.00000
   -22.64411     0.00000     0.00000     0.00000     0.00000     0.00000     0.00000     0.00000     0.00000
   -22.62111     0.00000     0.00000     0.00000     0.00000     0.00000     0.00000     0.00000     0.00000
   -22.59811     0.00000     0.00000     0.00000     0.00000     0.00000     0.00000     0.00000     0.00000
   -22.57511     0.00000     0.00000     0.00000     0.00000     0.00000     0.00000     0.00000     0.00000
   -22.55211     0.00000     0.00000     0.00000     0.00000     0.00000     0.00000     0.00000     0.00000
   -22.52911     0.00000     0.00000     0.00000     0.00000     0.00000     0.00000     0.00000     0.00000
   -22.50511     0.00000     0.00000     0.00000     0.00000     0.00000     0.00000     0.00000     0.00000
   -22.48211     0.00000     0.00000     0.00000     0.00000     0.00000     0.00000     0.00000     0.00000
   -22.45911     0.00000     0.00000     0.00000     0.00000     0.00000     0.00000     0.00000     0.00000
   -22.43611     0.00000     0.00000     0.00000     0.00000     0.00000     0.00000     0.00000     0.00000
   -22.41311     0.00000     0.00000     0.00000     0.00000     0.00000     0.00000     0.00000     0.00000
   -22.39011     0.00000     0.00000     0.00000     0.00000     0.00000     0.00000     0.00000     0.00000
   -22.36611     0.00000     0.00000     0.00000     0.00000     0.00000     0.00000     0.00000     0.00000
   -22.34311     0.00000     0.00000     0.00000     0.00000     0.00000     0.00000     0.00000     0.00000
   -22.32011     0.00000     0.00000     0.00000     0.00000     0.00000     0.00000     0.00000     0.00000
   -22.29711     0.00000     0.00000     0.00000     0.00000     0.00000     0.00000     0.00000     0.00000
   -22.27411     0.00000     0.00000     0.00000     0.00000     0.00000     0.00000     0.00000     0.00000
   -22.25011     0.00000     0.00000     0.00000     0.00000     0.00000     0.00000     0.00000     0.00000
   -22.22711     0.00000     0.00000     0.00000     0.00000     0.00000     0.00000     0.00000     0.00000
   -22.20411     0.00000     0.00000     0.00000     0.00000     0.00000     0.00000     0.00000     0.00000
   -22.18111     0.00000     0.00000     0.00000     0.00000     0.00000     0.00000     0.00000     0.00000
   -22.15811     0.00000     0.00000     0.00000     0.00000     0.00000     0.00000     0.00000     0.00000
   -22.13511     0.00000     0.00000     0.00000     0.00000     0.00000     0.00000     0.00000     0.00000
   -22.11111     0.00000     0.00000     0.00000     0.00000     0.00000     0.00000     0.00000     0.00000
   -22.08811     0.00000     0.00000     0.00000     0.00000     0.00000     0.00000     0.00000     0.00000
   -22.06511     0.00000     0.00000     0.00000     0.00000     0.00000     0.00000     0.00000     0.00000
   -22.04211     0.00000     0.00000     0.00000     0.00000     0.00000     0.00000     0.00000     0.00000
   -22.01911     0.00000     0.00000     0.00000     0.00000     0.00000     0.00000     0.00000     0.00000
   -21.99611     0.00000     0.00000     0.00000     0.00000     0.00000     0.00000     0.00000     0.00000
   -21.97211     0.00000     0.00000     0.00000     0.00000     0.00000     0.00000     0.00000     0.00000
   -21.94911     0.00000     0.00000     0.00000     0.00000     0.00000     0.00000     0.00000     0.00000
   -21.92611     0.00000     0.00000     0.00000     0.00000     0.00000     0.00000     0.00000     0.00000
   -21.90311     0.00000     0.00000     0.00000     0.00000     0.00000     0.00000     0.00000     0.00000
   -21.88011     0.00000     0.00000     0.00000     0.00000     0.00000     0.00000     0.00000     0.00000
   -21.85611     0.00000     0.00000     0.00000     0.00000     0.00000     0.00000     0.00000     0.00000
   -21.83311     0.00000     0.00000     0.00000     0.00000     0.00000     0.00000     0.00000     0.00000
   -21.81011     0.00000     0.00000     0.00000     0.00000     0.00000     0.00000     0.00000     0.00000
   -21.78711     0.00000     0.00000     0.00000     0.00000     0.00000     0.00000     0.00000     0.00000
   -21.76411     0.00000     0.00000     0.00000     0.00000     0.00000     0.00000     0.00000     0.00000
   -21.74111     0.00000     0.00000     0.00000     0.00000     0.00000     0.00000     0.00000     0.00000
   -21.71711     0.00000     0.00000     0.00000     0.00000     0.00000     0.00000     0.00000     0.00000
   -21.69411     0.00000     0.00000     0.00000     0.00000     0.00000     0.00000     0.00000     0.00000
   -21.67111     0.00000     0.00000     0.00000     0.00000     0.00000     0.00000     0.00000     0.00000
   -21.64811     0.00000     0.00000     0.00000     0.00000     0.00000     0.00000     0.00000     0.00000
   -21.62511     0.00000     0.00000     0.00000     0.00000     0.00000     0.00000     0.00000     0.00000
   -21.60211     0.00000     0.00000     0.00000     0.00000     0.00000     0.00000     0.00000     0.00000
   -21.57811     0.00000     0.00000     0.00000     0.00000     0.00000     0.00000     0.00000     0.00000
   -21.55511     0.00000     0.00000     0.00000     0.00000     0.00000     0.00000     0.00000     0.00000
   -21.53211     0.00000     0.00000     0.00000     0.00000     0.00000     0.00000     0.00000     0.00000
   -21.50911     0.00000     0.00000     0.00000     0.00000     0.00000     0.00000     0.00000     0.00000
   -21.48611     0.00000     0.00000     0.00000     0.00000     0.00000     0.00000     0.00000     0.00000
   -21.46211     0.00000     0.00000     0.00000     0.00000     0.00000     0.00000     0.00000     0.00000
   -21.43911     0.00000     0.00000     0.00000     0.00000     0.00000     0.00000     0.00000     0.00000
   -21.41611     0.00000     0.00000     0.00000     0.00000     0.00000     0.00000     0.00000     0.00000
   -21.39311     0.00000     0.00000     0.00000     0.00000     0.00000     0.00000     0.00000     0.00000
   -21.37011     0.00000     0.00000     0.00000     0.00000     0.00000     0.00000     0.00000     0.00000
   -21.34711     0.00000     0.00000     0.00000     0.00000     0.00000     0.00000     0.00000     0.00000
   -21.32311     0.00000     0.00000     0.00000     0.00000     0.00000     0.00000     0.00000     0.00000
   -21.30011     0.00000     0.00000     0.00000     0.00000     0.00000     0.00000     0.00000     0.00000
   -21.27711     0.00000     0.00000     0.00000     0.00000     0.00000     0.00000     0.00000     0.00000
   -21.25411     0.00000     0.00000     0.00000     0.00000     0.00000     0.00000     0.00000     0.00000
   -21.23111     0.00000     0.00000     0.00000     0.00000     0.00000     0.00000     0.00000     0.00000
   -21.20811     0.00000     0.00000     0.00000     0.00000     0.00000     0.00000     0.00000     0.00000
   -21.18411     0.00000     0.00000     0.00000     0.00000     0.00000     0.00000     0.00000     0.00000
   -21.16111     0.00000     0.00000     0.00000     0.00000     0.00000     0.00000     0.00000     0.00000
   -21.13811     0.00000     0.00000     0.00000     0.00000     0.00000     0.00000     0.00000     0.00000
   -21.11511     0.00000     0.00000     0.00000     0.00000     0.00000     0.00000     0.00000     0.00000
   -21.09211     0.00000     0.00000     0.00000     0.00000     0.00000     0.00000     0.00000     0.00000
   -21.06811     0.00000     0.00000     0.00000     0.00000     0.00000     0.00000     0.00000     0.00000
   -21.04511     0.00000     0.00000     0.00000     0.00000     0.00000     0.00000     0.00000     0.00000
   -21.02211     0.00000     0.00000     0.00000     0.00000     0.00000     0.00000     0.00000     0.00000
   -20.99911     0.00000     0.00000     0.00000     0.00000     0.00000     0.00000     0.00000     0.00000
   -20.97611     0.00000     0.00000     0.00000     0.00000     0.00000     0.00000     0.00000     0.00000
   -20.95311     0.00000     0.00000     0.00000     0.00000     0.00000     0.00000     0.00000     0.00000
   -20.92911     0.00000     0.00000     0.00000     0.00000     0.00000     0.00000     0.00000     0.00000
   -20.90611     0.00000     0.00000     0.00000     0.00000     0.00000     0.00000     0.00000     0.00000
   -20.88311     0.00000     0.00000     0.00000     0.00000     0.00000     0.00000     0.00000     0.00000
   -20.86011     0.00000     0.00000     0.00000     0.00000     0.00000     0.00000     0.00000     0.00000
   -20.83711     0.00000     0.00000     0.00000     0.00000     0.00000     0.00000     0.00000     0.00000
   -20.81411     0.00000     0.00000     0.00000     0.00000     0.00000     0.00000     0.00000     0.00000
   -20.79011     0.00000     0.00000     0.00000     0.00000     0.00000     0.00000     0.00000     0.00000
   -20.76711     0.00000     0.00000     0.00000     0.00000     0.00000     0.00000     0.00000     0.00000
   -20.74411     0.00000     0.00000     0.00000     0.00000     0.00000     0.00000     0.00000     0.00000
   -20.72111     0.00000     0.00000     0.00000     0.00000     0.00000     0.00000     0.00000     0.00000
   -20.69811     0.00000     0.00000     0.00000     0.00000     0.00000     0.00000     0.00000     0.00000
   -20.67411     0.00000     0.00000     0.00000     0.00000     0.00000     0.00000     0.00000     0.00000
   -20.65111     0.00000     0.00000     0.00000     0.00000     0.00000     0.00000     0.00000     0.00000
   -20.62811     0.00000     0.00000     0.00000     0.00000     0.00000     0.00000     0.00000     0.00000
   -20.60511     0.00000     0.00000     0.00000     0.00000     0.00000     0.00000     0.00000     0.00000
   -20.58211     0.00000     0.00000     0.00000     0.00000     0.00000     0.00000     0.00000     0.00000
   -20.55911     0.00000     0.00000     0.00000     0.00000     0.00000     0.00000     0.00000     0.00000
   -20.53511     0.00000     0.00000     0.00000     0.00000     0.00000     0.00000     0.00000     0.00000
   -20.51211     0.00000     0.00000     0.00000     0.00000     0.00000     0.00000     0.00000     0.00000
   -20.48911     0.00001     0.00000     0.00000     0.00000     0.00000     0.00000     0.00000     0.00000
   -20.46611     0.00001     0.00000     0.00000     0.00000     0.00000     0.00000     0.00000     0.00000
   -20.44311     0.00003     0.00000     0.00000     0.00000     0.00000     0.00000     0.00000     0.00000
   -20.42011     0.00006     0.00000     0.00000     0.00000     0.00000     0.00000     0.00000     0.00000
   -20.39611     0.00013     0.00000     0.00000     0.00000     0.00000     0.00000     0.00000     0.00000
   -20.37311     0.00027     0.00000     0.00000     0.00000     0.00000     0.00000     0.00001     0.00000
   -20.35011     0.00054     0.00000     0.00000     0.00001     0.00001     0.00000     0.00001     0.00001
   -20.32711     0.00106     0.00001     0.00001     0.00001     0.00002     0.00001     0.00003     0.00001
   -20.30411     0.00204     0.00001     0.00001     0.00002     0.00003     0.00001     0.00005     0.00003
   -20.28011     0.00382     0.00002     0.00002     0.00004     0.00006     0.00002     0.00010     0.00005
   -20.25711     0.00695     0.00003     0.00004     0.00008     0.00011     0.00003     0.00017     0.00009
   -20.23411     0.01233     0.00006     0.00007     0.00013     0.00020     0.00006     0.00031     0.00016
   -20.21111     0.02129     0.00010     0.00011     0.00023     0.00034     0.00011     0.00053     0.00028
   -20.18811     0.03579     0.00017     0.00019     0.00039     0.00057     0.00018     0.00090     0.00047
   -20.16511     0.05857     0.00028     0.00031     0.00063     0.00093     0.00029     0.00147     0.00076
   -20.14111     0.09331     0.00045     0.00050     0.00101     0.00148     0.00047     0.00234     0.00122
   -20.11811     0.14470     0.00069     0.00077     0.00156     0.00229     0.00072     0.00363     0.00188
   -20.09511     0.21860     0.00105     0.00116     0.00236     0.00346     0.00109     0.00549     0.00285
   -20.07211     0.32130     0.00154     0.00171     0.00347     0.00509     0.00160     0.00807     0.00418
   -20.04911     0.45990     0.00220     0.00244     0.00497     0.00728     0.00230     0.01155     0.00599
   -20.02611     0.64080     0.00307     0.00341     0.00692     0.01014     0.00320     0.01609     0.00834
   -20.00211     0.86930     0.00417     0.00462     0.00939     0.01376     0.00434     0.02183     0.01132
   -19.97911     1.14800     0.00550     0.00610     0.01240     0.01818     0.00573     0.02882     0.01495
   -19.95611     1.47600     0.00707     0.00784     0.01595     0.02337     0.00737     0.03706     0.01922
   -19.93311     1.84800     0.00886     0.00982     0.01996     0.02925     0.00923     0.04640     0.02406
   -19.91011     2.25200     0.01079     0.01197     0.02433     0.03565     0.01125     0.05653     0.02933
   -19.88611     2.67200     0.01280     0.01420     0.02886     0.04229     0.01334     0.06709     0.03479
   -19.86311     3.08600     0.01479     0.01640     0.03334     0.04885     0.01541     0.07747     0.04018
   -19.84011     3.47000     0.01663     0.01844     0.03749     0.05494     0.01733     0.08713     0.04518
   -19.81711     3.79900     0.01821     0.02019     0.04104     0.06014     0.01897     0.09540     0.04948
   -19.79411     4.04900     0.01941     0.02152     0.04375     0.06410     0.02022     0.10167     0.05273
   -19.77111     4.20200     0.02014     0.02233     0.04540     0.06652     0.02099     0.10550     0.05471
   -19.74711     4.24500     0.02034     0.02256     0.04586     0.06720     0.02120     0.10658     0.05528
   -19.72411     4.17500     0.02001     0.02219     0.04511     0.06610     0.02085     0.10482     0.05436
   -19.70111     3.99800     0.01916     0.02125     0.04319     0.06328     0.01997     0.10037     0.05205
   -19.67811     3.72600     0.01786     0.01980     0.04026     0.05899     0.01861     0.09357     0.04852
   -19.65511     3.38200     0.01621     0.01798     0.03653     0.05353     0.01689     0.08491     0.04404
   -19.63211     2.98800     0.01432     0.01588     0.03228     0.04731     0.01492     0.07503     0.03891
   -19.60811     2.57000     0.01232     0.01366     0.02777     0.04068     0.01284     0.06454     0.03347
   -19.58511     2.15200     0.01032     0.01144     0.02325     0.03407     0.01075     0.05405     0.02803
   -19.56211     1.75500     0.00841     0.00933     0.01896     0.02778     0.00876     0.04406     0.02285
   -19.53911     1.39300     0.00668     0.00740     0.01505     0.02205     0.00696     0.03497     0.01814
   -19.51611     1.07600     0.00516     0.00572     0.01163     0.01704     0.00538     0.02703     0.01402
   -19.49211     0.80980     0.00388     0.00430     0.00875     0.01282     0.00404     0.02033     0.01054
   -19.46911     0.59310     0.00284     0.00315     0.00641     0.00939     0.00296     0.01489     0.00772
   -19.44611     0.42290     0.00203     0.00225     0.00457     0.00669     0.00211     0.01062     0.00551
   -19.42311     0.29360     0.00141     0.00156     0.00317     0.00465     0.00147     0.00737     0.00382
   -19.40011     0.19840     0.00095     0.00105     0.00214     0.00314     0.00099     0.00498     0.00258
   -19.37711     0.13050     0.00063     0.00069     0.00141     0.00207     0.00065     0.00328     0.00170
   -19.35311     0.08363     0.00040     0.00044     0.00090     0.00132     0.00042     0.00210     0.00109
   -19.33011     0.05215     0.00025     0.00028     0.00056     0.00083     0.00026     0.00131     0.00068
   -19.30711     0.03166     0.00015     0.00017     0.00034     0.00050     0.00016     0.00080     0.00041
   -19.28411     0.01872     0.00009     0.00010     0.00020     0.00030     0.00009     0.00047     0.00024
   -19.26111     0.01077     0.00005     0.00006     0.00012     0.00017     0.00005     0.00027     0.00014
   -19.23811     0.00603     0.00003     0.00003     0.00007     0.00010     0.00003     0.00015     0.00008
   -19.21411     0.00329     0.00002     0.00002     0.00004     0.00005     0.00002     0.00008     0.00004
   -19.19111     0.00175     0.00001     0.00001     0.00002     0.00003     0.00001     0.00004     0.00002
   -19.16811     0.00090     0.00000     0.00000     0.00001     0.00001     0.00000     0.00002     0.00001
   -19.14511     0.00045     0.00000     0.00000     0.00000     0.00001     0.00000     0.00001     0.00001
   -19.12211     0.00022     0.00000     0.00000     0.00000     0.00000     0.00000     0.00001     0.00000
   -19.09811     0.00011     0.00000     0.00000     0.00000     0.00000     0.00000     0.00000     0.00000
   -19.07511     0.00005     0.00000     0.00000     0.00000     0.00000     0.00000     0.00000     0.00000
   -19.05211     0.00002     0.00000     0.00000     0.00000     0.00000     0.00000     0.00000     0.00000
   -19.02911     0.00001     0.00000     0.00000     0.00000     0.00000     0.00000     0.00000     0.00000
   -19.00611     0.00000     0.00000     0.00000     0.00000     0.00000     0.00000     0.00000     0.00000
   -18.98311     0.00000     0.00000     0.00000     0.00000     0.00000     0.00000     0.00000     0.00000
   -18.95911     0.00000     0.00000     0.00000     0.00000     0.00000     0.00000     0.00000     0.00000
   -18.93611     0.00000     0.00000     0.00000     0.00000     0.00000     0.00000     0.00000     0.00000
   -18.91311     0.00000     0.00000     0.00000     0.00000     0.00000     0.00000     0.00000     0.00000
   -18.89011     0.00000     0.00000     0.00000     0.00000     0.00000     0.00000     0.00000     0.00000
   -18.86711     0.00000     0.00000     0.00000     0.00000     0.00000     0.00000     0.00000     0.00000
   -18.84411     0.00000     0.00000     0.00000     0.00000     0.00000     0.00000     0.00000     0.00000
   -18.82011     0.00000     0.00000     0.00000     0.00000     0.00000     0.00000     0.00000     0.00000
   -18.79711     0.00000     0.00000     0.00000     0.00000     0.00000     0.00000     0.00000     0.00000
   -18.77411     0.00000     0.00000     0.00000     0.00000     0.00000     0.00000     0.00000     0.00000
   -18.75111     0.00000     0.00000     0.00000     0.00000     0.00000     0.00000     0.00000     0.00000
   -18.72811     0.00000     0.00000     0.00000     0.00000     0.00000     0.00000     0.00000     0.00000
   -18.70411     0.00000     0.00000     0.00000     0.00000     0.00000     0.00000     0.00000     0.00000
   -18.68111     0.00000     0.00000     0.00000     0.00000     0.00000     0.00000     0.00000     0.00000
   -18.65811     0.00000     0.00000     0.00000     0.00000     0.00000     0.00000     0.00000     0.00000
   -18.63511     0.00000     0.00000     0.00000     0.00000     0.00000     0.00000     0.00000     0.00000
   -18.61211     0.00000     0.00000     0.00000     0.00000     0.00000     0.00000     0.00000     0.00000
   -18.58911     0.00000     0.00000     0.00000     0.00000     0.00000     0.00000     0.00000     0.00000
   -18.56511     0.00000     0.00000     0.00000     0.00000     0.00000     0.00000     0.00000     0.00000
   -18.54211     0.00000     0.00000     0.00000     0.00000     0.00000     0.00000     0.00000     0.00000
   -18.51911     0.00000     0.00000     0.00000     0.00000     0.00000     0.00000     0.00000     0.00000
   -18.49611     0.00000     0.00000     0.00000     0.00000     0.00000     0.00000     0.00000     0.00000
   -18.47311     0.00000     0.00000     0.00000     0.00000     0.00000     0.00000     0.00000     0.00000
   -18.45011     0.00000     0.00000     0.00000     0.00000     0.00000     0.00000     0.00000     0.00000
   -18.42611     0.00000     0.00000     0.00000     0.00000     0.00000     0.00000     0.00000     0.00000
   -18.40311     0.00000     0.00000     0.00000     0.00000     0.00000     0.00000     0.00000     0.00000
   -18.38011     0.00000     0.00000     0.00000     0.00000     0.00000     0.00000     0.00000     0.00000
   -18.35711     0.00000     0.00000     0.00000     0.00000     0.00000     0.00000     0.00000     0.00000
   -18.33411     0.00000     0.00000     0.00000     0.00000     0.00000     0.00000     0.00000     0.00000
   -18.31011     0.00000     0.00000     0.00000     0.00000     0.00000     0.00000     0.00000     0.00000
   -18.28711     0.00000     0.00000     0.00000     0.00000     0.00000     0.00000     0.00000     0.00000
   -18.26411     0.00000     0.00000     0.00000     0.00000     0.00000     0.00000     0.00000     0.00000
   -18.24111     0.00000     0.00000     0.00000     0.00000     0.00000     0.00000     0.00000     0.00000
   -18.21811     0.00000     0.00000     0.00000     0.00000     0.00000     0.00000     0.00000     0.00000
   -18.19511     0.00000     0.00000     0.00000     0.00000     0.00000     0.00000     0.00000     0.00000
   -18.17111     0.00000     0.00000     0.00000     0.00000     0.00000     0.00000     0.00000     0.00000
   -18.14811     0.00000     0.00000     0.00000     0.00000     0.00000     0.00000     0.00000     0.00000
   -18.12511     0.00000     0.00000     0.00000     0.00000     0.00000     0.00000     0.00000     0.00000
   -18.10211     0.00000     0.00000     0.00000     0.00000     0.00000     0.00000     0.00000     0.00000
   -18.07911     0.00000     0.00000     0.00000     0.00000     0.00000     0.00000     0.00000     0.00000
   -18.05611     0.00000     0.00000     0.00000     0.00000     0.00000     0.00000     0.00000     0.00000
   -18.03211     0.00000     0.00000     0.00000     0.00000     0.00000     0.00000     0.00000     0.00000
   -18.00911     0.00000     0.00000     0.00000     0.00000     0.00000     0.00000     0.00000     0.00000
   -17.98611     0.00000     0.00000     0.00000     0.00000     0.00000     0.00000     0.00000     0.00000
   -17.96311     0.00000     0.00000     0.00000     0.00000     0.00000     0.00000     0.00000     0.00000
   -17.94011     0.00000     0.00000     0.00000     0.00000     0.00000     0.00000     0.00000     0.00000
   -17.91611     0.00000     0.00000     0.00000     0.00000     0.00000     0.00000     0.00000     0.00000
   -17.89311     0.00000     0.00000     0.00000     0.00000     0.00000     0.00000     0.00000     0.00000
   -17.87011     0.00000     0.00000     0.00000     0.00000     0.00000     0.00000     0.00000     0.00000
   -17.84711     0.00000     0.00000     0.00000     0.00000     0.00000     0.00000     0.00000     0.00000
   -17.82411     0.00000     0.00000     0.00000     0.00000     0.00000     0.00000     0.00000     0.00000
   -17.80111     0.00000     0.00000     0.00000     0.00000     0.00000     0.00000     0.00000     0.00000
   -17.77711     0.00000     0.00000     0.00000     0.00000     0.00000     0.00000     0.00000     0.00000
   -17.75411     0.00000     0.00000     0.00000     0.00000     0.00000     0.00000     0.00000     0.00000
   -17.73111     0.00000     0.00000     0.00000     0.00000     0.00000     0.00000     0.00000     0.00000
   -17.70811     0.00000     0.00000     0.00000     0.00000     0.00000     0.00000     0.00000     0.00000
   -17.68511     0.00000     0.00000     0.00000     0.00000     0.00000     0.00000     0.00000     0.00000
   -17.66111     0.00000     0.00000     0.00000     0.00000     0.00000     0.00000     0.00000     0.00000
   -17.63811     0.00000     0.00000     0.00000     0.00000     0.00000     0.00000     0.00000     0.00000
   -17.61511     0.00000     0.00000     0.00000     0.00000     0.00000     0.00000     0.00000     0.00000
   -17.59211     0.00000     0.00000     0.00000     0.00000     0.00000     0.00000     0.00000     0.00000
   -17.56911     0.00000     0.00000     0.00000     0.00000     0.00000     0.00000     0.00000     0.00000
   -17.54611     0.00000     0.00000     0.00000     0.00000     0.00000     0.00000     0.00000     0.00000
   -17.52211     0.00000     0.00000     0.00000     0.00000     0.00000     0.00000     0.00000     0.00000
   -17.49911     0.00000     0.00000     0.00000     0.00000     0.00000     0.00000     0.00000     0.00000
   -17.47611     0.00000     0.00000     0.00000     0.00000     0.00000     0.00000     0.00000     0.00000
   -17.45311     0.00000     0.00000     0.00000     0.00000     0.00000     0.00000     0.00000     0.00000
   -17.43011     0.00000     0.00000     0.00000     0.00000     0.00000     0.00000     0.00000     0.00000
   -17.40711     0.00000     0.00000     0.00000     0.00000     0.00000     0.00000     0.00000     0.00000
   -17.38311     0.00000     0.00000     0.00000     0.00000     0.00000     0.00000     0.00000     0.00000
   -17.36011     0.00000     0.00000     0.00000     0.00000     0.00000     0.00000     0.00000     0.00000
   -17.33711     0.00000     0.00000     0.00000     0.00000     0.00000     0.00000     0.00000     0.00000
   -17.31411     0.00000     0.00000     0.00000     0.00000     0.00000     0.00000     0.00000     0.00000
   -17.29111     0.00000     0.00000     0.00000     0.00000     0.00000     0.00000     0.00000     0.00000
   -17.26711     0.00000     0.00000     0.00000     0.00000     0.00000     0.00000     0.00000     0.00000
   -17.24411     0.00000     0.00000     0.00000     0.00000     0.00000     0.00000     0.00000     0.00000
   -17.22111     0.00000     0.00000     0.00000     0.00000     0.00000     0.00000     0.00000     0.00000
   -17.19811     0.00000     0.00000     0.00000     0.00000     0.00000     0.00000     0.00000     0.00000
   -17.17511     0.00000     0.00000     0.00000     0.00000     0.00000     0.00000     0.00000     0.00000
   -17.15211     0.00000     0.00000     0.00000     0.00000     0.00000     0.00000     0.00000     0.00000
   -17.12811     0.00000     0.00000     0.00000     0.00000     0.00000     0.00000     0.00000     0.00000
   -17.10511     0.00000     0.00000     0.00000     0.00000     0.00000     0.00000     0.00000     0.00000
   -17.08211     0.00000     0.00000     0.00000     0.00000     0.00000     0.00000     0.00000     0.00000
   -17.05911     0.00000     0.00000     0.00000     0.00000     0.00000     0.00000     0.00000     0.00000
   -17.03611     0.00000     0.00000     0.00000     0.00000     0.00000     0.00000     0.00000     0.00000
   -17.01311     0.00000     0.00000     0.00000     0.00000     0.00000     0.00000     0.00000     0.00000
   -16.98911     0.00000     0.00000     0.00000     0.00000     0.00000     0.00000     0.00000     0.00000
   -16.96611     0.00000     0.00000     0.00000     0.00000     0.00000     0.00000     0.00000     0.00000
   -16.94311     0.00000     0.00000     0.00000     0.00000     0.00000     0.00000     0.00000     0.00000
   -16.92011     0.00000     0.00000     0.00000     0.00000     0.00000     0.00000     0.00000     0.00000
   -16.89711     0.00000     0.00000     0.00000     0.00000     0.00000     0.00000     0.00000     0.00000
   -16.87311     0.00000     0.00000     0.00000     0.00000     0.00000     0.00000     0.00000     0.00000
   -16.85011     0.00000     0.00000     0.00000     0.00000     0.00000     0.00000     0.00000     0.00000
   -16.82711     0.00000     0.00000     0.00000     0.00000     0.00000     0.00000     0.00000     0.00000
   -16.80411     0.00000     0.00000     0.00000     0.00000     0.00000     0.00000     0.00000     0.00000
   -16.78111     0.00000     0.00000     0.00000     0.00000     0.00000     0.00000     0.00000     0.00000
   -16.75811     0.00000     0.00000     0.00000     0.00000     0.00000     0.00000     0.00000     0.00000
   -16.73411     0.00000     0.00000     0.00000     0.00000     0.00000     0.00000     0.00000     0.00000
   -16.71111     0.00000     0.00000     0.00000     0.00000     0.00000     0.00000     0.00000     0.00000
   -16.68811     0.00000     0.00000     0.00000     0.00000     0.00000     0.00000     0.00000     0.00000
   -16.66511     0.00000     0.00000     0.00000     0.00000     0.00000     0.00000     0.00000     0.00000
   -16.64211     0.00000     0.00000     0.00000     0.00000     0.00000     0.00000     0.00000     0.00000
   -16.61911     0.00000     0.00000     0.00000     0.00000     0.00000     0.00000     0.00000     0.00000
   -16.59511     0.00000     0.00000     0.00000     0.00000     0.00000     0.00000     0.00000     0.00000
   -16.57211     0.00000     0.00000     0.00000     0.00000     0.00000     0.00000     0.00000     0.00000
   -16.54911     0.00000     0.00000     0.00000     0.00000     0.00000     0.00000     0.00000     0.00000
   -16.52611     0.00000     0.00000     0.00000     0.00000     0.00000     0.00000     0.00000     0.00000
   -16.50311     0.00000     0.00000     0.00000     0.00000     0.00000     0.00000     0.00000     0.00000
   -16.47911     0.00000     0.00000     0.00000     0.00000     0.00000     0.00000     0.00000     0.00000
   -16.45611     0.00000     0.00000     0.00000     0.00000     0.00000     0.00000     0.00000     0.00000
   -16.43311     0.00000     0.00000     0.00000     0.00000     0.00000     0.00000     0.00000     0.00000
   -16.41011     0.00000     0.00000     0.00000     0.00000     0.00000     0.00000     0.00000     0.00000
   -16.38711     0.00000     0.00000     0.00000     0.00000     0.00000     0.00000     0.00000     0.00000
   -16.36411     0.00000     0.00000     0.00000     0.00000     0.00000     0.00000     0.00000     0.00000
   -16.34011     0.00000     0.00000     0.00000     0.00000     0.00000     0.00000     0.00000     0.00000
   -16.31711     0.00000     0.00000     0.00000     0.00000     0.00000     0.00000     0.00000     0.00000
   -16.29411     0.00000     0.00000     0.00000     0.00000     0.00000     0.00000     0.00000     0.00000
   -16.27111     0.00000     0.00000     0.00000     0.00000     0.00000     0.00000     0.00000     0.00000
   -16.24811     0.00000     0.00000     0.00000     0.00000     0.00000     0.00000     0.00000     0.00000
   -16.22511     0.00000     0.00000     0.00000     0.00000     0.00000     0.00000     0.00000     0.00000
   -16.20111     0.00000     0.00000     0.00000     0.00000     0.00000     0.00000     0.00000     0.00000
   -16.17811     0.00000     0.00000     0.00000     0.00000     0.00000     0.00000     0.00000     0.00000
   -16.15511     0.00000     0.00000     0.00000     0.00000     0.00000     0.00000     0.00000     0.00000
   -16.13211     0.00000     0.00000     0.00000     0.00000     0.00000     0.00000     0.00000     0.00000
   -16.10911     0.00000     0.00000     0.00000     0.00000     0.00000     0.00000     0.00000     0.00000
   -16.08511     0.00000     0.00000     0.00000     0.00000     0.00000     0.00000     0.00000     0.00000
   -16.06211     0.00000     0.00000     0.00000     0.00000     0.00000     0.00000     0.00000     0.00000
   -16.03911     0.00000     0.00000     0.00000     0.00000     0.00000     0.00000     0.00000     0.00000
   -16.01611     0.00000     0.00000     0.00000     0.00000     0.00000     0.00000     0.00000     0.00000
   -15.99311     0.00000     0.00000     0.00000     0.00000     0.00000     0.00000     0.00000     0.00000
   -15.97011     0.00000     0.00000     0.00000     0.00000     0.00000     0.00000     0.00000     0.00000
   -15.94611     0.00000     0.00000     0.00000     0.00000     0.00000     0.00000     0.00000     0.00000
   -15.92311     0.00000     0.00000     0.00000     0.00000     0.00000     0.00000     0.00000     0.00000
   -15.90011     0.00000     0.00000     0.00000     0.00000     0.00000     0.00000     0.00000     0.00000
   -15.87711     0.00000     0.00000     0.00000     0.00000     0.00000     0.00000     0.00000     0.00000
   -15.85411     0.00000     0.00000     0.00000     0.00000     0.00000     0.00000     0.00000     0.00000
   -15.83111     0.00000     0.00000     0.00000     0.00000     0.00000     0.00000     0.00000     0.00000
   -15.80711     0.00000     0.00000     0.00000     0.00000     0.00000     0.00000     0.00000     0.00000
   -15.78411     0.00000     0.00000     0.00000     0.00000     0.00000     0.00000     0.00000     0.00000
   -15.76111     0.00000     0.00000     0.00000     0.00000     0.00000     0.00000     0.00000     0.00000
   -15.73811     0.00000     0.00000     0.00000     0.00000     0.00000     0.00000     0.00000     0.00000
   -15.71511     0.00000     0.00000     0.00000     0.00000     0.00000     0.00000     0.00000     0.00000
   -15.69111     0.00000     0.00000     0.00000     0.00000     0.00000     0.00000     0.00000     0.00000
   -15.66811     0.00000     0.00000     0.00000     0.00000     0.00000     0.00000     0.00000     0.00000
   -15.64511     0.00000     0.00000     0.00000     0.00000     0.00000     0.00000     0.00000     0.00000
   -15.62211     0.00000     0.00000     0.00000     0.00000     0.00000     0.00000     0.00000     0.00000
   -15.59911     0.00000     0.00000     0.00000     0.00000     0.00000     0.00000     0.00000     0.00000
   -15.57611     0.00000     0.00000     0.00000     0.00000     0.00000     0.00000     0.00000     0.00000
   -15.55211     0.00000     0.00000     0.00000     0.00000     0.00000     0.00000     0.00000     0.00000
   -15.52911     0.00000     0.00000     0.00000     0.00000     0.00000     0.00000     0.00000     0.00000
   -15.50611     0.00000     0.00000     0.00000     0.00000     0.00000     0.00000     0.00000     0.00000
   -15.48311     0.00000     0.00000     0.00000     0.00000     0.00000     0.00000     0.00000     0.00000
   -15.46011     0.00000     0.00000     0.00000     0.00000     0.00000     0.00000     0.00000     0.00000
   -15.43711     0.00000     0.00000     0.00000     0.00000     0.00000     0.00000     0.00000     0.00000
   -15.41311     0.00000     0.00000     0.00000     0.00000     0.00000     0.00000     0.00000     0.00000
   -15.39011     0.00000     0.00000     0.00000     0.00000     0.00000     0.00000     0.00000     0.00000
   -15.36711     0.00000     0.00000     0.00000     0.00000     0.00000     0.00000     0.00000     0.00000
   -15.34411     0.00000     0.00000     0.00000     0.00000     0.00000     0.00000     0.00000     0.00000
   -15.32111     0.00000     0.00000     0.00000     0.00000     0.00000     0.00000     0.00000     0.00000
   -15.29711     0.00000     0.00000     0.00000     0.00000     0.00000     0.00000     0.00000     0.00000
   -15.27411     0.00000     0.00000     0.00000     0.00000     0.00000     0.00000     0.00000     0.00000
   -15.25111     0.00000     0.00000     0.00000     0.00000     0.00000     0.00000     0.00000     0.00000
   -15.22811     0.00000     0.00000     0.00000     0.00000     0.00000     0.00000     0.00000     0.00000
   -15.20511     0.00000     0.00000     0.00000     0.00000     0.00000     0.00000     0.00000     0.00000
   -15.18211     0.00000     0.00000     0.00000     0.00000     0.00000     0.00000     0.00000     0.00000
   -15.15811     0.00000     0.00000     0.00000     0.00000     0.00000     0.00000     0.00000     0.00000
   -15.13511     0.00000     0.00000     0.00000     0.00000     0.00000     0.00000     0.00000     0.00000
   -15.11211     0.00000     0.00000     0.00000     0.00000     0.00000     0.00000     0.00000     0.00000
   -15.08911     0.00000     0.00000     0.00000     0.00000     0.00000     0.00000     0.00000     0.00000
   -15.06611     0.00000     0.00000     0.00000     0.00000     0.00000     0.00000     0.00000     0.00000
   -15.04311     0.00000     0.00000     0.00000     0.00000     0.00000     0.00000     0.00000     0.00000
   -15.01911     0.00000     0.00000     0.00000     0.00000     0.00000     0.00000     0.00000     0.00000
   -14.99611     0.00000     0.00000     0.00000     0.00000     0.00000     0.00000     0.00000     0.00000
   -14.97311     0.00000     0.00000     0.00000     0.00000     0.00000     0.00000     0.00000     0.00000
   -14.95011     0.00000     0.00000     0.00000     0.00000     0.00000     0.00000     0.00000     0.00000
   -14.92711     0.00000     0.00000     0.00000     0.00000     0.00000     0.00000     0.00000     0.00000
   -14.90311     0.00000     0.00000     0.00000     0.00000     0.00000     0.00000     0.00000     0.00000
   -14.88011     0.00000     0.00000     0.00000     0.00000     0.00000     0.00000     0.00000     0.00000
   -14.85711     0.00000     0.00000     0.00000     0.00000     0.00000     0.00000     0.00000     0.00000
   -14.83411     0.00000     0.00000     0.00000     0.00000     0.00000     0.00000     0.00000     0.00000
   -14.81111     0.00000     0.00000     0.00000     0.00000     0.00000     0.00000     0.00000     0.00000
   -14.78811     0.00000     0.00000     0.00000     0.00000     0.00000     0.00000     0.00000     0.00000
   -14.76411     0.00000     0.00000     0.00000     0.00000     0.00000     0.00000     0.00000     0.00000
   -14.74111     0.00000     0.00000     0.00000     0.00000     0.00000     0.00000     0.00000     0.00000
   -14.71811     0.00000     0.00000     0.00000     0.00000     0.00000     0.00000     0.00000     0.00000
   -14.69511     0.00000     0.00000     0.00000     0.00000     0.00000     0.00000     0.00000     0.00000
   -14.67211     0.00000     0.00000     0.00000     0.00000     0.00000     0.00000     0.00000     0.00000
   -14.64911     0.00000     0.00000     0.00000     0.00000     0.00000     0.00000     0.00000     0.00000
   -14.62511     0.00000     0.00000     0.00000     0.00000     0.00000     0.00000     0.00000     0.00000
   -14.60211     0.00000     0.00000     0.00000     0.00000     0.00000     0.00000     0.00000     0.00000
   -14.57911     0.00000     0.00000     0.00000     0.00000     0.00000     0.00000     0.00000     0.00000
   -14.55611     0.00000     0.00000     0.00000     0.00000     0.00000     0.00000     0.00000     0.00000
   -14.53311     0.00000     0.00000     0.00000     0.00000     0.00000     0.00000     0.00000     0.00000
   -14.50911     0.00000     0.00000     0.00000     0.00000     0.00000     0.00000     0.00000     0.00000
   -14.48611     0.00000     0.00000     0.00000     0.00000     0.00000     0.00000     0.00000     0.00000
   -14.46311     0.00000     0.00000     0.00000     0.00000     0.00000     0.00000     0.00000     0.00000
   -14.44011     0.00000     0.00000     0.00000     0.00000     0.00000     0.00000     0.00000     0.00000
   -14.41711     0.00000     0.00000     0.00000     0.00000     0.00000     0.00000     0.00000     0.00000
   -14.39411     0.00000     0.00000     0.00000     0.00000     0.00000     0.00000     0.00000     0.00000
   -14.37011     0.00000     0.00000     0.00000     0.00000     0.00000     0.00000     0.00000     0.00000
   -14.34711     0.00000     0.00000     0.00000     0.00000     0.00000     0.00000     0.00000     0.00000
   -14.32411     0.00000     0.00000     0.00000     0.00000     0.00000     0.00000     0.00000     0.00000
   -14.30111     0.00000     0.00000     0.00000     0.00000     0.00000     0.00000     0.00000     0.00000
   -14.27811     0.00000     0.00000     0.00000     0.00000     0.00000     0.00000     0.00000     0.00000
   -14.25511     0.00000     0.00000     0.00000     0.00000     0.00000     0.00000     0.00000     0.00000
   -14.23111     0.00000     0.00000     0.00000     0.00000     0.00000     0.00000     0.00000     0.00000
   -14.20811     0.00000     0.00000     0.00000     0.00000     0.00000     0.00000     0.00000     0.00000
   -14.18511     0.00000     0.00000     0.00000     0.00000     0.00000     0.00000     0.00000     0.00000
   -14.16211     0.00000     0.00000     0.00000     0.00000     0.00000     0.00000     0.00000     0.00000
   -14.13911     0.00000     0.00000     0.00000     0.00000     0.00000     0.00000     0.00000     0.00000
   -14.11511     0.00000     0.00000     0.00000     0.00000     0.00000     0.00000     0.00000     0.00000
   -14.09211     0.00000     0.00000     0.00000     0.00000     0.00000     0.00000     0.00000     0.00000
   -14.06911     0.00000     0.00000     0.00000     0.00000     0.00000     0.00000     0.00000     0.00000
   -14.04611     0.00000     0.00000     0.00000     0.00000     0.00000     0.00000     0.00000     0.00000
   -14.02311     0.00000     0.00000     0.00000     0.00000     0.00000     0.00000     0.00000     0.00000
   -14.00011     0.00000     0.00000     0.00000     0.00000     0.00000     0.00000     0.00000     0.00000
   -13.97611     0.00000     0.00000     0.00000     0.00000     0.00000     0.00000     0.00000     0.00000
   -13.95311     0.00000     0.00000     0.00000     0.00000     0.00000     0.00000     0.00000     0.00000
   -13.93011     0.00000     0.00000     0.00000     0.00000     0.00000     0.00000     0.00000     0.00000
   -13.90711     0.00000     0.00000     0.00000     0.00000     0.00000     0.00000     0.00000     0.00000
   -13.88411     0.00000     0.00000     0.00000     0.00000     0.00000     0.00000     0.00000     0.00000
   -13.86111     0.00000     0.00000     0.00000     0.00000     0.00000     0.00000     0.00000     0.00000
   -13.83711     0.00000     0.00000     0.00000     0.00000     0.00000     0.00000     0.00000     0.00000
   -13.81411     0.00000     0.00000     0.00000     0.00000     0.00000     0.00000     0.00000     0.00000
   -13.79111     0.00000     0.00000     0.00000     0.00000     0.00000     0.00000     0.00000     0.00000
   -13.76811     0.00000     0.00000     0.00000     0.00000     0.00000     0.00000     0.00000     0.00000
   -13.74511     0.00000     0.00000     0.00000     0.00000     0.00000     0.00000     0.00000     0.00000
   -13.72111     0.00000     0.00000     0.00000     0.00000     0.00000     0.00000     0.00000     0.00000
   -13.69811     0.00000     0.00000     0.00000     0.00000     0.00000     0.00000     0.00000     0.00000
   -13.67511     0.00000     0.00000     0.00000     0.00000     0.00000     0.00000     0.00000     0.00000
   -13.65211     0.00000     0.00000     0.00000     0.00000     0.00000     0.00000     0.00000     0.00000
   -13.62911     0.00000     0.00000     0.00000     0.00000     0.00000     0.00000     0.00000     0.00000
   -13.60611     0.00000     0.00000     0.00000     0.00000     0.00000     0.00000     0.00000     0.00000
   -13.58211     0.00000     0.00000     0.00000     0.00000     0.00000     0.00000     0.00000     0.00000
   -13.55911     0.00000     0.00000     0.00000     0.00000     0.00000     0.00000     0.00000     0.00000
   -13.53611     0.00000     0.00000     0.00000     0.00000     0.00000     0.00000     0.00000     0.00000
   -13.51311     0.00000     0.00000     0.00000     0.00000     0.00000     0.00000     0.00000     0.00000
   -13.49011     0.00000     0.00000     0.00000     0.00000     0.00000     0.00000     0.00000     0.00000
   -13.46711     0.00000     0.00000     0.00000     0.00000     0.00000     0.00000     0.00000     0.00000
   -13.44311     0.00000     0.00000     0.00000     0.00000     0.00000     0.00000     0.00000     0.00000
   -13.42011     0.00000     0.00000     0.00000     0.00000     0.00000     0.00000     0.00000     0.00000
   -13.39711     0.00000     0.00000     0.00000     0.00000     0.00000     0.00000     0.00000     0.00000
   -13.37411     0.00000     0.00000     0.00000     0.00000     0.00000     0.00000     0.00000     0.00000
   -13.35111     0.00000     0.00000     0.00000     0.00000     0.00000     0.00000     0.00000     0.00000
   -13.32711     0.00000     0.00000     0.00000     0.00000     0.00000     0.00000     0.00000     0.00000
   -13.30411     0.00000     0.00000     0.00000     0.00000     0.00000     0.00000     0.00000     0.00000
   -13.28111     0.00000     0.00000     0.00000     0.00000     0.00000     0.00000     0.00000     0.00000
   -13.25811     0.00000     0.00000     0.00000     0.00000     0.00000     0.00000     0.00000     0.00000
   -13.23511     0.00000     0.00000     0.00000     0.00000     0.00000     0.00000     0.00000     0.00000
   -13.21211     0.00000     0.00000     0.00000     0.00000     0.00000     0.00000     0.00000     0.00000
   -13.18811     0.00000     0.00000     0.00000     0.00000     0.00000     0.00000     0.00000     0.00000
   -13.16511     0.00000     0.00000     0.00000     0.00000     0.00000     0.00000     0.00000     0.00000
   -13.14211     0.00000     0.00000     0.00000     0.00000     0.00000     0.00000     0.00000     0.00000
   -13.11911     0.00000     0.00000     0.00000     0.00000     0.00000     0.00000     0.00000     0.00000
   -13.09611     0.00000     0.00000     0.00000     0.00000     0.00000     0.00000     0.00000     0.00000
   -13.07311     0.00000     0.00000     0.00000     0.00000     0.00000     0.00000     0.00000     0.00000
   -13.04911     0.00000     0.00000     0.00000     0.00000     0.00000     0.00000     0.00000     0.00000
   -13.02611     0.00000     0.00000     0.00000     0.00000     0.00000     0.00000     0.00000     0.00000
   -13.00311     0.00000     0.00000     0.00000     0.00000     0.00000     0.00000     0.00000     0.00000
   -12.98011     0.00000     0.00000     0.00000     0.00000     0.00000     0.00000     0.00000     0.00000
   -12.95711     0.00000     0.00000     0.00000     0.00000     0.00000     0.00000     0.00000     0.00000
   -12.93311     0.00000     0.00000     0.00000     0.00000     0.00000     0.00000     0.00000     0.00000
   -12.91011     0.00000     0.00000     0.00000     0.00000     0.00000     0.00000     0.00000     0.00000
   -12.88711     0.00000     0.00000     0.00000     0.00000     0.00000     0.00000     0.00000     0.00000
   -12.86411     0.00000     0.00000     0.00000     0.00000     0.00000     0.00000     0.00000     0.00000
   -12.84111     0.00000     0.00000     0.00000     0.00000     0.00000     0.00000     0.00000     0.00000
   -12.81811     0.00000     0.00000     0.00000     0.00000     0.00000     0.00000     0.00000     0.00000
   -12.79411     0.00000     0.00000     0.00000     0.00000     0.00000     0.00000     0.00000     0.00000
   -12.77111     0.00000     0.00000     0.00000     0.00000     0.00000     0.00000     0.00000     0.00000
   -12.74811     0.00000     0.00000     0.00000     0.00000     0.00000     0.00000     0.00000     0.00000
   -12.72511     0.00000     0.00000     0.00000     0.00000     0.00000     0.00000     0.00000     0.00000
   -12.70211     0.00000     0.00000     0.00000     0.00000     0.00000     0.00000     0.00000     0.00000
   -12.67911     0.00000     0.00000     0.00000     0.00000     0.00000     0.00000     0.00000     0.00000
   -12.65511     0.00000     0.00000     0.00000     0.00000     0.00000     0.00000     0.00000     0.00000
   -12.63211     0.00000     0.00000     0.00000     0.00000     0.00000     0.00000     0.00000     0.00000
   -12.60911     0.00000     0.00000     0.00000     0.00000     0.00000     0.00000     0.00000     0.00000
   -12.58611     0.00000     0.00000     0.00000     0.00000     0.00000     0.00000     0.00000     0.00000
   -12.56311     0.00000     0.00000     0.00000     0.00000     0.00000     0.00000     0.00000     0.00000
   -12.53911     0.00000     0.00000     0.00000     0.00000     0.00000     0.00000     0.00000     0.00000
   -12.51611     0.00000     0.00000     0.00000     0.00000     0.00000     0.00000     0.00000     0.00000
   -12.49311     0.00000     0.00000     0.00000     0.00000     0.00000     0.00000     0.00000     0.00000
   -12.47011     0.00000     0.00000     0.00000     0.00000     0.00000     0.00000     0.00000     0.00000
   -12.44711     0.00000     0.00000     0.00000     0.00000     0.00000     0.00000     0.00000     0.00000
   -12.42411     0.00000     0.00000     0.00000     0.00000     0.00000     0.00000     0.00000     0.00000
   -12.40011     0.00000     0.00000     0.00000     0.00000     0.00000     0.00000     0.00000     0.00000
   -12.37711     0.00000     0.00000     0.00000     0.00000     0.00000     0.00000     0.00000     0.00000
   -12.35411     0.00000     0.00000     0.00000     0.00000     0.00000     0.00000     0.00000     0.00000
   -12.33111     0.00000     0.00000     0.00000     0.00000     0.00000     0.00000     0.00000     0.00000
   -12.30811     0.00000     0.00000     0.00000     0.00000     0.00000     0.00000     0.00000     0.00000
   -12.28411     0.00000     0.00000     0.00000     0.00000     0.00000     0.00000     0.00000     0.00000
   -12.26111     0.00000     0.00000     0.00000     0.00000     0.00000     0.00000     0.00000     0.00000
   -12.23811     0.00000     0.00000     0.00000     0.00000     0.00000     0.00000     0.00000     0.00000
   -12.21511     0.00000     0.00000     0.00000     0.00000     0.00000     0.00000     0.00000     0.00000
   -12.19211     0.00000     0.00000     0.00000     0.00000     0.00000     0.00000     0.00000     0.00000
   -12.16911     0.00000     0.00000     0.00000     0.00000     0.00000     0.00000     0.00000     0.00000
   -12.14511     0.00000     0.00000     0.00000     0.00000     0.00000     0.00000     0.00000     0.00000
   -12.12211     0.00000     0.00000     0.00000     0.00000     0.00000     0.00000     0.00000     0.00000
   -12.09911     0.00000     0.00000     0.00000     0.00000     0.00000     0.00000     0.00000     0.00000
   -12.07611     0.00000     0.00000     0.00000     0.00000     0.00000     0.00000     0.00000     0.00000
   -12.05311     0.00000     0.00000     0.00000     0.00000     0.00000     0.00000     0.00000     0.00000
   -12.03011     0.00000     0.00000     0.00000     0.00000     0.00000     0.00000     0.00000     0.00000
   -12.00611     0.00000     0.00000     0.00000     0.00000     0.00000     0.00000     0.00000     0.00000
   -11.98311     0.00000     0.00000     0.00000     0.00000     0.00000     0.00000     0.00000     0.00000
   -11.96011     0.00000     0.00000     0.00000     0.00000     0.00000     0.00000     0.00000     0.00000
   -11.93711     0.00000     0.00000     0.00000     0.00000     0.00000     0.00000     0.00000     0.00000
   -11.91411     0.00000     0.00000     0.00000     0.00000     0.00000     0.00000     0.00000     0.00000
   -11.89011     0.00000     0.00000     0.00000     0.00000     0.00000     0.00000     0.00000     0.00000
   -11.86711     0.00000     0.00000     0.00000     0.00000     0.00000     0.00000     0.00000     0.00000
   -11.84411     0.00000     0.00000     0.00000     0.00000     0.00000     0.00000     0.00000     0.00000
   -11.82111     0.00000     0.00000     0.00000     0.00000     0.00000     0.00000     0.00000     0.00000
   -11.79811     0.00000     0.00000     0.00000     0.00000     0.00000     0.00000     0.00000     0.00000
   -11.77511     0.00000     0.00000     0.00000     0.00000     0.00000     0.00000     0.00000     0.00000
   -11.75111     0.00000     0.00000     0.00000     0.00000     0.00000     0.00000     0.00000     0.00000
   -11.72811     0.00000     0.00000     0.00000     0.00000     0.00000     0.00000     0.00000     0.00000
   -11.70511     0.00000     0.00000     0.00000     0.00000     0.00000     0.00000     0.00000     0.00000
   -11.68211     0.00000     0.00000     0.00000     0.00000     0.00000     0.00000     0.00000     0.00000
   -11.65911     0.00000     0.00000     0.00000     0.00000     0.00000     0.00000     0.00000     0.00000
   -11.63611     0.00000     0.00000     0.00000     0.00000     0.00000     0.00000     0.00000     0.00000
   -11.61211     0.00000     0.00000     0.00000     0.00000     0.00000     0.00000     0.00000     0.00000
   -11.58911     0.00000     0.00000     0.00000     0.00000     0.00000     0.00000     0.00000     0.00000
   -11.56611     0.00000     0.00000     0.00000     0.00000     0.00000     0.00000     0.00000     0.00000
   -11.54311     0.00000     0.00000     0.00000     0.00000     0.00000     0.00000     0.00000     0.00000
   -11.52011     0.00000     0.00000     0.00000     0.00000     0.00000     0.00000     0.00000     0.00000
   -11.49611     0.00000     0.00000     0.00000     0.00000     0.00000     0.00000     0.00000     0.00000
   -11.47311     0.00000     0.00000     0.00000     0.00000     0.00000     0.00000     0.00000     0.00000
   -11.45011     0.00000     0.00000     0.00000     0.00000     0.00000     0.00000     0.00000     0.00000
   -11.42711     0.00000     0.00000     0.00000     0.00000     0.00000     0.00000     0.00000     0.00000
   -11.40411     0.00000     0.00000     0.00000     0.00000     0.00000     0.00000     0.00000     0.00000
   -11.38111     0.00000     0.00000     0.00000     0.00000     0.00000     0.00000     0.00000     0.00000
   -11.35711     0.00000     0.00000     0.00000     0.00000     0.00000     0.00000     0.00000     0.00000
   -11.33411     0.00000     0.00000     0.00000     0.00000     0.00000     0.00000     0.00000     0.00000
   -11.31111     0.00000     0.00000     0.00000     0.00000     0.00000     0.00000     0.00000     0.00000
   -11.28811     0.00000     0.00000     0.00000     0.00000     0.00000     0.00000     0.00000     0.00000
   -11.26511     0.00000     0.00000     0.00000     0.00000     0.00000     0.00000     0.00000     0.00000
   -11.24211     0.00000     0.00000     0.00000     0.00000     0.00000     0.00000     0.00000     0.00000
   -11.21811     0.00000     0.00000     0.00000     0.00000     0.00000     0.00000     0.00000     0.00000
   -11.19511     0.00000     0.00000     0.00000     0.00000     0.00000     0.00000     0.00000     0.00000
   -11.17211     0.00000     0.00000     0.00000     0.00000     0.00000     0.00000     0.00000     0.00000
   -11.14911     0.00000     0.00000     0.00000     0.00000     0.00000     0.00000     0.00000     0.00000
   -11.12611     0.00000     0.00000     0.00000     0.00000     0.00000     0.00000     0.00000     0.00000
   -11.10211     0.00000     0.00000     0.00000     0.00000     0.00000     0.00000     0.00000     0.00000
   -11.07911     0.00000     0.00000     0.00000     0.00000     0.00000     0.00000     0.00000     0.00000
   -11.05611     0.00000     0.00000     0.00000     0.00000     0.00000     0.00000     0.00000     0.00000
   -11.03311     0.00000     0.00000     0.00000     0.00000     0.00000     0.00000     0.00000     0.00000
   -11.01011     0.00000     0.00000     0.00000     0.00000     0.00000     0.00000     0.00000     0.00000
   -10.98711     0.00000     0.00000     0.00000     0.00000     0.00000     0.00000     0.00000     0.00000
   -10.96311     0.00000     0.00000     0.00000     0.00000     0.00000     0.00000     0.00000     0.00000
   -10.94011     0.00000     0.00000     0.00000     0.00000     0.00000     0.00000     0.00000     0.00000
   -10.91711     0.00000     0.00000     0.00000     0.00000     0.00000     0.00000     0.00000     0.00000
   -10.89411     0.00000     0.00000     0.00000     0.00000     0.00000     0.00000     0.00000     0.00000
   -10.87111     0.00000     0.00000     0.00000     0.00000     0.00000     0.00000     0.00000     0.00000
   -10.84811     0.00000     0.00000     0.00000     0.00000     0.00000     0.00000     0.00000     0.00000
   -10.82411     0.00000     0.00000     0.00000     0.00000     0.00000     0.00000     0.00000     0.00000
   -10.80111     0.00000     0.00000     0.00000     0.00000     0.00000     0.00000     0.00000     0.00000
   -10.77811     0.00000     0.00000     0.00000     0.00000     0.00000     0.00000     0.00000     0.00000
   -10.75511     0.00000     0.00000     0.00000     0.00000     0.00000     0.00000     0.00000     0.00000
   -10.73211     0.00000     0.00000     0.00000     0.00000     0.00000     0.00000     0.00000     0.00000
   -10.70811     0.00000     0.00000     0.00000     0.00000     0.00000     0.00000     0.00000     0.00000
   -10.68511     0.00000     0.00000     0.00000     0.00000     0.00000     0.00000     0.00000     0.00000
   -10.66211     0.00000     0.00000     0.00000     0.00000     0.00000     0.00000     0.00000     0.00000
   -10.63911     0.00000     0.00000     0.00000     0.00000     0.00000     0.00000     0.00000     0.00000
   -10.61611     0.00000     0.00000     0.00000     0.00000     0.00000     0.00000     0.00000     0.00000
   -10.59311     0.00000     0.00000     0.00000     0.00000     0.00000     0.00000     0.00000     0.00000
   -10.56911     0.00000     0.00000     0.00000     0.00000     0.00000     0.00000     0.00000     0.00000
   -10.54611     0.00000     0.00000     0.00000     0.00000     0.00000     0.00000     0.00000     0.00000
   -10.52311     0.00000     0.00000     0.00000     0.00000     0.00000     0.00000     0.00000     0.00000
   -10.50011     0.00000     0.00000     0.00000     0.00000     0.00000     0.00000     0.00000     0.00000
   -10.47711     0.00000     0.00000     0.00000     0.00000     0.00000     0.00000     0.00000     0.00000
   -10.45411     0.00000     0.00000     0.00000     0.00000     0.00000     0.00000     0.00000     0.00000
   -10.43011     0.00000     0.00000     0.00000     0.00000     0.00000     0.00000     0.00000     0.00000
   -10.40711     0.00000     0.00000     0.00000     0.00000     0.00000     0.00000     0.00000     0.00000
   -10.38411     0.00000     0.00000     0.00000     0.00000     0.00000     0.00000     0.00000     0.00000
   -10.36111     0.00000     0.00000     0.00000     0.00000     0.00000     0.00000     0.00000     0.00000
   -10.33811     0.00000     0.00000     0.00000     0.00000     0.00000     0.00000     0.00000     0.00000
   -10.31411     0.00000     0.00000     0.00000     0.00000     0.00000     0.00000     0.00000     0.00000
   -10.29111     0.00000     0.00000     0.00000     0.00000     0.00000     0.00000     0.00000     0.00000
   -10.26811     0.00000     0.00000     0.00000     0.00000     0.00000     0.00000     0.00000     0.00000
   -10.24511     0.00000     0.00000     0.00000     0.00000     0.00000     0.00000     0.00000     0.00000
   -10.22211     0.00000     0.00000     0.00000     0.00000     0.00000     0.00000     0.00000     0.00000
   -10.19911     0.00000     0.00000     0.00000     0.00000     0.00000     0.00000     0.00000     0.00000
   -10.17511     0.00000     0.00000     0.00000     0.00000     0.00000     0.00000     0.00000     0.00000
   -10.15211     0.00000     0.00000     0.00000     0.00000     0.00000     0.00000     0.00000     0.00000
   -10.12911     0.00000     0.00000     0.00000     0.00000     0.00000     0.00000     0.00000     0.00000
   -10.10611     0.00000     0.00000     0.00000     0.00000     0.00000     0.00000     0.00000     0.00000
   -10.08311     0.00000     0.00000     0.00000     0.00000     0.00000     0.00000     0.00000     0.00000
   -10.06011     0.00000     0.00000     0.00000     0.00000     0.00000     0.00000     0.00000     0.00000
   -10.03611     0.00000     0.00000     0.00000     0.00000     0.00000     0.00000     0.00000     0.00000
   -10.01311     0.00000     0.00000     0.00000     0.00000     0.00000     0.00000     0.00000     0.00000
    -9.99011     0.00000     0.00000     0.00000     0.00000     0.00000     0.00000     0.00000     0.00000
    -9.96711     0.00000     0.00000     0.00000     0.00000     0.00000     0.00000     0.00000     0.00000
    -9.94411     0.00000     0.00000     0.00000     0.00000     0.00000     0.00000     0.00000     0.00000
    -9.92011     0.00000     0.00000     0.00000     0.00000     0.00000     0.00000     0.00000     0.00000
    -9.89711     0.00000     0.00000     0.00000     0.00000     0.00000     0.00000     0.00000     0.00000
    -9.87411     0.00000     0.00000     0.00000     0.00000     0.00000     0.00000     0.00000     0.00000
    -9.85111     0.00000     0.00000     0.00000     0.00000     0.00000     0.00000     0.00000     0.00000
    -9.82811     0.00000     0.00000     0.00000     0.00000     0.00000     0.00000     0.00000     0.00000
    -9.80511     0.00000     0.00000     0.00000     0.00000     0.00000     0.00000     0.00000     0.00000
    -9.78111     0.00000     0.00000     0.00000     0.00000     0.00000     0.00000     0.00000     0.00000
    -9.75811     0.00000     0.00000     0.00000     0.00000     0.00000     0.00000     0.00000     0.00000
    -9.73511     0.00000     0.00000     0.00000     0.00000     0.00000     0.00000     0.00000     0.00000
    -9.71211     0.00000     0.00000     0.00000     0.00000     0.00000     0.00000     0.00000     0.00000
    -9.68911     0.00000     0.00000     0.00000     0.00000     0.00000     0.00000     0.00000     0.00000
    -9.66611     0.00000     0.00000     0.00000     0.00000     0.00000     0.00000     0.00000     0.00000
    -9.64211     0.00000     0.00000     0.00000     0.00000     0.00000     0.00000     0.00000     0.00000
    -9.61911     0.00000     0.00000     0.00000     0.00000     0.00000     0.00000     0.00000     0.00000
    -9.59611     0.00000     0.00000     0.00000     0.00000     0.00000     0.00000     0.00000     0.00000
    -9.57311     0.00000     0.00000     0.00000     0.00000     0.00000     0.00000     0.00000     0.00000
    -9.55011     0.00000     0.00000     0.00000     0.00000     0.00000     0.00000     0.00000     0.00000
    -9.52611     0.00000     0.00000     0.00000     0.00000     0.00000     0.00000     0.00000     0.00000
    -9.50311     0.00000     0.00000     0.00000     0.00000     0.00000     0.00000     0.00000     0.00000
    -9.48011     0.00000     0.00000     0.00000     0.00000     0.00000     0.00000     0.00000     0.00000
    -9.45711     0.00000     0.00000     0.00000     0.00000     0.00000     0.00000     0.00000     0.00000
    -9.43411     0.00000     0.00000     0.00000     0.00000     0.00000     0.00000     0.00000     0.00000
    -9.41111     0.00000     0.00000     0.00000     0.00000     0.00000     0.00000     0.00000     0.00000
    -9.38711     0.00000     0.00000     0.00000     0.00000     0.00000     0.00000     0.00000     0.00000
    -9.36411     0.00000     0.00000     0.00000     0.00000     0.00000     0.00000     0.00000     0.00000
    -9.34111     0.00000     0.00000     0.00000     0.00000     0.00000     0.00000     0.00000     0.00000
    -9.31811     0.00000     0.00000     0.00000     0.00000     0.00000     0.00000     0.00000     0.00000
    -9.29511     0.00000     0.00000     0.00000     0.00000     0.00000     0.00000     0.00000     0.00000
    -9.27211     0.00000     0.00000     0.00000     0.00000     0.00000     0.00000     0.00000     0.00000
    -9.24811     0.00000     0.00000     0.00000     0.00000     0.00000     0.00000     0.00000     0.00000
    -9.22511     0.00000     0.00000     0.00000     0.00000     0.00000     0.00000     0.00000     0.00000
    -9.20211     0.00000     0.00000     0.00000     0.00000     0.00000     0.00000     0.00000     0.00000
    -9.17911     0.00000     0.00000     0.00000     0.00000     0.00000     0.00000     0.00000     0.00000
    -9.15611     0.00000     0.00000     0.00000     0.00000     0.00000     0.00000     0.00000     0.00000
    -9.13211     0.00000     0.00000     0.00000     0.00000     0.00000     0.00000     0.00000     0.00000
    -9.10911     0.00000     0.00000     0.00000     0.00000     0.00000     0.00000     0.00000     0.00000
    -9.08611     0.00000     0.00000     0.00000     0.00000     0.00000     0.00000     0.00000     0.00000
    -9.06311     0.00000     0.00000     0.00000     0.00000     0.00000     0.00000     0.00000     0.00000
    -9.04011     0.00000     0.00000     0.00000     0.00000     0.00000     0.00000     0.00000     0.00000
    -9.01711     0.00000     0.00000     0.00000     0.00000     0.00000     0.00000     0.00000     0.00000
    -8.99311     0.00000     0.00000     0.00000     0.00000     0.00000     0.00000     0.00000     0.00000
    -8.97011     0.00000     0.00000     0.00000     0.00000     0.00000     0.00000     0.00000     0.00000
    -8.94711     0.00000     0.00000     0.00000     0.00000     0.00000     0.00000     0.00000     0.00000
    -8.92411     0.00000     0.00000     0.00000     0.00000     0.00000     0.00000     0.00000     0.00000
    -8.90111     0.00000     0.00000     0.00000     0.00000     0.00000     0.00000     0.00000     0.00000
    -8.87811     0.00000     0.00000     0.00000     0.00000     0.00000     0.00000     0.00000     0.00000
    -8.85411     0.00000     0.00000     0.00000     0.00000     0.00000     0.00000     0.00000     0.00000
    -8.83111     0.00000     0.00000     0.00000     0.00000     0.00000     0.00000     0.00000     0.00000
    -8.80811     0.00000     0.00000     0.00000     0.00000     0.00000     0.00000     0.00000     0.00000
    -8.78511     0.00000     0.00000     0.00000     0.00000     0.00000     0.00000     0.00000     0.00000
    -8.76211     0.00000     0.00000     0.00000     0.00000     0.00000     0.00000     0.00000     0.00000
    -8.73811     0.00000     0.00000     0.00000     0.00000     0.00000     0.00000     0.00000     0.00000
    -8.71511     0.00000     0.00000     0.00000     0.00000     0.00000     0.00000     0.00000     0.00000
    -8.69211     0.00000     0.00000     0.00000     0.00000     0.00000     0.00000     0.00000     0.00000
    -8.66911     0.00000     0.00000     0.00000     0.00000     0.00000     0.00000     0.00000     0.00000
    -8.64611     0.00000     0.00000     0.00000     0.00000     0.00000     0.00000     0.00000     0.00000
    -8.62311     0.00000     0.00000     0.00000     0.00000     0.00000     0.00000     0.00000     0.00000
    -8.59911     0.00000     0.00000     0.00000     0.00000     0.00000     0.00000     0.00000     0.00000
    -8.57611     0.00000     0.00000     0.00000     0.00000     0.00000     0.00000     0.00000     0.00000
    -8.55311     0.00000     0.00000     0.00000     0.00000     0.00000     0.00000     0.00000     0.00000
    -8.53011     0.00000     0.00000     0.00000     0.00000     0.00000     0.00000     0.00000     0.00000
    -8.50711     0.00000     0.00000     0.00000     0.00000     0.00000     0.00000     0.00000     0.00000
    -8.48411     0.00000     0.00000     0.00000     0.00000     0.00000     0.00000     0.00000     0.00000
    -8.46011     0.00000     0.00000     0.00000     0.00000     0.00000     0.00000     0.00000     0.00000
    -8.43711     0.00000     0.00000     0.00000     0.00000     0.00000     0.00000     0.00000     0.00000
    -8.41411     0.00000     0.00000     0.00000     0.00000     0.00000     0.00000     0.00000     0.00000
    -8.39111     0.00000     0.00000     0.00000     0.00000     0.00000     0.00000     0.00000     0.00000
    -8.36811     0.00000     0.00000     0.00000     0.00000     0.00000     0.00000     0.00000     0.00000
    -8.34411     0.00000     0.00000     0.00000     0.00000     0.00000     0.00000     0.00000     0.00000
    -8.32111     0.00000     0.00000     0.00000     0.00000     0.00000     0.00000     0.00000     0.00000
    -8.29811     0.00000     0.00000     0.00000     0.00000     0.00000     0.00000     0.00000     0.00000
    -8.27511     0.00000     0.00000     0.00000     0.00000     0.00000     0.00000     0.00000     0.00000
    -8.25211     0.00000     0.00000     0.00000     0.00000     0.00000     0.00000     0.00000     0.00000
    -8.22911     0.00000     0.00000     0.00000     0.00000     0.00000     0.00000     0.00000     0.00000
    -8.20511     0.00000     0.00000     0.00000     0.00000     0.00000     0.00000     0.00000     0.00000
    -8.18211     0.00000     0.00000     0.00000     0.00000     0.00000     0.00000     0.00000     0.00000
    -8.15911     0.00000     0.00000     0.00000     0.00000     0.00000     0.00000     0.00000     0.00000
    -8.13611     0.00000     0.00000     0.00000     0.00000     0.00000     0.00000     0.00000     0.00000
    -8.11311     0.00000     0.00000     0.00000     0.00000     0.00000     0.00000     0.00000     0.00000
    -8.09011     0.00000     0.00000     0.00000     0.00000     0.00000     0.00000     0.00000     0.00000
    -8.06611     0.00000     0.00000     0.00000     0.00000     0.00000     0.00000     0.00000     0.00000
    -8.04311     0.00000     0.00000     0.00000     0.00000     0.00000     0.00000     0.00000     0.00000
    -8.02011     0.00000     0.00000     0.00000     0.00000     0.00000     0.00000     0.00000     0.00000
    -7.99711     0.00000     0.00000     0.00000     0.00000     0.00000     0.00000     0.00000     0.00000
    -7.97411     0.00000     0.00000     0.00000     0.00000     0.00000     0.00000     0.00000     0.00000
    -7.95011     0.00000     0.00000     0.00000     0.00000     0.00000     0.00000     0.00000     0.00000
    -7.92711     0.00000     0.00000     0.00000     0.00000     0.00000     0.00000     0.00000     0.00000
    -7.90411     0.00000     0.00000     0.00000     0.00000     0.00000     0.00000     0.00000     0.00000
    -7.88111     0.00000     0.00000     0.00000     0.00000     0.00000     0.00000     0.00000     0.00000
    -7.85811     0.00000     0.00000     0.00000     0.00000     0.00000     0.00000     0.00000     0.00000
    -7.83511     0.00000     0.00000     0.00000     0.00000     0.00000     0.00000     0.00000     0.00000
    -7.81111     0.00000     0.00000     0.00000     0.00000     0.00000     0.00000     0.00000     0.00000
    -7.78811     0.00000     0.00000     0.00000     0.00000     0.00000     0.00000     0.00000     0.00000
    -7.76511     0.00000     0.00000     0.00000     0.00000     0.00000     0.00000     0.00000     0.00000
    -7.74211     0.00000     0.00000     0.00000     0.00000     0.00000     0.00000     0.00000     0.00000
    -7.71911     0.00000     0.00000     0.00000     0.00000     0.00000     0.00000     0.00000     0.00000
    -7.69611     0.00000     0.00000     0.00000     0.00000     0.00000     0.00000     0.00000     0.00000
    -7.67211     0.00000     0.00000     0.00000     0.00000     0.00000     0.00000     0.00000     0.00000
    -7.64911     0.00000     0.00000     0.00000     0.00000     0.00000     0.00000     0.00000     0.00000
    -7.62611     0.00000     0.00000     0.00000     0.00000     0.00000     0.00000     0.00000     0.00000
    -7.60311     0.00000     0.00000     0.00000     0.00000     0.00000     0.00000     0.00000     0.00000
    -7.58011     0.00000     0.00000     0.00000     0.00000     0.00000     0.00000     0.00000     0.00000
    -7.55611     0.00000     0.00000     0.00000     0.00000     0.00000     0.00000     0.00000     0.00000
    -7.53311     0.00000     0.00000     0.00000     0.00000     0.00000     0.00000     0.00000     0.00000
    -7.51011     0.00000     0.00000     0.00000     0.00000     0.00000     0.00000     0.00000     0.00000
    -7.48711     0.00000     0.00000     0.00000     0.00000     0.00000     0.00000     0.00000     0.00000
    -7.46411     0.00000     0.00000     0.00000     0.00000     0.00000     0.00000     0.00000     0.00000
    -7.44111     0.00000     0.00000     0.00000     0.00000     0.00000     0.00000     0.00000     0.00000
    -7.41711     0.00000     0.00000     0.00000     0.00000     0.00000     0.00000     0.00000     0.00000
    -7.39411     0.00000     0.00000     0.00000     0.00000     0.00000     0.00000     0.00000     0.00000
    -7.37111     0.00000     0.00000     0.00001     0.00000     0.00000     0.00000     0.00000     0.00000
    -7.34811     0.00000     0.00000     0.00002     0.00000     0.00000     0.00000     0.00000     0.00000
    -7.32511     0.00000     0.00000     0.00004     0.00000     0.00000     0.00000     0.00000     0.00000
    -7.30211     0.00000     0.00000     0.00007     0.00000     0.00000     0.00000     0.00000     0.00000
    -7.27811     0.00000     0.00000     0.00014     0.00000     0.00000     0.00000     0.00000     0.00000
    -7.25511     0.00000     0.00000     0.00026     0.00000     0.00000     0.00000     0.00000     0.00000
    -7.23211     0.00000     0.00001     0.00048     0.00001     0.00000     0.00000     0.00000     0.00000
    -7.20911     0.00000     0.00002     0.00084     0.00001     0.00000     0.00000     0.00000     0.00000
    -7.18611     0.00000     0.00003     0.00145     0.00003     0.00001     0.00001     0.00000     0.00000
    -7.16211     0.00000     0.00006     0.00245     0.00004     0.00001     0.00001     0.00000     0.00001
    -7.13911     0.00001     0.00010     0.00402     0.00007     0.00002     0.00002     0.00001     0.00001
    -7.11611     0.00001     0.00018     0.00645     0.00012     0.00004     0.00004     0.00001     0.00002
    -7.09311     0.00002     0.00033     0.01011     0.00019     0.00007     0.00006     0.00002     0.00004
    -7.07011     0.00002     0.00058     0.01550     0.00029     0.00011     0.00010     0.00003     0.00008
    -7.04711     0.00004     0.00103     0.02324     0.00044     0.00020     0.00015     0.00005     0.00014
    -7.02311     0.00005     0.00180     0.03409     0.00066     0.00033     0.00024     0.00008     0.00026
    -7.00011     0.00008     0.00311     0.04894     0.00097     0.00056     0.00039     0.00012     0.00046
    -6.97711     0.00011     0.00533     0.06884     0.00140     0.00094     0.00060     0.00020     0.00081
    -6.95411     0.00015     0.00902     0.09490     0.00199     0.00156     0.00093     0.00031     0.00140
    -6.93111     0.00020     0.01504     0.12827     0.00279     0.00255     0.00143     0.00050     0.00237
    -6.90711     0.00027     0.02470     0.17008     0.00383     0.00414     0.00218     0.00078     0.00395
    -6.88411     0.00036     0.03986     0.22137     0.00520     0.00663     0.00329     0.00121     0.00643
    -6.86111     0.00047     0.06317     0.28292     0.00695     0.01045     0.00490     0.00186     0.01026
    -6.83811     0.00060     0.09817     0.35524     0.00917     0.01620     0.00720     0.00281     0.01600
    -6.81511     0.00075     0.14948     0.43834     0.01195     0.02466     0.01043     0.00417     0.02441
    -6.79211     0.00093     0.22274     0.53180     0.01538     0.03683     0.01486     0.00609     0.03638
    -6.76811     0.00113     0.32474     0.63452     0.01958     0.05389     0.02081     0.00870     0.05297
    -6.74511     0.00136     0.46273     0.74482     0.02463     0.07722     0.02857     0.01219     0.07530
    -6.72211     0.00160     0.64429     0.86045     0.03065     0.10827     0.03843     0.01669     0.10448
    -6.69911     0.00186     0.87625     0.97851     0.03769     0.14841     0.05061     0.02235     0.14149
    -6.67611     0.00214     1.16361     1.09587     0.04580     0.19881     0.06518     0.02925     0.18696
    -6.65311     0.00243     1.50840     1.20908     0.05496     0.26017     0.08205     0.03738     0.24101
    -6.62911     0.00273     1.90825     1.31458     0.06510     0.33252     0.10089     0.04662     0.30301
    -6.60611     0.00303     2.35639     1.40917     0.07605     0.41485     0.12112     0.05676     0.37160
    -6.58311     0.00334     2.83662     1.49006     0.08756     0.50530     0.14192     0.06740     0.44442
    -6.56011     0.00367     3.33400     1.55515     0.09928     0.60073     0.16225     0.07810     0.51833
    -6.53711     0.00402     3.82307     1.60320     0.11081     0.69699     0.18095     0.08827     0.58964
    -6.51311     0.00442     4.27664     1.63413     0.12167     0.78923     0.19679     0.09729     0.65418
    -6.49011     0.00491     4.66783     1.64889     0.13146     0.87253     0.20870     0.10462     0.70777
    -6.46711     0.00552     4.97410     1.64964     0.13977     0.94212     0.21600     0.10973     0.74714
    -6.44411     0.00632     5.17540     1.63982     0.14634     0.99396     0.21790     0.11232     0.76962
    -6.42111     0.00737     5.26180     1.62339     0.15102     1.02531     0.21440     0.11219     0.77407
    -6.39811     0.00875     5.23100     1.60546     0.15390     1.03576     0.20580     0.10947     0.76068
    -6.37411     0.01053     5.09240     1.59102     0.15524     1.02601     0.19278     0.10438     0.73082
    -6.35111     0.01277     4.86390     1.58466     0.15543     0.99908     0.17631     0.09741     0.68780
    -6.32811     0.01555     4.57040     1.59060     0.15499     0.95937     0.15755     0.08908     0.63533
    -6.30511     0.01888     4.23760     1.61135     0.15449     0.91233     0.13773     0.08002     0.57759
    -6.28211     0.02277     3.89680     1.64809     0.15443     0.86319     0.11795     0.07084     0.51900
    -6.25911     0.02716     3.57180     1.69999     0.15524     0.81731     0.09918     0.06204     0.46318
    -6.23511     0.03196     3.28500     1.76437     0.15713     0.77867     0.08212     0.05404     0.41321
    -6.21211     0.03702     3.04540     1.83693     0.16014     0.74980     0.06719     0.04708     0.37093
    -6.18911     0.04213     2.86210     1.91204     0.16407     0.73163     0.05461     0.04127     0.33717
    -6.16611     0.04705     2.73160     1.98326     0.16854     0.72330     0.04430     0.03660     0.31163
    -6.14311     0.05153     2.64480     2.04397     0.17305     0.72253     0.03609     0.03293     0.29333
    -6.11911     0.05528     2.58730     2.08821     0.17699     0.72610     0.02968     0.03009     0.28053
    -6.09611     0.05808     2.54540     2.11118     0.17982     0.73029     0.02471     0.02785     0.27133
    -6.07311     0.05974     2.50370     2.10949     0.18102     0.73126     0.02087     0.02598     0.26376
    -6.05011     0.06012     2.44850     2.08245     0.18029     0.72591     0.01787     0.02432     0.25604
    -6.02711     0.05919     2.36948     2.03114     0.17752     0.71185     0.01545     0.02269     0.24685
    -6.00411     0.05700     2.26140     1.95953     0.17284     0.68800     0.01347     0.02102     0.23531
    -5.98011     0.05368     2.12401     1.87339     0.16663     0.65440     0.01180     0.01927     0.22108
    -5.95711     0.04943     1.95728     1.78056     0.15949     0.61232     0.01038     0.01742     0.20426
    -5.93411     0.04451     1.77024     1.68986     0.15215     0.56392     0.00919     0.01553     0.18533
    -5.91111     0.03919     1.56883     1.61082     0.14550     0.51191     0.00824     0.01365     0.16504
    -5.88811     0.03374     1.36165     1.55261     0.14038     0.45932     0.00753     0.01185     0.14424
    -5.86511     0.02840     1.15879     1.52323     0.13762     0.40913     0.00708     0.01018     0.12386
    -5.84111     0.02338     0.96698     1.52906     0.13790     0.36408     0.00689     0.00871     0.10464
    -5.81811     0.01883     0.79224     1.57410     0.14170     0.32624     0.00698     0.00747     0.08726
    -5.79511     0.01484     0.63863     1.65969     0.14926     0.29698     0.00732     0.00649     0.07209
    -5.77211     0.01146     0.50805     1.78428     0.16057     0.27707     0.00788     0.00575     0.05937
    -5.74911     0.00867     0.40074     1.94375     0.17538     0.26644     0.00864     0.00525     0.04912
    -5.72511     0.00645     0.31534     2.13143     0.19314     0.26455     0.00954     0.00496     0.04121
    -5.70211     0.00472     0.24960     2.33882     0.21318     0.27031     0.01053     0.00485     0.03539
    -5.67911     0.00342     0.20068     2.55603     0.23463     0.28236     0.01156     0.00487     0.03134
    -5.65611     0.00246     0.16546     2.77295     0.25657     0.29915     0.01257     0.00499     0.02870
    -5.63311     0.00178     0.14072     2.97923     0.27803     0.31906     0.01351     0.00517     0.02712
    -5.61011     0.00130     0.12386     3.16579     0.29812     0.34065     0.01435     0.00538     0.02629
    -5.58611     0.00098     0.11247     3.32501     0.31604     0.36263     0.01506     0.00560     0.02593
    -5.56311     0.00076     0.10457     3.45140     0.33123     0.38408     0.01562     0.00579     0.02581
    -5.54011     0.00062     0.09876     3.54216     0.34330     0.40449     0.01604     0.00596     0.02579
    -5.51711     0.00052     0.09401     3.59718     0.35215     0.42379     0.01631     0.00610     0.02575
    -5.49411     0.00045     0.08968     3.61921     0.35798     0.44247     0.01648     0.00621     0.02565
    -5.47111     0.00041     0.08540     3.61344     0.36124     0.46153     0.01658     0.00630     0.02546
    -5.44711     0.00037     0.08100     3.58709     0.36260     0.48259     0.01663     0.00638     0.02521
    -5.42411     0.00034     0.07649     3.54863     0.36289     0.50774     0.01668     0.00646     0.02494
    -5.40111     0.00031     0.07194     3.50638     0.36294     0.53973     0.01676     0.00654     0.02469
    -5.37811     0.00029     0.06746     3.46830     0.36356     0.58184     0.01688     0.00664     0.02455
    -5.35511     0.00027     0.06320     3.44019     0.36533     0.63802     0.01706     0.00677     0.02456
    -5.33111     0.00025     0.05924     3.42573     0.36868     0.71298     0.01728     0.00691     0.02477
    -5.30811     0.00024     0.05568     3.42610     0.37367     0.81224     0.01754     0.00707     0.02523
    -5.28511     0.00023     0.05255     3.44001     0.38017     0.94248     0.01780     0.00724     0.02598
    -5.26211     0.00023     0.04983     3.46478     0.38790     1.11154     0.01804     0.00742     0.02707
    -5.23911     0.00022     0.04754     3.49711     0.39650     1.32853     0.01821     0.00760     0.02851
    -5.21611     0.00023     0.04564     3.53461     0.40576     1.60406     0.01830     0.00777     0.03037
    -5.19211     0.00023     0.04409     3.57691     0.41570     1.94964     0.01830     0.00796     0.03269
    -5.16911     0.00024     0.04290     3.62628     0.42668     2.37785     0.01820     0.00816     0.03554
    -5.14611     0.00026     0.04209     3.68802     0.43944     2.90117     0.01802     0.00840     0.03900
    -5.12311     0.00028     0.04170     3.77009     0.45504     3.53111     0.01781     0.00870     0.04312
    -5.10011     0.00031     0.04179     3.88191     0.47468     4.27745     0.01762     0.00909     0.04799
    -5.07711     0.00035     0.04246     4.03308     0.49963     5.14660     0.01749     0.00958     0.05365
    -5.05311     0.00039     0.04377     4.23117     0.53084     6.14046     0.01748     0.01019     0.06010
    -5.03011     0.00045     0.04579     4.48076     0.56884     7.25539     0.01762     0.01094     0.06732
    -5.00711     0.00051     0.04853     4.78050     0.61356     8.48097     0.01796     0.01180     0.07522
    -4.98411     0.00058     0.05197     5.12426     0.66417     9.80018     0.01847     0.01278     0.08364
    -4.96111     0.00065     0.05601     5.50159     0.71918    11.18932     0.01916     0.01384     0.09240
    -4.93711     0.00073     0.06051     5.89558     0.77655    12.61853     0.01998     0.01494     0.10126
    -4.91411     0.00080     0.06528     6.28800     0.83393    14.05508     0.02089     0.01604     0.10996
    -4.89111     0.00086     0.07009     6.65988     0.88896    15.46266     0.02183     0.01709     0.11828
    -4.86811     0.00092     0.07468     6.99410     0.93959    16.80696     0.02277     0.01807     0.12599
    -4.84511     0.00097     0.07884     7.27678     0.98433    18.05818     0.02365     0.01893     0.13297
    -4.82211     0.00101     0.08232     7.50019     1.02249    19.19267     0.02448     0.01966     0.13911
    -4.79811     0.00104     0.08498     7.66346     1.05430    20.19858     0.02527     0.02027     0.14447
    -4.77511     0.00106     0.08674     7.77144     1.08087    21.07253     0.02607     0.02077     0.14922
    -4.75211     0.00107     0.08755     7.83473     1.10404    21.82731     0.02693     0.02120     0.15349
    -4.72911     0.00108     0.08750     7.86796     1.12628    22.48509     0.02793     0.02159     0.15765
    -4.70611     0.00109     0.08675     7.88874     1.15018    23.07947     0.02915     0.02199     0.16201
    -4.68311     0.00111     0.08544     7.91411     1.17840    23.64741     0.03066     0.02244     0.16687
    -4.65911     0.00114     0.08385     7.96052     1.21319    24.23171     0.03251     0.02299     0.17256
    -4.63611     0.00119     0.08222     8.03992     1.25626    24.87057     0.03471     0.02365     0.17932
    -4.61311     0.00125     0.08078     8.15985     1.30860    25.59725     0.03726     0.02444     0.18728
    -4.59011     0.00134     0.07978     8.32369     1.37037    26.43260     0.04009     0.02536     0.19644
    -4.56711     0.00145     0.07938     8.52861     1.44087    27.38653     0.04313     0.02637     0.20669
    -4.54311     0.00158     0.07966     8.76751     1.51869    28.45305     0.04626     0.02745     0.21779
    -4.52011     0.00172     0.08067     9.02863     1.60174    29.61438     0.04935     0.02855     0.22936
    -4.49711     0.00186     0.08236     9.29865     1.68735    30.83769     0.05225     0.02962     0.24099
    -4.47411     0.00201     0.08464     9.56137     1.77274    32.08263     0.05483     0.03061     0.25221
    -4.45111     0.00215     0.08731     9.80026     1.85462    33.29834     0.05696     0.03146     0.26246
    -4.42811     0.00226     0.09018     9.99818     1.93001    34.43440     0.05853     0.03214     0.27135
    -4.40411     0.00235     0.09302    10.14237     1.99595    35.43871     0.05950     0.03261     0.27842
    -4.38111     0.00241     0.09558    10.21884     2.04994    36.26653     0.05982     0.03285     0.28338
    -4.35811     0.00243     0.09766    10.22003     2.09018    36.87994     0.05949     0.03285     0.28600
    -4.33511     0.00242     0.09907    10.14123     2.11541    37.25521     0.05855     0.03261     0.28625
    -4.31211     0.00236     0.09968     9.98175     2.12547    37.38413     0.05708     0.03216     0.28415
    -4.28911     0.00228     0.09940     9.74697     2.12090    37.27312     0.05517     0.03153     0.27996
    -4.26511     0.00216     0.09824     9.44422     2.10368    36.94692     0.05293     0.03077     0.27403
    -4.24211     0.00202     0.09626     9.08902     2.07606    36.45011     0.05052     0.02993     0.26683
    -4.21911     0.00187     0.09359     8.69667     2.04168    35.83748     0.04809     0.02907     0.25896
    -4.19611     0.00172     0.09036     8.28564     2.00436    35.17301     0.04576     0.02826     0.25104
    -4.17311     0.00156     0.08683     7.87703     1.96835    34.53245     0.04369     0.02757     0.24383
    -4.14911     0.00142     0.08318     7.48787     1.93762    33.98359     0.04203     0.02706     0.23791
    -4.12611     0.00129     0.07961     7.13601     1.91560    33.59190     0.04085     0.02678     0.23401
    -4.10311     0.00119     0.07634     6.83408     1.90550    33.40779     0.04023     0.02677     0.23261
    -4.08011     0.00111     0.07351     6.59138     1.90887    33.46641     0.04024     0.02706     0.23409
    -4.05711     0.00106     0.07127     6.41301     1.92669    33.78403     0.04087     0.02763     0.23871
    -4.03411     0.00103     0.06968     6.29837     1.95845    34.35593     0.04210     0.02848     0.24651
    -4.01011     0.00103     0.06882     6.24407     2.00303    35.15545     0.04388     0.02956     0.25740
    -3.98711     0.00106     0.06873     6.24304     2.05823    36.14335     0.04614     0.03082     0.27108
    -3.96411     0.00111     0.06941     6.28553     2.12117    37.26370     0.04878     0.03221     0.28713
    -3.94111     0.00119     0.07085     6.36070     2.18882    38.45731     0.05171     0.03365     0.30503
    -3.91811     0.00130     0.07307     6.45860     2.25784    39.66510     0.05484     0.03508     0.32427
    -3.89511     0.00143     0.07601     6.56798     2.32515    40.82891     0.05806     0.03644     0.34424
    -3.87111     0.00158     0.07968     6.68012     2.38805    41.90050     0.06129     0.03768     0.36443
    -3.84811     0.00176     0.08401     6.78715     2.44393    42.84391     0.06444     0.03876     0.38435
    -3.82511     0.00195     0.08896     6.88403     2.49100    43.63400     0.06746     0.03967     0.40361
    -3.80211     0.00216     0.09444     6.96503     2.52793    44.26104     0.07029     0.04039     0.42185
    -3.77911     0.00239     0.10035     7.02918     2.55380    44.72426     0.07292     0.04093     0.43888
    -3.75511     0.00262     0.10654     7.07382     2.56859    45.03368     0.07534     0.04131     0.45441
    -3.73211     0.00285     0.11287     7.09887     2.57272    45.20724     0.07761     0.04155     0.46834
    -3.70911     0.00307     0.11917     7.10447     2.56708    45.26926     0.07979     0.04170     0.48051
    -3.68611     0.00328     0.12529     7.09264     2.55302    45.24507     0.08196     0.04178     0.49087
    -3.66311     0.00346     0.13107     7.06257     2.53248    45.16174     0.08429     0.04183     0.49932
    -3.64011     0.00362     0.13638     7.01726     2.50724    45.04395     0.08691     0.04189     0.50581
    -3.61611     0.00375     0.14114     6.95545     2.47923    44.91626     0.08996     0.04199     0.51036
    -3.59311     0.00385     0.14532     6.87834     2.45028    44.79392     0.09360     0.04215     0.51303
    -3.57011     0.00392     0.14885     6.78750     2.42211    44.69318     0.09789     0.04239     0.51389
    -3.54711     0.00396     0.15180     6.68099     2.39588    44.62056     0.10288     0.04272     0.51319
    -3.52411     0.00397     0.15422     6.56084     2.37259    44.58325     0.10856     0.04312     0.51117
    -3.50111     0.00396     0.15613     6.42580     2.35297    44.58665     0.11481     0.04359     0.50818
    -3.47711     0.00393     0.15760     6.27720     2.33769    44.63951     0.12146     0.04412     0.50469
    -3.45411     0.00390     0.15868     6.11555     2.32702    44.75275     0.12829     0.04468     0.50118
    -3.43111     0.00385     0.15943     5.94349     2.32189    44.94605     0.13502     0.04525     0.49824
    -3.40811     0.00380     0.15992     5.76309     2.32303    45.24746     0.14137     0.04583     0.49641
    -3.38511     0.00374     0.16018     5.57792     2.33156    45.69114     0.14709     0.04640     0.49627
    -3.36111     0.00369     0.16033     5.39217     2.34874    46.31509     0.15202     0.04695     0.49837
    -3.33811     0.00364     0.16047     5.21003     2.37557    47.16331     0.15599     0.04752     0.50319
    -3.31511     0.00359     0.16073     5.03501     2.41330    48.27488     0.15888     0.04808     0.51108
    -3.29211     0.00355     0.16128     4.87132     2.46253    49.67596     0.16082     0.04867     0.52237
    -3.26911     0.00352     0.16229     4.72078     2.52294    51.38476     0.16183     0.04932     0.53717
    -3.24611     0.00349     0.16392     4.58398     2.59410    53.39924     0.16203     0.05001     0.55547
    -3.22211     0.00346     0.16631     4.46109     2.67451    55.69548     0.16163     0.05075     0.57715
    -3.19911     0.00344     0.16955     4.34950     2.76175    58.22938     0.16064     0.05153     0.60197
    -3.17611     0.00343     0.17368     4.24610     2.85324    60.93645     0.15926     0.05237     0.62958
    -3.15311     0.00341     0.17871     4.14583     2.94580    63.73751     0.15761     0.05319     0.65955
    -3.13011     0.00340     0.18456     4.04438     3.03639    66.54372     0.15564     0.05398     0.69148
    -3.10711     0.00339     0.19114     3.93710     3.12177    69.25995     0.15344     0.05473     0.72496
    -3.08311     0.00339     0.19829     3.82068     3.19968    71.79881     0.15103     0.05541     0.75955
    -3.06011     0.00339     0.20584     3.69225     3.26791    74.07978     0.14845     0.05600     0.79488
    -3.03711     0.00340     0.21360     3.55066     3.32554    76.03881     0.14575     0.05649     0.83054
    -3.01411     0.00341     0.22135     3.39704     3.37160    77.63099     0.14300     0.05693     0.86626
    -2.99111     0.00344     0.22885     3.23264     3.40594    78.83207     0.14027     0.05727     0.90140
    -2.96711     0.00348     0.23586     3.06082     3.42877    79.63683     0.13760     0.05759     0.93563
    -2.94411     0.00353     0.24222     2.88498     3.44066    80.05926     0.13502     0.05788     0.96846
    -2.92111     0.00359     0.24730     2.70937     3.44194    80.12154     0.13253     0.05816     0.99903
    -2.89811     0.00366     0.25128     2.53701     3.43349    79.86028     0.13007     0.05845     1.02677
    -2.87511     0.00374     0.25364     2.37098     3.41541    79.31829     0.12753     0.05871     1.05096
    -2.85211     0.00382     0.25420     2.21344     3.38894    78.53656     0.12477     0.05895     1.07116
    -2.82811     0.00391     0.25276     2.06565     3.35438    77.56106     0.12164     0.05915     1.08682
    -2.80511     0.00399     0.24934     1.92817     3.31268    76.43324     0.11801     0.05926     1.09807
    -2.78211     0.00406     0.24389     1.80120     3.26511    75.19259     0.11376     0.05925     1.10502
    -2.75911     0.00412     0.23682     1.68443     3.21288    73.87591     0.10887     0.05913     1.10772
    -2.73611     0.00417     0.22800     1.57750     3.15759    72.51826     0.10333     0.05888     1.10716
    -2.71311     0.00419     0.21811     1.48021     3.10065    71.15299     0.09723     0.05846     1.10392
    -2.68911     0.00421     0.20750     1.39235     3.04367    69.81030     0.09074     0.05785     1.09924
    -2.66611     0.00420     0.19665     1.31398     2.98805    68.51084     0.08404     0.05714     1.09343
    -2.64311     0.00418     0.18602     1.24520     2.93507    67.27776     0.07735     0.05628     1.08781
    -2.62011     0.00415     0.17600     1.18627     2.88537    66.12424     0.07086     0.05531     1.08263
    -2.59711     0.00411     0.16690     1.13740     2.83962    65.05959     0.06478     0.05427     1.07868
    -2.57311     0.00406     0.15893     1.09878     2.79802    64.08722     0.05925     0.05315     1.07600
    -2.55011     0.00402     0.15216     1.07047     2.76060    63.20335     0.05436     0.05202     1.07465
    -2.52711     0.00397     0.14660     1.05222     2.72740    62.39717     0.05015     0.05085     1.07465
    -2.50411     0.00394     0.14214     1.04377     2.69834    61.65883     0.04662     0.04971     1.07578
    -2.48111     0.00391     0.13861     1.04456     2.67363    60.97575     0.04374     0.04859     1.07762
    -2.45811     0.00390     0.13580     1.05397     2.65334    60.33142     0.04143     0.04752     1.08010
    -2.43411     0.00390     0.13352     1.07123     2.63782    59.70678     0.03964     0.04651     1.08266
    -2.41111     0.00390     0.13155     1.09553     2.62784    59.09064     0.03827     0.04557     1.08493
    -2.38811     0.00391     0.12975     1.12594     2.62418    58.47726     0.03726     0.04473     1.08650
    -2.36511     0.00392     0.12800     1.16182     2.62788    57.86202     0.03655     0.04399     1.08728
    -2.34211     0.00393     0.12619     1.20258     2.63997    57.24845     0.03610     0.04337     1.08718
    -2.31911     0.00393     0.12430     1.24799     2.66206    56.64894     0.03586     0.04288     1.08583
    -2.29511     0.00392     0.12231     1.29825     2.69555    56.08390     0.03584     0.04254     1.08316
    -2.27211     0.00390     0.12022     1.35363     2.74161    55.57616     0.03603     0.04238     1.07993
    -2.24911     0.00386     0.11806     1.41484     2.80178    55.15870     0.03642     0.04239     1.07595
    -2.22611     0.00381     0.11589     1.48257     2.87680    54.85955     0.03705     0.04259     1.07214
    -2.20311     0.00375     0.11375     1.55740     2.96713    54.69967     0.03791     0.04299     1.06892
    -2.17911     0.00369     0.11172     1.63947     3.07229    54.70141     0.03902     0.04359     1.06642
    -2.15611     0.00362     0.10985     1.72820     3.19073    54.86641     0.04038     0.04436     1.06541
    -2.13311     0.00354     0.10821     1.82221     3.32001    55.18550     0.04199     0.04530     1.06615
    -2.11011     0.00347     0.10685     1.91911     3.45677    55.63503     0.04382     0.04635     1.06895
    -2.08711     0.00341     0.10583     2.01588     3.59626    56.17489     0.04581     0.04750     1.07294
    -2.06411     0.00335     0.10518     2.10864     3.73369    56.75503     0.04791     0.04867     1.07833
    -2.04011     0.00330     0.10491     2.19343     3.86386    57.32191     0.05004     0.04982     1.08449
    -2.01711     0.00326     0.10501     2.26648     3.98201    57.82103     0.05213     0.05091     1.09052
    -1.99411     0.00323     0.10543     2.32447     4.08409    58.20357     0.05410     0.05188     1.09585
    -1.97111     0.00320     0.10613     2.36518     4.16768    58.43368     0.05588     0.05271     1.10004
    -1.94811     0.00319     0.10700     2.38774     4.23141    58.49278     0.05744     0.05336     1.10257
    -1.92511     0.00318     0.10794     2.39265     4.27564    58.37714     0.05873     0.05384     1.10333
    -1.90111     0.00317     0.10885     2.38174     4.30286    58.10679     0.05976     0.05414     1.10185
    -1.87811     0.00317     0.10963     2.35813     4.31618    57.71351     0.06056     0.05427     1.09904
    -1.85511     0.00317     0.11017     2.32576     4.32026    57.24347     0.06118     0.05427     1.09491
    -1.83211     0.00317     0.11041     2.28937     4.32020    56.75077     0.06168     0.05411     1.09023
    -1.80911     0.00317     0.11030     2.25351     4.32145    56.28871     0.06214     0.05387     1.08568
    -1.78511     0.00317     0.10983     2.22269     4.32915    55.91034     0.06264     0.05357     1.08190
    -1.76211     0.00317     0.10902     2.20092     4.34760    55.65499     0.06326     0.05323     1.07942
    -1.73911     0.00316     0.10790     2.19080     4.38048    55.55067     0.06407     0.05290     1.07874
    -1.71611     0.00315     0.10654     2.19418     4.42940    55.60800     0.06510     0.05263     1.07987
    -1.69311     0.00314     0.10502     2.21128     4.49499    55.82124     0.06638     0.05242     1.08292
    -1.67011     0.00313     0.10342     2.24109     4.57598    56.16496     0.06790     0.05231     1.08743
    -1.64611     0.00311     0.10181     2.28104     4.66944    56.60075     0.06963     0.05234     1.09352
    -1.62311     0.00310     0.10025     2.32782     4.77148    57.07556     0.07150     0.05251     1.10035
    -1.60011     0.00309     0.09877     2.37684     4.87641    57.52825     0.07347     0.05280     1.10707
    -1.57711     0.00308     0.09738     2.42357     4.97867    57.89839     0.07544     0.05325     1.11320
    -1.55411     0.00309     0.09604     2.46315     5.07256    58.13022     0.07734     0.05379     1.11804
    -1.53011     0.00310     0.09475     2.49133     5.15273    58.17075     0.07908     0.05440     1.12148
    -1.50711     0.00314     0.09343     2.50458     5.21498    57.99208     0.08058     0.05504     1.12305
    -1.48411     0.00320     0.09201     2.50060     5.25647    57.57297     0.08181     0.05569     1.12279
    -1.46111     0.00329     0.09045     2.47838     5.27559    56.91656     0.08271     0.05627     1.12095
    -1.43811     0.00340     0.08869     2.43809     5.27230    56.04224     0.08324     0.05678     1.11737
    -1.41511     0.00354     0.08673     2.38120     5.24781    54.98202     0.08340     0.05717     1.11352
    -1.39111     0.00371     0.08455     2.31019     5.20404    53.77694     0.08315     0.05741     1.10892
    -1.36811     0.00391     0.08219     2.22800     5.14343    52.47615     0.08250     0.05747     1.10437
    -1.34511     0.00412     0.07973     2.13807     5.06799    51.12324     0.08145     0.05736     1.09991
    -1.32211     0.00434     0.07721     2.04386     4.98001    49.75836     0.08000     0.05706     1.09567
    -1.29911     0.00456     0.07476     1.94830     4.88087    48.41045     0.07817     0.05652     1.09186
    -1.27611     0.00476     0.07245     1.85416     4.77151    47.10448     0.07595     0.05579     1.08804
    -1.25211     0.00493     0.07036     1.76363     4.65281    45.84812     0.07338     0.05487     1.08459
    -1.22911     0.00507     0.06860     1.67813     4.52546    44.64696     0.07052     0.05375     1.08157
    -1.20611     0.00516     0.06719     1.59884     4.39052    43.50017     0.06741     0.05250     1.07903
    -1.18311     0.00521     0.06619     1.52661     4.24968    42.40457     0.06413     0.05114     1.07752
    -1.16011     0.00521     0.06560     1.46176     4.10527    41.36114     0.06079     0.04974     1.07816
    -1.13611     0.00518     0.06541     1.40455     3.96080    40.37287     0.05748     0.04834     1.08169
    -1.11311     0.00512     0.06556     1.35515     3.81963    39.44699     0.05432     0.04704     1.08923
    -1.09011     0.00505     0.06602     1.31359     3.68612    38.59194     0.05141     0.04588     1.10222
    -1.06711     0.00499     0.06672     1.27946     3.56393    37.82574     0.04886     0.04494     1.12150
    -1.04411     0.00492     0.06757     1.25243     3.45631    37.16360     0.04672     0.04426     1.14814
    -1.02111     0.00488     0.06849     1.23178     3.36544    36.61780     0.04505     0.04390     1.18241
    -0.99711     0.00485     0.06942     1.21654     3.29219    36.20287     0.04385     0.04380     1.22464
    -0.97411     0.00485     0.07029     1.20554     3.23604    35.92716     0.04309     0.04399     1.27423
    -0.95111     0.00485     0.07109     1.19747     3.19534    35.79386     0.04272     0.04441     1.33011
    -0.92811     0.00485     0.07179     1.19098     3.16751    35.80585     0.04266     0.04500     1.39066
    -0.90511     0.00485     0.07239     1.18500     3.14936    35.96089     0.04282     0.04570     1.45407
    -0.88211     0.00483     0.07290     1.17858     3.13762    36.25351     0.04309     0.04645     1.51794
    -0.85811     0.00478     0.07333     1.17114     3.12940    36.67869     0.04336     0.04716     1.57990
    -0.83511     0.00471     0.07372     1.16252     3.12221    37.22479     0.04356     0.04780     1.63784
    -0.81211     0.00460     0.07406     1.15274     3.11474    37.88642     0.04363     0.04828     1.68949
    -0.78911     0.00447     0.07437     1.14247     3.10608    38.64424     0.04353     0.04864     1.73332
    -0.76611     0.00431     0.07463     1.13214     3.09653    39.48467     0.04324     0.04885     1.76814
    -0.74211     0.00413     0.07482     1.12242     3.08674    40.38526     0.04277     0.04892     1.79350
    -0.71911     0.00395     0.07493     1.11390     3.07769    41.31588     0.04217     0.04888     1.80935
    -0.69611     0.00377     0.07493     1.10696     3.07025    42.24652     0.04148     0.04879     1.81642
    -0.67311     0.00360     0.07480     1.10159     3.06544    43.14131     0.04076     0.04865     1.81555
    -0.65011     0.00345     0.07456     1.09786     3.06375    43.96393     0.04009     0.04856     1.80840
    -0.62711     0.00332     0.07422     1.09551     3.06509    44.68231     0.03951     0.04850     1.79620
    -0.60311     0.00322     0.07381     1.09415     3.06894    45.26665     0.03909     0.04854     1.78030
    -0.58011     0.00316     0.07343     1.09349     3.07436    45.69938     0.03886     0.04864     1.76230
    -0.55711     0.00312     0.07310     1.09327     3.08025    45.97176     0.03885     0.04886     1.74279
    -0.53411     0.00311     0.07294     1.09331     3.08513    46.08378     0.03906     0.04913     1.72270
    -0.51111     0.00313     0.07302     1.09372     3.08800    46.04957     0.03947     0.04943     1.70254
    -0.48811     0.00317     0.07342     1.09452     3.08741    45.88749     0.04005     0.04972     1.68210
    -0.46411     0.00322     0.07417     1.09583     3.08287    45.62286     0.04077     0.04996     1.66149
    -0.44111     0.00328     0.07532     1.09778     3.07386    45.28312     0.04159     0.05009     1.64052
    -0.41811     0.00335     0.07686     1.10041     3.06000    44.89171     0.04246     0.05009     1.61937
    -0.39511     0.00342     0.07875     1.10356     3.04143    44.47189     0.04333     0.04991     1.59745
    -0.37211     0.00349     0.08095     1.10681     3.01830    44.03833     0.04415     0.04954     1.57581
    -0.34811     0.00355     0.08336     1.10975     2.99097    43.59971     0.04489     0.04899     1.55391
    -0.32511     0.00361     0.08588     1.11186     2.95982    43.16280     0.04552     0.04830     1.53275
    -0.30211     0.00366     0.08844     1.11227     2.92497    42.72764     0.04602     0.04748     1.51310
    -0.27911     0.00371     0.09095     1.11047     2.88680    42.29192     0.04638     0.04660     1.49570
    -0.25611     0.00375     0.09335     1.10597     2.84547    41.85255     0.04662     0.04571     1.48090
    -0.23311     0.00380     0.09561     1.09834     2.80102    41.40787     0.04672     0.04487     1.46980
    -0.20911     0.00386     0.09773     1.08742     2.75382    40.96040     0.04673     0.04411     1.46290
    -0.18611     0.00392     0.09974     1.07342     2.70411    40.51235     0.04664     0.04347     1.46040
    -0.16311     0.00400     0.10166     1.05647     2.65239    40.07135     0.04646     0.04298     1.46250
    -0.14011     0.00411     0.10353     1.03710     2.59934    39.64496     0.04620     0.04264     1.46890
    -0.11711     0.00423     0.10536     1.01584     2.54571    39.24317     0.04584     0.04246     1.47900
    -0.09411     0.00439     0.10714     0.99330     2.49245    38.87276     0.04540     0.04242     1.49270
    -0.07011     0.00458     0.10886     0.97013     2.44049    38.54173     0.04486     0.04250     1.50880
    -0.04711     0.00481     0.11045     0.94685     2.39096    38.25320     0.04421     0.04269     1.52652
    -0.02411     0.00509     0.11187     0.92413     2.34467    38.00670     0.04346     0.04296     1.54590
    -0.00111     0.00541     0.11306     0.90216     2.30228    37.80209     0.04259     0.04332     1.56542
     0.02189     0.00578     0.11398     0.88158     2.26412    37.63361     0.04165     0.04375     1.58530
     0.04589     0.00619     0.11462     0.86243     2.23072    37.49969     0.04066     0.04425     1.60525
     0.06889     0.00664     0.11507     0.84533     2.20236    37.39751     0.03962     0.04484     1.62574
     0.09189     0.00712     0.11541     0.83054     2.17893    37.32945     0.03860     0.04553     1.64622
     0.11489     0.00762     0.11573     0.81846     2.16085    37.30150     0.03762     0.04634     1.66701
     0.13789     0.00813     0.11622     0.80951     2.14837    37.32494     0.03672     0.04729     1.68844
     0.16089     0.00864     0.11698     0.80421     2.14185    37.41304     0.03592     0.04839     1.71022
     0.18489     0.00912     0.11815     0.80276     2.14176    37.58095     0.03524     0.04967     1.73190
     0.20789     0.00956     0.11976     0.80554     2.14863    37.84579     0.03466     0.05111     1.75310
     0.23089     0.00994     0.12180     0.81247     2.16264    38.21875     0.03421     0.05271     1.77337
     0.25389     0.01026     0.12418     0.82331     2.18382    38.70845     0.03386     0.05447     1.79143
     0.27689     0.01048     0.12678     0.83752     2.21178    39.31281     0.03358     0.05635     1.80715
     0.29989     0.01061     0.12937     0.85426     2.24561    40.02368     0.03334     0.05830     1.81918
     0.32389     0.01063     0.13177     0.87238     2.28355    40.81985     0.03313     0.06023     1.82764
     0.34689     0.01053     0.13373     0.89074     2.32346    41.67411     0.03289     0.06211     1.83190
     0.36989     0.01034     0.13512     0.90804     2.36274    42.55769     0.03261     0.06383     1.83221
     0.39289     0.01003     0.13578     0.92301     2.39860    43.42902     0.03227     0.06531     1.82829
     0.41589     0.00964     0.13568     0.93472     2.42801    44.25175     0.03183     0.06645     1.82064
     0.43989     0.00917     0.13482     0.94220     2.44848    44.99383     0.03129     0.06723     1.80967
     0.46289     0.00865     0.13327     0.94503     2.45797    45.62931     0.03065     0.06758     1.79619
     0.48589     0.00809     0.13114     0.94300     2.45490    46.13997     0.02991     0.06746     1.78020
     0.50889     0.00752     0.12859     0.93632     2.43897    46.52031     0.02908     0.06692     1.76224
     0.53189     0.00696     0.12581     0.92554     2.41043    46.77493     0.02819     0.06595     1.74275
     0.55489     0.00644     0.12294     0.91135     2.37041    46.92048     0.02726     0.06465     1.72240
     0.57889     0.00598     0.12015     0.89482     2.32102    46.98122     0.02632     0.06308     1.70181
     0.60189     0.00559     0.11756     0.87721     2.26474    46.98817     0.02541     0.06133     1.68107
     0.62489     0.00528     0.11531     0.85969     2.20442    46.98197     0.02454     0.05953     1.66134
     0.64789     0.00507     0.11347     0.84354     2.14330    46.99779     0.02374     0.05775     1.64260
     0.67089     0.00497     0.11212     0.83013     2.08453    47.07411     0.02305     0.05608     1.62650
     0.69389     0.00496     0.11129     0.82034     2.03065    47.24621     0.02246     0.05461     1.61350
     0.71789     0.00506     0.11100     0.81501     1.98453    47.53956     0.02199     0.05340     1.60400
     0.74089     0.00525     0.11123     0.81470     1.94805    47.98096     0.02166     0.05247     1.59880
     0.76389     0.00553     0.11194     0.81939     1.92261    48.57875     0.02145     0.05185     1.59840
     0.78689     0.00589     0.11308     0.82898     1.90886    49.34498     0.02137     0.05154     1.60270
     0.80989     0.00632     0.11456     0.84282     1.90693    50.27817     0.02141     0.05151     1.61200
     0.83389     0.00679     0.11625     0.85991     1.91600    51.36618     0.02156     0.05173     1.62510
     0.85689     0.00731     0.11806     0.87907     1.93502    52.60052     0.02180     0.05217     1.64210
     0.87989     0.00786     0.11986     0.89899     1.96215    53.95750     0.02211     0.05276     1.66206
     0.90289     0.00843     0.12156     0.91837     1.99559    55.42160     0.02249     0.05346     1.68392
     0.92589     0.00900     0.12305     0.93609     2.03337    56.96785     0.02291     0.05424     1.70671
     0.94889     0.00956     0.12427     0.95114     2.07335    58.57505     0.02334     0.05501     1.72967
     0.97289     0.01011     0.12523     0.96301     2.11393    60.22309     0.02377     0.05578     1.75160
     0.99589     0.01064     0.12592     0.97151     2.15381    61.89659     0.02418     0.05651     1.77250
     1.01889     0.01114     0.12639     0.97684     2.19189    63.57787     0.02458     0.05721     1.79180
     1.04189     0.01159     0.12669     0.97961     2.22772    65.25309     0.02493     0.05785     1.80960
     1.06489     0.01201     0.12693     0.98081     2.26062    66.91300     0.02524     0.05849     1.82620
     1.08789     0.01237     0.12720     0.98149     2.29078    68.54435     0.02552     0.05909     1.84180
     1.11189     0.01269     0.12757     0.98266     2.31795    70.13978     0.02578     0.05971     1.85760
     1.13489     0.01296     0.12814     0.98560     2.34211    71.68650     0.02602     0.06034     1.87410
     1.15789     0.01319     0.12896     0.99105     2.36321    73.17139     0.02625     0.06100     1.89190
     1.18089     0.01337     0.13007     0.99977     2.38127    74.58583     0.02651     0.06170     1.91170
     1.20389     0.01352     0.13150     1.01200     2.39594    75.92058     0.02681     0.06240     1.93440
     1.22789     0.01365     0.13321     1.02774     2.40692    77.16558     0.02717     0.06312     1.96010
     1.25089     0.01376     0.13519     1.04676     2.41388    78.32022     0.02761     0.06379     1.98950
     1.27389     0.01387     0.13738     1.06857     2.41682    79.38118     0.02816     0.06444     2.02270
     1.29689     0.01399     0.13972     1.09223     2.41530    80.34930     0.02882     0.06501     2.06050
     1.31989     0.01413     0.14213     1.11705     2.40983    81.23260     0.02963     0.06551     2.10240
     1.34289     0.01430     0.14455     1.14198     2.40031    82.03790     0.03060     0.06592     2.14970
     1.36689     0.01451     0.14693     1.16618     2.38751    82.76900     0.03173     0.06626     2.20280
     1.38989     0.01476     0.14925     1.18872     2.37201    83.43990     0.03305     0.06657     2.26280
     1.41289     0.01507     0.15148     1.20894     2.35472    84.05950     0.03453     0.06688     2.33050
     1.43589     0.01544     0.15364     1.22602     2.33684    84.64020     0.03617     0.06724     2.40660
     1.45889     0.01586     0.15577     1.23952     2.31951    85.18440     0.03796     0.06772     2.49160
     1.48189     0.01633     0.15789     1.24918     2.30354    85.69940     0.03986     0.06832     2.58620
     1.50589     0.01684     0.16006     1.25440     2.28988    86.18390     0.04184     0.06911     2.68940
     1.52889     0.01737     0.16230     1.25516     2.27914    86.64150     0.04385     0.07009     2.80050
     1.55189     0.01791     0.16463     1.25126     2.27126    87.06740     0.04583     0.07126     2.91720
     1.57489     0.01843     0.16702     1.24259     2.26584    87.44980     0.04772     0.07259     3.03720
     1.59789     0.01891     0.16946     1.22931     2.26243    87.77700     0.04945     0.07402     3.15680
     1.62189     0.01932     0.17187     1.21137     2.25977    88.03200     0.05097     0.07550     3.27220
     1.64489     0.01966     0.17421     1.18914     2.25646    88.19170     0.05221     0.07691     3.37920
     1.66789     0.01988     0.17640     1.16297     2.25103    88.23090     0.05311     0.07820     3.47330
     1.69089     0.01999     0.17835     1.13341     2.24186    88.11990     0.05365     0.07925     3.55080
     1.71389     0.01997     0.18003     1.10095     2.22749    87.82470     0.05377     0.07997     3.60750
     1.73689     0.01981     0.18133     1.06625     2.20655    87.30920     0.05347     0.08029     3.64060
     1.76089     0.01953     0.18219     1.02982     2.17793    86.53450     0.05276     0.08012     3.64750
     1.78389     0.01911     0.18255     0.99225     2.14067    85.46420     0.05162     0.07947     3.62740
     1.80689     0.01858     0.18228     0.95392     2.09393    84.05980     0.05011     0.07825     3.57910
     1.82989     0.01794     0.18127     0.91492     2.03728    82.28493     0.04825     0.07648     3.50290
     1.85289     0.01721     0.17936     0.87525     1.97026    80.11047     0.04607     0.07417     3.40000
     1.87589     0.01638     0.17641     0.83480     1.89281    77.51608     0.04363     0.07133     3.27170
     1.89989     0.01549     0.17226     0.79332     1.80494    74.48725     0.04100     0.06801     3.12040
     1.92289     0.01452     0.16677     0.75030     1.70704    71.02908     0.03818     0.06424     2.94810
     1.94589     0.01351     0.15987     0.70557     1.59986    67.15696     0.03528     0.06010     2.75810
     1.96889     0.01245     0.15156     0.65898     1.48446    62.90498     0.03230     0.05563     2.55400
     1.99189     0.01137     0.14188     0.61037     1.36241    58.32288     0.02930     0.05093     2.33930
     2.01589     0.01028     0.13103     0.56005     1.23566    53.48218     0.02633     0.04606     2.11800
     2.03889     0.00919     0.11923     0.50844     1.10645    48.46094     0.02341     0.04114     1.89430
     2.06189     0.00812     0.10680     0.45615     0.97733    43.35488     0.02062     0.03624     1.67289
     2.08489     0.00709     0.09407     0.40401     0.85084    38.26409     0.01795     0.03148     1.45739
     2.10789     0.00611     0.08144     0.35295     0.72950    33.28708     0.01546     0.02693     1.25186
     2.13089     0.00520     0.06925     0.30385     0.61557    28.52129     0.01315     0.02267     1.05947
     2.15489     0.00437     0.05780     0.25762     0.51087    24.05144     0.01106     0.01877     0.88292
     2.17789     0.00363     0.04735     0.21497     0.41675    19.94863     0.00918     0.01528     0.72438
     2.20089     0.00298     0.03803     0.17645     0.33402    16.26261     0.00753     0.01221     0.58463
     2.22389     0.00241     0.02995     0.14240     0.26288    13.02408     0.00610     0.00959     0.46408
     2.24689     0.00193     0.02314     0.11297     0.20311    10.24041     0.00487     0.00738     0.36217
     2.26989     0.00153     0.01752     0.08805     0.15400     7.90204     0.00385     0.00558     0.27781
     2.29389     0.00119     0.01300     0.06743     0.11455     5.98204     0.00300     0.00413     0.20945
     2.31689     0.00092     0.00945     0.05072     0.08357     4.44103     0.00230     0.00300     0.15516
     2.33989     0.00071     0.00674     0.03747     0.05979     3.23270     0.00175     0.00214     0.11293
     2.36289     0.00053     0.00471     0.02719     0.04195     2.30675     0.00131     0.00149     0.08077
     2.38589     0.00040     0.00322     0.01937     0.02885     1.61336     0.00096     0.00102     0.05677
     2.40989     0.00029     0.00217     0.01355     0.01946     1.10592     0.00070     0.00068     0.03920
     2.43289     0.00021     0.00143     0.00931     0.01286     0.74297     0.00050     0.00045     0.02660
     2.45589     0.00015     0.00092     0.00628     0.00834     0.48921     0.00035     0.00029     0.01774
     2.47889     0.00011     0.00058     0.00416     0.00530     0.31573     0.00024     0.00018     0.01162
     2.50189     0.00007     0.00036     0.00270     0.00330     0.19973     0.00017     0.00011     0.00748
     2.52489     0.00005     0.00022     0.00172     0.00202     0.12386     0.00011     0.00007     0.00473
     2.54889     0.00003     0.00013     0.00108     0.00121     0.07530     0.00007     0.00004     0.00294
     2.57189     0.00002     0.00008     0.00066     0.00071     0.04489     0.00005     0.00002     0.00179
     2.59489     0.00001     0.00005     0.00040     0.00041     0.02623     0.00003     0.00001     0.00107
     2.61789     0.00001     0.00003     0.00024     0.00023     0.01503     0.00002     0.00001     0.00063
     2.64089     0.00001     0.00001     0.00014     0.00013     0.00845     0.00001     0.00000     0.00036
     2.66389     0.00000     0.00001     0.00008     0.00007     0.00465     0.00001     0.00000     0.00021
     2.68789     0.00000     0.00000     0.00004     0.00004     0.00251     0.00000     0.00000     0.00011
     2.71089     0.00000     0.00000     0.00002     0.00002     0.00133     0.00000     0.00000     0.00006
     2.73389     0.00000     0.00000     0.00001     0.00001     0.00069     0.00000     0.00000     0.00003
     2.75689     0.00000     0.00000     0.00001     0.00000     0.00035     0.00000     0.00000     0.00002
     2.77989     0.00000     0.00000     0.00000     0.00000     0.00017     0.00000     0.00000     0.00001
     2.80389     0.00000     0.00000     0.00000     0.00000     0.00009     0.00000     0.00000     0.00000
     2.82689     0.00000     0.00000     0.00000     0.00000     0.00004     0.00000     0.00000     0.00000
     2.84989     0.00000     0.00000     0.00000     0.00000     0.00002     0.00000     0.00000     0.00000
     2.87289     0.00000     0.00000     0.00000     0.00000     0.00001     0.00000     0.00000     0.00000
     2.89589     0.00000     0.00000     0.00000     0.00000     0.00000     0.00000     0.00000     0.00000
     2.91889     0.00000     0.00000     0.00000     0.00000     0.00000     0.00000     0.00000     0.00000
     2.94289     0.00000     0.00000     0.00000     0.00000     0.00000     0.00000     0.00000     0.00000
     2.96589     0.00000     0.00000     0.00000     0.00000     0.00000     0.00000     0.00000     0.00000
     2.98889     0.00000     0.00000     0.00000     0.00000     0.00000     0.00000     0.00000     0.00000
     3.01189     0.00000     0.00000     0.00000     0.00000     0.00000     0.00000     0.00000     0.00000
     3.03489     0.00000     0.00000     0.00000     0.00000     0.00000     0.00000     0.00000     0.00000
     3.05789     0.00000     0.00000     0.00000     0.00000     0.00000     0.00000     0.00000     0.00000
     3.08189     0.00000     0.00000     0.00000     0.00000     0.00000     0.00000     0.00000     0.00000
     3.10489     0.00000     0.00000     0.00000     0.00000     0.00000     0.00000     0.00000     0.00000
     3.12789     0.00000     0.00000     0.00000     0.00000     0.00000     0.00000     0.00000     0.00000
     3.15089     0.00000     0.00000     0.00000     0.00000     0.00000     0.00000     0.00000     0.00000
     3.17389     0.00000     0.00000     0.00000     0.00000     0.00000     0.00000     0.00000     0.00000
     3.19789     0.00000     0.00000     0.00000     0.00000     0.00000     0.00000     0.00000     0.00000
     3.22089     0.00000     0.00000     0.00000     0.00000     0.00000     0.00000     0.00000     0.00000
     3.24389     0.00000     0.00000     0.00000     0.00000     0.00000     0.00000     0.00000     0.00000
     3.26689     0.00000     0.00000     0.00000     0.00000     0.00000     0.00000     0.00000     0.00000
     3.28989     0.00000     0.00000     0.00000     0.00000     0.00000     0.00000     0.00000     0.00000
     3.31289     0.00000     0.00000     0.00000     0.00000     0.00000     0.00000     0.00000     0.00000
     3.33689     0.00000     0.00000     0.00000     0.00000     0.00000     0.00000     0.00000     0.00000
     3.35989     0.00000     0.00000     0.00000     0.00000     0.00000     0.00000     0.00000     0.00000
     3.38289     0.00000     0.00000     0.00000     0.00000     0.00000     0.00000     0.00000     0.00000
     3.40589     0.00000     0.00000     0.00000     0.00000     0.00000     0.00000     0.00000     0.00000
     3.42889     0.00000     0.00000     0.00000     0.00000     0.00000     0.00000     0.00000     0.00000
     3.45189     0.00000     0.00000     0.00000     0.00000     0.00000     0.00000     0.00000     0.00000
     3.47589     0.00000     0.00000     0.00000     0.00000     0.00000     0.00000     0.00000     0.00000
     3.49889     0.00000     0.00000     0.00000     0.00000     0.00000     0.00000     0.00000     0.00000
     3.52189     0.00000     0.00000     0.00000     0.00000     0.00000     0.00000     0.00000     0.00000
     3.54489     0.00000     0.00000     0.00000     0.00000     0.00000     0.00000     0.00000     0.00000
     3.56789     0.00000     0.00000     0.00000     0.00000     0.00000     0.00000     0.00000     0.00000
     3.59189     0.00000     0.00000     0.00000     0.00000     0.00000     0.00000     0.00000     0.00000
     3.61489     0.00000     0.00000     0.00000     0.00000     0.00000     0.00000     0.00000     0.00000
     3.63789     0.00000     0.00000     0.00000     0.00000     0.00000     0.00000     0.00000     0.00000
     3.66089     0.00000     0.00000     0.00000     0.00000     0.00000     0.00000     0.00000     0.00000
     3.68389     0.00000     0.00000     0.00000     0.00000     0.00000     0.00000     0.00000     0.00000
     3.70689     0.00000     0.00000     0.00000     0.00000     0.00000     0.00000     0.00000     0.00000
     3.73089     0.00000     0.00000     0.00000     0.00000     0.00000     0.00000     0.00000     0.00000
     3.75389     0.00000     0.00000     0.00000     0.00000     0.00000     0.00000     0.00000     0.00000
     3.77689     0.00000     0.00000     0.00000     0.00000     0.00000     0.00000     0.00000     0.00000
     3.79989     0.00000     0.00000     0.00000     0.00000     0.00000     0.00000     0.00000     0.00000
     3.82289     0.00000     0.00000     0.00000     0.00000     0.00000     0.00000     0.00000     0.00000
     3.84689     0.00000     0.00000     0.00000     0.00000     0.00000     0.00000     0.00000     0.00000
     3.86989     0.00000     0.00000     0.00000     0.00000     0.00000     0.00000     0.00000     0.00000
     3.89289     0.00000     0.00000     0.00000     0.00000     0.00000     0.00000     0.00000     0.00000
     3.91589     0.00000     0.00000     0.00000     0.00000     0.00000     0.00000     0.00000     0.00000
     3.93889     0.00000     0.00000     0.00000     0.00000     0.00000     0.00000     0.00000     0.00000
     3.96189     0.00000     0.00000     0.00000     0.00000     0.00000     0.00000     0.00000     0.00000
     3.98589     0.00000     0.00000     0.00000     0.00000     0.00000     0.00000     0.00000     0.00000
     4.00889     0.00000     0.00000     0.00000     0.00000     0.00000     0.00000     0.00000     0.00000
     4.03189     0.00000     0.00000     0.00000     0.00000     0.00000     0.00000     0.00000     0.00000
     4.05489     0.00000     0.00000     0.00000     0.00000     0.00000     0.00000     0.00000     0.00000
     4.07789     0.00000     0.00000     0.00000     0.00000     0.00000     0.00000     0.00000     0.00000
     4.10089     0.00000     0.00000     0.00000     0.00000     0.00000     0.00000     0.00000     0.00000
     4.12489     0.00000     0.00000     0.00000     0.00000     0.00000     0.00000     0.00000     0.00000
     4.14789     0.00000     0.00000     0.00000     0.00000     0.00000     0.00000     0.00000     0.00000
     4.17089     0.00000     0.00000     0.00000     0.00000     0.00000     0.00000     0.00000     0.00000
     4.19389     0.00000     0.00000     0.00000     0.00000     0.00000     0.00000     0.00000     0.00000
     4.21689     0.00000     0.00000     0.00000     0.00000     0.00000     0.00000     0.00000     0.00000
     4.24089     0.00000     0.00000     0.00000     0.00000     0.00000     0.00000     0.00000     0.00000
     4.26389     0.00000     0.00000     0.00000     0.00000     0.00000     0.00000     0.00000     0.00000
     4.28689     0.00000     0.00000     0.00000     0.00000     0.00000     0.00000     0.00000     0.00000
     4.30989     0.00000     0.00000     0.00000     0.00000     0.00000     0.00000     0.00000     0.00000
     4.33289     0.00000     0.00000     0.00000     0.00000     0.00000     0.00000     0.00000     0.00000
     4.35589     0.00000     0.00000     0.00000     0.00000     0.00000     0.00000     0.00000     0.00000
     4.37989     0.00000     0.00000     0.00000     0.00000     0.00000     0.00000     0.00000     0.00000
     4.40289     0.00000     0.00000     0.00000     0.00000     0.00000     0.00000     0.00000     0.00000
     4.42589     0.00000     0.00000     0.00000     0.00000     0.00000     0.00000     0.00000     0.00000
     4.44889     0.00000     0.00000     0.00000     0.00000     0.00000     0.00000     0.00000     0.00000
     4.47189     0.00000     0.00000     0.00000     0.00000     0.00000     0.00000     0.00000     0.00000
     4.49489     0.00000     0.00000     0.00000     0.00000     0.00000     0.00000     0.00000     0.00000
     4.51889     0.00000     0.00000     0.00000     0.00000     0.00000     0.00000     0.00000     0.00000
     4.54189     0.00000     0.00000     0.00000     0.00000     0.00000     0.00000     0.00000     0.00000
     4.56489     0.00000     0.00000     0.00000     0.00000     0.00000     0.00000     0.00000     0.00000
     4.58789     0.00000     0.00000     0.00000     0.00000     0.00000     0.00000     0.00000     0.00000
     4.61089     0.00000     0.00000     0.00000     0.00000     0.00000     0.00000     0.00000     0.00000
     4.63489     0.00000     0.00000     0.00000     0.00000     0.00000     0.00000     0.00000     0.00000
     4.65789     0.00000     0.00000     0.00000     0.00000     0.00000     0.00000     0.00000     0.00000
     4.68089     0.00000     0.00000     0.00000     0.00000     0.00000     0.00000     0.00000     0.00000
     4.70389     0.00000     0.00000     0.00000     0.00000     0.00000     0.00000     0.00000     0.00000
     4.72689     0.00000     0.00000     0.00000     0.00000     0.00000     0.00000     0.00000     0.00000
     4.74989     0.00000     0.00000     0.00000     0.00000     0.00000     0.00000     0.00000     0.00000
     4.77389     0.00000     0.00000     0.00000     0.00000     0.00000     0.00000     0.00000     0.00000
     4.79689     0.00000     0.00000     0.00000     0.00000     0.00000     0.00000     0.00000     0.00000
     4.81989     0.00000     0.00000     0.00000     0.00000     0.00000     0.00000     0.00000     0.00000
     4.84289     0.00000     0.00000     0.00000     0.00000     0.00000     0.00000     0.00000     0.00000
     4.86589     0.00000     0.00000     0.00000     0.00000     0.00000     0.00000     0.00000     0.00000
     4.88889     0.00000     0.00000     0.00000     0.00000     0.00000     0.00000     0.00000     0.00000
     4.91289     0.00000     0.00000     0.00000     0.00000     0.00000     0.00000     0.00000     0.00000
     4.93589     0.00000     0.00000     0.00000     0.00000     0.00000     0.00000     0.00000     0.00000
     4.95889     0.00000     0.00000     0.00000     0.00000     0.00000     0.00000     0.00000     0.00000
     4.98189     0.00000     0.00000     0.00000     0.00000     0.00000     0.00000     0.00000     0.00000
     5.00489     0.00000     0.00000     0.00000     0.00000     0.00000     0.00000     0.00000     0.00000
     5.02889     0.00000     0.00000     0.00000     0.00000     0.00000     0.00000     0.00000     0.00000
     5.05189     0.00000     0.00000     0.00000     0.00000     0.00000     0.00000     0.00000     0.00000
     5.07489     0.00000     0.00000     0.00000     0.00000     0.00000     0.00000     0.00000     0.00000
     5.09789     0.00000     0.00000     0.00000     0.00000     0.00000     0.00000     0.00000     0.00000
     5.12089     0.00000     0.00000     0.00000     0.00000     0.00000     0.00000     0.00000     0.00000
     5.14389     0.00000     0.00000     0.00000     0.00000     0.00000     0.00000     0.00000     0.00000
     5.16789     0.00000     0.00000     0.00000     0.00000     0.00000     0.00000     0.00000     0.00000
     5.19089     0.00000     0.00000     0.00000     0.00000     0.00000     0.00000     0.00000     0.00000
     5.21389     0.00000     0.00000     0.00000     0.00000     0.00000     0.00000     0.00000     0.00000
     5.23689     0.00000     0.00000     0.00000     0.00000     0.00000     0.00000     0.00000     0.00000
     5.25989     0.00000     0.00000     0.00000     0.00000     0.00000     0.00000     0.00000     0.00000
     5.28289     0.00000     0.00000     0.00000     0.00000     0.00000     0.00000     0.00000     0.00000
     5.30689     0.00000     0.00000     0.00000     0.00000     0.00000     0.00000     0.00000     0.00000
     5.32989     0.00000     0.00000     0.00000     0.00000     0.00000     0.00000     0.00000     0.00000
     5.35289     0.00000     0.00000     0.00000     0.00000     0.00000     0.00000     0.00000     0.00000
     5.37589     0.00000     0.00000     0.00000     0.00000     0.00000     0.00000     0.00000     0.00000
