     #Energy         O_s         O_p        Mo_s        Mo_p        Mo_d        Nb_s        Nb_p        Nb_d
   -64.37674     0.00000     0.00000     0.00000     0.00000     0.00000     0.00000     0.00000     0.00000
   -64.35374     0.00000     0.00000     0.00000     0.00000     0.00000     0.00000     0.00000     0.00000
   -64.32974     0.00000     0.00000     0.00000     0.00000     0.00000     0.00000     0.00000     0.00000
   -64.30674     0.00000     0.00000     0.00000     0.00000     0.00000     0.00000     0.00000     0.00000
   -64.28374     0.00000     0.00000     0.00000     0.00000     0.00000     0.00000     0.00000     0.00000
   -64.26074     0.00000     0.00000     0.00000     0.00000     0.00000     0.00000     0.00000     0.00000
   -64.23674     0.00000     0.00000     0.00000     0.00000     0.00000     0.00000     0.00000     0.00000
   -64.21374     0.00000     0.00000     0.00000     0.00000     0.00000     0.00000     0.00000     0.00000
   -64.19074     0.00000     0.00000     0.00000     0.00000     0.00000     0.00000     0.00000     0.00000
   -64.16774     0.00000     0.00000     0.00000     0.00000     0.00000     0.00000     0.00000     0.00000
   -64.14374     0.00000     0.00000     0.00000     0.00000     0.00000     0.00000     0.00000     0.00000
   -64.12074     0.00000     0.00000     0.00000     0.00000     0.00000     0.00000     0.00000     0.00000
   -64.09774     0.00000     0.00000     0.00000     0.00000     0.00000     0.00000     0.00000     0.00000
   -64.07474     0.00000     0.00000     0.00000     0.00000     0.00000     0.00000     0.00000     0.00000
   -64.05074     0.00000     0.00000     0.00000     0.00000     0.00000     0.00000     0.00000     0.00000
   -64.02774     0.00000     0.00000     0.00000     0.00000     0.00000     0.00000     0.00000     0.00000
   -64.00474     0.00000     0.00000     0.00000     0.00000     0.00000     0.00000     0.00000     0.00000
   -63.98174     0.00000     0.00000     0.00000     0.00000     0.00000     0.00000     0.00000     0.00000
   -63.95774     0.00000     0.00000     0.00000     0.00000     0.00000     0.00000     0.00000     0.00000
   -63.93474     0.00000     0.00000     0.00000     0.00000     0.00000     0.00000     0.00000     0.00000
   -63.91174     0.00000     0.00000     0.00000     0.00000     0.00000     0.00000     0.00000     0.00000
   -63.88874     0.00000     0.00000     0.00000     0.00000     0.00000     0.00000     0.00000     0.00000
   -63.86474     0.00000     0.00000     0.00000     0.00000     0.00000     0.00000     0.00000     0.00000
   -63.84174     0.00000     0.00000     0.00000     0.00000     0.00000     0.00000     0.00000     0.00000
   -63.81874     0.00000     0.00000     0.00000     0.00000     0.00000     0.00000     0.00000     0.00000
   -63.79574     0.00000     0.00000     0.00000     0.00000     0.00000     0.00000     0.00000     0.00000
   -63.77274     0.00000     0.00000     0.00000     0.00000     0.00000     0.00000     0.00000     0.00000
   -63.74874     0.00000     0.00000     0.00000     0.00000     0.00000     0.00000     0.00000     0.00000
   -63.72574     0.00000     0.00000     0.00000     0.00000     0.00000     0.00000     0.00000     0.00000
   -63.70274     0.00000     0.00000     0.00000     0.00000     0.00000     0.00000     0.00000     0.00000
   -63.67974     0.00000     0.00000     0.00000     0.00000     0.00000     0.00000     0.00000     0.00000
   -63.65574     0.00000     0.00000     0.00000     0.00000     0.00000     0.00000     0.00000     0.00000
   -63.63274     0.00000     0.00000     0.00000     0.00000     0.00000     0.00000     0.00000     0.00000
   -63.60974     0.00000     0.00000     0.00000     0.00000     0.00000     0.00000     0.00000     0.00000
   -63.58674     0.00000     0.00000     0.00000     0.00000     0.00000     0.00000     0.00000     0.00000
   -63.56274     0.00000     0.00000     0.00000     0.00000     0.00000     0.00000     0.00000     0.00000
   -63.53974     0.00000     0.00000     0.00000     0.00000     0.00000     0.00000     0.00000     0.00000
   -63.51674     0.00000     0.00000     0.00000     0.00000     0.00000     0.00000     0.00000     0.00000
   -63.49374     0.00000     0.00000     0.00000     0.00000     0.00000     0.00000     0.00000     0.00000
   -63.46974     0.00000     0.00000     0.00000     0.00000     0.00000     0.00000     0.00000     0.00000
   -63.44674     0.00000     0.00000     0.00000     0.00000     0.00000     0.00000     0.00000     0.00000
   -63.42374     0.00000     0.00000     0.00000     0.00000     0.00000     0.00000     0.00000     0.00000
   -63.40074     0.00000     0.00000     0.00000     0.00000     0.00000     0.00000     0.00000     0.00000
   -63.37674     0.00000     0.00000     0.00000     0.00000     0.00000     0.00000     0.00000     0.00000
   -63.35374     0.00000     0.00000     0.00000     0.00000     0.00000     0.00000     0.00000     0.00000
   -63.33074     0.00000     0.00000     0.00000     0.00000     0.00000     0.00000     0.00000     0.00000
   -63.30774     0.00000     0.00000     0.00000     0.00000     0.00000     0.00000     0.00000     0.00000
   -63.28374     0.00000     0.00000     0.00000     0.00000     0.00000     0.00000     0.00000     0.00000
   -63.26074     0.00000     0.00000     0.00000     0.00000     0.00000     0.00000     0.00000     0.00000
   -63.23774     0.00000     0.00000     0.00000     0.00000     0.00000     0.00000     0.00000     0.00000
   -63.21474     0.00000     0.00000     0.00000     0.00000     0.00000     0.00000     0.00000     0.00000
   -63.19074     0.00000     0.00000     0.00000     0.00000     0.00000     0.00000     0.00000     0.00000
   -63.16774     0.00000     0.00000     0.00000     0.00000     0.00000     0.00000     0.00000     0.00000
   -63.14474     0.00000     0.00000     0.00000     0.00000     0.00000     0.00000     0.00000     0.00000
   -63.12174     0.00000     0.00000     0.00000     0.00000     0.00000     0.00000     0.00000     0.00000
   -63.09774     0.00000     0.00000     0.00000     0.00000     0.00000     0.00000     0.00000     0.00000
   -63.07474     0.00000     0.00000     0.00000     0.00000     0.00000     0.00000     0.00000     0.00000
   -63.05174     0.00000     0.00000     0.00000     0.00000     0.00000     0.00000     0.00000     0.00000
   -63.02874     0.00000     0.00000     0.00000     0.00000     0.00000     0.00000     0.00000     0.00000
   -63.00474     0.00000     0.00000     0.00000     0.00000     0.00000     0.00000     0.00000     0.00000
   -62.98174     0.00000     0.00000     0.00000     0.00000     0.00000     0.00000     0.00000     0.00000
   -62.95874     0.00000     0.00000     0.00000     0.00000     0.00000     0.00000     0.00000     0.00000
   -62.93574     0.00000     0.00000     0.00000     0.00000     0.00000     0.00000     0.00000     0.00000
   -62.91174     0.00000     0.00000     0.00000     0.00000     0.00000     0.00000     0.00000     0.00000
   -62.88874     0.00000     0.00000     0.00000     0.00000     0.00000     0.00000     0.00000     0.00000
   -62.86574     0.00000     0.00000     0.00000     0.00000     0.00000     0.00000     0.00000     0.00000
   -62.84274     0.00000     0.00000     0.00000     0.00000     0.00000     0.00000     0.00000     0.00000
   -62.81874     0.00000     0.00000     0.00000     0.00000     0.00000     0.00000     0.00000     0.00000
   -62.79574     0.00000     0.00000     0.00000     0.00000     0.00000     0.00000     0.00000     0.00000
   -62.77274     0.00000     0.00000     0.00000     0.00000     0.00000     0.00000     0.00000     0.00000
   -62.74974     0.00000     0.00000     0.00000     0.00000     0.00000     0.00000     0.00000     0.00000
   -62.72574     0.00000     0.00000     0.00000     0.00000     0.00000     0.00000     0.00000     0.00000
   -62.70274     0.00000     0.00000     0.00000     0.00000     0.00000     0.00000     0.00000     0.00000
   -62.67974     0.00000     0.00000     0.00000     0.00000     0.00000     0.00000     0.00000     0.00000
   -62.65674     0.00000     0.00000     0.00000     0.00000     0.00000     0.00000     0.00000     0.00000
   -62.63274     0.00000     0.00000     0.00000     0.00000     0.00000     0.00000     0.00000     0.00000
   -62.60974     0.00000     0.00000     0.00000     0.00000     0.00000     0.00000     0.00000     0.00000
   -62.58674     0.00000     0.00000     0.00000     0.00000     0.00000     0.00000     0.00000     0.00000
   -62.56374     0.00000     0.00000     0.00000     0.00000     0.00000     0.00000     0.00000     0.00000
   -62.53974     0.00000     0.00000     0.00000     0.00000     0.00000     0.00000     0.00000     0.00000
   -62.51674     0.00000     0.00000     0.00000     0.00000     0.00000     0.00000     0.00000     0.00000
   -62.49374     0.00000     0.00000     0.00000     0.00000     0.00000     0.00000     0.00000     0.00000
   -62.47074     0.00000     0.00000     0.00000     0.00000     0.00000     0.00000     0.00000     0.00000
   -62.44774     0.00000     0.00000     0.00000     0.00000     0.00000     0.00000     0.00000     0.00000
   -62.42374     0.00000     0.00000     0.00000     0.00000     0.00000     0.00000     0.00000     0.00000
   -62.40074     0.00000     0.00000     0.00000     0.00000     0.00000     0.00000     0.00000     0.00000
   -62.37774     0.00000     0.00000     0.00000     0.00000     0.00000     0.00000     0.00000     0.00000
   -62.35474     0.00000     0.00000     0.00000     0.00000     0.00000     0.00000     0.00000     0.00000
   -62.33074     0.00000     0.00000     0.00000     0.00000     0.00000     0.00000     0.00000     0.00000
   -62.30774     0.00000     0.00000     0.00000     0.00000     0.00000     0.00000     0.00000     0.00000
   -62.28474     0.00000     0.00000     0.00000     0.00000     0.00000     0.00000     0.00000     0.00000
   -62.26174     0.00000     0.00000     0.00000     0.00000     0.00000     0.00000     0.00000     0.00000
   -62.23774     0.00000     0.00000     0.00000     0.00000     0.00000     0.00000     0.00000     0.00000
   -62.21474     0.00000     0.00000     0.00000     0.00000     0.00000     0.00000     0.00000     0.00000
   -62.19174     0.00000     0.00000     0.00000     0.00000     0.00000     0.00000     0.00000     0.00000
   -62.16874     0.00000     0.00000     0.00000     0.00000     0.00000     0.00000     0.00000     0.00000
   -62.14474     0.00000     0.00000     0.00000     0.00000     0.00000     0.00000     0.00000     0.00000
   -62.12174     0.00000     0.00000     0.00000     0.00000     0.00000     0.00000     0.00000     0.00000
   -62.09874     0.00000     0.00000     0.00000     0.00000     0.00000     0.00000     0.00000     0.00000
   -62.07574     0.00000     0.00000     0.00000     0.00000     0.00000     0.00000     0.00000     0.00000
   -62.05174     0.00000     0.00000     0.00000     0.00000     0.00000     0.00000     0.00000     0.00000
   -62.02874     0.00000     0.00000     0.00000     0.00000     0.00000     0.00000     0.00000     0.00000
   -62.00574     0.00000     0.00000     0.00000     0.00000     0.00000     0.00000     0.00000     0.00000
   -61.98274     0.00000     0.00000     0.00000     0.00000     0.00000     0.00000     0.00000     0.00000
   -61.95874     0.00000     0.00000     0.00000     0.00000     0.00000     0.00000     0.00000     0.00000
   -61.93574     0.00000     0.00000     0.00001     0.00000     0.00000     0.00000     0.00000     0.00000
   -61.91274     0.00000     0.00000     0.00001     0.00000     0.00000     0.00000     0.00000     0.00000
   -61.88974     0.00000     0.00000     0.00003     0.00000     0.00000     0.00000     0.00000     0.00000
   -61.86574     0.00000     0.00000     0.00008     0.00000     0.00000     0.00000     0.00000     0.00000
   -61.84274     0.00000     0.00000     0.00017     0.00000     0.00000     0.00000     0.00000     0.00000
   -61.81974     0.00000     0.00000     0.00038     0.00000     0.00000     0.00000     0.00000     0.00000
   -61.79674     0.00000     0.00000     0.00081     0.00000     0.00000     0.00000     0.00000     0.00000
   -61.77274     0.00000     0.00000     0.00168     0.00000     0.00000     0.00000     0.00000     0.00000
   -61.74974     0.00000     0.00000     0.00343     0.00000     0.00000     0.00000     0.00000     0.00000
   -61.72674     0.00000     0.00000     0.00681     0.00000     0.00000     0.00000     0.00000     0.00000
   -61.70374     0.00000     0.00000     0.01321     0.00000     0.00000     0.00000     0.00000     0.00000
   -61.67974     0.00000     0.00000     0.02500     0.00000     0.00000     0.00000     0.00000     0.00000
   -61.65674     0.00000     0.00000     0.04619     0.00000     0.00000     0.00000     0.00000     0.00000
   -61.63374     0.00000     0.00000     0.08335     0.00001     0.00000     0.00000     0.00000     0.00000
   -61.61074     0.00000     0.00000     0.14686     0.00001     0.00001     0.00000     0.00000     0.00000
   -61.58674     0.00000     0.00000     0.25276     0.00002     0.00001     0.00000     0.00000     0.00000
   -61.56374     0.00000     0.00000     0.42496     0.00003     0.00002     0.00000     0.00000     0.00000
   -61.54074     0.00000     0.00000     0.69819     0.00005     0.00003     0.00001     0.00000     0.00000
   -61.51774     0.00000     0.00000     1.12109     0.00008     0.00006     0.00001     0.00000     0.00000
   -61.49374     0.00000     0.00000     1.75960     0.00012     0.00010     0.00001     0.00000     0.00000
   -61.47074     0.00000     0.00000     2.70034     0.00019     0.00016     0.00002     0.00000     0.00000
   -61.44774     0.00000     0.00000     4.05288     0.00029     0.00025     0.00003     0.00000     0.00000
   -61.42474     0.00001     0.00001     5.95020     0.00042     0.00038     0.00004     0.00001     0.00000
   -61.40074     0.00001     0.00001     8.54746     0.00061     0.00057     0.00006     0.00001     0.00000
   -61.37774     0.00001     0.00001    12.01803     0.00085     0.00084     0.00008     0.00001     0.00000
   -61.35474     0.00002     0.00002    16.54364     0.00117     0.00120     0.00011     0.00001     0.00000
   -61.33174     0.00003     0.00003    22.30428     0.00157     0.00169     0.00015     0.00002     0.00000
   -61.30774     0.00004     0.00003    29.46596     0.00206     0.00233     0.00019     0.00003     0.00001
   -61.28474     0.00005     0.00005    38.14916     0.00265     0.00313     0.00024     0.00003     0.00001
   -61.26174     0.00006     0.00006    48.43562     0.00333     0.00413     0.00029     0.00004     0.00001
   -61.23874     0.00008     0.00007    60.32826     0.00411     0.00533     0.00036     0.00006     0.00002
   -61.21574     0.00009     0.00009    73.74888     0.00497     0.00674     0.00043     0.00007     0.00002
   -61.19174     0.00011     0.00011    88.53806     0.00589     0.00836     0.00051     0.00009     0.00003
   -61.16874     0.00013     0.00013   104.42569     0.00685     0.01015     0.00060     0.00010     0.00004
   -61.14574     0.00015     0.00015   121.07090     0.00783     0.01210     0.00069     0.00012     0.00004
   -61.12274     0.00017     0.00018   138.05540     0.00880     0.01414     0.00078     0.00014     0.00005
   -61.09874     0.00019     0.00020   154.90170     0.00972     0.01622     0.00088     0.00017     0.00006
   -61.07574     0.00020     0.00022   171.09510     0.01057     0.01826     0.00098     0.00019     0.00008
   -61.05274     0.00021     0.00023   186.13510     0.01133     0.02020     0.00107     0.00021     0.00009
   -61.02974     0.00022     0.00025   199.52820     0.01196     0.02194     0.00116     0.00024     0.00010
   -61.00574     0.00023     0.00026   210.85300     0.01246     0.02343     0.00124     0.00026     0.00011
   -60.98274     0.00023     0.00026   219.75140     0.01281     0.02459     0.00132     0.00028     0.00012
   -60.95974     0.00022     0.00026   225.99100     0.01301     0.02538     0.00138     0.00029     0.00013
   -60.93674     0.00021     0.00025   229.44100     0.01306     0.02578     0.00142     0.00030     0.00013
   -60.91274     0.00020     0.00024   230.09800     0.01297     0.02578     0.00144     0.00031     0.00014
   -60.88974     0.00019     0.00023   228.06700     0.01275     0.02540     0.00144     0.00031     0.00014
   -60.86674     0.00017     0.00021   223.56000     0.01242     0.02467     0.00142     0.00030     0.00014
   -60.84374     0.00015     0.00019   216.84400     0.01199     0.02364     0.00137     0.00029     0.00013
   -60.81974     0.00013     0.00017   208.21100     0.01148     0.02236     0.00131     0.00028     0.00013
   -60.79674     0.00011     0.00014   197.98200     0.01090     0.02090     0.00123     0.00026     0.00012
   -60.77374     0.00009     0.00012   186.44410     0.01027     0.01931     0.00114     0.00024     0.00011
   -60.75074     0.00007     0.00010   173.85780     0.00959     0.01765     0.00104     0.00021     0.00010
   -60.72674     0.00006     0.00008   160.47170     0.00888     0.01595     0.00093     0.00019     0.00009
   -60.70374     0.00004     0.00006   146.49980     0.00814     0.01427     0.00082     0.00017     0.00008
   -60.68074     0.00003     0.00005   132.15200     0.00738     0.01261     0.00072     0.00014     0.00007
   -60.65774     0.00003     0.00004   117.66350     0.00661     0.01102     0.00061     0.00012     0.00006
   -60.63374     0.00002     0.00003   103.26700     0.00583     0.00950     0.00052     0.00010     0.00005
   -60.61074     0.00001     0.00002    89.22060     0.00507     0.00808     0.00043     0.00008     0.00004
   -60.58774     0.00001     0.00001    75.78281     0.00433     0.00677     0.00035     0.00007     0.00003
   -60.56474     0.00001     0.00001    63.20171     0.00364     0.00558     0.00028     0.00005     0.00002
   -60.54074     0.00000     0.00001    51.69676     0.00299     0.00451     0.00022     0.00004     0.00002
   -60.51774     0.00000     0.00000    41.42769     0.00241     0.00359     0.00017     0.00003     0.00001
   -60.49474     0.00000     0.00000    32.49465     0.00190     0.00279     0.00013     0.00002     0.00001
   -60.47174     0.00000     0.00000    24.92775     0.00147     0.00213     0.00010     0.00002     0.00001
   -60.44774     0.00000     0.00000    18.69377     0.00111     0.00159     0.00007     0.00001     0.00001
   -60.42474     0.00000     0.00000    13.69193     0.00082     0.00116     0.00005     0.00001     0.00000
   -60.40174     0.00000     0.00000     9.79147     0.00059     0.00083     0.00004     0.00001     0.00000
   -60.37874     0.00000     0.00000     6.83411     0.00041     0.00058     0.00003     0.00000     0.00000
   -60.35474     0.00000     0.00000     4.65374     0.00028     0.00039     0.00002     0.00000     0.00000
   -60.33174     0.00000     0.00000     3.09109     0.00019     0.00026     0.00001     0.00000     0.00000
   -60.30874     0.00000     0.00000     2.00217     0.00012     0.00017     0.00001     0.00000     0.00000
   -60.28574     0.00000     0.00000     1.26436     0.00008     0.00011     0.00000     0.00000     0.00000
   -60.26174     0.00000     0.00000     0.77842     0.00005     0.00007     0.00000     0.00000     0.00000
   -60.23874     0.00000     0.00000     0.46710     0.00003     0.00004     0.00000     0.00000     0.00000
   -60.21574     0.00000     0.00000     0.27320     0.00002     0.00002     0.00000     0.00000     0.00000
   -60.19274     0.00000     0.00000     0.15571     0.00001     0.00001     0.00000     0.00000     0.00000
   -60.16874     0.00000     0.00000     0.08650     0.00001     0.00001     0.00000     0.00000     0.00000
   -60.14574     0.00000     0.00000     0.04682     0.00000     0.00000     0.00000     0.00000     0.00000
   -60.12274     0.00000     0.00000     0.02469     0.00000     0.00000     0.00000     0.00000     0.00000
   -60.09974     0.00000     0.00000     0.01269     0.00000     0.00000     0.00000     0.00000     0.00000
   -60.07574     0.00000     0.00000     0.00635     0.00000     0.00000     0.00000     0.00000     0.00000
   -60.05274     0.00000     0.00000     0.00310     0.00000     0.00000     0.00000     0.00000     0.00000
   -60.02974     0.00000     0.00000     0.00147     0.00000     0.00000     0.00000     0.00000     0.00000
   -60.00674     0.00000     0.00000     0.00068     0.00000     0.00000     0.00000     0.00000     0.00000
   -59.98274     0.00000     0.00000     0.00031     0.00000     0.00000     0.00000     0.00000     0.00000
   -59.95974     0.00000     0.00000     0.00014     0.00000     0.00000     0.00000     0.00000     0.00000
   -59.93674     0.00000     0.00000     0.00006     0.00000     0.00000     0.00000     0.00000     0.00000
   -59.91374     0.00000     0.00000     0.00002     0.00000     0.00000     0.00000     0.00000     0.00000
   -59.89074     0.00000     0.00000     0.00001     0.00000     0.00000     0.00000     0.00000     0.00000
   -59.86674     0.00000     0.00000     0.00000     0.00000     0.00000     0.00000     0.00000     0.00000
   -59.84374     0.00000     0.00000     0.00000     0.00000     0.00000     0.00000     0.00000     0.00000
   -59.82074     0.00000     0.00000     0.00000     0.00000     0.00000     0.00000     0.00000     0.00000
   -59.79774     0.00000     0.00000     0.00000     0.00000     0.00000     0.00000     0.00000     0.00000
   -59.77374     0.00000     0.00000     0.00000     0.00000     0.00000     0.00000     0.00000     0.00000
   -59.75074     0.00000     0.00000     0.00000     0.00000     0.00000     0.00000     0.00000     0.00000
   -59.72774     0.00000     0.00000     0.00000     0.00000     0.00000     0.00000     0.00000     0.00000
   -59.70474     0.00000     0.00000     0.00000     0.00000     0.00000     0.00000     0.00000     0.00000
   -59.68074     0.00000     0.00000     0.00000     0.00000     0.00000     0.00000     0.00000     0.00000
   -59.65774     0.00000     0.00000     0.00000     0.00000     0.00000     0.00000     0.00000     0.00000
   -59.63474     0.00000     0.00000     0.00000     0.00000     0.00000     0.00000     0.00000     0.00000
   -59.61174     0.00000     0.00000     0.00000     0.00000     0.00000     0.00000     0.00000     0.00000
   -59.58774     0.00000     0.00000     0.00000     0.00000     0.00000     0.00000     0.00000     0.00000
   -59.56474     0.00000     0.00000     0.00000     0.00000     0.00000     0.00000     0.00000     0.00000
   -59.54174     0.00000     0.00000     0.00000     0.00000     0.00000     0.00000     0.00000     0.00000
   -59.51874     0.00000     0.00000     0.00000     0.00000     0.00000     0.00000     0.00000     0.00000
   -59.49474     0.00000     0.00000     0.00000     0.00000     0.00000     0.00000     0.00000     0.00000
   -59.47174     0.00000     0.00000     0.00000     0.00000     0.00000     0.00000     0.00000     0.00000
   -59.44874     0.00000     0.00000     0.00000     0.00000     0.00000     0.00000     0.00000     0.00000
   -59.42574     0.00000     0.00000     0.00000     0.00000     0.00000     0.00000     0.00000     0.00000
   -59.40174     0.00000     0.00000     0.00000     0.00000     0.00000     0.00000     0.00000     0.00000
   -59.37874     0.00000     0.00000     0.00000     0.00000     0.00000     0.00000     0.00000     0.00000
   -59.35574     0.00000     0.00000     0.00000     0.00000     0.00000     0.00000     0.00000     0.00000
   -59.33274     0.00000     0.00000     0.00000     0.00000     0.00000     0.00000     0.00000     0.00000
   -59.30874     0.00000     0.00000     0.00000     0.00000     0.00000     0.00000     0.00000     0.00000
   -59.28574     0.00000     0.00000     0.00000     0.00000     0.00000     0.00000     0.00000     0.00000
   -59.26274     0.00000     0.00000     0.00000     0.00000     0.00000     0.00000     0.00000     0.00000
   -59.23974     0.00000     0.00000     0.00000     0.00000     0.00000     0.00000     0.00000     0.00000
   -59.21574     0.00000     0.00000     0.00000     0.00000     0.00000     0.00000     0.00000     0.00000
   -59.19274     0.00000     0.00000     0.00000     0.00000     0.00000     0.00000     0.00000     0.00000
   -59.16974     0.00000     0.00000     0.00000     0.00000     0.00000     0.00000     0.00000     0.00000
   -59.14674     0.00000     0.00000     0.00000     0.00000     0.00000     0.00000     0.00000     0.00000
   -59.12274     0.00000     0.00000     0.00000     0.00000     0.00000     0.00000     0.00000     0.00000
   -59.09974     0.00000     0.00000     0.00000     0.00000     0.00000     0.00000     0.00000     0.00000
   -59.07674     0.00000     0.00000     0.00000     0.00000     0.00000     0.00000     0.00000     0.00000
   -59.05374     0.00000     0.00000     0.00000     0.00000     0.00000     0.00000     0.00000     0.00000
   -59.02974     0.00000     0.00000     0.00000     0.00000     0.00000     0.00000     0.00000     0.00000
   -59.00674     0.00000     0.00000     0.00000     0.00000     0.00000     0.00000     0.00000     0.00000
   -58.98374     0.00000     0.00000     0.00000     0.00000     0.00000     0.00000     0.00000     0.00000
   -58.96074     0.00000     0.00000     0.00000     0.00000     0.00000     0.00000     0.00000     0.00000
   -58.93674     0.00000     0.00000     0.00000     0.00000     0.00000     0.00000     0.00000     0.00000
   -58.91374     0.00000     0.00000     0.00000     0.00000     0.00000     0.00000     0.00000     0.00000
   -58.89074     0.00000     0.00000     0.00000     0.00000     0.00000     0.00000     0.00000     0.00000
   -58.86774     0.00000     0.00000     0.00000     0.00000     0.00000     0.00000     0.00000     0.00000
   -58.84374     0.00000     0.00000     0.00000     0.00000     0.00000     0.00000     0.00000     0.00000
   -58.82074     0.00000     0.00000     0.00000     0.00000     0.00000     0.00000     0.00000     0.00000
   -58.79774     0.00000     0.00000     0.00000     0.00000     0.00000     0.00000     0.00000     0.00000
   -58.77474     0.00000     0.00000     0.00000     0.00000     0.00000     0.00000     0.00000     0.00000
   -58.75074     0.00000     0.00000     0.00000     0.00000     0.00000     0.00000     0.00000     0.00000
   -58.72774     0.00000     0.00000     0.00000     0.00000     0.00000     0.00000     0.00000     0.00000
   -58.70474     0.00000     0.00000     0.00000     0.00000     0.00000     0.00000     0.00000     0.00000
   -58.68174     0.00000     0.00000     0.00000     0.00000     0.00000     0.00000     0.00000     0.00000
   -58.65774     0.00000     0.00000     0.00000     0.00000     0.00000     0.00000     0.00000     0.00000
   -58.63474     0.00000     0.00000     0.00000     0.00000     0.00000     0.00000     0.00000     0.00000
   -58.61174     0.00000     0.00000     0.00000     0.00000     0.00000     0.00000     0.00000     0.00000
   -58.58874     0.00000     0.00000     0.00000     0.00000     0.00000     0.00000     0.00000     0.00000
   -58.56574     0.00000     0.00000     0.00000     0.00000     0.00000     0.00000     0.00000     0.00000
   -58.54174     0.00000     0.00000     0.00000     0.00000     0.00000     0.00000     0.00000     0.00000
   -58.51874     0.00000     0.00000     0.00000     0.00000     0.00000     0.00000     0.00000     0.00000
   -58.49574     0.00000     0.00000     0.00000     0.00000     0.00000     0.00000     0.00000     0.00000
   -58.47274     0.00000     0.00000     0.00000     0.00000     0.00000     0.00000     0.00000     0.00000
   -58.44874     0.00000     0.00000     0.00000     0.00000     0.00000     0.00000     0.00000     0.00000
   -58.42574     0.00000     0.00000     0.00000     0.00000     0.00000     0.00000     0.00000     0.00000
   -58.40274     0.00000     0.00000     0.00000     0.00000     0.00000     0.00000     0.00000     0.00000
   -58.37974     0.00000     0.00000     0.00000     0.00000     0.00000     0.00000     0.00000     0.00000
   -58.35574     0.00000     0.00000     0.00000     0.00000     0.00000     0.00000     0.00000     0.00000
   -58.33274     0.00000     0.00000     0.00000     0.00000     0.00000     0.00000     0.00000     0.00000
   -58.30974     0.00000     0.00000     0.00000     0.00000     0.00000     0.00000     0.00000     0.00000
   -58.28674     0.00000     0.00000     0.00000     0.00000     0.00000     0.00000     0.00000     0.00000
   -58.26274     0.00000     0.00000     0.00000     0.00000     0.00000     0.00000     0.00000     0.00000
   -58.23974     0.00000     0.00000     0.00000     0.00000     0.00000     0.00000     0.00000     0.00000
   -58.21674     0.00000     0.00000     0.00000     0.00000     0.00000     0.00000     0.00000     0.00000
   -58.19374     0.00000     0.00000     0.00000     0.00000     0.00000     0.00000     0.00000     0.00000
   -58.16974     0.00000     0.00000     0.00000     0.00000     0.00000     0.00000     0.00000     0.00000
   -58.14674     0.00000     0.00000     0.00000     0.00000     0.00000     0.00000     0.00000     0.00000
   -58.12374     0.00000     0.00000     0.00000     0.00000     0.00000     0.00000     0.00000     0.00000
   -58.10074     0.00000     0.00000     0.00000     0.00000     0.00000     0.00000     0.00000     0.00000
   -58.07674     0.00000     0.00000     0.00000     0.00000     0.00000     0.00000     0.00000     0.00000
   -58.05374     0.00000     0.00000     0.00000     0.00000     0.00000     0.00000     0.00000     0.00000
   -58.03074     0.00000     0.00000     0.00000     0.00000     0.00000     0.00000     0.00000     0.00000
   -58.00774     0.00000     0.00000     0.00000     0.00000     0.00000     0.00000     0.00000     0.00000
   -57.98374     0.00000     0.00000     0.00000     0.00000     0.00000     0.00000     0.00000     0.00000
   -57.96074     0.00000     0.00000     0.00000     0.00000     0.00000     0.00000     0.00000     0.00000
   -57.93774     0.00000     0.00000     0.00000     0.00000     0.00000     0.00000     0.00000     0.00000
   -57.91474     0.00000     0.00000     0.00000     0.00000     0.00000     0.00000     0.00000     0.00000
   -57.89074     0.00000     0.00000     0.00000     0.00000     0.00000     0.00000     0.00000     0.00000
   -57.86774     0.00000     0.00000     0.00000     0.00000     0.00000     0.00000     0.00000     0.00000
   -57.84474     0.00000     0.00000     0.00000     0.00000     0.00000     0.00000     0.00000     0.00000
   -57.82174     0.00000     0.00000     0.00000     0.00000     0.00000     0.00000     0.00000     0.00000
   -57.79774     0.00000     0.00000     0.00000     0.00000     0.00000     0.00000     0.00000     0.00000
   -57.77474     0.00000     0.00000     0.00000     0.00000     0.00000     0.00000     0.00000     0.00000
   -57.75174     0.00000     0.00000     0.00000     0.00000     0.00000     0.00000     0.00000     0.00000
   -57.72874     0.00000     0.00000     0.00000     0.00000     0.00000     0.00000     0.00000     0.00000
   -57.70474     0.00000     0.00000     0.00000     0.00000     0.00000     0.00000     0.00000     0.00000
   -57.68174     0.00000     0.00000     0.00000     0.00000     0.00000     0.00000     0.00000     0.00000
   -57.65874     0.00000     0.00000     0.00000     0.00000     0.00000     0.00000     0.00000     0.00000
   -57.63574     0.00000     0.00000     0.00000     0.00000     0.00000     0.00000     0.00000     0.00000
   -57.61174     0.00000     0.00000     0.00000     0.00000     0.00000     0.00000     0.00000     0.00000
   -57.58874     0.00000     0.00000     0.00000     0.00000     0.00000     0.00000     0.00000     0.00000
   -57.56574     0.00000     0.00000     0.00000     0.00000     0.00000     0.00000     0.00000     0.00000
   -57.54274     0.00000     0.00000     0.00000     0.00000     0.00000     0.00000     0.00000     0.00000
   -57.51874     0.00000     0.00000     0.00000     0.00000     0.00000     0.00000     0.00000     0.00000
   -57.49574     0.00000     0.00000     0.00000     0.00000     0.00000     0.00000     0.00000     0.00000
   -57.47274     0.00000     0.00000     0.00000     0.00000     0.00000     0.00000     0.00000     0.00000
   -57.44974     0.00000     0.00000     0.00000     0.00000     0.00000     0.00000     0.00000     0.00000
   -57.42574     0.00000     0.00000     0.00000     0.00000     0.00000     0.00000     0.00000     0.00000
   -57.40274     0.00000     0.00000     0.00000     0.00000     0.00000     0.00000     0.00000     0.00000
   -57.37974     0.00000     0.00000     0.00000     0.00000     0.00000     0.00000     0.00000     0.00000
   -57.35674     0.00000     0.00000     0.00000     0.00000     0.00000     0.00000     0.00000     0.00000
   -57.33374     0.00000     0.00000     0.00000     0.00000     0.00000     0.00000     0.00000     0.00000
   -57.30974     0.00000     0.00000     0.00000     0.00000     0.00000     0.00000     0.00000     0.00000
   -57.28674     0.00000     0.00000     0.00000     0.00000     0.00000     0.00000     0.00000     0.00000
   -57.26374     0.00000     0.00000     0.00000     0.00000     0.00000     0.00000     0.00000     0.00000
   -57.24074     0.00000     0.00000     0.00000     0.00000     0.00000     0.00000     0.00000     0.00000
   -57.21674     0.00000     0.00000     0.00000     0.00000     0.00000     0.00000     0.00000     0.00000
   -57.19374     0.00000     0.00000     0.00000     0.00000     0.00000     0.00000     0.00000     0.00000
   -57.17074     0.00000     0.00000     0.00000     0.00000     0.00000     0.00000     0.00000     0.00000
   -57.14774     0.00000     0.00000     0.00000     0.00000     0.00000     0.00000     0.00000     0.00000
   -57.12374     0.00000     0.00000     0.00000     0.00000     0.00000     0.00000     0.00000     0.00000
   -57.10074     0.00000     0.00000     0.00000     0.00000     0.00000     0.00000     0.00000     0.00000
   -57.07774     0.00000     0.00000     0.00000     0.00000     0.00000     0.00000     0.00000     0.00000
   -57.05474     0.00000     0.00000     0.00000     0.00000     0.00000     0.00000     0.00000     0.00000
   -57.03074     0.00000     0.00000     0.00000     0.00000     0.00000     0.00000     0.00000     0.00000
   -57.00774     0.00000     0.00000     0.00000     0.00000     0.00000     0.00000     0.00000     0.00000
   -56.98474     0.00000     0.00000     0.00000     0.00000     0.00000     0.00000     0.00000     0.00000
   -56.96174     0.00000     0.00000     0.00000     0.00000     0.00000     0.00000     0.00000     0.00000
   -56.93774     0.00000     0.00000     0.00000     0.00000     0.00000     0.00000     0.00000     0.00000
   -56.91474     0.00000     0.00000     0.00000     0.00000     0.00000     0.00000     0.00000     0.00000
   -56.89174     0.00000     0.00000     0.00000     0.00000     0.00000     0.00000     0.00000     0.00000
   -56.86874     0.00000     0.00000     0.00000     0.00000     0.00000     0.00000     0.00000     0.00000
   -56.84474     0.00000     0.00000     0.00000     0.00000     0.00000     0.00000     0.00000     0.00000
   -56.82174     0.00000     0.00000     0.00000     0.00000     0.00000     0.00000     0.00000     0.00000
   -56.79874     0.00000     0.00000     0.00000     0.00000     0.00000     0.00000     0.00000     0.00000
   -56.77574     0.00000     0.00000     0.00000     0.00000     0.00000     0.00000     0.00000     0.00000
   -56.75174     0.00000     0.00000     0.00000     0.00000     0.00000     0.00000     0.00000     0.00000
   -56.72874     0.00000     0.00000     0.00000     0.00000     0.00000     0.00000     0.00000     0.00000
   -56.70574     0.00000     0.00000     0.00000     0.00000     0.00000     0.00000     0.00000     0.00000
   -56.68274     0.00000     0.00000     0.00000     0.00000     0.00000     0.00000     0.00000     0.00000
   -56.65874     0.00000     0.00000     0.00000     0.00000     0.00000     0.00000     0.00000     0.00000
   -56.63574     0.00000     0.00000     0.00000     0.00000     0.00000     0.00000     0.00000     0.00000
   -56.61274     0.00000     0.00000     0.00000     0.00000     0.00000     0.00000     0.00000     0.00000
   -56.58974     0.00000     0.00000     0.00000     0.00000     0.00000     0.00000     0.00000     0.00000
   -56.56574     0.00000     0.00000     0.00000     0.00000     0.00000     0.00000     0.00000     0.00000
   -56.54274     0.00000     0.00000     0.00000     0.00000     0.00000     0.00000     0.00000     0.00000
   -56.51974     0.00000     0.00000     0.00000     0.00000     0.00000     0.00000     0.00000     0.00000
   -56.49674     0.00000     0.00000     0.00000     0.00000     0.00000     0.00000     0.00000     0.00000
   -56.47274     0.00000     0.00000     0.00000     0.00000     0.00000     0.00000     0.00000     0.00000
   -56.44974     0.00000     0.00000     0.00000     0.00000     0.00000     0.00000     0.00000     0.00000
   -56.42674     0.00000     0.00000     0.00000     0.00000     0.00000     0.00000     0.00000     0.00000
   -56.40374     0.00000     0.00000     0.00000     0.00000     0.00000     0.00000     0.00000     0.00000
   -56.37974     0.00000     0.00000     0.00000     0.00000     0.00000     0.00000     0.00000     0.00000
   -56.35674     0.00000     0.00000     0.00000     0.00000     0.00000     0.00000     0.00000     0.00000
   -56.33374     0.00000     0.00000     0.00000     0.00000     0.00000     0.00000     0.00000     0.00000
   -56.31074     0.00000     0.00000     0.00000     0.00000     0.00000     0.00000     0.00000     0.00000
   -56.28674     0.00000     0.00000     0.00000     0.00000     0.00000     0.00000     0.00000     0.00000
   -56.26374     0.00000     0.00000     0.00000     0.00000     0.00000     0.00000     0.00000     0.00000
   -56.24074     0.00000     0.00000     0.00000     0.00000     0.00000     0.00000     0.00000     0.00000
   -56.21774     0.00000     0.00000     0.00000     0.00000     0.00000     0.00000     0.00000     0.00000
   -56.19374     0.00000     0.00000     0.00000     0.00000     0.00000     0.00000     0.00000     0.00000
   -56.17074     0.00000     0.00000     0.00000     0.00000     0.00000     0.00000     0.00000     0.00000
   -56.14774     0.00000     0.00000     0.00000     0.00000     0.00000     0.00000     0.00000     0.00000
   -56.12474     0.00000     0.00000     0.00000     0.00000     0.00000     0.00000     0.00000     0.00000
   -56.10074     0.00000     0.00000     0.00000     0.00000     0.00000     0.00000     0.00000     0.00000
   -56.07774     0.00000     0.00000     0.00000     0.00000     0.00000     0.00000     0.00000     0.00000
   -56.05474     0.00000     0.00000     0.00000     0.00000     0.00000     0.00000     0.00000     0.00000
   -56.03174     0.00000     0.00000     0.00000     0.00000     0.00000     0.00000     0.00000     0.00000
   -56.00874     0.00000     0.00000     0.00000     0.00000     0.00000     0.00001     0.00000     0.00000
   -55.98474     0.00000     0.00000     0.00000     0.00000     0.00000     0.00002     0.00000     0.00000
   -55.96174     0.00000     0.00000     0.00000     0.00000     0.00000     0.00004     0.00000     0.00000
   -55.93874     0.00000     0.00000     0.00000     0.00000     0.00000     0.00008     0.00000     0.00000
   -55.91574     0.00000     0.00000     0.00000     0.00000     0.00000     0.00018     0.00000     0.00000
   -55.89174     0.00000     0.00000     0.00000     0.00000     0.00000     0.00039     0.00000     0.00000
   -55.86874     0.00000     0.00000     0.00000     0.00000     0.00000     0.00081     0.00000     0.00000
   -55.84574     0.00000     0.00000     0.00000     0.00000     0.00000     0.00164     0.00000     0.00000
   -55.82274     0.00000     0.00000     0.00000     0.00000     0.00000     0.00322     0.00000     0.00000
   -55.79874     0.00000     0.00000     0.00000     0.00000     0.00000     0.00617     0.00000     0.00000
   -55.77574     0.00000     0.00000     0.00000     0.00000     0.00000     0.01149     0.00000     0.00000
   -55.75274     0.00000     0.00000     0.00000     0.00000     0.00000     0.02084     0.00000     0.00000
   -55.72974     0.00000     0.00000     0.00001     0.00000     0.00000     0.03679     0.00000     0.00000
   -55.70574     0.00000     0.00000     0.00002     0.00001     0.00001     0.06324     0.00000     0.00000
   -55.68274     0.00000     0.00001     0.00003     0.00001     0.00001     0.10580     0.00000     0.00000
   -55.65974     0.00001     0.00001     0.00004     0.00002     0.00002     0.17228     0.00000     0.00000
   -55.63674     0.00001     0.00001     0.00007     0.00003     0.00003     0.27310     0.00001     0.00000
   -55.61274     0.00002     0.00002     0.00010     0.00004     0.00005     0.42140     0.00001     0.00000
   -55.58974     0.00003     0.00003     0.00015     0.00006     0.00008     0.63290     0.00001     0.00000
   -55.56674     0.00004     0.00005     0.00022     0.00009     0.00012     0.92540     0.00002     0.00000
   -55.54374     0.00006     0.00007     0.00032     0.00013     0.00017     1.31710     0.00003     0.00001
   -55.51974     0.00008     0.00009     0.00044     0.00018     0.00023     1.82460     0.00004     0.00001
   -55.49674     0.00011     0.00012     0.00059     0.00024     0.00031     2.46100     0.00005     0.00001
   -55.47374     0.00015     0.00016     0.00077     0.00032     0.00041     3.23000     0.00006     0.00001
   -55.45074     0.00019     0.00020     0.00099     0.00040     0.00053     4.12700     0.00008     0.00002
   -55.42674     0.00024     0.00025     0.00123     0.00050     0.00066     5.13400     0.00010     0.00002
   -55.40374     0.00029     0.00031     0.00149     0.00061     0.00079     6.21600     0.00012     0.00002
   -55.38074     0.00034     0.00036     0.00176     0.00072     0.00094     7.32700     0.00014     0.00003
   -55.35774     0.00039     0.00042     0.00202     0.00082     0.00107     8.40600     0.00017     0.00003
   -55.33374     0.00044     0.00046     0.00225     0.00092     0.00120     9.38800     0.00018     0.00004
   -55.31074     0.00047     0.00050     0.00245     0.00100     0.00130    10.20600     0.00020     0.00004
   -55.28774     0.00050     0.00053     0.00259     0.00106     0.00138    10.79900     0.00021     0.00004
   -55.26474     0.00052     0.00055     0.00267     0.00109     0.00142    11.12500     0.00022     0.00004
   -55.24074     0.00052     0.00055     0.00268     0.00109     0.00142    11.15400     0.00022     0.00004
   -55.21774     0.00051     0.00054     0.00262     0.00106     0.00139    10.88800     0.00021     0.00004
   -55.19474     0.00048     0.00051     0.00249     0.00101     0.00132    10.34400     0.00020     0.00004
   -55.17174     0.00045     0.00047     0.00230     0.00093     0.00122     9.56700     0.00019     0.00004
   -55.14774     0.00040     0.00042     0.00207     0.00084     0.00110     8.61300     0.00017     0.00003
   -55.12474     0.00035     0.00037     0.00182     0.00074     0.00096     7.54800     0.00015     0.00003
   -55.10174     0.00030     0.00032     0.00155     0.00063     0.00082     6.43800     0.00013     0.00002
   -55.07874     0.00025     0.00026     0.00129     0.00052     0.00068     5.34600     0.00011     0.00002
   -55.05474     0.00020     0.00021     0.00104     0.00042     0.00055     4.32200     0.00009     0.00002
   -55.03174     0.00016     0.00017     0.00082     0.00033     0.00043     3.40000     0.00007     0.00001
   -55.00874     0.00012     0.00013     0.00063     0.00025     0.00033     2.60400     0.00005     0.00001
   -54.98574     0.00009     0.00010     0.00047     0.00019     0.00025     1.94170     0.00004     0.00001
   -54.96174     0.00007     0.00007     0.00034     0.00014     0.00018     1.40910     0.00003     0.00001
   -54.93874     0.00005     0.00005     0.00024     0.00010     0.00013     0.99540     0.00002     0.00000
   -54.91574     0.00003     0.00003     0.00017     0.00007     0.00009     0.68460     0.00001     0.00000
   -54.89274     0.00002     0.00002     0.00011     0.00004     0.00006     0.45820     0.00001     0.00000
   -54.86874     0.00001     0.00001     0.00007     0.00003     0.00004     0.29860     0.00001     0.00000
   -54.84574     0.00001     0.00001     0.00005     0.00002     0.00002     0.18937     0.00000     0.00000
   -54.82274     0.00001     0.00001     0.00003     0.00001     0.00001     0.11691     0.00000     0.00000
   -54.79974     0.00000     0.00000     0.00002     0.00001     0.00001     0.07027     0.00000     0.00000
   -54.77674     0.00000     0.00000     0.00001     0.00000     0.00001     0.04111     0.00000     0.00000
   -54.75274     0.00000     0.00000     0.00001     0.00000     0.00000     0.02340     0.00000     0.00000
   -54.72974     0.00000     0.00000     0.00000     0.00000     0.00000     0.01298     0.00000     0.00000
   -54.70674     0.00000     0.00000     0.00000     0.00000     0.00000     0.00700     0.00000     0.00000
   -54.68374     0.00000     0.00000     0.00000     0.00000     0.00000     0.00368     0.00000     0.00000
   -54.65974     0.00000     0.00000     0.00000     0.00000     0.00000     0.00188     0.00000     0.00000
   -54.63674     0.00000     0.00000     0.00000     0.00000     0.00000     0.00094     0.00000     0.00000
   -54.61374     0.00000     0.00000     0.00000     0.00000     0.00000     0.00045     0.00000     0.00000
   -54.59074     0.00000     0.00000     0.00000     0.00000     0.00000     0.00021     0.00000     0.00000
   -54.56674     0.00000     0.00000     0.00000     0.00000     0.00000     0.00010     0.00000     0.00000
   -54.54374     0.00000     0.00000     0.00000     0.00000     0.00000     0.00004     0.00000     0.00000
   -54.52074     0.00000     0.00000     0.00000     0.00000     0.00000     0.00002     0.00000     0.00000
   -54.49774     0.00000     0.00000     0.00000     0.00000     0.00000     0.00001     0.00000     0.00000
   -54.47374     0.00000     0.00000     0.00000     0.00000     0.00000     0.00000     0.00000     0.00000
   -54.45074     0.00000     0.00000     0.00000     0.00000     0.00000     0.00000     0.00000     0.00000
   -54.42774     0.00000     0.00000     0.00000     0.00000     0.00000     0.00000     0.00000     0.00000
   -54.40474     0.00000     0.00000     0.00000     0.00000     0.00000     0.00000     0.00000     0.00000
   -54.38074     0.00000     0.00000     0.00000     0.00000     0.00000     0.00000     0.00000     0.00000
   -54.35774     0.00000     0.00000     0.00000     0.00000     0.00000     0.00000     0.00000     0.00000
   -54.33474     0.00000     0.00000     0.00000     0.00000     0.00000     0.00000     0.00000     0.00000
   -54.31174     0.00000     0.00000     0.00000     0.00000     0.00000     0.00000     0.00000     0.00000
   -54.28774     0.00000     0.00000     0.00000     0.00000     0.00000     0.00000     0.00000     0.00000
   -54.26474     0.00000     0.00000     0.00000     0.00000     0.00000     0.00000     0.00000     0.00000
   -54.24174     0.00000     0.00000     0.00000     0.00000     0.00000     0.00000     0.00000     0.00000
   -54.21874     0.00000     0.00000     0.00000     0.00000     0.00000     0.00000     0.00000     0.00000
   -54.19474     0.00000     0.00000     0.00000     0.00000     0.00000     0.00000     0.00000     0.00000
   -54.17174     0.00000     0.00000     0.00000     0.00000     0.00000     0.00000     0.00000     0.00000
   -54.14874     0.00000     0.00000     0.00000     0.00000     0.00000     0.00000     0.00000     0.00000
   -54.12574     0.00000     0.00000     0.00000     0.00000     0.00000     0.00000     0.00000     0.00000
   -54.10174     0.00000     0.00000     0.00000     0.00000     0.00000     0.00000     0.00000     0.00000
   -54.07874     0.00000     0.00000     0.00000     0.00000     0.00000     0.00000     0.00000     0.00000
   -54.05574     0.00000     0.00000     0.00000     0.00000     0.00000     0.00000     0.00000     0.00000
   -54.03274     0.00000     0.00000     0.00000     0.00000     0.00000     0.00000     0.00000     0.00000
   -54.00874     0.00000     0.00000     0.00000     0.00000     0.00000     0.00000     0.00000     0.00000
   -53.98574     0.00000     0.00000     0.00000     0.00000     0.00000     0.00000     0.00000     0.00000
   -53.96274     0.00000     0.00000     0.00000     0.00000     0.00000     0.00000     0.00000     0.00000
   -53.93974     0.00000     0.00000     0.00000     0.00000     0.00000     0.00000     0.00000     0.00000
   -53.91574     0.00000     0.00000     0.00000     0.00000     0.00000     0.00000     0.00000     0.00000
   -53.89274     0.00000     0.00000     0.00000     0.00000     0.00000     0.00000     0.00000     0.00000
   -53.86974     0.00000     0.00000     0.00000     0.00000     0.00000     0.00000     0.00000     0.00000
   -53.84674     0.00000     0.00000     0.00000     0.00000     0.00000     0.00000     0.00000     0.00000
   -53.82274     0.00000     0.00000     0.00000     0.00000     0.00000     0.00000     0.00000     0.00000
   -53.79974     0.00000     0.00000     0.00000     0.00000     0.00000     0.00000     0.00000     0.00000
   -53.77674     0.00000     0.00000     0.00000     0.00000     0.00000     0.00000     0.00000     0.00000
   -53.75374     0.00000     0.00000     0.00000     0.00000     0.00000     0.00000     0.00000     0.00000
   -53.72974     0.00000     0.00000     0.00000     0.00000     0.00000     0.00000     0.00000     0.00000
   -53.70674     0.00000     0.00000     0.00000     0.00000     0.00000     0.00000     0.00000     0.00000
   -53.68374     0.00000     0.00000     0.00000     0.00000     0.00000     0.00000     0.00000     0.00000
   -53.66074     0.00000     0.00000     0.00000     0.00000     0.00000     0.00000     0.00000     0.00000
   -53.63674     0.00000     0.00000     0.00000     0.00000     0.00000     0.00000     0.00000     0.00000
   -53.61374     0.00000     0.00000     0.00000     0.00000     0.00000     0.00000     0.00000     0.00000
   -53.59074     0.00000     0.00000     0.00000     0.00000     0.00000     0.00000     0.00000     0.00000
   -53.56774     0.00000     0.00000     0.00000     0.00000     0.00000     0.00000     0.00000     0.00000
   -53.54374     0.00000     0.00000     0.00000     0.00000     0.00000     0.00000     0.00000     0.00000
   -53.52074     0.00000     0.00000     0.00000     0.00000     0.00000     0.00000     0.00000     0.00000
   -53.49774     0.00000     0.00000     0.00000     0.00000     0.00000     0.00000     0.00000     0.00000
   -53.47474     0.00000     0.00000     0.00000     0.00000     0.00000     0.00000     0.00000     0.00000
   -53.45174     0.00000     0.00000     0.00000     0.00000     0.00000     0.00000     0.00000     0.00000
   -53.42774     0.00000     0.00000     0.00000     0.00000     0.00000     0.00000     0.00000     0.00000
   -53.40474     0.00000     0.00000     0.00000     0.00000     0.00000     0.00000     0.00000     0.00000
   -53.38174     0.00000     0.00000     0.00000     0.00000     0.00000     0.00000     0.00000     0.00000
   -53.35874     0.00000     0.00000     0.00000     0.00000     0.00000     0.00000     0.00000     0.00000
   -53.33474     0.00000     0.00000     0.00000     0.00000     0.00000     0.00000     0.00000     0.00000
   -53.31174     0.00000     0.00000     0.00000     0.00000     0.00000     0.00000     0.00000     0.00000
   -53.28874     0.00000     0.00000     0.00000     0.00000     0.00000     0.00000     0.00000     0.00000
   -53.26574     0.00000     0.00000     0.00000     0.00000     0.00000     0.00000     0.00000     0.00000
   -53.24174     0.00000     0.00000     0.00000     0.00000     0.00000     0.00000     0.00000     0.00000
   -53.21874     0.00000     0.00000     0.00000     0.00000     0.00000     0.00000     0.00000     0.00000
   -53.19574     0.00000     0.00000     0.00000     0.00000     0.00000     0.00000     0.00000     0.00000
   -53.17274     0.00000     0.00000     0.00000     0.00000     0.00000     0.00000     0.00000     0.00000
   -53.14874     0.00000     0.00000     0.00000     0.00000     0.00000     0.00000     0.00000     0.00000
   -53.12574     0.00000     0.00000     0.00000     0.00000     0.00000     0.00000     0.00000     0.00000
   -53.10274     0.00000     0.00000     0.00000     0.00000     0.00000     0.00000     0.00000     0.00000
   -53.07974     0.00000     0.00000     0.00000     0.00000     0.00000     0.00000     0.00000     0.00000
   -53.05574     0.00000     0.00000     0.00000     0.00000     0.00000     0.00000     0.00000     0.00000
   -53.03274     0.00000     0.00000     0.00000     0.00000     0.00000     0.00000     0.00000     0.00000
   -53.00974     0.00000     0.00000     0.00000     0.00000     0.00000     0.00000     0.00000     0.00000
   -52.98674     0.00000     0.00000     0.00000     0.00000     0.00000     0.00000     0.00000     0.00000
   -52.96274     0.00000     0.00000     0.00000     0.00000     0.00000     0.00000     0.00000     0.00000
   -52.93974     0.00000     0.00000     0.00000     0.00000     0.00000     0.00000     0.00000     0.00000
   -52.91674     0.00000     0.00000     0.00000     0.00000     0.00000     0.00000     0.00000     0.00000
   -52.89374     0.00000     0.00000     0.00000     0.00000     0.00000     0.00000     0.00000     0.00000
   -52.86974     0.00000     0.00000     0.00000     0.00000     0.00000     0.00000     0.00000     0.00000
   -52.84674     0.00000     0.00000     0.00000     0.00000     0.00000     0.00000     0.00000     0.00000
   -52.82374     0.00000     0.00000     0.00000     0.00000     0.00000     0.00000     0.00000     0.00000
   -52.80074     0.00000     0.00000     0.00000     0.00000     0.00000     0.00000     0.00000     0.00000
   -52.77674     0.00000     0.00000     0.00000     0.00000     0.00000     0.00000     0.00000     0.00000
   -52.75374     0.00000     0.00000     0.00000     0.00000     0.00000     0.00000     0.00000     0.00000
   -52.73074     0.00000     0.00000     0.00000     0.00000     0.00000     0.00000     0.00000     0.00000
   -52.70774     0.00000     0.00000     0.00000     0.00000     0.00000     0.00000     0.00000     0.00000
   -52.68374     0.00000     0.00000     0.00000     0.00000     0.00000     0.00000     0.00000     0.00000
   -52.66074     0.00000     0.00000     0.00000     0.00000     0.00000     0.00000     0.00000     0.00000
   -52.63774     0.00000     0.00000     0.00000     0.00000     0.00000     0.00000     0.00000     0.00000
   -52.61474     0.00000     0.00000     0.00000     0.00000     0.00000     0.00000     0.00000     0.00000
   -52.59074     0.00000     0.00000     0.00000     0.00000     0.00000     0.00000     0.00000     0.00000
   -52.56774     0.00000     0.00000     0.00000     0.00000     0.00000     0.00000     0.00000     0.00000
   -52.54474     0.00000     0.00000     0.00000     0.00000     0.00000     0.00000     0.00000     0.00000
   -52.52174     0.00000     0.00000     0.00000     0.00000     0.00000     0.00000     0.00000     0.00000
   -52.49774     0.00000     0.00000     0.00000     0.00000     0.00000     0.00000     0.00000     0.00000
   -52.47474     0.00000     0.00000     0.00000     0.00000     0.00000     0.00000     0.00000     0.00000
   -52.45174     0.00000     0.00000     0.00000     0.00000     0.00000     0.00000     0.00000     0.00000
   -52.42874     0.00000     0.00000     0.00000     0.00000     0.00000     0.00000     0.00000     0.00000
   -52.40474     0.00000     0.00000     0.00000     0.00000     0.00000     0.00000     0.00000     0.00000
   -52.38174     0.00000     0.00000     0.00000     0.00000     0.00000     0.00000     0.00000     0.00000
   -52.35874     0.00000     0.00000     0.00000     0.00000     0.00000     0.00000     0.00000     0.00000
   -52.33574     0.00000     0.00000     0.00000     0.00000     0.00000     0.00000     0.00000     0.00000
   -52.31174     0.00000     0.00000     0.00000     0.00000     0.00000     0.00000     0.00000     0.00000
   -52.28874     0.00000     0.00000     0.00000     0.00000     0.00000     0.00000     0.00000     0.00000
   -52.26574     0.00000     0.00000     0.00000     0.00000     0.00000     0.00000     0.00000     0.00000
   -52.24274     0.00000     0.00000     0.00000     0.00000     0.00000     0.00000     0.00000     0.00000
   -52.21974     0.00000     0.00000     0.00000     0.00000     0.00000     0.00000     0.00000     0.00000
   -52.19574     0.00000     0.00000     0.00000     0.00000     0.00000     0.00000     0.00000     0.00000
   -52.17274     0.00000     0.00000     0.00000     0.00000     0.00000     0.00000     0.00000     0.00000
   -52.14974     0.00000     0.00000     0.00000     0.00000     0.00000     0.00000     0.00000     0.00000
   -52.12674     0.00000     0.00000     0.00000     0.00000     0.00000     0.00000     0.00000     0.00000
   -52.10274     0.00000     0.00000     0.00000     0.00000     0.00000     0.00000     0.00000     0.00000
   -52.07974     0.00000     0.00000     0.00000     0.00000     0.00000     0.00000     0.00000     0.00000
   -52.05674     0.00000     0.00000     0.00000     0.00000     0.00000     0.00000     0.00000     0.00000
   -52.03374     0.00000     0.00000     0.00000     0.00000     0.00000     0.00000     0.00000     0.00000
   -52.00974     0.00000     0.00000     0.00000     0.00000     0.00000     0.00000     0.00000     0.00000
   -51.98674     0.00000     0.00000     0.00000     0.00000     0.00000     0.00000     0.00000     0.00000
   -51.96374     0.00000     0.00000     0.00000     0.00000     0.00000     0.00000     0.00000     0.00000
   -51.94074     0.00000     0.00000     0.00000     0.00000     0.00000     0.00000     0.00000     0.00000
   -51.91674     0.00000     0.00000     0.00000     0.00000     0.00000     0.00000     0.00000     0.00000
   -51.89374     0.00000     0.00000     0.00000     0.00000     0.00000     0.00000     0.00000     0.00000
   -51.87074     0.00000     0.00000     0.00000     0.00000     0.00000     0.00000     0.00000     0.00000
   -51.84774     0.00000     0.00000     0.00000     0.00000     0.00000     0.00000     0.00000     0.00000
   -51.82374     0.00000     0.00000     0.00000     0.00000     0.00000     0.00000     0.00000     0.00000
   -51.80074     0.00000     0.00000     0.00000     0.00000     0.00000     0.00000     0.00000     0.00000
   -51.77774     0.00000     0.00000     0.00000     0.00000     0.00000     0.00000     0.00000     0.00000
   -51.75474     0.00000     0.00000     0.00000     0.00000     0.00000     0.00000     0.00000     0.00000
   -51.73074     0.00000     0.00000     0.00000     0.00000     0.00000     0.00000     0.00000     0.00000
   -51.70774     0.00000     0.00000     0.00000     0.00000     0.00000     0.00000     0.00000     0.00000
   -51.68474     0.00000     0.00000     0.00000     0.00000     0.00000     0.00000     0.00000     0.00000
   -51.66174     0.00000     0.00000     0.00000     0.00000     0.00000     0.00000     0.00000     0.00000
   -51.63774     0.00000     0.00000     0.00000     0.00000     0.00000     0.00000     0.00000     0.00000
   -51.61474     0.00000     0.00000     0.00000     0.00000     0.00000     0.00000     0.00000     0.00000
   -51.59174     0.00000     0.00000     0.00000     0.00000     0.00000     0.00000     0.00000     0.00000
   -51.56874     0.00000     0.00000     0.00000     0.00000     0.00000     0.00000     0.00000     0.00000
   -51.54474     0.00000     0.00000     0.00000     0.00000     0.00000     0.00000     0.00000     0.00000
   -51.52174     0.00000     0.00000     0.00000     0.00000     0.00000     0.00000     0.00000     0.00000
   -51.49874     0.00000     0.00000     0.00000     0.00000     0.00000     0.00000     0.00000     0.00000
   -51.47574     0.00000     0.00000     0.00000     0.00000     0.00000     0.00000     0.00000     0.00000
   -51.45174     0.00000     0.00000     0.00000     0.00000     0.00000     0.00000     0.00000     0.00000
   -51.42874     0.00000     0.00000     0.00000     0.00000     0.00000     0.00000     0.00000     0.00000
   -51.40574     0.00000     0.00000     0.00000     0.00000     0.00000     0.00000     0.00000     0.00000
   -51.38274     0.00000     0.00000     0.00000     0.00000     0.00000     0.00000     0.00000     0.00000
   -51.35874     0.00000     0.00000     0.00000     0.00000     0.00000     0.00000     0.00000     0.00000
   -51.33574     0.00000     0.00000     0.00000     0.00000     0.00000     0.00000     0.00000     0.00000
   -51.31274     0.00000     0.00000     0.00000     0.00000     0.00000     0.00000     0.00000     0.00000
   -51.28974     0.00000     0.00000     0.00000     0.00000     0.00000     0.00000     0.00000     0.00000
   -51.26574     0.00000     0.00000     0.00000     0.00000     0.00000     0.00000     0.00000     0.00000
   -51.24274     0.00000     0.00000     0.00000     0.00000     0.00000     0.00000     0.00000     0.00000
   -51.21974     0.00000     0.00000     0.00000     0.00000     0.00000     0.00000     0.00000     0.00000
   -51.19674     0.00000     0.00000     0.00000     0.00000     0.00000     0.00000     0.00000     0.00000
   -51.17274     0.00000     0.00000     0.00000     0.00000     0.00000     0.00000     0.00000     0.00000
   -51.14974     0.00000     0.00000     0.00000     0.00000     0.00000     0.00000     0.00000     0.00000
   -51.12674     0.00000     0.00000     0.00000     0.00000     0.00000     0.00000     0.00000     0.00000
   -51.10374     0.00000     0.00000     0.00000     0.00000     0.00000     0.00000     0.00000     0.00000
   -51.07974     0.00000     0.00000     0.00000     0.00000     0.00000     0.00000     0.00000     0.00000
   -51.05674     0.00000     0.00000     0.00000     0.00000     0.00000     0.00000     0.00000     0.00000
   -51.03374     0.00000     0.00000     0.00000     0.00000     0.00000     0.00000     0.00000     0.00000
   -51.01074     0.00000     0.00000     0.00000     0.00000     0.00000     0.00000     0.00000     0.00000
   -50.98674     0.00000     0.00000     0.00000     0.00000     0.00000     0.00000     0.00000     0.00000
   -50.96374     0.00000     0.00000     0.00000     0.00000     0.00000     0.00000     0.00000     0.00000
   -50.94074     0.00000     0.00000     0.00000     0.00000     0.00000     0.00000     0.00000     0.00000
   -50.91774     0.00000     0.00000     0.00000     0.00000     0.00000     0.00000     0.00000     0.00000
   -50.89474     0.00000     0.00000     0.00000     0.00000     0.00000     0.00000     0.00000     0.00000
   -50.87074     0.00000     0.00000     0.00000     0.00000     0.00000     0.00000     0.00000     0.00000
   -50.84774     0.00000     0.00000     0.00000     0.00000     0.00000     0.00000     0.00000     0.00000
   -50.82474     0.00000     0.00000     0.00000     0.00000     0.00000     0.00000     0.00000     0.00000
   -50.80174     0.00000     0.00000     0.00000     0.00000     0.00000     0.00000     0.00000     0.00000
   -50.77774     0.00000     0.00000     0.00000     0.00000     0.00000     0.00000     0.00000     0.00000
   -50.75474     0.00000     0.00000     0.00000     0.00000     0.00000     0.00000     0.00000     0.00000
   -50.73174     0.00000     0.00000     0.00000     0.00000     0.00000     0.00000     0.00000     0.00000
   -50.70874     0.00000     0.00000     0.00000     0.00000     0.00000     0.00000     0.00000     0.00000
   -50.68474     0.00000     0.00000     0.00000     0.00000     0.00000     0.00000     0.00000     0.00000
   -50.66174     0.00000     0.00000     0.00000     0.00000     0.00000     0.00000     0.00000     0.00000
   -50.63874     0.00000     0.00000     0.00000     0.00000     0.00000     0.00000     0.00000     0.00000
   -50.61574     0.00000     0.00000     0.00000     0.00000     0.00000     0.00000     0.00000     0.00000
   -50.59174     0.00000     0.00000     0.00000     0.00000     0.00000     0.00000     0.00000     0.00000
   -50.56874     0.00000     0.00000     0.00000     0.00000     0.00000     0.00000     0.00000     0.00000
   -50.54574     0.00000     0.00000     0.00000     0.00000     0.00000     0.00000     0.00000     0.00000
   -50.52274     0.00000     0.00000     0.00000     0.00000     0.00000     0.00000     0.00000     0.00000
   -50.49874     0.00000     0.00000     0.00000     0.00000     0.00000     0.00000     0.00000     0.00000
   -50.47574     0.00000     0.00000     0.00000     0.00000     0.00000     0.00000     0.00000     0.00000
   -50.45274     0.00000     0.00000     0.00000     0.00000     0.00000     0.00000     0.00000     0.00000
   -50.42974     0.00000     0.00000     0.00000     0.00000     0.00000     0.00000     0.00000     0.00000
   -50.40574     0.00000     0.00000     0.00000     0.00000     0.00000     0.00000     0.00000     0.00000
   -50.38274     0.00000     0.00000     0.00000     0.00000     0.00000     0.00000     0.00000     0.00000
   -50.35974     0.00000     0.00000     0.00000     0.00000     0.00000     0.00000     0.00000     0.00000
   -50.33674     0.00000     0.00000     0.00000     0.00000     0.00000     0.00000     0.00000     0.00000
   -50.31274     0.00000     0.00000     0.00000     0.00000     0.00000     0.00000     0.00000     0.00000
   -50.28974     0.00000     0.00000     0.00000     0.00000     0.00000     0.00000     0.00000     0.00000
   -50.26674     0.00000     0.00000     0.00000     0.00000     0.00000     0.00000     0.00000     0.00000
   -50.24374     0.00000     0.00000     0.00000     0.00000     0.00000     0.00000     0.00000     0.00000
   -50.21974     0.00000     0.00000     0.00000     0.00000     0.00000     0.00000     0.00000     0.00000
   -50.19674     0.00000     0.00000     0.00000     0.00000     0.00000     0.00000     0.00000     0.00000
   -50.17374     0.00000     0.00000     0.00000     0.00000     0.00000     0.00000     0.00000     0.00000
   -50.15074     0.00000     0.00000     0.00000     0.00000     0.00000     0.00000     0.00000     0.00000
   -50.12674     0.00000     0.00000     0.00000     0.00000     0.00000     0.00000     0.00000     0.00000
   -50.10374     0.00000     0.00000     0.00000     0.00000     0.00000     0.00000     0.00000     0.00000
   -50.08074     0.00000     0.00000     0.00000     0.00000     0.00000     0.00000     0.00000     0.00000
   -50.05774     0.00000     0.00000     0.00000     0.00000     0.00000     0.00000     0.00000     0.00000
   -50.03374     0.00000     0.00000     0.00000     0.00000     0.00000     0.00000     0.00000     0.00000
   -50.01074     0.00000     0.00000     0.00000     0.00000     0.00000     0.00000     0.00000     0.00000
   -49.98774     0.00000     0.00000     0.00000     0.00000     0.00000     0.00000     0.00000     0.00000
   -49.96474     0.00000     0.00000     0.00000     0.00000     0.00000     0.00000     0.00000     0.00000
   -49.94074     0.00000     0.00000     0.00000     0.00000     0.00000     0.00000     0.00000     0.00000
   -49.91774     0.00000     0.00000     0.00000     0.00000     0.00000     0.00000     0.00000     0.00000
   -49.89474     0.00000     0.00000     0.00000     0.00000     0.00000     0.00000     0.00000     0.00000
   -49.87174     0.00000     0.00000     0.00000     0.00000     0.00000     0.00000     0.00000     0.00000
   -49.84774     0.00000     0.00000     0.00000     0.00000     0.00000     0.00000     0.00000     0.00000
   -49.82474     0.00000     0.00000     0.00000     0.00000     0.00000     0.00000     0.00000     0.00000
   -49.80174     0.00000     0.00000     0.00000     0.00000     0.00000     0.00000     0.00000     0.00000
   -49.77874     0.00000     0.00000     0.00000     0.00000     0.00000     0.00000     0.00000     0.00000
   -49.75474     0.00000     0.00000     0.00000     0.00000     0.00000     0.00000     0.00000     0.00000
   -49.73174     0.00000     0.00000     0.00000     0.00000     0.00000     0.00000     0.00000     0.00000
   -49.70874     0.00000     0.00000     0.00000     0.00000     0.00000     0.00000     0.00000     0.00000
   -49.68574     0.00000     0.00000     0.00000     0.00000     0.00000     0.00000     0.00000     0.00000
   -49.66274     0.00000     0.00000     0.00000     0.00000     0.00000     0.00000     0.00000     0.00000
   -49.63874     0.00000     0.00000     0.00000     0.00000     0.00000     0.00000     0.00000     0.00000
   -49.61574     0.00000     0.00000     0.00000     0.00000     0.00000     0.00000     0.00000     0.00000
   -49.59274     0.00000     0.00000     0.00000     0.00000     0.00000     0.00000     0.00000     0.00000
   -49.56974     0.00000     0.00000     0.00000     0.00000     0.00000     0.00000     0.00000     0.00000
   -49.54574     0.00000     0.00000     0.00000     0.00000     0.00000     0.00000     0.00000     0.00000
   -49.52274     0.00000     0.00000     0.00000     0.00000     0.00000     0.00000     0.00000     0.00000
   -49.49974     0.00000     0.00000     0.00000     0.00000     0.00000     0.00000     0.00000     0.00000
   -49.47674     0.00000     0.00000     0.00000     0.00000     0.00000     0.00000     0.00000     0.00000
   -49.45274     0.00000     0.00000     0.00000     0.00000     0.00000     0.00000     0.00000     0.00000
   -49.42974     0.00000     0.00000     0.00000     0.00000     0.00000     0.00000     0.00000     0.00000
   -49.40674     0.00000     0.00000     0.00000     0.00000     0.00000     0.00000     0.00000     0.00000
   -49.38374     0.00000     0.00000     0.00000     0.00000     0.00000     0.00000     0.00000     0.00000
   -49.35974     0.00000     0.00000     0.00000     0.00000     0.00000     0.00000     0.00000     0.00000
   -49.33674     0.00000     0.00000     0.00000     0.00000     0.00000     0.00000     0.00000     0.00000
   -49.31374     0.00000     0.00000     0.00000     0.00000     0.00000     0.00000     0.00000     0.00000
   -49.29074     0.00000     0.00000     0.00000     0.00000     0.00000     0.00000     0.00000     0.00000
   -49.26674     0.00000     0.00000     0.00000     0.00000     0.00000     0.00000     0.00000     0.00000
   -49.24374     0.00000     0.00000     0.00000     0.00000     0.00000     0.00000     0.00000     0.00000
   -49.22074     0.00000     0.00000     0.00000     0.00000     0.00000     0.00000     0.00000     0.00000
   -49.19774     0.00000     0.00000     0.00000     0.00000     0.00000     0.00000     0.00000     0.00000
   -49.17374     0.00000     0.00000     0.00000     0.00000     0.00000     0.00000     0.00000     0.00000
   -49.15074     0.00000     0.00000     0.00000     0.00000     0.00000     0.00000     0.00000     0.00000
   -49.12774     0.00000     0.00000     0.00000     0.00000     0.00000     0.00000     0.00000     0.00000
   -49.10474     0.00000     0.00000     0.00000     0.00000     0.00000     0.00000     0.00000     0.00000
   -49.08074     0.00000     0.00000     0.00000     0.00000     0.00000     0.00000     0.00000     0.00000
   -49.05774     0.00000     0.00000     0.00000     0.00000     0.00000     0.00000     0.00000     0.00000
   -49.03474     0.00000     0.00000     0.00000     0.00000     0.00000     0.00000     0.00000     0.00000
   -49.01174     0.00000     0.00000     0.00000     0.00000     0.00000     0.00000     0.00000     0.00000
   -48.98774     0.00000     0.00000     0.00000     0.00000     0.00000     0.00000     0.00000     0.00000
   -48.96474     0.00000     0.00000     0.00000     0.00000     0.00000     0.00000     0.00000     0.00000
   -48.94174     0.00000     0.00000     0.00000     0.00000     0.00000     0.00000     0.00000     0.00000
   -48.91874     0.00000     0.00000     0.00000     0.00000     0.00000     0.00000     0.00000     0.00000
   -48.89474     0.00000     0.00000     0.00000     0.00000     0.00000     0.00000     0.00000     0.00000
   -48.87174     0.00000     0.00000     0.00000     0.00000     0.00000     0.00000     0.00000     0.00000
   -48.84874     0.00000     0.00000     0.00000     0.00000     0.00000     0.00000     0.00000     0.00000
   -48.82574     0.00000     0.00000     0.00000     0.00000     0.00000     0.00000     0.00000     0.00000
   -48.80174     0.00000     0.00000     0.00000     0.00000     0.00000     0.00000     0.00000     0.00000
   -48.77874     0.00000     0.00000     0.00000     0.00000     0.00000     0.00000     0.00000     0.00000
   -48.75574     0.00000     0.00000     0.00000     0.00000     0.00000     0.00000     0.00000     0.00000
   -48.73274     0.00000     0.00000     0.00000     0.00000     0.00000     0.00000     0.00000     0.00000
   -48.70874     0.00000     0.00000     0.00000     0.00000     0.00000     0.00000     0.00000     0.00000
   -48.68574     0.00000     0.00000     0.00000     0.00000     0.00000     0.00000     0.00000     0.00000
   -48.66274     0.00000     0.00000     0.00000     0.00000     0.00000     0.00000     0.00000     0.00000
   -48.63974     0.00000     0.00000     0.00000     0.00000     0.00000     0.00000     0.00000     0.00000
   -48.61574     0.00000     0.00000     0.00000     0.00000     0.00000     0.00000     0.00000     0.00000
   -48.59274     0.00000     0.00000     0.00000     0.00000     0.00000     0.00000     0.00000     0.00000
   -48.56974     0.00000     0.00000     0.00000     0.00000     0.00000     0.00000     0.00000     0.00000
   -48.54674     0.00000     0.00000     0.00000     0.00000     0.00000     0.00000     0.00000     0.00000
   -48.52274     0.00000     0.00000     0.00000     0.00000     0.00000     0.00000     0.00000     0.00000
   -48.49974     0.00000     0.00000     0.00000     0.00000     0.00000     0.00000     0.00000     0.00000
   -48.47674     0.00000     0.00000     0.00000     0.00000     0.00000     0.00000     0.00000     0.00000
   -48.45374     0.00000     0.00000     0.00000     0.00000     0.00000     0.00000     0.00000     0.00000
   -48.42974     0.00000     0.00000     0.00000     0.00000     0.00000     0.00000     0.00000     0.00000
   -48.40674     0.00000     0.00000     0.00000     0.00000     0.00000     0.00000     0.00000     0.00000
   -48.38374     0.00000     0.00000     0.00000     0.00000     0.00000     0.00000     0.00000     0.00000
   -48.36074     0.00000     0.00000     0.00000     0.00000     0.00000     0.00000     0.00000     0.00000
   -48.33774     0.00000     0.00000     0.00000     0.00000     0.00000     0.00000     0.00000     0.00000
   -48.31374     0.00000     0.00000     0.00000     0.00000     0.00000     0.00000     0.00000     0.00000
   -48.29074     0.00000     0.00000     0.00000     0.00000     0.00000     0.00000     0.00000     0.00000
   -48.26774     0.00000     0.00000     0.00000     0.00000     0.00000     0.00000     0.00000     0.00000
   -48.24474     0.00000     0.00000     0.00000     0.00000     0.00000     0.00000     0.00000     0.00000
   -48.22074     0.00000     0.00000     0.00000     0.00000     0.00000     0.00000     0.00000     0.00000
   -48.19774     0.00000     0.00000     0.00000     0.00000     0.00000     0.00000     0.00000     0.00000
   -48.17474     0.00000     0.00000     0.00000     0.00000     0.00000     0.00000     0.00000     0.00000
   -48.15174     0.00000     0.00000     0.00000     0.00000     0.00000     0.00000     0.00000     0.00000
   -48.12774     0.00000     0.00000     0.00000     0.00000     0.00000     0.00000     0.00000     0.00000
   -48.10474     0.00000     0.00000     0.00000     0.00000     0.00000     0.00000     0.00000     0.00000
   -48.08174     0.00000     0.00000     0.00000     0.00000     0.00000     0.00000     0.00000     0.00000
   -48.05874     0.00000     0.00000     0.00000     0.00000     0.00000     0.00000     0.00000     0.00000
   -48.03474     0.00000     0.00000     0.00000     0.00000     0.00000     0.00000     0.00000     0.00000
   -48.01174     0.00000     0.00000     0.00000     0.00000     0.00000     0.00000     0.00000     0.00000
   -47.98874     0.00000     0.00000     0.00000     0.00000     0.00000     0.00000     0.00000     0.00000
   -47.96574     0.00000     0.00000     0.00000     0.00000     0.00000     0.00000     0.00000     0.00000
   -47.94174     0.00000     0.00000     0.00000     0.00000     0.00000     0.00000     0.00000     0.00000
   -47.91874     0.00000     0.00000     0.00000     0.00000     0.00000     0.00000     0.00000     0.00000
   -47.89574     0.00000     0.00000     0.00000     0.00000     0.00000     0.00000     0.00000     0.00000
   -47.87274     0.00000     0.00000     0.00000     0.00000     0.00000     0.00000     0.00000     0.00000
   -47.84874     0.00000     0.00000     0.00000     0.00000     0.00000     0.00000     0.00000     0.00000
   -47.82574     0.00000     0.00000     0.00000     0.00000     0.00000     0.00000     0.00000     0.00000
   -47.80274     0.00000     0.00000     0.00000     0.00000     0.00000     0.00000     0.00000     0.00000
   -47.77974     0.00000     0.00000     0.00000     0.00000     0.00000     0.00000     0.00000     0.00000
   -47.75574     0.00000     0.00000     0.00000     0.00000     0.00000     0.00000     0.00000     0.00000
   -47.73274     0.00000     0.00000     0.00000     0.00000     0.00000     0.00000     0.00000     0.00000
   -47.70974     0.00000     0.00000     0.00000     0.00000     0.00000     0.00000     0.00000     0.00000
   -47.68674     0.00000     0.00000     0.00000     0.00000     0.00000     0.00000     0.00000     0.00000
   -47.66274     0.00000     0.00000     0.00000     0.00000     0.00000     0.00000     0.00000     0.00000
   -47.63974     0.00000     0.00000     0.00000     0.00000     0.00000     0.00000     0.00000     0.00000
   -47.61674     0.00000     0.00000     0.00000     0.00000     0.00000     0.00000     0.00000     0.00000
   -47.59374     0.00000     0.00000     0.00000     0.00000     0.00000     0.00000     0.00000     0.00000
   -47.56974     0.00000     0.00000     0.00000     0.00000     0.00000     0.00000     0.00000     0.00000
   -47.54674     0.00000     0.00000     0.00000     0.00000     0.00000     0.00000     0.00000     0.00000
   -47.52374     0.00000     0.00000     0.00000     0.00000     0.00000     0.00000     0.00000     0.00000
   -47.50074     0.00000     0.00000     0.00000     0.00000     0.00000     0.00000     0.00000     0.00000
   -47.47674     0.00000     0.00000     0.00000     0.00000     0.00000     0.00000     0.00000     0.00000
   -47.45374     0.00000     0.00000     0.00000     0.00000     0.00000     0.00000     0.00000     0.00000
   -47.43074     0.00000     0.00000     0.00000     0.00000     0.00000     0.00000     0.00000     0.00000
   -47.40774     0.00000     0.00000     0.00000     0.00000     0.00000     0.00000     0.00000     0.00000
   -47.38374     0.00000     0.00000     0.00000     0.00000     0.00000     0.00000     0.00000     0.00000
   -47.36074     0.00000     0.00000     0.00000     0.00000     0.00000     0.00000     0.00000     0.00000
   -47.33774     0.00000     0.00000     0.00000     0.00000     0.00000     0.00000     0.00000     0.00000
   -47.31474     0.00000     0.00000     0.00000     0.00000     0.00000     0.00000     0.00000     0.00000
   -47.29074     0.00000     0.00000     0.00000     0.00000     0.00000     0.00000     0.00000     0.00000
   -47.26774     0.00000     0.00000     0.00000     0.00000     0.00000     0.00000     0.00000     0.00000
   -47.24474     0.00000     0.00000     0.00000     0.00000     0.00000     0.00000     0.00000     0.00000
   -47.22174     0.00000     0.00000     0.00000     0.00000     0.00000     0.00000     0.00000     0.00000
   -47.19774     0.00000     0.00000     0.00000     0.00000     0.00000     0.00000     0.00000     0.00000
   -47.17474     0.00000     0.00000     0.00000     0.00000     0.00000     0.00000     0.00000     0.00000
   -47.15174     0.00000     0.00000     0.00000     0.00000     0.00000     0.00000     0.00000     0.00000
   -47.12874     0.00000     0.00000     0.00000     0.00000     0.00000     0.00000     0.00000     0.00000
   -47.10574     0.00000     0.00000     0.00000     0.00000     0.00000     0.00000     0.00000     0.00000
   -47.08174     0.00000     0.00000     0.00000     0.00000     0.00000     0.00000     0.00000     0.00000
   -47.05874     0.00000     0.00000     0.00000     0.00000     0.00000     0.00000     0.00000     0.00000
   -47.03574     0.00000     0.00000     0.00000     0.00000     0.00000     0.00000     0.00000     0.00000
   -47.01274     0.00000     0.00000     0.00000     0.00000     0.00000     0.00000     0.00000     0.00000
   -46.98874     0.00000     0.00000     0.00000     0.00000     0.00000     0.00000     0.00000     0.00000
   -46.96574     0.00000     0.00000     0.00000     0.00000     0.00000     0.00000     0.00000     0.00000
   -46.94274     0.00000     0.00000     0.00000     0.00000     0.00000     0.00000     0.00000     0.00000
   -46.91974     0.00000     0.00000     0.00000     0.00000     0.00000     0.00000     0.00000     0.00000
   -46.89574     0.00000     0.00000     0.00000     0.00000     0.00000     0.00000     0.00000     0.00000
   -46.87274     0.00000     0.00000     0.00000     0.00000     0.00000     0.00000     0.00000     0.00000
   -46.84974     0.00000     0.00000     0.00000     0.00000     0.00000     0.00000     0.00000     0.00000
   -46.82674     0.00000     0.00000     0.00000     0.00000     0.00000     0.00000     0.00000     0.00000
   -46.80274     0.00000     0.00000     0.00000     0.00000     0.00000     0.00000     0.00000     0.00000
   -46.77974     0.00000     0.00000     0.00000     0.00000     0.00000     0.00000     0.00000     0.00000
   -46.75674     0.00000     0.00000     0.00000     0.00000     0.00000     0.00000     0.00000     0.00000
   -46.73374     0.00000     0.00000     0.00000     0.00000     0.00000     0.00000     0.00000     0.00000
   -46.70974     0.00000     0.00000     0.00000     0.00000     0.00000     0.00000     0.00000     0.00000
   -46.68674     0.00000     0.00000     0.00000     0.00000     0.00000     0.00000     0.00000     0.00000
   -46.66374     0.00000     0.00000     0.00000     0.00000     0.00000     0.00000     0.00000     0.00000
   -46.64074     0.00000     0.00000     0.00000     0.00000     0.00000     0.00000     0.00000     0.00000
   -46.61674     0.00000     0.00000     0.00000     0.00000     0.00000     0.00000     0.00000     0.00000
   -46.59374     0.00000     0.00000     0.00000     0.00000     0.00000     0.00000     0.00000     0.00000
   -46.57074     0.00000     0.00000     0.00000     0.00000     0.00000     0.00000     0.00000     0.00000
   -46.54774     0.00000     0.00000     0.00000     0.00000     0.00000     0.00000     0.00000     0.00000
   -46.52374     0.00000     0.00000     0.00000     0.00000     0.00000     0.00000     0.00000     0.00000
   -46.50074     0.00000     0.00000     0.00000     0.00000     0.00000     0.00000     0.00000     0.00000
   -46.47774     0.00000     0.00000     0.00000     0.00000     0.00000     0.00000     0.00000     0.00000
   -46.45474     0.00000     0.00000     0.00000     0.00000     0.00000     0.00000     0.00000     0.00000
   -46.43074     0.00000     0.00000     0.00000     0.00000     0.00000     0.00000     0.00000     0.00000
   -46.40774     0.00000     0.00000     0.00000     0.00000     0.00000     0.00000     0.00000     0.00000
   -46.38474     0.00000     0.00000     0.00000     0.00000     0.00000     0.00000     0.00000     0.00000
   -46.36174     0.00000     0.00000     0.00000     0.00000     0.00000     0.00000     0.00000     0.00000
   -46.33774     0.00000     0.00000     0.00000     0.00000     0.00000     0.00000     0.00000     0.00000
   -46.31474     0.00000     0.00000     0.00000     0.00000     0.00000     0.00000     0.00000     0.00000
   -46.29174     0.00000     0.00000     0.00000     0.00000     0.00000     0.00000     0.00000     0.00000
   -46.26874     0.00000     0.00000     0.00000     0.00000     0.00000     0.00000     0.00000     0.00000
   -46.24474     0.00000     0.00000     0.00000     0.00000     0.00000     0.00000     0.00000     0.00000
   -46.22174     0.00000     0.00000     0.00000     0.00000     0.00000     0.00000     0.00000     0.00000
   -46.19874     0.00000     0.00000     0.00000     0.00000     0.00000     0.00000     0.00000     0.00000
   -46.17574     0.00000     0.00000     0.00000     0.00000     0.00000     0.00000     0.00000     0.00000
   -46.15174     0.00000     0.00000     0.00000     0.00000     0.00000     0.00000     0.00000     0.00000
   -46.12874     0.00000     0.00000     0.00000     0.00000     0.00000     0.00000     0.00000     0.00000
   -46.10574     0.00000     0.00000     0.00000     0.00000     0.00000     0.00000     0.00000     0.00000
   -46.08274     0.00000     0.00000     0.00000     0.00000     0.00000     0.00000     0.00000     0.00000
   -46.05874     0.00000     0.00000     0.00000     0.00000     0.00000     0.00000     0.00000     0.00000
   -46.03574     0.00000     0.00000     0.00000     0.00000     0.00000     0.00000     0.00000     0.00000
   -46.01274     0.00000     0.00000     0.00000     0.00000     0.00000     0.00000     0.00000     0.00000
   -45.98974     0.00000     0.00000     0.00000     0.00000     0.00000     0.00000     0.00000     0.00000
   -45.96574     0.00000     0.00000     0.00000     0.00000     0.00000     0.00000     0.00000     0.00000
   -45.94274     0.00000     0.00000     0.00000     0.00000     0.00000     0.00000     0.00000     0.00000
   -45.91974     0.00000     0.00000     0.00000     0.00000     0.00000     0.00000     0.00000     0.00000
   -45.89674     0.00000     0.00000     0.00000     0.00000     0.00000     0.00000     0.00000     0.00000
   -45.87274     0.00000     0.00000     0.00000     0.00000     0.00000     0.00000     0.00000     0.00000
   -45.84974     0.00000     0.00000     0.00000     0.00000     0.00000     0.00000     0.00000     0.00000
   -45.82674     0.00000     0.00000     0.00000     0.00000     0.00000     0.00000     0.00000     0.00000
   -45.80374     0.00000     0.00000     0.00000     0.00000     0.00000     0.00000     0.00000     0.00000
   -45.78074     0.00000     0.00000     0.00000     0.00000     0.00000     0.00000     0.00000     0.00000
   -45.75674     0.00000     0.00000     0.00000     0.00000     0.00000     0.00000     0.00000     0.00000
   -45.73374     0.00000     0.00000     0.00000     0.00000     0.00000     0.00000     0.00000     0.00000
   -45.71074     0.00000     0.00000     0.00000     0.00000     0.00000     0.00000     0.00000     0.00000
   -45.68774     0.00000     0.00000     0.00000     0.00000     0.00000     0.00000     0.00000     0.00000
   -45.66374     0.00000     0.00000     0.00000     0.00000     0.00000     0.00000     0.00000     0.00000
   -45.64074     0.00000     0.00000     0.00000     0.00000     0.00000     0.00000     0.00000     0.00000
   -45.61774     0.00000     0.00000     0.00000     0.00000     0.00000     0.00000     0.00000     0.00000
   -45.59474     0.00000     0.00000     0.00000     0.00000     0.00000     0.00000     0.00000     0.00000
   -45.57074     0.00000     0.00000     0.00000     0.00000     0.00000     0.00000     0.00000     0.00000
   -45.54774     0.00000     0.00000     0.00000     0.00000     0.00000     0.00000     0.00000     0.00000
   -45.52474     0.00000     0.00000     0.00000     0.00000     0.00000     0.00000     0.00000     0.00000
   -45.50174     0.00000     0.00000     0.00000     0.00000     0.00000     0.00000     0.00000     0.00000
   -45.47774     0.00000     0.00000     0.00000     0.00000     0.00000     0.00000     0.00000     0.00000
   -45.45474     0.00000     0.00000     0.00000     0.00000     0.00000     0.00000     0.00000     0.00000
   -45.43174     0.00000     0.00000     0.00000     0.00000     0.00000     0.00000     0.00000     0.00000
   -45.40874     0.00000     0.00000     0.00000     0.00000     0.00000     0.00000     0.00000     0.00000
   -45.38474     0.00000     0.00000     0.00000     0.00000     0.00000     0.00000     0.00000     0.00000
   -45.36174     0.00000     0.00000     0.00000     0.00000     0.00000     0.00000     0.00000     0.00000
   -45.33874     0.00000     0.00000     0.00000     0.00000     0.00000     0.00000     0.00000     0.00000
   -45.31574     0.00000     0.00000     0.00000     0.00000     0.00000     0.00000     0.00000     0.00000
   -45.29174     0.00000     0.00000     0.00000     0.00000     0.00000     0.00000     0.00000     0.00000
   -45.26874     0.00000     0.00000     0.00000     0.00000     0.00000     0.00000     0.00000     0.00000
   -45.24574     0.00000     0.00000     0.00000     0.00000     0.00000     0.00000     0.00000     0.00000
   -45.22274     0.00000     0.00000     0.00000     0.00000     0.00000     0.00000     0.00000     0.00000
   -45.19874     0.00000     0.00000     0.00000     0.00000     0.00000     0.00000     0.00000     0.00000
   -45.17574     0.00000     0.00000     0.00000     0.00000     0.00000     0.00000     0.00000     0.00000
   -45.15274     0.00000     0.00000     0.00000     0.00000     0.00000     0.00000     0.00000     0.00000
   -45.12974     0.00000     0.00000     0.00000     0.00000     0.00000     0.00000     0.00000     0.00000
   -45.10574     0.00000     0.00000     0.00000     0.00000     0.00000     0.00000     0.00000     0.00000
   -45.08274     0.00000     0.00000     0.00000     0.00000     0.00000     0.00000     0.00000     0.00000
   -45.05974     0.00000     0.00000     0.00000     0.00000     0.00000     0.00000     0.00000     0.00000
   -45.03674     0.00000     0.00000     0.00000     0.00000     0.00000     0.00000     0.00000     0.00000
   -45.01274     0.00000     0.00000     0.00000     0.00000     0.00000     0.00000     0.00000     0.00000
   -44.98974     0.00000     0.00000     0.00000     0.00000     0.00000     0.00000     0.00000     0.00000
   -44.96674     0.00000     0.00000     0.00000     0.00000     0.00000     0.00000     0.00000     0.00000
   -44.94374     0.00000     0.00000     0.00000     0.00000     0.00000     0.00000     0.00000     0.00000
   -44.91974     0.00000     0.00000     0.00000     0.00000     0.00000     0.00000     0.00000     0.00000
   -44.89674     0.00000     0.00000     0.00000     0.00000     0.00000     0.00000     0.00000     0.00000
   -44.87374     0.00000     0.00000     0.00000     0.00000     0.00000     0.00000     0.00000     0.00000
   -44.85074     0.00000     0.00000     0.00000     0.00000     0.00000     0.00000     0.00000     0.00000
   -44.82674     0.00000     0.00000     0.00000     0.00000     0.00000     0.00000     0.00000     0.00000
   -44.80374     0.00000     0.00000     0.00000     0.00000     0.00000     0.00000     0.00000     0.00000
   -44.78074     0.00000     0.00000     0.00000     0.00000     0.00000     0.00000     0.00000     0.00000
   -44.75774     0.00000     0.00000     0.00000     0.00000     0.00000     0.00000     0.00000     0.00000
   -44.73374     0.00000     0.00000     0.00000     0.00000     0.00000     0.00000     0.00000     0.00000
   -44.71074     0.00000     0.00000     0.00000     0.00000     0.00000     0.00000     0.00000     0.00000
   -44.68774     0.00000     0.00000     0.00000     0.00000     0.00000     0.00000     0.00000     0.00000
   -44.66474     0.00000     0.00000     0.00000     0.00000     0.00000     0.00000     0.00000     0.00000
   -44.64074     0.00000     0.00000     0.00000     0.00000     0.00000     0.00000     0.00000     0.00000
   -44.61774     0.00000     0.00000     0.00000     0.00000     0.00000     0.00000     0.00000     0.00000
   -44.59474     0.00000     0.00000     0.00000     0.00000     0.00000     0.00000     0.00000     0.00000
   -44.57174     0.00000     0.00000     0.00000     0.00000     0.00000     0.00000     0.00000     0.00000
   -44.54874     0.00000     0.00000     0.00000     0.00000     0.00000     0.00000     0.00000     0.00000
   -44.52474     0.00000     0.00000     0.00000     0.00000     0.00000     0.00000     0.00000     0.00000
   -44.50174     0.00000     0.00000     0.00000     0.00000     0.00000     0.00000     0.00000     0.00000
   -44.47874     0.00000     0.00000     0.00000     0.00000     0.00000     0.00000     0.00000     0.00000
   -44.45574     0.00000     0.00000     0.00000     0.00000     0.00000     0.00000     0.00000     0.00000
   -44.43174     0.00000     0.00000     0.00000     0.00000     0.00000     0.00000     0.00000     0.00000
   -44.40874     0.00000     0.00000     0.00000     0.00000     0.00000     0.00000     0.00000     0.00000
   -44.38574     0.00000     0.00000     0.00000     0.00000     0.00000     0.00000     0.00000     0.00000
   -44.36274     0.00000     0.00000     0.00000     0.00000     0.00000     0.00000     0.00000     0.00000
   -44.33874     0.00000     0.00000     0.00000     0.00000     0.00000     0.00000     0.00000     0.00000
   -44.31574     0.00000     0.00000     0.00000     0.00000     0.00000     0.00000     0.00000     0.00000
   -44.29274     0.00000     0.00000     0.00000     0.00000     0.00000     0.00000     0.00000     0.00000
   -44.26974     0.00000     0.00000     0.00000     0.00000     0.00000     0.00000     0.00000     0.00000
   -44.24574     0.00000     0.00000     0.00000     0.00000     0.00000     0.00000     0.00000     0.00000
   -44.22274     0.00000     0.00000     0.00000     0.00000     0.00000     0.00000     0.00000     0.00000
   -44.19974     0.00000     0.00000     0.00000     0.00000     0.00000     0.00000     0.00000     0.00000
   -44.17674     0.00000     0.00000     0.00000     0.00000     0.00000     0.00000     0.00000     0.00000
   -44.15274     0.00000     0.00000     0.00000     0.00000     0.00000     0.00000     0.00000     0.00000
   -44.12974     0.00000     0.00000     0.00000     0.00000     0.00000     0.00000     0.00000     0.00000
   -44.10674     0.00000     0.00000     0.00000     0.00000     0.00000     0.00000     0.00000     0.00000
   -44.08374     0.00000     0.00000     0.00000     0.00000     0.00000     0.00000     0.00000     0.00000
   -44.05974     0.00000     0.00000     0.00000     0.00000     0.00000     0.00000     0.00000     0.00000
   -44.03674     0.00000     0.00000     0.00000     0.00000     0.00000     0.00000     0.00000     0.00000
   -44.01374     0.00000     0.00000     0.00000     0.00000     0.00000     0.00000     0.00000     0.00000
   -43.99074     0.00000     0.00000     0.00000     0.00000     0.00000     0.00000     0.00000     0.00000
   -43.96674     0.00000     0.00000     0.00000     0.00000     0.00000     0.00000     0.00000     0.00000
   -43.94374     0.00000     0.00000     0.00000     0.00000     0.00000     0.00000     0.00000     0.00000
   -43.92074     0.00000     0.00000     0.00000     0.00000     0.00000     0.00000     0.00000     0.00000
   -43.89774     0.00000     0.00000     0.00000     0.00000     0.00000     0.00000     0.00000     0.00000
   -43.87374     0.00000     0.00000     0.00000     0.00000     0.00000     0.00000     0.00000     0.00000
   -43.85074     0.00000     0.00000     0.00000     0.00000     0.00000     0.00000     0.00000     0.00000
   -43.82774     0.00000     0.00000     0.00000     0.00000     0.00000     0.00000     0.00000     0.00000
   -43.80474     0.00000     0.00000     0.00000     0.00000     0.00000     0.00000     0.00000     0.00000
   -43.78074     0.00000     0.00000     0.00000     0.00000     0.00000     0.00000     0.00000     0.00000
   -43.75774     0.00000     0.00000     0.00000     0.00000     0.00000     0.00000     0.00000     0.00000
   -43.73474     0.00000     0.00000     0.00000     0.00000     0.00000     0.00000     0.00000     0.00000
   -43.71174     0.00000     0.00000     0.00000     0.00000     0.00000     0.00000     0.00000     0.00000
   -43.68774     0.00000     0.00000     0.00000     0.00000     0.00000     0.00000     0.00000     0.00000
   -43.66474     0.00000     0.00000     0.00000     0.00000     0.00000     0.00000     0.00000     0.00000
   -43.64174     0.00000     0.00000     0.00000     0.00000     0.00000     0.00000     0.00000     0.00000
   -43.61874     0.00000     0.00000     0.00000     0.00000     0.00000     0.00000     0.00000     0.00000
   -43.59474     0.00000     0.00000     0.00000     0.00000     0.00000     0.00000     0.00000     0.00000
   -43.57174     0.00000     0.00000     0.00000     0.00000     0.00000     0.00000     0.00000     0.00000
   -43.54874     0.00000     0.00000     0.00000     0.00000     0.00000     0.00000     0.00000     0.00000
   -43.52574     0.00000     0.00000     0.00000     0.00000     0.00000     0.00000     0.00000     0.00000
   -43.50174     0.00000     0.00000     0.00000     0.00000     0.00000     0.00000     0.00000     0.00000
   -43.47874     0.00000     0.00000     0.00000     0.00000     0.00000     0.00000     0.00000     0.00000
   -43.45574     0.00000     0.00000     0.00000     0.00000     0.00000     0.00000     0.00000     0.00000
   -43.43274     0.00000     0.00000     0.00000     0.00000     0.00000     0.00000     0.00000     0.00000
   -43.40874     0.00000     0.00000     0.00000     0.00000     0.00000     0.00000     0.00000     0.00000
   -43.38574     0.00000     0.00000     0.00000     0.00000     0.00000     0.00000     0.00000     0.00000
   -43.36274     0.00000     0.00000     0.00000     0.00000     0.00000     0.00000     0.00000     0.00000
   -43.33974     0.00000     0.00000     0.00000     0.00000     0.00000     0.00000     0.00000     0.00000
   -43.31574     0.00000     0.00000     0.00000     0.00000     0.00000     0.00000     0.00000     0.00000
   -43.29274     0.00000     0.00000     0.00000     0.00000     0.00000     0.00000     0.00000     0.00000
   -43.26974     0.00000     0.00000     0.00000     0.00000     0.00000     0.00000     0.00000     0.00000
   -43.24674     0.00000     0.00000     0.00000     0.00000     0.00000     0.00000     0.00000     0.00000
   -43.22374     0.00000     0.00000     0.00000     0.00000     0.00000     0.00000     0.00000     0.00000
   -43.19974     0.00000     0.00000     0.00000     0.00000     0.00000     0.00000     0.00000     0.00000
   -43.17674     0.00000     0.00000     0.00000     0.00000     0.00000     0.00000     0.00000     0.00000
   -43.15374     0.00000     0.00000     0.00000     0.00000     0.00000     0.00000     0.00000     0.00000
   -43.13074     0.00000     0.00000     0.00000     0.00000     0.00000     0.00000     0.00000     0.00000
   -43.10674     0.00000     0.00000     0.00000     0.00000     0.00000     0.00000     0.00000     0.00000
   -43.08374     0.00000     0.00000     0.00000     0.00000     0.00000     0.00000     0.00000     0.00000
   -43.06074     0.00000     0.00000     0.00000     0.00000     0.00000     0.00000     0.00000     0.00000
   -43.03774     0.00000     0.00000     0.00000     0.00000     0.00000     0.00000     0.00000     0.00000
   -43.01374     0.00000     0.00000     0.00000     0.00000     0.00000     0.00000     0.00000     0.00000
   -42.99074     0.00000     0.00000     0.00000     0.00000     0.00000     0.00000     0.00000     0.00000
   -42.96774     0.00000     0.00000     0.00000     0.00000     0.00000     0.00000     0.00000     0.00000
   -42.94474     0.00000     0.00000     0.00000     0.00000     0.00000     0.00000     0.00000     0.00000
   -42.92074     0.00000     0.00000     0.00000     0.00000     0.00000     0.00000     0.00000     0.00000
   -42.89774     0.00000     0.00000     0.00000     0.00000     0.00000     0.00000     0.00000     0.00000
   -42.87474     0.00000     0.00000     0.00000     0.00000     0.00000     0.00000     0.00000     0.00000
   -42.85174     0.00000     0.00000     0.00000     0.00000     0.00000     0.00000     0.00000     0.00000
   -42.82774     0.00000     0.00000     0.00000     0.00000     0.00000     0.00000     0.00000     0.00000
   -42.80474     0.00000     0.00000     0.00000     0.00000     0.00000     0.00000     0.00000     0.00000
   -42.78174     0.00000     0.00000     0.00000     0.00000     0.00000     0.00000     0.00000     0.00000
   -42.75874     0.00000     0.00000     0.00000     0.00000     0.00000     0.00000     0.00000     0.00000
   -42.73474     0.00000     0.00000     0.00000     0.00000     0.00000     0.00000     0.00000     0.00000
   -42.71174     0.00000     0.00000     0.00000     0.00000     0.00000     0.00000     0.00000     0.00000
   -42.68874     0.00000     0.00000     0.00000     0.00000     0.00000     0.00000     0.00000     0.00000
   -42.66574     0.00000     0.00000     0.00000     0.00000     0.00000     0.00000     0.00000     0.00000
   -42.64174     0.00000     0.00000     0.00000     0.00000     0.00000     0.00000     0.00000     0.00000
   -42.61874     0.00000     0.00000     0.00000     0.00000     0.00000     0.00000     0.00000     0.00000
   -42.59574     0.00000     0.00000     0.00000     0.00000     0.00000     0.00000     0.00000     0.00000
   -42.57274     0.00000     0.00000     0.00000     0.00000     0.00000     0.00000     0.00000     0.00000
   -42.54874     0.00000     0.00000     0.00000     0.00000     0.00000     0.00000     0.00000     0.00000
   -42.52574     0.00000     0.00000     0.00000     0.00000     0.00000     0.00000     0.00000     0.00000
   -42.50274     0.00000     0.00000     0.00000     0.00000     0.00000     0.00000     0.00000     0.00000
   -42.47974     0.00000     0.00000     0.00000     0.00000     0.00000     0.00000     0.00000     0.00000
   -42.45574     0.00000     0.00000     0.00000     0.00000     0.00000     0.00000     0.00000     0.00000
   -42.43274     0.00000     0.00000     0.00000     0.00000     0.00000     0.00000     0.00000     0.00000
   -42.40974     0.00000     0.00000     0.00000     0.00000     0.00000     0.00000     0.00000     0.00000
   -42.38674     0.00000     0.00000     0.00000     0.00000     0.00000     0.00000     0.00000     0.00000
   -42.36274     0.00000     0.00000     0.00000     0.00000     0.00000     0.00000     0.00000     0.00000
   -42.33974     0.00000     0.00000     0.00000     0.00000     0.00000     0.00000     0.00000     0.00000
   -42.31674     0.00000     0.00000     0.00000     0.00000     0.00000     0.00000     0.00000     0.00000
   -42.29374     0.00000     0.00000     0.00000     0.00000     0.00000     0.00000     0.00000     0.00000
   -42.26974     0.00000     0.00000     0.00000     0.00000     0.00000     0.00000     0.00000     0.00000
   -42.24674     0.00000     0.00000     0.00000     0.00000     0.00000     0.00000     0.00000     0.00000
   -42.22374     0.00000     0.00000     0.00000     0.00000     0.00000     0.00000     0.00000     0.00000
   -42.20074     0.00000     0.00000     0.00000     0.00000     0.00000     0.00000     0.00000     0.00000
   -42.17674     0.00000     0.00000     0.00000     0.00000     0.00000     0.00000     0.00000     0.00000
   -42.15374     0.00000     0.00000     0.00000     0.00000     0.00000     0.00000     0.00000     0.00000
   -42.13074     0.00000     0.00000     0.00000     0.00000     0.00000     0.00000     0.00000     0.00000
   -42.10774     0.00000     0.00000     0.00000     0.00000     0.00000     0.00000     0.00000     0.00000
   -42.08374     0.00000     0.00000     0.00000     0.00000     0.00000     0.00000     0.00000     0.00000
   -42.06074     0.00000     0.00000     0.00000     0.00000     0.00000     0.00000     0.00000     0.00000
   -42.03774     0.00000     0.00000     0.00000     0.00000     0.00000     0.00000     0.00000     0.00000
   -42.01474     0.00000     0.00000     0.00000     0.00000     0.00000     0.00000     0.00000     0.00000
   -41.99174     0.00000     0.00000     0.00000     0.00000     0.00000     0.00000     0.00000     0.00000
   -41.96774     0.00000     0.00000     0.00000     0.00000     0.00000     0.00000     0.00000     0.00000
   -41.94474     0.00000     0.00000     0.00000     0.00000     0.00000     0.00000     0.00000     0.00000
   -41.92174     0.00000     0.00000     0.00000     0.00000     0.00000     0.00000     0.00000     0.00000
   -41.89874     0.00000     0.00000     0.00000     0.00000     0.00000     0.00000     0.00000     0.00000
   -41.87474     0.00000     0.00000     0.00000     0.00000     0.00000     0.00000     0.00000     0.00000
   -41.85174     0.00000     0.00000     0.00000     0.00000     0.00000     0.00000     0.00000     0.00000
   -41.82874     0.00000     0.00000     0.00000     0.00000     0.00000     0.00000     0.00000     0.00000
   -41.80574     0.00000     0.00000     0.00000     0.00000     0.00000     0.00000     0.00000     0.00000
   -41.78174     0.00000     0.00000     0.00000     0.00000     0.00000     0.00000     0.00000     0.00000
   -41.75874     0.00000     0.00000     0.00000     0.00000     0.00000     0.00000     0.00000     0.00000
   -41.73574     0.00000     0.00000     0.00000     0.00000     0.00000     0.00000     0.00000     0.00000
   -41.71274     0.00000     0.00000     0.00000     0.00000     0.00000     0.00000     0.00000     0.00000
   -41.68874     0.00000     0.00000     0.00000     0.00000     0.00000     0.00000     0.00000     0.00000
   -41.66574     0.00000     0.00000     0.00000     0.00000     0.00000     0.00000     0.00000     0.00000
   -41.64274     0.00000     0.00000     0.00000     0.00000     0.00000     0.00000     0.00000     0.00000
   -41.61974     0.00000     0.00000     0.00000     0.00000     0.00000     0.00000     0.00000     0.00000
   -41.59574     0.00000     0.00000     0.00000     0.00000     0.00000     0.00000     0.00000     0.00000
   -41.57274     0.00000     0.00000     0.00000     0.00000     0.00000     0.00000     0.00000     0.00000
   -41.54974     0.00000     0.00000     0.00000     0.00000     0.00000     0.00000     0.00000     0.00000
   -41.52674     0.00000     0.00000     0.00000     0.00000     0.00000     0.00000     0.00000     0.00000
   -41.50274     0.00000     0.00000     0.00000     0.00000     0.00000     0.00000     0.00000     0.00000
   -41.47974     0.00000     0.00000     0.00000     0.00000     0.00000     0.00000     0.00000     0.00000
   -41.45674     0.00000     0.00000     0.00000     0.00000     0.00000     0.00000     0.00000     0.00000
   -41.43374     0.00000     0.00000     0.00000     0.00000     0.00000     0.00000     0.00000     0.00000
   -41.40974     0.00000     0.00000     0.00000     0.00000     0.00000     0.00000     0.00000     0.00000
   -41.38674     0.00000     0.00000     0.00000     0.00000     0.00000     0.00000     0.00000     0.00000
   -41.36374     0.00000     0.00000     0.00000     0.00000     0.00000     0.00000     0.00000     0.00000
   -41.34074     0.00000     0.00000     0.00000     0.00000     0.00000     0.00000     0.00000     0.00000
   -41.31674     0.00000     0.00000     0.00000     0.00000     0.00000     0.00000     0.00000     0.00000
   -41.29374     0.00000     0.00000     0.00000     0.00000     0.00000     0.00000     0.00000     0.00000
   -41.27074     0.00000     0.00000     0.00000     0.00000     0.00000     0.00000     0.00000     0.00000
   -41.24774     0.00000     0.00000     0.00000     0.00000     0.00000     0.00000     0.00000     0.00000
   -41.22374     0.00000     0.00000     0.00000     0.00000     0.00000     0.00000     0.00000     0.00000
   -41.20074     0.00000     0.00000     0.00000     0.00000     0.00000     0.00000     0.00000     0.00000
   -41.17774     0.00000     0.00000     0.00000     0.00000     0.00000     0.00000     0.00000     0.00000
   -41.15474     0.00000     0.00000     0.00000     0.00000     0.00000     0.00000     0.00000     0.00000
   -41.13074     0.00000     0.00000     0.00000     0.00000     0.00000     0.00000     0.00000     0.00000
   -41.10774     0.00000     0.00000     0.00000     0.00000     0.00000     0.00000     0.00000     0.00000
   -41.08474     0.00000     0.00000     0.00000     0.00000     0.00000     0.00000     0.00000     0.00000
   -41.06174     0.00000     0.00000     0.00000     0.00000     0.00000     0.00000     0.00000     0.00000
   -41.03774     0.00000     0.00000     0.00000     0.00000     0.00000     0.00000     0.00000     0.00000
   -41.01474     0.00000     0.00000     0.00000     0.00000     0.00000     0.00000     0.00000     0.00000
   -40.99174     0.00000     0.00000     0.00000     0.00000     0.00000     0.00000     0.00000     0.00000
   -40.96874     0.00000     0.00000     0.00000     0.00000     0.00000     0.00000     0.00000     0.00000
   -40.94474     0.00000     0.00000     0.00000     0.00000     0.00000     0.00000     0.00000     0.00000
   -40.92174     0.00000     0.00000     0.00000     0.00000     0.00000     0.00000     0.00000     0.00000
   -40.89874     0.00000     0.00000     0.00000     0.00000     0.00000     0.00000     0.00000     0.00000
   -40.87574     0.00000     0.00000     0.00000     0.00000     0.00000     0.00000     0.00000     0.00000
   -40.85174     0.00000     0.00000     0.00000     0.00000     0.00000     0.00000     0.00000     0.00000
   -40.82874     0.00000     0.00000     0.00000     0.00000     0.00000     0.00000     0.00000     0.00000
   -40.80574     0.00000     0.00000     0.00000     0.00000     0.00000     0.00000     0.00000     0.00000
   -40.78274     0.00000     0.00000     0.00000     0.00000     0.00000     0.00000     0.00000     0.00000
   -40.75874     0.00000     0.00000     0.00000     0.00000     0.00000     0.00000     0.00000     0.00000
   -40.73574     0.00000     0.00000     0.00000     0.00000     0.00000     0.00000     0.00000     0.00000
   -40.71274     0.00000     0.00000     0.00000     0.00000     0.00000     0.00000     0.00000     0.00000
   -40.68974     0.00000     0.00000     0.00000     0.00000     0.00000     0.00000     0.00000     0.00000
   -40.66674     0.00000     0.00000     0.00000     0.00000     0.00000     0.00000     0.00000     0.00000
   -40.64274     0.00000     0.00000     0.00000     0.00000     0.00000     0.00000     0.00000     0.00000
   -40.61974     0.00000     0.00000     0.00000     0.00000     0.00000     0.00000     0.00000     0.00000
   -40.59674     0.00000     0.00000     0.00000     0.00000     0.00000     0.00000     0.00000     0.00000
   -40.57374     0.00000     0.00000     0.00000     0.00000     0.00000     0.00000     0.00000     0.00000
   -40.54974     0.00000     0.00000     0.00000     0.00000     0.00000     0.00000     0.00000     0.00000
   -40.52674     0.00000     0.00000     0.00000     0.00000     0.00000     0.00000     0.00000     0.00000
   -40.50374     0.00000     0.00000     0.00000     0.00000     0.00000     0.00000     0.00000     0.00000
   -40.48074     0.00000     0.00000     0.00000     0.00000     0.00000     0.00000     0.00000     0.00000
   -40.45674     0.00000     0.00000     0.00000     0.00000     0.00000     0.00000     0.00000     0.00000
   -40.43374     0.00000     0.00000     0.00000     0.00000     0.00000     0.00000     0.00000     0.00000
   -40.41074     0.00000     0.00000     0.00000     0.00000     0.00000     0.00000     0.00000     0.00000
   -40.38774     0.00000     0.00000     0.00000     0.00000     0.00000     0.00000     0.00000     0.00000
   -40.36374     0.00000     0.00000     0.00000     0.00000     0.00000     0.00000     0.00000     0.00000
   -40.34074     0.00000     0.00000     0.00000     0.00000     0.00000     0.00000     0.00000     0.00000
   -40.31774     0.00000     0.00000     0.00000     0.00000     0.00000     0.00000     0.00000     0.00000
   -40.29474     0.00000     0.00000     0.00000     0.00000     0.00000     0.00000     0.00000     0.00000
   -40.27074     0.00000     0.00000     0.00000     0.00000     0.00000     0.00000     0.00000     0.00000
   -40.24774     0.00000     0.00000     0.00000     0.00000     0.00000     0.00000     0.00000     0.00000
   -40.22474     0.00000     0.00000     0.00000     0.00000     0.00000     0.00000     0.00000     0.00000
   -40.20174     0.00000     0.00000     0.00000     0.00000     0.00000     0.00000     0.00000     0.00000
   -40.17774     0.00000     0.00000     0.00000     0.00000     0.00000     0.00000     0.00000     0.00000
   -40.15474     0.00000     0.00000     0.00000     0.00000     0.00000     0.00000     0.00000     0.00000
   -40.13174     0.00000     0.00000     0.00000     0.00000     0.00000     0.00000     0.00000     0.00000
   -40.10874     0.00000     0.00000     0.00000     0.00000     0.00000     0.00000     0.00000     0.00000
   -40.08474     0.00000     0.00000     0.00000     0.00000     0.00000     0.00000     0.00000     0.00000
   -40.06174     0.00000     0.00000     0.00000     0.00000     0.00000     0.00000     0.00000     0.00000
   -40.03874     0.00000     0.00000     0.00000     0.00000     0.00000     0.00000     0.00000     0.00000
   -40.01574     0.00000     0.00000     0.00000     0.00000     0.00000     0.00000     0.00000     0.00000
   -39.99174     0.00000     0.00000     0.00000     0.00000     0.00000     0.00000     0.00000     0.00000
   -39.96874     0.00000     0.00000     0.00000     0.00000     0.00000     0.00000     0.00000     0.00000
   -39.94574     0.00000     0.00000     0.00000     0.00000     0.00000     0.00000     0.00000     0.00000
   -39.92274     0.00000     0.00000     0.00000     0.00000     0.00000     0.00000     0.00000     0.00000
   -39.89874     0.00000     0.00000     0.00000     0.00000     0.00000     0.00000     0.00000     0.00000
   -39.87574     0.00000     0.00000     0.00000     0.00000     0.00000     0.00000     0.00000     0.00000
   -39.85274     0.00000     0.00000     0.00000     0.00000     0.00000     0.00000     0.00000     0.00000
   -39.82974     0.00000     0.00000     0.00000     0.00000     0.00000     0.00000     0.00000     0.00000
   -39.80574     0.00000     0.00000     0.00000     0.00000     0.00000     0.00000     0.00000     0.00000
   -39.78274     0.00000     0.00000     0.00000     0.00000     0.00000     0.00000     0.00000     0.00000
   -39.75974     0.00000     0.00000     0.00000     0.00000     0.00000     0.00000     0.00000     0.00000
   -39.73674     0.00000     0.00000     0.00000     0.00000     0.00000     0.00000     0.00000     0.00000
   -39.71274     0.00000     0.00000     0.00000     0.00000     0.00000     0.00000     0.00000     0.00000
   -39.68974     0.00000     0.00000     0.00000     0.00000     0.00000     0.00000     0.00000     0.00000
   -39.66674     0.00000     0.00000     0.00000     0.00000     0.00000     0.00000     0.00000     0.00000
   -39.64374     0.00000     0.00000     0.00000     0.00000     0.00000     0.00000     0.00000     0.00000
   -39.61974     0.00000     0.00000     0.00000     0.00000     0.00000     0.00000     0.00000     0.00000
   -39.59674     0.00000     0.00000     0.00000     0.00000     0.00000     0.00000     0.00000     0.00000
   -39.57374     0.00000     0.00000     0.00000     0.00000     0.00000     0.00000     0.00000     0.00000
   -39.55074     0.00000     0.00000     0.00000     0.00000     0.00000     0.00000     0.00000     0.00000
   -39.52674     0.00000     0.00000     0.00000     0.00000     0.00000     0.00000     0.00000     0.00000
   -39.50374     0.00000     0.00000     0.00000     0.00000     0.00000     0.00000     0.00000     0.00000
   -39.48074     0.00000     0.00000     0.00000     0.00000     0.00000     0.00000     0.00000     0.00000
   -39.45774     0.00000     0.00000     0.00000     0.00000     0.00000     0.00000     0.00000     0.00000
   -39.43474     0.00000     0.00000     0.00000     0.00000     0.00000     0.00000     0.00000     0.00000
   -39.41074     0.00000     0.00000     0.00000     0.00000     0.00000     0.00000     0.00000     0.00000
   -39.38774     0.00000     0.00000     0.00000     0.00000     0.00000     0.00000     0.00000     0.00000
   -39.36474     0.00000     0.00000     0.00000     0.00000     0.00000     0.00000     0.00000     0.00000
   -39.34174     0.00000     0.00000     0.00000     0.00000     0.00000     0.00000     0.00000     0.00000
   -39.31774     0.00000     0.00000     0.00000     0.00000     0.00000     0.00000     0.00000     0.00000
   -39.29474     0.00000     0.00000     0.00000     0.00000     0.00000     0.00000     0.00000     0.00000
   -39.27174     0.00000     0.00000     0.00000     0.00000     0.00000     0.00000     0.00000     0.00000
   -39.24874     0.00000     0.00000     0.00000     0.00000     0.00000     0.00000     0.00000     0.00000
   -39.22474     0.00000     0.00000     0.00000     0.00000     0.00000     0.00000     0.00000     0.00000
   -39.20174     0.00000     0.00000     0.00000     0.00000     0.00000     0.00000     0.00000     0.00000
   -39.17874     0.00000     0.00000     0.00000     0.00000     0.00000     0.00000     0.00000     0.00000
   -39.15574     0.00000     0.00000     0.00000     0.00000     0.00000     0.00000     0.00000     0.00000
   -39.13174     0.00000     0.00000     0.00000     0.00000     0.00000     0.00000     0.00000     0.00000
   -39.10874     0.00000     0.00000     0.00000     0.00000     0.00000     0.00000     0.00000     0.00000
   -39.08574     0.00000     0.00000     0.00000     0.00000     0.00000     0.00000     0.00000     0.00000
   -39.06274     0.00000     0.00000     0.00000     0.00000     0.00000     0.00000     0.00000     0.00000
   -39.03874     0.00000     0.00000     0.00000     0.00000     0.00000     0.00000     0.00000     0.00000
   -39.01574     0.00000     0.00000     0.00000     0.00000     0.00000     0.00000     0.00000     0.00000
   -38.99274     0.00000     0.00000     0.00000     0.00000     0.00000     0.00000     0.00000     0.00000
   -38.96974     0.00000     0.00000     0.00000     0.00000     0.00000     0.00000     0.00000     0.00000
   -38.94574     0.00000     0.00000     0.00000     0.00000     0.00000     0.00000     0.00000     0.00000
   -38.92274     0.00000     0.00000     0.00000     0.00000     0.00000     0.00000     0.00000     0.00000
   -38.89974     0.00000     0.00000     0.00000     0.00000     0.00000     0.00000     0.00000     0.00000
   -38.87674     0.00000     0.00000     0.00000     0.00000     0.00000     0.00000     0.00000     0.00000
   -38.85274     0.00000     0.00000     0.00000     0.00000     0.00000     0.00000     0.00000     0.00000
   -38.82974     0.00000     0.00000     0.00000     0.00000     0.00000     0.00000     0.00000     0.00000
   -38.80674     0.00000     0.00000     0.00000     0.00000     0.00000     0.00000     0.00000     0.00000
   -38.78374     0.00000     0.00000     0.00000     0.00000     0.00000     0.00000     0.00000     0.00000
   -38.75974     0.00000     0.00000     0.00000     0.00000     0.00000     0.00000     0.00000     0.00000
   -38.73674     0.00000     0.00000     0.00000     0.00000     0.00000     0.00000     0.00000     0.00000
   -38.71374     0.00000     0.00000     0.00000     0.00000     0.00000     0.00000     0.00000     0.00000
   -38.69074     0.00000     0.00000     0.00000     0.00000     0.00000     0.00000     0.00000     0.00000
   -38.66674     0.00000     0.00000     0.00000     0.00000     0.00000     0.00000     0.00000     0.00000
   -38.64374     0.00000     0.00000     0.00000     0.00000     0.00000     0.00000     0.00000     0.00000
   -38.62074     0.00000     0.00000     0.00000     0.00000     0.00000     0.00000     0.00000     0.00000
   -38.59774     0.00000     0.00000     0.00000     0.00000     0.00000     0.00000     0.00000     0.00000
   -38.57374     0.00000     0.00000     0.00000     0.00000     0.00000     0.00000     0.00000     0.00000
   -38.55074     0.00000     0.00000     0.00000     0.00000     0.00000     0.00000     0.00000     0.00000
   -38.52774     0.00000     0.00000     0.00000     0.00000     0.00000     0.00000     0.00000     0.00000
   -38.50474     0.00000     0.00000     0.00000     0.00000     0.00000     0.00000     0.00000     0.00000
   -38.48074     0.00000     0.00000     0.00000     0.00000     0.00000     0.00000     0.00000     0.00000
   -38.45774     0.00000     0.00000     0.00000     0.00000     0.00000     0.00000     0.00000     0.00000
   -38.43474     0.00000     0.00000     0.00000     0.00000     0.00000     0.00000     0.00000     0.00000
   -38.41174     0.00000     0.00000     0.00000     0.00000     0.00000     0.00000     0.00000     0.00000
   -38.38774     0.00000     0.00000     0.00000     0.00000     0.00000     0.00000     0.00000     0.00000
   -38.36474     0.00000     0.00000     0.00000     0.00000     0.00000     0.00000     0.00000     0.00000
   -38.34174     0.00000     0.00000     0.00000     0.00000     0.00000     0.00000     0.00000     0.00000
   -38.31874     0.00000     0.00000     0.00000     0.00000     0.00000     0.00000     0.00000     0.00000
   -38.29474     0.00000     0.00000     0.00000     0.00000     0.00000     0.00000     0.00000     0.00000
   -38.27174     0.00000     0.00000     0.00000     0.00000     0.00000     0.00000     0.00000     0.00000
   -38.24874     0.00000     0.00000     0.00000     0.00000     0.00000     0.00000     0.00000     0.00000
   -38.22574     0.00000     0.00000     0.00000     0.00000     0.00000     0.00000     0.00000     0.00000
   -38.20174     0.00000     0.00000     0.00000     0.00000     0.00000     0.00000     0.00000     0.00000
   -38.17874     0.00000     0.00000     0.00000     0.00000     0.00000     0.00000     0.00000     0.00000
   -38.15574     0.00000     0.00000     0.00000     0.00000     0.00000     0.00000     0.00000     0.00000
   -38.13274     0.00000     0.00000     0.00000     0.00000     0.00000     0.00000     0.00000     0.00000
   -38.10974     0.00000     0.00000     0.00000     0.00000     0.00000     0.00000     0.00000     0.00000
   -38.08574     0.00000     0.00000     0.00000     0.00000     0.00000     0.00000     0.00000     0.00000
   -38.06274     0.00000     0.00000     0.00000     0.00000     0.00000     0.00000     0.00000     0.00000
   -38.03974     0.00000     0.00000     0.00000     0.00000     0.00000     0.00000     0.00000     0.00000
   -38.01674     0.00000     0.00000     0.00000     0.00000     0.00000     0.00000     0.00000     0.00000
   -37.99274     0.00000     0.00000     0.00000     0.00000     0.00000     0.00000     0.00000     0.00000
   -37.96974     0.00000     0.00000     0.00000     0.00000     0.00000     0.00000     0.00000     0.00000
   -37.94674     0.00000     0.00000     0.00000     0.00000     0.00000     0.00000     0.00000     0.00000
   -37.92374     0.00000     0.00000     0.00000     0.00000     0.00000     0.00000     0.00000     0.00000
   -37.89974     0.00000     0.00000     0.00000     0.00000     0.00000     0.00000     0.00000     0.00000
   -37.87674     0.00000     0.00000     0.00000     0.00000     0.00000     0.00000     0.00000     0.00000
   -37.85374     0.00000     0.00000     0.00000     0.00000     0.00000     0.00000     0.00000     0.00000
   -37.83074     0.00000     0.00000     0.00000     0.00000     0.00000     0.00000     0.00000     0.00000
   -37.80674     0.00000     0.00000     0.00000     0.00000     0.00000     0.00000     0.00000     0.00000
   -37.78374     0.00000     0.00000     0.00000     0.00000     0.00000     0.00000     0.00000     0.00000
   -37.76074     0.00000     0.00000     0.00000     0.00000     0.00000     0.00000     0.00000     0.00000
   -37.73774     0.00000     0.00000     0.00000     0.00000     0.00000     0.00000     0.00000     0.00000
   -37.71374     0.00000     0.00000     0.00000     0.00000     0.00000     0.00000     0.00000     0.00000
   -37.69074     0.00000     0.00000     0.00000     0.00000     0.00000     0.00000     0.00000     0.00000
   -37.66774     0.00000     0.00000     0.00000     0.00000     0.00000     0.00000     0.00000     0.00000
   -37.64474     0.00000     0.00000     0.00000     0.00000     0.00000     0.00000     0.00000     0.00000
   -37.62074     0.00000     0.00000     0.00000     0.00000     0.00000     0.00000     0.00000     0.00000
   -37.59774     0.00000     0.00000     0.00000     0.00000     0.00000     0.00000     0.00000     0.00000
   -37.57474     0.00000     0.00000     0.00000     0.00000     0.00000     0.00000     0.00000     0.00000
   -37.55174     0.00000     0.00000     0.00000     0.00000     0.00000     0.00000     0.00000     0.00000
   -37.52774     0.00000     0.00000     0.00000     0.00000     0.00000     0.00000     0.00000     0.00000
   -37.50474     0.00000     0.00000     0.00000     0.00000     0.00000     0.00000     0.00000     0.00000
   -37.48174     0.00000     0.00000     0.00000     0.00000     0.00000     0.00000     0.00000     0.00000
   -37.45874     0.00000     0.00000     0.00000     0.00000     0.00000     0.00000     0.00000     0.00000
   -37.43474     0.00000     0.00000     0.00000     0.00000     0.00000     0.00000     0.00000     0.00000
   -37.41174     0.00000     0.00000     0.00000     0.00000     0.00000     0.00000     0.00000     0.00000
   -37.38874     0.00000     0.00000     0.00000     0.00000     0.00000     0.00000     0.00000     0.00000
   -37.36574     0.00000     0.00000     0.00000     0.00000     0.00000     0.00000     0.00000     0.00000
   -37.34174     0.00000     0.00000     0.00000     0.00000     0.00000     0.00000     0.00000     0.00000
   -37.31874     0.00000     0.00000     0.00000     0.00000     0.00000     0.00000     0.00000     0.00000
   -37.29574     0.00000     0.00000     0.00000     0.00000     0.00000     0.00000     0.00000     0.00000
   -37.27274     0.00000     0.00000     0.00000     0.00000     0.00000     0.00000     0.00000     0.00000
   -37.24874     0.00000     0.00000     0.00000     0.00000     0.00000     0.00000     0.00000     0.00000
   -37.22574     0.00000     0.00000     0.00000     0.00000     0.00000     0.00000     0.00000     0.00000
   -37.20274     0.00000     0.00000     0.00000     0.00000     0.00000     0.00000     0.00000     0.00000
   -37.17974     0.00000     0.00000     0.00000     0.00000     0.00000     0.00000     0.00000     0.00000
   -37.15574     0.00000     0.00000     0.00000     0.00000     0.00000     0.00000     0.00000     0.00000
   -37.13274     0.00000     0.00000     0.00000     0.00000     0.00000     0.00000     0.00000     0.00000
   -37.10974     0.00000     0.00000     0.00000     0.00000     0.00000     0.00000     0.00000     0.00000
   -37.08674     0.00000     0.00000     0.00000     0.00000     0.00000     0.00000     0.00000     0.00000
   -37.06274     0.00000     0.00000     0.00000     0.00000     0.00000     0.00000     0.00000     0.00000
   -37.03974     0.00000     0.00000     0.00000     0.00000     0.00000     0.00000     0.00000     0.00000
   -37.01674     0.00000     0.00000     0.00000     0.00000     0.00000     0.00000     0.00000     0.00000
   -36.99374     0.00000     0.00000     0.00000     0.00000     0.00000     0.00000     0.00000     0.00000
   -36.96974     0.00000     0.00000     0.00000     0.00000     0.00000     0.00000     0.00000     0.00000
   -36.94674     0.00000     0.00000     0.00000     0.00000     0.00000     0.00000     0.00000     0.00000
   -36.92374     0.00000     0.00000     0.00000     0.00000     0.00000     0.00000     0.00000     0.00000
   -36.90074     0.00000     0.00000     0.00000     0.00000     0.00000     0.00000     0.00000     0.00000
   -36.87774     0.00000     0.00000     0.00000     0.00000     0.00000     0.00000     0.00000     0.00000
   -36.85374     0.00000     0.00000     0.00000     0.00000     0.00000     0.00000     0.00000     0.00000
   -36.83074     0.00000     0.00000     0.00000     0.00000     0.00000     0.00000     0.00000     0.00000
   -36.80774     0.00000     0.00000     0.00000     0.00000     0.00000     0.00000     0.00000     0.00000
   -36.78474     0.00000     0.00000     0.00000     0.00000     0.00000     0.00000     0.00000     0.00000
   -36.76074     0.00000     0.00000     0.00000     0.00000     0.00000     0.00000     0.00000     0.00000
   -36.73774     0.00000     0.00000     0.00000     0.00000     0.00000     0.00000     0.00000     0.00000
   -36.71474     0.00000     0.00000     0.00000     0.00000     0.00000     0.00000     0.00000     0.00000
   -36.69174     0.00000     0.00000     0.00000     0.00000     0.00000     0.00000     0.00000     0.00000
   -36.66774     0.00000     0.00000     0.00000     0.00000     0.00000     0.00000     0.00000     0.00000
   -36.64474     0.00000     0.00000     0.00000     0.00000     0.00000     0.00000     0.00000     0.00000
   -36.62174     0.00000     0.00000     0.00000     0.00000     0.00000     0.00000     0.00000     0.00000
   -36.59874     0.00000     0.00000     0.00000     0.00000     0.00000     0.00000     0.00000     0.00000
   -36.57474     0.00000     0.00000     0.00000     0.00000     0.00000     0.00000     0.00000     0.00000
   -36.55174     0.00000     0.00000     0.00000     0.00001     0.00000     0.00000     0.00000     0.00000
   -36.52874     0.00000     0.00000     0.00000     0.00002     0.00000     0.00000     0.00000     0.00000
   -36.50574     0.00000     0.00000     0.00000     0.00004     0.00000     0.00000     0.00000     0.00000
   -36.48174     0.00000     0.00000     0.00000     0.00009     0.00000     0.00000     0.00000     0.00000
   -36.45874     0.00000     0.00000     0.00000     0.00020     0.00000     0.00000     0.00000     0.00000
   -36.43574     0.00000     0.00000     0.00000     0.00044     0.00000     0.00000     0.00000     0.00000
   -36.41274     0.00000     0.00000     0.00000     0.00094     0.00000     0.00000     0.00000     0.00000
   -36.38874     0.00000     0.00000     0.00000     0.00194     0.00000     0.00000     0.00000     0.00000
   -36.36574     0.00000     0.00000     0.00000     0.00391     0.00000     0.00000     0.00000     0.00000
   -36.34274     0.00000     0.00000     0.00000     0.00769     0.00000     0.00000     0.00000     0.00000
   -36.31974     0.00000     0.00000     0.00000     0.01475     0.00001     0.00000     0.00000     0.00000
   -36.29574     0.00000     0.00000     0.00001     0.02761     0.00002     0.00000     0.00001     0.00000
   -36.27274     0.00000     0.00000     0.00001     0.05040     0.00003     0.00000     0.00001     0.00000
   -36.24974     0.00001     0.00000     0.00002     0.08980     0.00005     0.00000     0.00002     0.00000
   -36.22674     0.00001     0.00000     0.00004     0.15615     0.00009     0.00000     0.00004     0.00000
   -36.20274     0.00002     0.00001     0.00007     0.26509     0.00015     0.00000     0.00006     0.00000
   -36.17974     0.00003     0.00001     0.00012     0.43940     0.00025     0.00000     0.00010     0.00000
   -36.15674     0.00005     0.00002     0.00019     0.71138     0.00040     0.00000     0.00017     0.00000
   -36.13374     0.00008     0.00003     0.00031     1.12521     0.00064     0.00001     0.00027     0.00001
   -36.10974     0.00012     0.00004     0.00048     1.73943     0.00100     0.00001     0.00042     0.00001
   -36.08674     0.00018     0.00007     0.00072     2.62873     0.00153     0.00002     0.00063     0.00002
   -36.06374     0.00026     0.00010     0.00106     3.88525     0.00228     0.00002     0.00094     0.00002
   -36.04074     0.00037     0.00014     0.00154     5.61813     0.00334     0.00003     0.00136     0.00004
   -36.01674     0.00052     0.00019     0.00219     7.95170     0.00478     0.00005     0.00193     0.00005
   -35.99374     0.00072     0.00026     0.00305    11.02043     0.00670     0.00007     0.00268     0.00007
   -35.97074     0.00096     0.00035     0.00417    14.96354     0.00922     0.00009     0.00365     0.00010
   -35.94774     0.00127     0.00046     0.00560    19.91421     0.01243     0.00013     0.00487     0.00013
   -35.92374     0.00163     0.00060     0.00738    25.98946     0.01646     0.00017     0.00637     0.00018
   -35.90074     0.00206     0.00075     0.00955    33.27847     0.02138     0.00021     0.00819     0.00023
   -35.87774     0.00255     0.00093     0.01216    41.82954     0.02727     0.00027     0.01033     0.00029
   -35.85474     0.00310     0.00113     0.01522    51.63914     0.03418     0.00034     0.01281     0.00036
   -35.83074     0.00369     0.00135     0.01876    62.64091     0.04208     0.00041     0.01562     0.00044
   -35.80774     0.00431     0.00158     0.02276    74.70387     0.05093     0.00050     0.01875     0.00053
   -35.78474     0.00495     0.00182     0.02720    87.62774     0.06060     0.00059     0.02217     0.00062
   -35.76174     0.00559     0.00207     0.03201   101.14874     0.07093     0.00069     0.02583     0.00073
   -35.73774     0.00621     0.00230     0.03713   114.94618     0.08169     0.00079     0.02966     0.00083
   -35.71474     0.00679     0.00253     0.04244   128.66700     0.09262     0.00090     0.03361     0.00094
   -35.69174     0.00731     0.00274     0.04783   141.93829     0.10344     0.00100     0.03759     0.00104
   -35.66874     0.00776     0.00293     0.05315   154.39161     0.11385     0.00110     0.04151     0.00114
   -35.64474     0.00812     0.00310     0.05826   165.69730     0.12361     0.00120     0.04529     0.00124
   -35.62174     0.00840     0.00323     0.06301   175.59200     0.13250     0.00129     0.04884     0.00132
   -35.59874     0.00858     0.00333     0.06728   183.88300     0.14040     0.00137     0.05211     0.00139
   -35.57574     0.00867     0.00340     0.07097   190.48140     0.14725     0.00143     0.05502     0.00145
   -35.55274     0.00867     0.00345     0.07400   195.40150     0.15310     0.00148     0.05757     0.00150
   -35.52874     0.00859     0.00346     0.07634   198.78490     0.15807     0.00152     0.05971     0.00154
   -35.50574     0.00844     0.00344     0.07800   200.81030     0.16235     0.00154     0.06149     0.00156
   -35.48274     0.00823     0.00340     0.07901   201.78280     0.16621     0.00155     0.06294     0.00158
   -35.45974     0.00798     0.00334     0.07944   201.99510     0.16989     0.00155     0.06408     0.00158
   -35.43574     0.00770     0.00327     0.07939   201.80210     0.17367     0.00154     0.06501     0.00159
   -35.41274     0.00739     0.00319     0.07895   201.51460     0.17779     0.00153     0.06576     0.00159
   -35.38974     0.00707     0.00309     0.07823   201.41490     0.18242     0.00151     0.06642     0.00159
   -35.36674     0.00676     0.00300     0.07734   201.73840     0.18770     0.00148     0.06704     0.00159
   -35.34274     0.00645     0.00290     0.07634   202.64410     0.19367     0.00146     0.06770     0.00160
   -35.31974     0.00616     0.00282     0.07530   204.21590     0.20034     0.00144     0.06842     0.00161
   -35.29674     0.00590     0.00274     0.07428   206.52320     0.20764     0.00142     0.06926     0.00163
   -35.27374     0.00566     0.00268     0.07328   209.52210     0.21544     0.00141     0.07023     0.00166
   -35.24974     0.00545     0.00263     0.07230   213.16900     0.22359     0.00140     0.07135     0.00170
   -35.22674     0.00528     0.00259     0.07133   217.37270     0.23191     0.00139     0.07263     0.00174
   -35.20374     0.00514     0.00258     0.07033   222.02550     0.24020     0.00139     0.07412     0.00180
   -35.18074     0.00502     0.00257     0.06926   227.01080     0.24825     0.00139     0.07578     0.00187
   -35.15674     0.00493     0.00258     0.06810   232.24140     0.25587     0.00139     0.07762     0.00194
   -35.13374     0.00485     0.00260     0.06681   237.61170     0.26289     0.00140     0.07969     0.00203
   -35.11074     0.00478     0.00263     0.06538   243.02600     0.26911     0.00141     0.08194     0.00213
   -35.08774     0.00471     0.00265     0.06380   248.40790     0.27443     0.00142     0.08437     0.00223
   -35.06374     0.00464     0.00267     0.06212   253.71020     0.27869     0.00143     0.08697     0.00234
   -35.04074     0.00456     0.00268     0.06035   258.88450     0.28182     0.00145     0.08970     0.00244
   -35.01774     0.00447     0.00267     0.05857   263.90370     0.28375     0.00146     0.09246     0.00255
   -34.99474     0.00435     0.00265     0.05683   268.75700     0.28447     0.00148     0.09523     0.00265
   -34.97074     0.00420     0.00261     0.05522   273.48940     0.28397     0.00150     0.09781     0.00274
   -34.94774     0.00403     0.00255     0.05380   278.11230     0.28232     0.00151     0.10015     0.00282
   -34.92474     0.00383     0.00247     0.05262   282.70260     0.27959     0.00153     0.10208     0.00288
   -34.90174     0.00362     0.00237     0.05174   287.30780     0.27588     0.00153     0.10350     0.00292
   -34.87774     0.00339     0.00225     0.05115   292.01930     0.27132     0.00153     0.10428     0.00294
   -34.85474     0.00315     0.00212     0.05085   296.86630     0.26606     0.00151     0.10432     0.00294
   -34.83174     0.00291     0.00199     0.05080   301.89000     0.26021     0.00149     0.10360     0.00291
   -34.80874     0.00268     0.00185     0.05091   307.02250     0.25387     0.00145     0.10206     0.00286
   -34.78474     0.00247     0.00172     0.05110   312.15930     0.24712     0.00140     0.09974     0.00279
   -34.76174     0.00226     0.00159     0.05128   317.09760     0.23999     0.00134     0.09665     0.00270
   -34.73874     0.00208     0.00146     0.05133   321.55190     0.23250     0.00128     0.09285     0.00259
   -34.71574     0.00191     0.00134     0.05116   325.15970     0.22465     0.00120     0.08841     0.00246
   -34.69174     0.00177     0.00123     0.05069   327.52940     0.21639     0.00112     0.08344     0.00232
   -34.66874     0.00163     0.00113     0.04986   328.21020     0.20771     0.00103     0.07799     0.00217
   -34.64574     0.00151     0.00103     0.04863   326.78040     0.19857     0.00095     0.07222     0.00201
   -34.62274     0.00139     0.00094     0.04700   322.87700     0.18899     0.00086     0.06617     0.00185
   -34.59874     0.00128     0.00085     0.04498   316.20410     0.17894     0.00077     0.05999     0.00168
   -34.57574     0.00116     0.00077     0.04262   306.59410     0.16848     0.00068     0.05380     0.00150
   -34.55274     0.00105     0.00068     0.03995   294.01530     0.15763     0.00060     0.04770     0.00134
   -34.52974     0.00094     0.00060     0.03705   278.60200     0.14647     0.00052     0.04181     0.00117
   -34.50574     0.00083     0.00052     0.03399   260.63310     0.13507     0.00044     0.03621     0.00102
   -34.48274     0.00072     0.00045     0.03082   240.51730     0.12353     0.00038     0.03099     0.00088
   -34.45974     0.00061     0.00038     0.02763   218.79620     0.11194     0.00031     0.02622     0.00074
   -34.43674     0.00052     0.00032     0.02446   196.07670     0.10043     0.00026     0.02192     0.00062
   -34.41274     0.00043     0.00026     0.02139   172.99150     0.08910     0.00021     0.01811     0.00052
   -34.38974     0.00035     0.00021     0.01846   150.17558     0.07810     0.00017     0.01480     0.00042
   -34.36674     0.00028     0.00017     0.01571   128.20947     0.06757     0.00013     0.01195     0.00034
   -34.34374     0.00021     0.00013     0.01317   107.58968     0.05762     0.00010     0.00954     0.00028
   -34.32074     0.00016     0.00010     0.01088    88.70450     0.04839     0.00008     0.00752     0.00022
   -34.29674     0.00012     0.00007     0.00884    71.82148     0.03999     0.00006     0.00586     0.00017
   -34.27374     0.00009     0.00005     0.00706    57.08270     0.03247     0.00004     0.00451     0.00013
   -34.25074     0.00007     0.00004     0.00554    44.51166     0.02589     0.00003     0.00342     0.00010
   -34.22774     0.00005     0.00003     0.00427    34.04313     0.02025     0.00002     0.00256     0.00008
   -34.20374     0.00003     0.00002     0.00322    25.52469     0.01553     0.00002     0.00188     0.00006
   -34.18074     0.00002     0.00001     0.00239    18.75277     0.01166     0.00001     0.00136     0.00004
   -34.15774     0.00002     0.00001     0.00173    13.49565     0.00857     0.00001     0.00097     0.00003
   -34.13474     0.00001     0.00001     0.00123     9.50969     0.00617     0.00001     0.00068     0.00002
   -34.11074     0.00001     0.00000     0.00085     6.55869     0.00434     0.00000     0.00046     0.00001
   -34.08774     0.00000     0.00000     0.00058     4.42537     0.00298     0.00000     0.00031     0.00001
   -34.06474     0.00000     0.00000     0.00038     2.92045     0.00200     0.00000     0.00021     0.00001
   -34.04174     0.00000     0.00000     0.00025     1.88435     0.00131     0.00000     0.00013     0.00000
   -34.01774     0.00000     0.00000     0.00016     1.18822     0.00084     0.00000     0.00008     0.00000
   -33.99474     0.00000     0.00000     0.00010     0.73206     0.00053     0.00000     0.00005     0.00000
   -33.97174     0.00000     0.00000     0.00006     0.44055     0.00032     0.00000     0.00003     0.00000
   -33.94874     0.00000     0.00000     0.00003     0.25890     0.00019     0.00000     0.00002     0.00000
   -33.92474     0.00000     0.00000     0.00002     0.14852     0.00011     0.00000     0.00001     0.00000
   -33.90174     0.00000     0.00000     0.00001     0.08316     0.00006     0.00000     0.00001     0.00000
   -33.87874     0.00000     0.00000     0.00001     0.04544     0.00003     0.00000     0.00000     0.00000
   -33.85574     0.00000     0.00000     0.00000     0.02422     0.00002     0.00000     0.00000     0.00000
   -33.83174     0.00000     0.00000     0.00000     0.01259     0.00001     0.00000     0.00000     0.00000
   -33.80874     0.00000     0.00000     0.00000     0.00638     0.00000     0.00000     0.00000     0.00000
   -33.78574     0.00000     0.00000     0.00000     0.00316     0.00000     0.00000     0.00000     0.00000
   -33.76274     0.00000     0.00000     0.00000     0.00152     0.00000     0.00000     0.00000     0.00000
   -33.73874     0.00000     0.00000     0.00000     0.00072     0.00000     0.00000     0.00000     0.00000
   -33.71574     0.00000     0.00000     0.00000     0.00033     0.00000     0.00000     0.00000     0.00000
   -33.69274     0.00000     0.00000     0.00000     0.00015     0.00000     0.00000     0.00000     0.00000
   -33.66974     0.00000     0.00000     0.00000     0.00006     0.00000     0.00000     0.00000     0.00000
   -33.64574     0.00000     0.00000     0.00000     0.00003     0.00000     0.00000     0.00000     0.00000
   -33.62274     0.00000     0.00000     0.00000     0.00001     0.00000     0.00000     0.00000     0.00000
   -33.59974     0.00000     0.00000     0.00000     0.00000     0.00000     0.00000     0.00000     0.00000
   -33.57674     0.00000     0.00000     0.00000     0.00000     0.00000     0.00000     0.00000     0.00000
   -33.55274     0.00000     0.00000     0.00000     0.00000     0.00000     0.00000     0.00000     0.00000
   -33.52974     0.00000     0.00000     0.00000     0.00000     0.00000     0.00000     0.00000     0.00000
   -33.50674     0.00000     0.00000     0.00000     0.00000     0.00000     0.00000     0.00000     0.00000
   -33.48374     0.00000     0.00000     0.00000     0.00000     0.00000     0.00000     0.00000     0.00000
   -33.45974     0.00000     0.00000     0.00000     0.00000     0.00000     0.00000     0.00000     0.00000
   -33.43674     0.00000     0.00000     0.00000     0.00000     0.00000     0.00000     0.00000     0.00000
   -33.41374     0.00000     0.00000     0.00000     0.00000     0.00000     0.00000     0.00000     0.00000
   -33.39074     0.00000     0.00000     0.00000     0.00000     0.00000     0.00000     0.00000     0.00000
   -33.36674     0.00000     0.00000     0.00000     0.00000     0.00000     0.00000     0.00000     0.00000
   -33.34374     0.00000     0.00000     0.00000     0.00000     0.00000     0.00000     0.00000     0.00000
   -33.32074     0.00000     0.00000     0.00000     0.00000     0.00000     0.00000     0.00000     0.00000
   -33.29774     0.00000     0.00000     0.00000     0.00000     0.00000     0.00000     0.00000     0.00000
   -33.27374     0.00000     0.00000     0.00000     0.00000     0.00000     0.00000     0.00000     0.00000
   -33.25074     0.00000     0.00000     0.00000     0.00000     0.00000     0.00000     0.00000     0.00000
   -33.22774     0.00000     0.00000     0.00000     0.00000     0.00000     0.00000     0.00000     0.00000
   -33.20474     0.00000     0.00000     0.00000     0.00000     0.00000     0.00000     0.00000     0.00000
   -33.18074     0.00000     0.00000     0.00000     0.00000     0.00000     0.00000     0.00000     0.00000
   -33.15774     0.00000     0.00000     0.00000     0.00000     0.00000     0.00000     0.00000     0.00000
   -33.13474     0.00000     0.00000     0.00000     0.00000     0.00000     0.00000     0.00000     0.00000
   -33.11174     0.00000     0.00000     0.00000     0.00000     0.00000     0.00000     0.00000     0.00000
   -33.08774     0.00000     0.00000     0.00000     0.00000     0.00000     0.00000     0.00000     0.00000
   -33.06474     0.00000     0.00000     0.00000     0.00000     0.00000     0.00000     0.00000     0.00000
   -33.04174     0.00000     0.00000     0.00000     0.00000     0.00000     0.00000     0.00000     0.00000
   -33.01874     0.00000     0.00000     0.00000     0.00000     0.00000     0.00000     0.00000     0.00000
   -32.99574     0.00000     0.00000     0.00000     0.00000     0.00000     0.00000     0.00000     0.00000
   -32.97174     0.00000     0.00000     0.00000     0.00000     0.00000     0.00000     0.00000     0.00000
   -32.94874     0.00000     0.00000     0.00000     0.00000     0.00000     0.00000     0.00000     0.00000
   -32.92574     0.00000     0.00000     0.00000     0.00000     0.00000     0.00000     0.00000     0.00000
   -32.90274     0.00000     0.00000     0.00000     0.00000     0.00000     0.00000     0.00000     0.00000
   -32.87874     0.00000     0.00000     0.00000     0.00000     0.00000     0.00000     0.00000     0.00000
   -32.85574     0.00000     0.00000     0.00000     0.00000     0.00000     0.00000     0.00000     0.00000
   -32.83274     0.00000     0.00000     0.00000     0.00000     0.00000     0.00000     0.00000     0.00000
   -32.80974     0.00000     0.00000     0.00000     0.00000     0.00000     0.00000     0.00000     0.00000
   -32.78574     0.00000     0.00000     0.00000     0.00000     0.00000     0.00000     0.00000     0.00000
   -32.76274     0.00000     0.00000     0.00000     0.00000     0.00000     0.00000     0.00000     0.00000
   -32.73974     0.00000     0.00000     0.00000     0.00000     0.00000     0.00000     0.00000     0.00000
   -32.71674     0.00000     0.00000     0.00000     0.00000     0.00000     0.00000     0.00000     0.00000
   -32.69274     0.00000     0.00000     0.00000     0.00000     0.00000     0.00000     0.00000     0.00000
   -32.66974     0.00000     0.00000     0.00000     0.00000     0.00000     0.00000     0.00000     0.00000
   -32.64674     0.00000     0.00000     0.00000     0.00000     0.00000     0.00000     0.00000     0.00000
   -32.62374     0.00000     0.00000     0.00000     0.00000     0.00000     0.00000     0.00000     0.00000
   -32.59974     0.00000     0.00000     0.00000     0.00000     0.00000     0.00000     0.00000     0.00000
   -32.57674     0.00000     0.00000     0.00000     0.00000     0.00000     0.00000     0.00000     0.00000
   -32.55374     0.00000     0.00000     0.00000     0.00000     0.00000     0.00000     0.00000     0.00000
   -32.53074     0.00000     0.00000     0.00000     0.00000     0.00000     0.00000     0.00000     0.00000
   -32.50674     0.00000     0.00000     0.00000     0.00000     0.00000     0.00000     0.00000     0.00000
   -32.48374     0.00000     0.00000     0.00000     0.00000     0.00000     0.00000     0.00000     0.00000
   -32.46074     0.00000     0.00000     0.00000     0.00000     0.00000     0.00000     0.00000     0.00000
   -32.43774     0.00000     0.00000     0.00000     0.00000     0.00000     0.00000     0.00000     0.00000
   -32.41374     0.00000     0.00000     0.00000     0.00000     0.00000     0.00000     0.00000     0.00000
   -32.39074     0.00000     0.00000     0.00000     0.00000     0.00000     0.00000     0.00000     0.00000
   -32.36774     0.00000     0.00000     0.00000     0.00000     0.00000     0.00000     0.00000     0.00000
   -32.34474     0.00000     0.00000     0.00000     0.00000     0.00000     0.00000     0.00000     0.00000
   -32.32074     0.00000     0.00000     0.00000     0.00000     0.00000     0.00000     0.00000     0.00000
   -32.29774     0.00000     0.00000     0.00000     0.00000     0.00000     0.00000     0.00000     0.00000
   -32.27474     0.00000     0.00000     0.00000     0.00000     0.00000     0.00000     0.00000     0.00000
   -32.25174     0.00000     0.00000     0.00000     0.00000     0.00000     0.00000     0.00000     0.00000
   -32.22774     0.00000     0.00000     0.00000     0.00000     0.00000     0.00000     0.00000     0.00000
   -32.20474     0.00000     0.00000     0.00000     0.00000     0.00000     0.00000     0.00000     0.00000
   -32.18174     0.00000     0.00000     0.00000     0.00000     0.00000     0.00000     0.00001     0.00000
   -32.15874     0.00000     0.00000     0.00000     0.00000     0.00000     0.00000     0.00002     0.00000
   -32.13474     0.00000     0.00000     0.00000     0.00000     0.00000     0.00000     0.00004     0.00000
   -32.11174     0.00000     0.00000     0.00000     0.00000     0.00000     0.00000     0.00010     0.00000
   -32.08874     0.00000     0.00000     0.00000     0.00000     0.00000     0.00000     0.00021     0.00000
   -32.06574     0.00000     0.00000     0.00000     0.00000     0.00000     0.00000     0.00045     0.00000
   -32.04174     0.00000     0.00000     0.00000     0.00001     0.00000     0.00000     0.00093     0.00000
   -32.01874     0.00001     0.00000     0.00000     0.00002     0.00000     0.00000     0.00186     0.00000
   -31.99574     0.00002     0.00000     0.00000     0.00004     0.00000     0.00000     0.00363     0.00000
   -31.97274     0.00003     0.00000     0.00000     0.00007     0.00000     0.00000     0.00692     0.00000
   -31.94874     0.00006     0.00001     0.00000     0.00012     0.00001     0.00000     0.01284     0.00000
   -31.92574     0.00010     0.00002     0.00001     0.00022     0.00002     0.00000     0.02321     0.00000
   -31.90274     0.00017     0.00003     0.00001     0.00040     0.00003     0.00000     0.04091     0.00000
   -31.87974     0.00028     0.00005     0.00002     0.00068     0.00005     0.00000     0.07028     0.00000
   -31.85574     0.00047     0.00009     0.00003     0.00113     0.00008     0.00000     0.11765     0.00001
   -31.83274     0.00074     0.00015     0.00005     0.00185     0.00014     0.00001     0.19203     0.00001
   -31.80974     0.00116     0.00024     0.00008     0.00294     0.00022     0.00001     0.30561     0.00001
   -31.78674     0.00175     0.00037     0.00012     0.00457     0.00034     0.00002     0.47431     0.00002
   -31.76374     0.00258     0.00056     0.00019     0.00693     0.00052     0.00003     0.71812     0.00003
   -31.73974     0.00369     0.00084     0.00027     0.01024     0.00078     0.00004     1.06060     0.00005
   -31.71674     0.00515     0.00121     0.00039     0.01479     0.00113     0.00006     1.52850     0.00007
   -31.69374     0.00699     0.00171     0.00055     0.02086     0.00161     0.00008     2.15030     0.00010
   -31.67074     0.00924     0.00234     0.00076     0.02875     0.00223     0.00010     2.95360     0.00014
   -31.64674     0.01189     0.00313     0.00102     0.03872     0.00303     0.00014     3.96200     0.00019
   -31.62374     0.01490     0.00407     0.00134     0.05099     0.00402     0.00017     5.19320     0.00025
   -31.60074     0.01819     0.00516     0.00173     0.06571     0.00522     0.00022     6.65240     0.00031
   -31.57774     0.02160     0.00638     0.00217     0.08285     0.00664     0.00026     8.33300     0.00039
   -31.55374     0.02499     0.00767     0.00266     0.10228     0.00826     0.00031    10.21200     0.00048
   -31.53074     0.02815     0.00900     0.00321     0.12370     0.01007     0.00036    12.24900     0.00057
   -31.50774     0.03088     0.01028     0.00378     0.14659     0.01203     0.00040    14.38700     0.00067
   -31.48474     0.03300     0.01144     0.00437     0.17035     0.01408     0.00044    16.56000     0.00076
   -31.46074     0.03434     0.01241     0.00494     0.19416     0.01616     0.00047    18.68900     0.00085
   -31.43774     0.03482     0.01313     0.00549     0.21719     0.01820     0.00049    20.69000     0.00094
   -31.41474     0.03441     0.01355     0.00599     0.23851     0.02012     0.00050    22.48800     0.00101
   -31.39174     0.03313     0.01363     0.00641     0.25722     0.02182     0.00050    24.00500     0.00106
   -31.36774     0.03111     0.01338     0.00674     0.27252     0.02325     0.00049    25.17900     0.00109
   -31.34474     0.02849     0.01282     0.00697     0.28370     0.02432     0.00047    25.96700     0.00110
   -31.32174     0.02546     0.01200     0.00708     0.29023     0.02499     0.00044    26.33600     0.00109
   -31.29874     0.02221     0.01097     0.00707     0.29174     0.02522     0.00040    26.27500     0.00106
   -31.27474     0.01894     0.00980     0.00695     0.28822     0.02499     0.00036    25.78700     0.00101
   -31.25174     0.01580     0.00857     0.00671     0.27982     0.02433     0.00032    24.89800     0.00095
   -31.22874     0.01290     0.00733     0.00637     0.26681     0.02326     0.00027    23.64200     0.00087
   -31.20574     0.01033     0.00615     0.00595     0.24986     0.02182     0.00023    22.07300     0.00078
   -31.18174     0.00812     0.00505     0.00545     0.22968     0.02010     0.00019    20.25400     0.00069
   -31.15874     0.00628     0.00408     0.00491     0.20717     0.01815     0.00016    18.25400     0.00060
   -31.13574     0.00479     0.00324     0.00434     0.18329     0.01608     0.00013    16.14900     0.00051
   -31.11274     0.00360     0.00252     0.00377     0.15894     0.01395     0.00010    14.01600     0.00042
   -31.08874     0.00268     0.00194     0.00320     0.13507     0.01186     0.00008    11.92500     0.00035
   -31.06574     0.00198     0.00146     0.00267     0.11236     0.00988     0.00006     9.94300     0.00028
   -31.04274     0.00144     0.00109     0.00218     0.09150     0.00805     0.00005     8.11460     0.00022
   -31.01974     0.00105     0.00080     0.00174     0.07289     0.00641     0.00004     6.47990     0.00017
   -30.99574     0.00075     0.00058     0.00136     0.05678     0.00499     0.00003     5.06040     0.00013
   -30.97274     0.00053     0.00041     0.00104     0.04322     0.00380     0.00002     3.86270     0.00009
   -30.94974     0.00037     0.00029     0.00077     0.03214     0.00283     0.00001     2.88010     0.00007
   -30.92674     0.00026     0.00020     0.00056     0.02334     0.00205     0.00001     2.09690     0.00005
   -30.90274     0.00018     0.00014     0.00040     0.01654     0.00146     0.00001     1.49040     0.00003
   -30.87974     0.00012     0.00009     0.00028     0.01145     0.00101     0.00000     1.03325     0.00002
   -30.85674     0.00008     0.00006     0.00019     0.00773     0.00068     0.00000     0.69889     0.00002
   -30.83374     0.00005     0.00004     0.00012     0.00508     0.00045     0.00000     0.46095     0.00001
   -30.80974     0.00003     0.00002     0.00008     0.00326     0.00029     0.00000     0.29643     0.00001
   -30.78674     0.00002     0.00001     0.00005     0.00204     0.00018     0.00000     0.18580     0.00000
   -30.76374     0.00001     0.00001     0.00003     0.00125     0.00011     0.00000     0.11350     0.00000
   -30.74074     0.00001     0.00001     0.00002     0.00074     0.00007     0.00000     0.06755     0.00000
   -30.71674     0.00000     0.00000     0.00001     0.00043     0.00004     0.00000     0.03918     0.00000
   -30.69374     0.00000     0.00000     0.00001     0.00024     0.00002     0.00000     0.02213     0.00000
   -30.67074     0.00000     0.00000     0.00000     0.00013     0.00001     0.00000     0.01218     0.00000
   -30.64774     0.00000     0.00000     0.00000     0.00007     0.00001     0.00000     0.00653     0.00000
   -30.62374     0.00000     0.00000     0.00000     0.00004     0.00000     0.00000     0.00341     0.00000
   -30.60074     0.00000     0.00000     0.00000     0.00002     0.00000     0.00000     0.00173     0.00000
   -30.57774     0.00000     0.00000     0.00000     0.00001     0.00000     0.00000     0.00086     0.00000
   -30.55474     0.00000     0.00000     0.00000     0.00000     0.00000     0.00000     0.00041     0.00000
   -30.53074     0.00000     0.00000     0.00000     0.00000     0.00000     0.00000     0.00019     0.00000
   -30.50774     0.00000     0.00000     0.00000     0.00000     0.00000     0.00000     0.00009     0.00000
   -30.48474     0.00000     0.00000     0.00000     0.00000     0.00000     0.00000     0.00004     0.00000
   -30.46174     0.00000     0.00000     0.00000     0.00000     0.00000     0.00000     0.00002     0.00000
   -30.43874     0.00000     0.00000     0.00000     0.00000     0.00000     0.00000     0.00001     0.00000
   -30.41474     0.00000     0.00000     0.00000     0.00000     0.00000     0.00000     0.00000     0.00000
   -30.39174     0.00000     0.00000     0.00000     0.00000     0.00000     0.00000     0.00000     0.00000
   -30.36874     0.00000     0.00000     0.00000     0.00000     0.00000     0.00000     0.00000     0.00000
   -30.34574     0.00000     0.00000     0.00000     0.00000     0.00000     0.00000     0.00000     0.00000
   -30.32174     0.00000     0.00000     0.00000     0.00000     0.00000     0.00000     0.00000     0.00000
   -30.29874     0.00000     0.00000     0.00000     0.00000     0.00000     0.00000     0.00000     0.00000
   -30.27574     0.00000     0.00000     0.00000     0.00000     0.00000     0.00000     0.00000     0.00000
   -30.25274     0.00000     0.00000     0.00000     0.00000     0.00000     0.00000     0.00000     0.00000
   -30.22874     0.00000     0.00000     0.00000     0.00000     0.00000     0.00000     0.00000     0.00000
   -30.20574     0.00000     0.00000     0.00000     0.00000     0.00000     0.00000     0.00000     0.00000
   -30.18274     0.00000     0.00000     0.00000     0.00000     0.00000     0.00000     0.00000     0.00000
   -30.15974     0.00000     0.00000     0.00000     0.00000     0.00000     0.00000     0.00000     0.00000
   -30.13574     0.00000     0.00000     0.00000     0.00000     0.00000     0.00000     0.00000     0.00000
   -30.11274     0.00000     0.00000     0.00000     0.00000     0.00000     0.00000     0.00000     0.00000
   -30.08974     0.00000     0.00000     0.00000     0.00000     0.00000     0.00000     0.00000     0.00000
   -30.06674     0.00000     0.00000     0.00000     0.00000     0.00000     0.00000     0.00000     0.00000
   -30.04274     0.00000     0.00000     0.00000     0.00000     0.00000     0.00000     0.00000     0.00000
   -30.01974     0.00000     0.00000     0.00000     0.00000     0.00000     0.00000     0.00000     0.00000
   -29.99674     0.00000     0.00000     0.00000     0.00000     0.00000     0.00000     0.00000     0.00000
   -29.97374     0.00000     0.00000     0.00000     0.00000     0.00000     0.00000     0.00000     0.00000
   -29.94974     0.00000     0.00000     0.00000     0.00000     0.00000     0.00000     0.00000     0.00000
   -29.92674     0.00000     0.00000     0.00000     0.00000     0.00000     0.00000     0.00000     0.00000
   -29.90374     0.00000     0.00000     0.00000     0.00000     0.00000     0.00000     0.00000     0.00000
   -29.88074     0.00000     0.00000     0.00000     0.00000     0.00000     0.00000     0.00000     0.00000
   -29.85674     0.00000     0.00000     0.00000     0.00000     0.00000     0.00000     0.00000     0.00000
   -29.83374     0.00000     0.00000     0.00000     0.00000     0.00000     0.00000     0.00000     0.00000
   -29.81074     0.00000     0.00000     0.00000     0.00000     0.00000     0.00000     0.00000     0.00000
   -29.78774     0.00000     0.00000     0.00000     0.00000     0.00000     0.00000     0.00000     0.00000
   -29.76374     0.00000     0.00000     0.00000     0.00000     0.00000     0.00000     0.00000     0.00000
   -29.74074     0.00000     0.00000     0.00000     0.00000     0.00000     0.00000     0.00000     0.00000
   -29.71774     0.00000     0.00000     0.00000     0.00000     0.00000     0.00000     0.00000     0.00000
   -29.69474     0.00000     0.00000     0.00000     0.00000     0.00000     0.00000     0.00000     0.00000
   -29.67074     0.00000     0.00000     0.00000     0.00000     0.00000     0.00000     0.00000     0.00000
   -29.64774     0.00000     0.00000     0.00000     0.00000     0.00000     0.00000     0.00000     0.00000
   -29.62474     0.00000     0.00000     0.00000     0.00000     0.00000     0.00000     0.00000     0.00000
   -29.60174     0.00000     0.00000     0.00000     0.00000     0.00000     0.00000     0.00000     0.00000
   -29.57774     0.00000     0.00000     0.00000     0.00000     0.00000     0.00000     0.00000     0.00000
   -29.55474     0.00000     0.00000     0.00000     0.00000     0.00000     0.00000     0.00000     0.00000
   -29.53174     0.00000     0.00000     0.00000     0.00000     0.00000     0.00000     0.00000     0.00000
   -29.50874     0.00000     0.00000     0.00000     0.00000     0.00000     0.00000     0.00000     0.00000
   -29.48474     0.00000     0.00000     0.00000     0.00000     0.00000     0.00000     0.00000     0.00000
   -29.46174     0.00000     0.00000     0.00000     0.00000     0.00000     0.00000     0.00000     0.00000
   -29.43874     0.00000     0.00000     0.00000     0.00000     0.00000     0.00000     0.00000     0.00000
   -29.41574     0.00000     0.00000     0.00000     0.00000     0.00000     0.00000     0.00000     0.00000
   -29.39174     0.00000     0.00000     0.00000     0.00000     0.00000     0.00000     0.00000     0.00000
   -29.36874     0.00000     0.00000     0.00000     0.00000     0.00000     0.00000     0.00000     0.00000
   -29.34574     0.00000     0.00000     0.00000     0.00000     0.00000     0.00000     0.00000     0.00000
   -29.32274     0.00000     0.00000     0.00000     0.00000     0.00000     0.00000     0.00000     0.00000
   -29.29874     0.00000     0.00000     0.00000     0.00000     0.00000     0.00000     0.00000     0.00000
   -29.27574     0.00000     0.00000     0.00000     0.00000     0.00000     0.00000     0.00000     0.00000
   -29.25274     0.00000     0.00000     0.00000     0.00000     0.00000     0.00000     0.00000     0.00000
   -29.22974     0.00000     0.00000     0.00000     0.00000     0.00000     0.00000     0.00000     0.00000
   -29.20674     0.00000     0.00000     0.00000     0.00000     0.00000     0.00000     0.00000     0.00000
   -29.18274     0.00000     0.00000     0.00000     0.00000     0.00000     0.00000     0.00000     0.00000
   -29.15974     0.00000     0.00000     0.00000     0.00000     0.00000     0.00000     0.00000     0.00000
   -29.13674     0.00000     0.00000     0.00000     0.00000     0.00000     0.00000     0.00000     0.00000
   -29.11374     0.00000     0.00000     0.00000     0.00000     0.00000     0.00000     0.00000     0.00000
   -29.08974     0.00000     0.00000     0.00000     0.00000     0.00000     0.00000     0.00000     0.00000
   -29.06674     0.00000     0.00000     0.00000     0.00000     0.00000     0.00000     0.00000     0.00000
   -29.04374     0.00000     0.00000     0.00000     0.00000     0.00000     0.00000     0.00000     0.00000
   -29.02074     0.00000     0.00000     0.00000     0.00000     0.00000     0.00000     0.00000     0.00000
   -28.99674     0.00000     0.00000     0.00000     0.00000     0.00000     0.00000     0.00000     0.00000
   -28.97374     0.00000     0.00000     0.00000     0.00000     0.00000     0.00000     0.00000     0.00000
   -28.95074     0.00000     0.00000     0.00000     0.00000     0.00000     0.00000     0.00000     0.00000
   -28.92774     0.00000     0.00000     0.00000     0.00000     0.00000     0.00000     0.00000     0.00000
   -28.90374     0.00000     0.00000     0.00000     0.00000     0.00000     0.00000     0.00000     0.00000
   -28.88074     0.00000     0.00000     0.00000     0.00000     0.00000     0.00000     0.00000     0.00000
   -28.85774     0.00000     0.00000     0.00000     0.00000     0.00000     0.00000     0.00000     0.00000
   -28.83474     0.00000     0.00000     0.00000     0.00000     0.00000     0.00000     0.00000     0.00000
   -28.81074     0.00000     0.00000     0.00000     0.00000     0.00000     0.00000     0.00000     0.00000
   -28.78774     0.00000     0.00000     0.00000     0.00000     0.00000     0.00000     0.00000     0.00000
   -28.76474     0.00000     0.00000     0.00000     0.00000     0.00000     0.00000     0.00000     0.00000
   -28.74174     0.00000     0.00000     0.00000     0.00000     0.00000     0.00000     0.00000     0.00000
   -28.71774     0.00000     0.00000     0.00000     0.00000     0.00000     0.00000     0.00000     0.00000
   -28.69474     0.00000     0.00000     0.00000     0.00000     0.00000     0.00000     0.00000     0.00000
   -28.67174     0.00000     0.00000     0.00000     0.00000     0.00000     0.00000     0.00000     0.00000
   -28.64874     0.00000     0.00000     0.00000     0.00000     0.00000     0.00000     0.00000     0.00000
   -28.62474     0.00000     0.00000     0.00000     0.00000     0.00000     0.00000     0.00000     0.00000
   -28.60174     0.00000     0.00000     0.00000     0.00000     0.00000     0.00000     0.00000     0.00000
   -28.57874     0.00000     0.00000     0.00000     0.00000     0.00000     0.00000     0.00000     0.00000
   -28.55574     0.00000     0.00000     0.00000     0.00000     0.00000     0.00000     0.00000     0.00000
   -28.53174     0.00000     0.00000     0.00000     0.00000     0.00000     0.00000     0.00000     0.00000
   -28.50874     0.00000     0.00000     0.00000     0.00000     0.00000     0.00000     0.00000     0.00000
   -28.48574     0.00000     0.00000     0.00000     0.00000     0.00000     0.00000     0.00000     0.00000
   -28.46274     0.00000     0.00000     0.00000     0.00000     0.00000     0.00000     0.00000     0.00000
   -28.43874     0.00000     0.00000     0.00000     0.00000     0.00000     0.00000     0.00000     0.00000
   -28.41574     0.00000     0.00000     0.00000     0.00000     0.00000     0.00000     0.00000     0.00000
   -28.39274     0.00000     0.00000     0.00000     0.00000     0.00000     0.00000     0.00000     0.00000
   -28.36974     0.00000     0.00000     0.00000     0.00000     0.00000     0.00000     0.00000     0.00000
   -28.34574     0.00000     0.00000     0.00000     0.00000     0.00000     0.00000     0.00000     0.00000
   -28.32274     0.00000     0.00000     0.00000     0.00000     0.00000     0.00000     0.00000     0.00000
   -28.29974     0.00000     0.00000     0.00000     0.00000     0.00000     0.00000     0.00000     0.00000
   -28.27674     0.00000     0.00000     0.00000     0.00000     0.00000     0.00000     0.00000     0.00000
   -28.25274     0.00000     0.00000     0.00000     0.00000     0.00000     0.00000     0.00000     0.00000
   -28.22974     0.00000     0.00000     0.00000     0.00000     0.00000     0.00000     0.00000     0.00000
   -28.20674     0.00000     0.00000     0.00000     0.00000     0.00000     0.00000     0.00000     0.00000
   -28.18374     0.00000     0.00000     0.00000     0.00000     0.00000     0.00000     0.00000     0.00000
   -28.15974     0.00000     0.00000     0.00000     0.00000     0.00000     0.00000     0.00000     0.00000
   -28.13674     0.00000     0.00000     0.00000     0.00000     0.00000     0.00000     0.00000     0.00000
   -28.11374     0.00000     0.00000     0.00000     0.00000     0.00000     0.00000     0.00000     0.00000
   -28.09074     0.00000     0.00000     0.00000     0.00000     0.00000     0.00000     0.00000     0.00000
   -28.06674     0.00000     0.00000     0.00000     0.00000     0.00000     0.00000     0.00000     0.00000
   -28.04374     0.00000     0.00000     0.00000     0.00000     0.00000     0.00000     0.00000     0.00000
   -28.02074     0.00000     0.00000     0.00000     0.00000     0.00000     0.00000     0.00000     0.00000
   -27.99774     0.00000     0.00000     0.00000     0.00000     0.00000     0.00000     0.00000     0.00000
   -27.97374     0.00000     0.00000     0.00000     0.00000     0.00000     0.00000     0.00000     0.00000
   -27.95074     0.00000     0.00000     0.00000     0.00000     0.00000     0.00000     0.00000     0.00000
   -27.92774     0.00000     0.00000     0.00000     0.00000     0.00000     0.00000     0.00000     0.00000
   -27.90474     0.00000     0.00000     0.00000     0.00000     0.00000     0.00000     0.00000     0.00000
   -27.88174     0.00000     0.00000     0.00000     0.00000     0.00000     0.00000     0.00000     0.00000
   -27.85774     0.00000     0.00000     0.00000     0.00000     0.00000     0.00000     0.00000     0.00000
   -27.83474     0.00000     0.00000     0.00000     0.00000     0.00000     0.00000     0.00000     0.00000
   -27.81174     0.00000     0.00000     0.00000     0.00000     0.00000     0.00000     0.00000     0.00000
   -27.78874     0.00000     0.00000     0.00000     0.00000     0.00000     0.00000     0.00000     0.00000
   -27.76474     0.00000     0.00000     0.00000     0.00000     0.00000     0.00000     0.00000     0.00000
   -27.74174     0.00000     0.00000     0.00000     0.00000     0.00000     0.00000     0.00000     0.00000
   -27.71874     0.00000     0.00000     0.00000     0.00000     0.00000     0.00000     0.00000     0.00000
   -27.69574     0.00000     0.00000     0.00000     0.00000     0.00000     0.00000     0.00000     0.00000
   -27.67174     0.00000     0.00000     0.00000     0.00000     0.00000     0.00000     0.00000     0.00000
   -27.64874     0.00000     0.00000     0.00000     0.00000     0.00000     0.00000     0.00000     0.00000
   -27.62574     0.00000     0.00000     0.00000     0.00000     0.00000     0.00000     0.00000     0.00000
   -27.60274     0.00000     0.00000     0.00000     0.00000     0.00000     0.00000     0.00000     0.00000
   -27.57874     0.00000     0.00000     0.00000     0.00000     0.00000     0.00000     0.00000     0.00000
   -27.55574     0.00000     0.00000     0.00000     0.00000     0.00000     0.00000     0.00000     0.00000
   -27.53274     0.00000     0.00000     0.00000     0.00000     0.00000     0.00000     0.00000     0.00000
   -27.50974     0.00000     0.00000     0.00000     0.00000     0.00000     0.00000     0.00000     0.00000
   -27.48574     0.00000     0.00000     0.00000     0.00000     0.00000     0.00000     0.00000     0.00000
   -27.46274     0.00000     0.00000     0.00000     0.00000     0.00000     0.00000     0.00000     0.00000
   -27.43974     0.00000     0.00000     0.00000     0.00000     0.00000     0.00000     0.00000     0.00000
   -27.41674     0.00000     0.00000     0.00000     0.00000     0.00000     0.00000     0.00000     0.00000
   -27.39274     0.00000     0.00000     0.00000     0.00000     0.00000     0.00000     0.00000     0.00000
   -27.36974     0.00000     0.00000     0.00000     0.00000     0.00000     0.00000     0.00000     0.00000
   -27.34674     0.00000     0.00000     0.00000     0.00000     0.00000     0.00000     0.00000     0.00000
   -27.32374     0.00000     0.00000     0.00000     0.00000     0.00000     0.00000     0.00000     0.00000
   -27.29974     0.00000     0.00000     0.00000     0.00000     0.00000     0.00000     0.00000     0.00000
   -27.27674     0.00000     0.00000     0.00000     0.00000     0.00000     0.00000     0.00000     0.00000
   -27.25374     0.00000     0.00000     0.00000     0.00000     0.00000     0.00000     0.00000     0.00000
   -27.23074     0.00000     0.00000     0.00000     0.00000     0.00000     0.00000     0.00000     0.00000
   -27.20674     0.00000     0.00000     0.00000     0.00000     0.00000     0.00000     0.00000     0.00000
   -27.18374     0.00000     0.00000     0.00000     0.00000     0.00000     0.00000     0.00000     0.00000
   -27.16074     0.00000     0.00000     0.00000     0.00000     0.00000     0.00000     0.00000     0.00000
   -27.13774     0.00000     0.00000     0.00000     0.00000     0.00000     0.00000     0.00000     0.00000
   -27.11374     0.00000     0.00000     0.00000     0.00000     0.00000     0.00000     0.00000     0.00000
   -27.09074     0.00000     0.00000     0.00000     0.00000     0.00000     0.00000     0.00000     0.00000
   -27.06774     0.00000     0.00000     0.00000     0.00000     0.00000     0.00000     0.00000     0.00000
   -27.04474     0.00000     0.00000     0.00000     0.00000     0.00000     0.00000     0.00000     0.00000
   -27.02074     0.00000     0.00000     0.00000     0.00000     0.00000     0.00000     0.00000     0.00000
   -26.99774     0.00000     0.00000     0.00000     0.00000     0.00000     0.00000     0.00000     0.00000
   -26.97474     0.00000     0.00000     0.00000     0.00000     0.00000     0.00000     0.00000     0.00000
   -26.95174     0.00000     0.00000     0.00000     0.00000     0.00000     0.00000     0.00000     0.00000
   -26.92774     0.00000     0.00000     0.00000     0.00000     0.00000     0.00000     0.00000     0.00000
   -26.90474     0.00000     0.00000     0.00000     0.00000     0.00000     0.00000     0.00000     0.00000
   -26.88174     0.00000     0.00000     0.00000     0.00000     0.00000     0.00000     0.00000     0.00000
   -26.85874     0.00000     0.00000     0.00000     0.00000     0.00000     0.00000     0.00000     0.00000
   -26.83474     0.00000     0.00000     0.00000     0.00000     0.00000     0.00000     0.00000     0.00000
   -26.81174     0.00000     0.00000     0.00000     0.00000     0.00000     0.00000     0.00000     0.00000
   -26.78874     0.00000     0.00000     0.00000     0.00000     0.00000     0.00000     0.00000     0.00000
   -26.76574     0.00000     0.00000     0.00000     0.00000     0.00000     0.00000     0.00000     0.00000
   -26.74174     0.00000     0.00000     0.00000     0.00000     0.00000     0.00000     0.00000     0.00000
   -26.71874     0.00000     0.00000     0.00000     0.00000     0.00000     0.00000     0.00000     0.00000
   -26.69574     0.00000     0.00000     0.00000     0.00000     0.00000     0.00000     0.00000     0.00000
   -26.67274     0.00000     0.00000     0.00000     0.00000     0.00000     0.00000     0.00000     0.00000
   -26.64974     0.00000     0.00000     0.00000     0.00000     0.00000     0.00000     0.00000     0.00000
   -26.62574     0.00000     0.00000     0.00000     0.00000     0.00000     0.00000     0.00000     0.00000
   -26.60274     0.00000     0.00000     0.00000     0.00000     0.00000     0.00000     0.00000     0.00000
   -26.57974     0.00000     0.00000     0.00000     0.00000     0.00000     0.00000     0.00000     0.00000
   -26.55674     0.00000     0.00000     0.00000     0.00000     0.00000     0.00000     0.00000     0.00000
   -26.53274     0.00000     0.00000     0.00000     0.00000     0.00000     0.00000     0.00000     0.00000
   -26.50974     0.00000     0.00000     0.00000     0.00000     0.00000     0.00000     0.00000     0.00000
   -26.48674     0.00000     0.00000     0.00000     0.00000     0.00000     0.00000     0.00000     0.00000
   -26.46374     0.00000     0.00000     0.00000     0.00000     0.00000     0.00000     0.00000     0.00000
   -26.43974     0.00000     0.00000     0.00000     0.00000     0.00000     0.00000     0.00000     0.00000
   -26.41674     0.00000     0.00000     0.00000     0.00000     0.00000     0.00000     0.00000     0.00000
   -26.39374     0.00000     0.00000     0.00000     0.00000     0.00000     0.00000     0.00000     0.00000
   -26.37074     0.00000     0.00000     0.00000     0.00000     0.00000     0.00000     0.00000     0.00000
   -26.34674     0.00000     0.00000     0.00000     0.00000     0.00000     0.00000     0.00000     0.00000
   -26.32374     0.00000     0.00000     0.00000     0.00000     0.00000     0.00000     0.00000     0.00000
   -26.30074     0.00000     0.00000     0.00000     0.00000     0.00000     0.00000     0.00000     0.00000
   -26.27774     0.00000     0.00000     0.00000     0.00000     0.00000     0.00000     0.00000     0.00000
   -26.25374     0.00000     0.00000     0.00000     0.00000     0.00000     0.00000     0.00000     0.00000
   -26.23074     0.00000     0.00000     0.00000     0.00000     0.00000     0.00000     0.00000     0.00000
   -26.20774     0.00000     0.00000     0.00000     0.00000     0.00000     0.00000     0.00000     0.00000
   -26.18474     0.00000     0.00000     0.00000     0.00000     0.00000     0.00000     0.00000     0.00000
   -26.16074     0.00000     0.00000     0.00000     0.00000     0.00000     0.00000     0.00000     0.00000
   -26.13774     0.00000     0.00000     0.00000     0.00000     0.00000     0.00000     0.00000     0.00000
   -26.11474     0.00000     0.00000     0.00000     0.00000     0.00000     0.00000     0.00000     0.00000
   -26.09174     0.00000     0.00000     0.00000     0.00000     0.00000     0.00000     0.00000     0.00000
   -26.06774     0.00000     0.00000     0.00000     0.00000     0.00000     0.00000     0.00000     0.00000
   -26.04474     0.00000     0.00000     0.00000     0.00000     0.00000     0.00000     0.00000     0.00000
   -26.02174     0.00000     0.00000     0.00000     0.00000     0.00000     0.00000     0.00000     0.00000
   -25.99874     0.00000     0.00000     0.00000     0.00000     0.00000     0.00000     0.00000     0.00000
   -25.97474     0.00000     0.00000     0.00000     0.00000     0.00000     0.00000     0.00000     0.00000
   -25.95174     0.00000     0.00000     0.00000     0.00000     0.00000     0.00000     0.00000     0.00000
   -25.92874     0.00000     0.00000     0.00000     0.00000     0.00000     0.00000     0.00000     0.00000
   -25.90574     0.00000     0.00000     0.00000     0.00000     0.00000     0.00000     0.00000     0.00000
   -25.88174     0.00000     0.00000     0.00000     0.00000     0.00000     0.00000     0.00000     0.00000
   -25.85874     0.00000     0.00000     0.00000     0.00000     0.00000     0.00000     0.00000     0.00000
   -25.83574     0.00000     0.00000     0.00000     0.00000     0.00000     0.00000     0.00000     0.00000
   -25.81274     0.00000     0.00000     0.00000     0.00000     0.00000     0.00000     0.00000     0.00000
   -25.78874     0.00000     0.00000     0.00000     0.00000     0.00000     0.00000     0.00000     0.00000
   -25.76574     0.00000     0.00000     0.00000     0.00000     0.00000     0.00000     0.00000     0.00000
   -25.74274     0.00000     0.00000     0.00000     0.00000     0.00000     0.00000     0.00000     0.00000
   -25.71974     0.00000     0.00000     0.00000     0.00000     0.00000     0.00000     0.00000     0.00000
   -25.69574     0.00000     0.00000     0.00000     0.00000     0.00000     0.00000     0.00000     0.00000
   -25.67274     0.00000     0.00000     0.00000     0.00000     0.00000     0.00000     0.00000     0.00000
   -25.64974     0.00000     0.00000     0.00000     0.00000     0.00000     0.00000     0.00000     0.00000
   -25.62674     0.00000     0.00000     0.00000     0.00000     0.00000     0.00000     0.00000     0.00000
   -25.60274     0.00000     0.00000     0.00000     0.00000     0.00000     0.00000     0.00000     0.00000
   -25.57974     0.00000     0.00000     0.00000     0.00000     0.00000     0.00000     0.00000     0.00000
   -25.55674     0.00000     0.00000     0.00000     0.00000     0.00000     0.00000     0.00000     0.00000
   -25.53374     0.00000     0.00000     0.00000     0.00000     0.00000     0.00000     0.00000     0.00000
   -25.50974     0.00000     0.00000     0.00000     0.00000     0.00000     0.00000     0.00000     0.00000
   -25.48674     0.00000     0.00000     0.00000     0.00000     0.00000     0.00000     0.00000     0.00000
   -25.46374     0.00000     0.00000     0.00000     0.00000     0.00000     0.00000     0.00000     0.00000
   -25.44074     0.00000     0.00000     0.00000     0.00000     0.00000     0.00000     0.00000     0.00000
   -25.41674     0.00000     0.00000     0.00000     0.00000     0.00000     0.00000     0.00000     0.00000
   -25.39374     0.00000     0.00000     0.00000     0.00000     0.00000     0.00000     0.00000     0.00000
   -25.37074     0.00000     0.00000     0.00000     0.00000     0.00000     0.00000     0.00000     0.00000
   -25.34774     0.00000     0.00000     0.00000     0.00000     0.00000     0.00000     0.00000     0.00000
   -25.32474     0.00000     0.00000     0.00000     0.00000     0.00000     0.00000     0.00000     0.00000
   -25.30074     0.00000     0.00000     0.00000     0.00000     0.00000     0.00000     0.00000     0.00000
   -25.27774     0.00000     0.00000     0.00000     0.00000     0.00000     0.00000     0.00000     0.00000
   -25.25474     0.00000     0.00000     0.00000     0.00000     0.00000     0.00000     0.00000     0.00000
   -25.23174     0.00000     0.00000     0.00000     0.00000     0.00000     0.00000     0.00000     0.00000
   -25.20774     0.00000     0.00000     0.00000     0.00000     0.00000     0.00000     0.00000     0.00000
   -25.18474     0.00000     0.00000     0.00000     0.00000     0.00000     0.00000     0.00000     0.00000
   -25.16174     0.00000     0.00000     0.00000     0.00000     0.00000     0.00000     0.00000     0.00000
   -25.13874     0.00000     0.00000     0.00000     0.00000     0.00000     0.00000     0.00000     0.00000
   -25.11474     0.00000     0.00000     0.00000     0.00000     0.00000     0.00000     0.00000     0.00000
   -25.09174     0.00000     0.00000     0.00000     0.00000     0.00000     0.00000     0.00000     0.00000
   -25.06874     0.00000     0.00000     0.00000     0.00000     0.00000     0.00000     0.00000     0.00000
   -25.04574     0.00000     0.00000     0.00000     0.00000     0.00000     0.00000     0.00000     0.00000
   -25.02174     0.00000     0.00000     0.00000     0.00000     0.00000     0.00000     0.00000     0.00000
   -24.99874     0.00000     0.00000     0.00000     0.00000     0.00000     0.00000     0.00000     0.00000
   -24.97574     0.00000     0.00000     0.00000     0.00000     0.00000     0.00000     0.00000     0.00000
   -24.95274     0.00000     0.00000     0.00000     0.00000     0.00000     0.00000     0.00000     0.00000
   -24.92874     0.00000     0.00000     0.00000     0.00000     0.00000     0.00000     0.00000     0.00000
   -24.90574     0.00000     0.00000     0.00000     0.00000     0.00000     0.00000     0.00000     0.00000
   -24.88274     0.00000     0.00000     0.00000     0.00000     0.00000     0.00000     0.00000     0.00000
   -24.85974     0.00000     0.00000     0.00000     0.00000     0.00000     0.00000     0.00000     0.00000
   -24.83574     0.00000     0.00000     0.00000     0.00000     0.00000     0.00000     0.00000     0.00000
   -24.81274     0.00000     0.00000     0.00000     0.00000     0.00000     0.00000     0.00000     0.00000
   -24.78974     0.00000     0.00000     0.00000     0.00000     0.00000     0.00000     0.00000     0.00000
   -24.76674     0.00000     0.00000     0.00000     0.00000     0.00000     0.00000     0.00000     0.00000
   -24.74274     0.00000     0.00000     0.00000     0.00000     0.00000     0.00000     0.00000     0.00000
   -24.71974     0.00000     0.00000     0.00000     0.00000     0.00000     0.00000     0.00000     0.00000
   -24.69674     0.00000     0.00000     0.00000     0.00000     0.00000     0.00000     0.00000     0.00000
   -24.67374     0.00000     0.00000     0.00000     0.00000     0.00000     0.00000     0.00000     0.00000
   -24.64974     0.00000     0.00000     0.00000     0.00000     0.00000     0.00000     0.00000     0.00000
   -24.62674     0.00000     0.00000     0.00000     0.00000     0.00000     0.00000     0.00000     0.00000
   -24.60374     0.00000     0.00000     0.00000     0.00000     0.00000     0.00000     0.00000     0.00000
   -24.58074     0.00000     0.00000     0.00000     0.00000     0.00000     0.00000     0.00000     0.00000
   -24.55674     0.00000     0.00000     0.00000     0.00000     0.00000     0.00000     0.00000     0.00000
   -24.53374     0.00000     0.00000     0.00000     0.00000     0.00000     0.00000     0.00000     0.00000
   -24.51074     0.00000     0.00000     0.00000     0.00000     0.00000     0.00000     0.00000     0.00000
   -24.48774     0.00000     0.00000     0.00000     0.00000     0.00000     0.00000     0.00000     0.00000
   -24.46374     0.00000     0.00000     0.00000     0.00000     0.00000     0.00000     0.00000     0.00000
   -24.44074     0.00000     0.00000     0.00000     0.00000     0.00000     0.00000     0.00000     0.00000
   -24.41774     0.00000     0.00000     0.00000     0.00000     0.00000     0.00000     0.00000     0.00000
   -24.39474     0.00000     0.00000     0.00000     0.00000     0.00000     0.00000     0.00000     0.00000
   -24.37074     0.00000     0.00000     0.00000     0.00000     0.00000     0.00000     0.00000     0.00000
   -24.34774     0.00000     0.00000     0.00000     0.00000     0.00000     0.00000     0.00000     0.00000
   -24.32474     0.00000     0.00000     0.00000     0.00000     0.00000     0.00000     0.00000     0.00000
   -24.30174     0.00000     0.00000     0.00000     0.00000     0.00000     0.00000     0.00000     0.00000
   -24.27774     0.00000     0.00000     0.00000     0.00000     0.00000     0.00000     0.00000     0.00000
   -24.25474     0.00000     0.00000     0.00000     0.00000     0.00000     0.00000     0.00000     0.00000
   -24.23174     0.00000     0.00000     0.00000     0.00000     0.00000     0.00000     0.00000     0.00000
   -24.20874     0.00000     0.00000     0.00000     0.00000     0.00000     0.00000     0.00000     0.00000
   -24.18474     0.00000     0.00000     0.00000     0.00000     0.00000     0.00000     0.00000     0.00000
   -24.16174     0.00000     0.00000     0.00000     0.00000     0.00000     0.00000     0.00000     0.00000
   -24.13874     0.00000     0.00000     0.00000     0.00000     0.00000     0.00000     0.00000     0.00000
   -24.11574     0.00000     0.00000     0.00000     0.00000     0.00000     0.00000     0.00000     0.00000
   -24.09174     0.00000     0.00000     0.00000     0.00000     0.00000     0.00000     0.00000     0.00000
   -24.06874     0.00000     0.00000     0.00000     0.00000     0.00000     0.00000     0.00000     0.00000
   -24.04574     0.00000     0.00000     0.00000     0.00000     0.00000     0.00000     0.00000     0.00000
   -24.02274     0.00000     0.00000     0.00000     0.00000     0.00000     0.00000     0.00000     0.00000
   -23.99974     0.00000     0.00000     0.00000     0.00000     0.00000     0.00000     0.00000     0.00000
   -23.97574     0.00000     0.00000     0.00000     0.00000     0.00000     0.00000     0.00000     0.00000
   -23.95274     0.00000     0.00000     0.00000     0.00000     0.00000     0.00000     0.00000     0.00000
   -23.92974     0.00000     0.00000     0.00000     0.00000     0.00000     0.00000     0.00000     0.00000
   -23.90674     0.00000     0.00000     0.00000     0.00000     0.00000     0.00000     0.00000     0.00000
   -23.88274     0.00000     0.00000     0.00000     0.00000     0.00000     0.00000     0.00000     0.00000
   -23.85974     0.00000     0.00000     0.00000     0.00000     0.00000     0.00000     0.00000     0.00000
   -23.83674     0.00000     0.00000     0.00000     0.00000     0.00000     0.00000     0.00000     0.00000
   -23.81374     0.00000     0.00000     0.00000     0.00000     0.00000     0.00000     0.00000     0.00000
   -23.78974     0.00000     0.00000     0.00000     0.00000     0.00000     0.00000     0.00000     0.00000
   -23.76674     0.00000     0.00000     0.00000     0.00000     0.00000     0.00000     0.00000     0.00000
   -23.74374     0.00000     0.00000     0.00000     0.00000     0.00000     0.00000     0.00000     0.00000
   -23.72074     0.00000     0.00000     0.00000     0.00000     0.00000     0.00000     0.00000     0.00000
   -23.69674     0.00000     0.00000     0.00000     0.00000     0.00000     0.00000     0.00000     0.00000
   -23.67374     0.00000     0.00000     0.00000     0.00000     0.00000     0.00000     0.00000     0.00000
   -23.65074     0.00000     0.00000     0.00000     0.00000     0.00000     0.00000     0.00000     0.00000
   -23.62774     0.00000     0.00000     0.00000     0.00000     0.00000     0.00000     0.00000     0.00000
   -23.60374     0.00000     0.00000     0.00000     0.00000     0.00000     0.00000     0.00000     0.00000
   -23.58074     0.00000     0.00000     0.00000     0.00000     0.00000     0.00000     0.00000     0.00000
   -23.55774     0.00000     0.00000     0.00000     0.00000     0.00000     0.00000     0.00000     0.00000
   -23.53474     0.00000     0.00000     0.00000     0.00000     0.00000     0.00000     0.00000     0.00000
   -23.51074     0.00000     0.00000     0.00000     0.00000     0.00000     0.00000     0.00000     0.00000
   -23.48774     0.00000     0.00000     0.00000     0.00000     0.00000     0.00000     0.00000     0.00000
   -23.46474     0.00000     0.00000     0.00000     0.00000     0.00000     0.00000     0.00000     0.00000
   -23.44174     0.00000     0.00000     0.00000     0.00000     0.00000     0.00000     0.00000     0.00000
   -23.41774     0.00000     0.00000     0.00000     0.00000     0.00000     0.00000     0.00000     0.00000
   -23.39474     0.00000     0.00000     0.00000     0.00000     0.00000     0.00000     0.00000     0.00000
   -23.37174     0.00000     0.00000     0.00000     0.00000     0.00000     0.00000     0.00000     0.00000
   -23.34874     0.00000     0.00000     0.00000     0.00000     0.00000     0.00000     0.00000     0.00000
   -23.32474     0.00000     0.00000     0.00000     0.00000     0.00000     0.00000     0.00000     0.00000
   -23.30174     0.00000     0.00000     0.00000     0.00000     0.00000     0.00000     0.00000     0.00000
   -23.27874     0.00000     0.00000     0.00000     0.00000     0.00000     0.00000     0.00000     0.00000
   -23.25574     0.00000     0.00000     0.00000     0.00000     0.00000     0.00000     0.00000     0.00000
   -23.23174     0.00000     0.00000     0.00000     0.00000     0.00000     0.00000     0.00000     0.00000
   -23.20874     0.00000     0.00000     0.00000     0.00000     0.00000     0.00000     0.00000     0.00000
   -23.18574     0.00000     0.00000     0.00000     0.00000     0.00000     0.00000     0.00000     0.00000
   -23.16274     0.00000     0.00000     0.00000     0.00000     0.00000     0.00000     0.00000     0.00000
   -23.13874     0.00000     0.00000     0.00000     0.00000     0.00000     0.00000     0.00000     0.00000
   -23.11574     0.00000     0.00000     0.00000     0.00000     0.00000     0.00000     0.00000     0.00000
   -23.09274     0.00000     0.00000     0.00000     0.00000     0.00000     0.00000     0.00000     0.00000
   -23.06974     0.00000     0.00000     0.00000     0.00000     0.00000     0.00000     0.00000     0.00000
   -23.04574     0.00000     0.00000     0.00000     0.00000     0.00000     0.00000     0.00000     0.00000
   -23.02274     0.00000     0.00000     0.00000     0.00000     0.00000     0.00000     0.00000     0.00000
   -22.99974     0.00000     0.00000     0.00000     0.00000     0.00000     0.00000     0.00000     0.00000
   -22.97674     0.00000     0.00000     0.00000     0.00000     0.00000     0.00000     0.00000     0.00000
   -22.95274     0.00000     0.00000     0.00000     0.00000     0.00000     0.00000     0.00000     0.00000
   -22.92974     0.00000     0.00000     0.00000     0.00000     0.00000     0.00000     0.00000     0.00000
   -22.90674     0.00000     0.00000     0.00000     0.00000     0.00000     0.00000     0.00000     0.00000
   -22.88374     0.00000     0.00000     0.00000     0.00000     0.00000     0.00000     0.00000     0.00000
   -22.85974     0.00000     0.00000     0.00000     0.00000     0.00000     0.00000     0.00000     0.00000
   -22.83674     0.00000     0.00000     0.00000     0.00000     0.00000     0.00000     0.00000     0.00000
   -22.81374     0.00000     0.00000     0.00000     0.00000     0.00000     0.00000     0.00000     0.00000
   -22.79074     0.00000     0.00000     0.00000     0.00000     0.00000     0.00000     0.00000     0.00000
   -22.76774     0.00000     0.00000     0.00000     0.00000     0.00000     0.00000     0.00000     0.00000
   -22.74374     0.00000     0.00000     0.00000     0.00000     0.00000     0.00000     0.00000     0.00000
   -22.72074     0.00000     0.00000     0.00000     0.00000     0.00000     0.00000     0.00000     0.00000
   -22.69774     0.00000     0.00000     0.00000     0.00000     0.00000     0.00000     0.00000     0.00000
   -22.67474     0.00000     0.00000     0.00000     0.00000     0.00000     0.00000     0.00000     0.00000
   -22.65074     0.00000     0.00000     0.00000     0.00000     0.00000     0.00000     0.00000     0.00000
   -22.62774     0.00000     0.00000     0.00000     0.00000     0.00000     0.00000     0.00000     0.00000
   -22.60474     0.00000     0.00000     0.00000     0.00000     0.00000     0.00000     0.00000     0.00000
   -22.58174     0.00000     0.00000     0.00000     0.00000     0.00000     0.00000     0.00000     0.00000
   -22.55774     0.00000     0.00000     0.00000     0.00000     0.00000     0.00000     0.00000     0.00000
   -22.53474     0.00000     0.00000     0.00000     0.00000     0.00000     0.00000     0.00000     0.00000
   -22.51174     0.00000     0.00000     0.00000     0.00000     0.00000     0.00000     0.00000     0.00000
   -22.48874     0.00000     0.00000     0.00000     0.00000     0.00000     0.00000     0.00000     0.00000
   -22.46474     0.00000     0.00000     0.00000     0.00000     0.00000     0.00000     0.00000     0.00000
   -22.44174     0.00000     0.00000     0.00000     0.00000     0.00000     0.00000     0.00000     0.00000
   -22.41874     0.00000     0.00000     0.00000     0.00000     0.00000     0.00000     0.00000     0.00000
   -22.39574     0.00000     0.00000     0.00000     0.00000     0.00000     0.00000     0.00000     0.00000
   -22.37174     0.00000     0.00000     0.00000     0.00000     0.00000     0.00000     0.00000     0.00000
   -22.34874     0.00000     0.00000     0.00000     0.00000     0.00000     0.00000     0.00000     0.00000
   -22.32574     0.00000     0.00000     0.00000     0.00000     0.00000     0.00000     0.00000     0.00000
   -22.30274     0.00000     0.00000     0.00000     0.00000     0.00000     0.00000     0.00000     0.00000
   -22.27874     0.00000     0.00000     0.00000     0.00000     0.00000     0.00000     0.00000     0.00000
   -22.25574     0.00000     0.00000     0.00000     0.00000     0.00000     0.00000     0.00000     0.00000
   -22.23274     0.00000     0.00000     0.00000     0.00000     0.00000     0.00000     0.00000     0.00000
   -22.20974     0.00000     0.00000     0.00000     0.00000     0.00000     0.00000     0.00000     0.00000
   -22.18574     0.00000     0.00000     0.00000     0.00000     0.00000     0.00000     0.00000     0.00000
   -22.16274     0.00000     0.00000     0.00000     0.00000     0.00000     0.00000     0.00000     0.00000
   -22.13974     0.00000     0.00000     0.00000     0.00000     0.00000     0.00000     0.00000     0.00000
   -22.11674     0.00000     0.00000     0.00000     0.00000     0.00000     0.00000     0.00000     0.00000
   -22.09274     0.00000     0.00000     0.00000     0.00000     0.00000     0.00000     0.00000     0.00000
   -22.06974     0.00000     0.00000     0.00000     0.00000     0.00000     0.00000     0.00000     0.00000
   -22.04674     0.00000     0.00000     0.00000     0.00000     0.00000     0.00000     0.00000     0.00000
   -22.02374     0.00000     0.00000     0.00000     0.00000     0.00000     0.00000     0.00000     0.00000
   -21.99974     0.00000     0.00000     0.00000     0.00000     0.00000     0.00000     0.00000     0.00000
   -21.97674     0.00000     0.00000     0.00000     0.00000     0.00000     0.00000     0.00000     0.00000
   -21.95374     0.00000     0.00000     0.00000     0.00000     0.00000     0.00000     0.00000     0.00000
   -21.93074     0.00000     0.00000     0.00000     0.00000     0.00000     0.00000     0.00000     0.00000
   -21.90674     0.00000     0.00000     0.00000     0.00000     0.00000     0.00000     0.00000     0.00000
   -21.88374     0.00000     0.00000     0.00000     0.00000     0.00000     0.00000     0.00000     0.00000
   -21.86074     0.00000     0.00000     0.00000     0.00000     0.00000     0.00000     0.00000     0.00000
   -21.83774     0.00000     0.00000     0.00000     0.00000     0.00000     0.00000     0.00000     0.00000
   -21.81374     0.00000     0.00000     0.00000     0.00000     0.00000     0.00000     0.00000     0.00000
   -21.79074     0.00000     0.00000     0.00000     0.00000     0.00000     0.00000     0.00000     0.00000
   -21.76774     0.00000     0.00000     0.00000     0.00000     0.00000     0.00000     0.00000     0.00000
   -21.74474     0.00000     0.00000     0.00000     0.00000     0.00000     0.00000     0.00000     0.00000
   -21.72074     0.00000     0.00000     0.00000     0.00000     0.00000     0.00000     0.00000     0.00000
   -21.69774     0.00000     0.00000     0.00000     0.00000     0.00000     0.00000     0.00000     0.00000
   -21.67474     0.00000     0.00000     0.00000     0.00000     0.00000     0.00000     0.00000     0.00000
   -21.65174     0.00000     0.00000     0.00000     0.00000     0.00000     0.00000     0.00000     0.00000
   -21.62774     0.00000     0.00000     0.00000     0.00000     0.00000     0.00000     0.00000     0.00000
   -21.60474     0.00000     0.00000     0.00000     0.00000     0.00000     0.00000     0.00000     0.00000
   -21.58174     0.00000     0.00000     0.00000     0.00000     0.00000     0.00000     0.00000     0.00000
   -21.55874     0.00000     0.00000     0.00000     0.00000     0.00000     0.00000     0.00000     0.00000
   -21.53474     0.00000     0.00000     0.00000     0.00000     0.00000     0.00000     0.00000     0.00000
   -21.51174     0.00000     0.00000     0.00000     0.00000     0.00000     0.00000     0.00000     0.00000
   -21.48874     0.00000     0.00000     0.00000     0.00000     0.00000     0.00000     0.00000     0.00000
   -21.46574     0.00000     0.00000     0.00000     0.00000     0.00000     0.00000     0.00000     0.00000
   -21.44274     0.00000     0.00000     0.00000     0.00000     0.00000     0.00000     0.00000     0.00000
   -21.41874     0.00000     0.00000     0.00000     0.00000     0.00000     0.00000     0.00000     0.00000
   -21.39574     0.00000     0.00000     0.00000     0.00000     0.00000     0.00000     0.00000     0.00000
   -21.37274     0.00000     0.00000     0.00000     0.00000     0.00000     0.00000     0.00000     0.00000
   -21.34974     0.00000     0.00000     0.00000     0.00000     0.00000     0.00000     0.00000     0.00000
   -21.32574     0.00000     0.00000     0.00000     0.00000     0.00000     0.00000     0.00000     0.00000
   -21.30274     0.00000     0.00000     0.00000     0.00000     0.00000     0.00000     0.00000     0.00000
   -21.27974     0.00000     0.00000     0.00000     0.00000     0.00000     0.00000     0.00000     0.00000
   -21.25674     0.00000     0.00000     0.00000     0.00000     0.00000     0.00000     0.00000     0.00000
   -21.23274     0.00000     0.00000     0.00000     0.00000     0.00000     0.00000     0.00000     0.00000
   -21.20974     0.00000     0.00000     0.00000     0.00000     0.00000     0.00000     0.00000     0.00000
   -21.18674     0.00000     0.00000     0.00000     0.00000     0.00000     0.00000     0.00000     0.00000
   -21.16374     0.00000     0.00000     0.00000     0.00000     0.00000     0.00000     0.00000     0.00000
   -21.13974     0.00000     0.00000     0.00000     0.00000     0.00000     0.00000     0.00000     0.00000
   -21.11674     0.00000     0.00000     0.00000     0.00000     0.00000     0.00000     0.00000     0.00000
   -21.09374     0.00000     0.00000     0.00000     0.00000     0.00000     0.00000     0.00000     0.00000
   -21.07074     0.00000     0.00000     0.00000     0.00000     0.00000     0.00000     0.00000     0.00000
   -21.04674     0.00000     0.00000     0.00000     0.00000     0.00000     0.00000     0.00000     0.00000
   -21.02374     0.00000     0.00000     0.00000     0.00000     0.00000     0.00000     0.00000     0.00000
   -21.00074     0.00000     0.00000     0.00000     0.00000     0.00000     0.00000     0.00000     0.00000
   -20.97774     0.00000     0.00000     0.00000     0.00000     0.00000     0.00000     0.00000     0.00000
   -20.95374     0.00000     0.00000     0.00000     0.00000     0.00000     0.00000     0.00000     0.00000
   -20.93074     0.00000     0.00000     0.00000     0.00000     0.00000     0.00000     0.00000     0.00000
   -20.90774     0.00000     0.00000     0.00000     0.00000     0.00000     0.00000     0.00000     0.00000
   -20.88474     0.00000     0.00000     0.00000     0.00000     0.00000     0.00000     0.00000     0.00000
   -20.86074     0.00000     0.00000     0.00000     0.00000     0.00000     0.00000     0.00000     0.00000
   -20.83774     0.00000     0.00000     0.00000     0.00000     0.00000     0.00000     0.00000     0.00000
   -20.81474     0.00000     0.00000     0.00000     0.00000     0.00000     0.00000     0.00000     0.00000
   -20.79174     0.00000     0.00000     0.00000     0.00000     0.00000     0.00000     0.00000     0.00000
   -20.76774     0.00000     0.00000     0.00000     0.00000     0.00000     0.00000     0.00000     0.00000
   -20.74474     0.00000     0.00000     0.00000     0.00000     0.00000     0.00000     0.00000     0.00000
   -20.72174     0.00000     0.00000     0.00000     0.00000     0.00000     0.00000     0.00000     0.00000
   -20.69874     0.00000     0.00000     0.00000     0.00000     0.00000     0.00000     0.00000     0.00000
   -20.67474     0.00000     0.00000     0.00000     0.00000     0.00000     0.00000     0.00000     0.00000
   -20.65174     0.00000     0.00000     0.00000     0.00000     0.00000     0.00000     0.00000     0.00000
   -20.62874     0.00000     0.00000     0.00000     0.00000     0.00000     0.00000     0.00000     0.00000
   -20.60574     0.00000     0.00000     0.00000     0.00000     0.00000     0.00000     0.00000     0.00000
   -20.58174     0.00000     0.00000     0.00000     0.00000     0.00000     0.00000     0.00000     0.00000
   -20.55874     0.00000     0.00000     0.00000     0.00000     0.00000     0.00000     0.00000     0.00000
   -20.53574     0.00000     0.00000     0.00000     0.00000     0.00000     0.00000     0.00000     0.00000
   -20.51274     0.00000     0.00000     0.00000     0.00000     0.00000     0.00000     0.00000     0.00000
   -20.48874     0.00000     0.00000     0.00000     0.00000     0.00000     0.00000     0.00000     0.00000
   -20.46574     0.00000     0.00000     0.00000     0.00000     0.00000     0.00000     0.00000     0.00000
   -20.44274     0.00000     0.00000     0.00000     0.00000     0.00000     0.00000     0.00000     0.00000
   -20.41974     0.00000     0.00000     0.00000     0.00000     0.00000     0.00000     0.00000     0.00000
   -20.39574     0.00000     0.00000     0.00000     0.00000     0.00000     0.00000     0.00000     0.00000
   -20.37274     0.00001     0.00000     0.00000     0.00000     0.00000     0.00000     0.00000     0.00000
   -20.34974     0.00002     0.00000     0.00000     0.00000     0.00000     0.00000     0.00000     0.00000
   -20.32674     0.00004     0.00000     0.00000     0.00000     0.00000     0.00000     0.00000     0.00000
   -20.30274     0.00009     0.00000     0.00000     0.00000     0.00000     0.00000     0.00000     0.00000
   -20.27974     0.00019     0.00000     0.00000     0.00000     0.00000     0.00000     0.00000     0.00000
   -20.25674     0.00039     0.00000     0.00000     0.00001     0.00001     0.00000     0.00001     0.00000
   -20.23374     0.00078     0.00000     0.00001     0.00001     0.00002     0.00000     0.00002     0.00001
   -20.21074     0.00151     0.00001     0.00001     0.00002     0.00003     0.00001     0.00003     0.00002
   -20.18674     0.00287     0.00002     0.00002     0.00004     0.00007     0.00001     0.00007     0.00003
   -20.16374     0.00530     0.00003     0.00004     0.00008     0.00012     0.00002     0.00012     0.00006
   -20.14074     0.00954     0.00005     0.00007     0.00014     0.00022     0.00004     0.00022     0.00012
   -20.11774     0.01669     0.00010     0.00013     0.00025     0.00038     0.00008     0.00038     0.00020
   -20.09374     0.02845     0.00016     0.00021     0.00043     0.00066     0.00013     0.00065     0.00035
   -20.07074     0.04719     0.00027     0.00036     0.00072     0.00109     0.00022     0.00108     0.00057
   -20.04774     0.07619     0.00043     0.00057     0.00116     0.00175     0.00035     0.00174     0.00093
   -20.02474     0.11970     0.00068     0.00090     0.00182     0.00276     0.00055     0.00274     0.00146
   -20.00074     0.18320     0.00104     0.00138     0.00278     0.00422     0.00084     0.00419     0.00223
   -19.97774     0.27280     0.00156     0.00206     0.00414     0.00628     0.00126     0.00624     0.00332
   -19.95474     0.39540     0.00226     0.00298     0.00601     0.00911     0.00182     0.00905     0.00482
   -19.93174     0.55800     0.00318     0.00421     0.00848     0.01285     0.00257     0.01277     0.00680
   -19.90774     0.76640     0.00437     0.00578     0.01164     0.01765     0.00353     0.01754     0.00934
   -19.88474     1.02500     0.00584     0.00772     0.01557     0.02359     0.00471     0.02345     0.01248
   -19.86174     1.33300     0.00760     0.01005     0.02026     0.03070     0.00613     0.03051     0.01625
   -19.83874     1.68900     0.00963     0.01273     0.02566     0.03890     0.00777     0.03865     0.02058
   -19.81474     2.08300     0.01188     0.01570     0.03165     0.04797     0.00958     0.04767     0.02538
   -19.79174     2.50000     0.01425     0.01884     0.03799     0.05757     0.01150     0.05722     0.03046
   -19.76874     2.92100     0.01666     0.02202     0.04439     0.06727     0.01344     0.06684     0.03558
   -19.74574     3.32200     0.01894     0.02504     0.05047     0.07650     0.01528     0.07602     0.04048
   -19.72174     3.67700     0.02097     0.02772     0.05588     0.08469     0.01692     0.08416     0.04480
   -19.69874     3.96300     0.02260     0.02987     0.06021     0.09126     0.01823     0.09069     0.04828
   -19.67574     4.15700     0.02370     0.03133     0.06315     0.09573     0.01912     0.09512     0.05065
   -19.65274     4.24400     0.02420     0.03199     0.06449     0.09775     0.01953     0.09712     0.05171
   -19.62874     4.21800     0.02405     0.03180     0.06411     0.09715     0.01941     0.09652     0.05140
   -19.60574     4.08100     0.02327     0.03076     0.06201     0.09399     0.01878     0.09339     0.04972
   -19.58274     3.84300     0.02192     0.02897     0.05839     0.08851     0.01768     0.08795     0.04683
   -19.55974     3.52300     0.02009     0.02655     0.05353     0.08114     0.01621     0.08062     0.04293
   -19.53574     3.14300     0.01792     0.02369     0.04777     0.07240     0.01446     0.07193     0.03830
   -19.51274     2.73000     0.01557     0.02057     0.04148     0.06288     0.01256     0.06247     0.03327
   -19.48974     2.30800     0.01316     0.01740     0.03508     0.05317     0.01062     0.05282     0.02813
   -19.46674     1.90000     0.01083     0.01432     0.02886     0.04375     0.00874     0.04347     0.02315
   -19.44274     1.52200     0.00868     0.01147     0.02312     0.03505     0.00700     0.03482     0.01854
   -19.41974     1.18700     0.00677     0.00894     0.01803     0.02733     0.00546     0.02715     0.01446
   -19.39674     0.90060     0.00514     0.00679     0.01369     0.02074     0.00414     0.02061     0.01097
   -19.37374     0.66540     0.00379     0.00502     0.01011     0.01533     0.00306     0.01523     0.00811
   -19.34974     0.47860     0.00273     0.00361     0.00727     0.01102     0.00220     0.01095     0.00583
   -19.32674     0.33500     0.00191     0.00253     0.00509     0.00772     0.00154     0.00767     0.00408
   -19.30374     0.22830     0.00130     0.00172     0.00347     0.00526     0.00105     0.00522     0.00278
   -19.28074     0.15140     0.00086     0.00114     0.00230     0.00349     0.00070     0.00347     0.00185
   -19.25674     0.09778     0.00056     0.00074     0.00149     0.00225     0.00045     0.00224     0.00119
   -19.23374     0.06146     0.00035     0.00046     0.00093     0.00142     0.00028     0.00141     0.00075
   -19.21074     0.03760     0.00021     0.00028     0.00057     0.00087     0.00017     0.00086     0.00046
   -19.18774     0.02239     0.00013     0.00017     0.00034     0.00052     0.00010     0.00051     0.00027
   -19.16374     0.01298     0.00007     0.00010     0.00020     0.00030     0.00006     0.00030     0.00016
   -19.14074     0.00732     0.00004     0.00006     0.00011     0.00017     0.00003     0.00017     0.00009
   -19.11774     0.00402     0.00002     0.00003     0.00006     0.00009     0.00002     0.00009     0.00005
   -19.09474     0.00215     0.00001     0.00002     0.00003     0.00005     0.00001     0.00005     0.00003
   -19.07074     0.00112     0.00001     0.00001     0.00002     0.00003     0.00001     0.00003     0.00001
   -19.04774     0.00057     0.00000     0.00000     0.00001     0.00001     0.00000     0.00001     0.00001
   -19.02474     0.00028     0.00000     0.00000     0.00000     0.00001     0.00000     0.00001     0.00000
   -19.00174     0.00013     0.00000     0.00000     0.00000     0.00000     0.00000     0.00000     0.00000
   -18.97774     0.00006     0.00000     0.00000     0.00000     0.00000     0.00000     0.00000     0.00000
   -18.95474     0.00003     0.00000     0.00000     0.00000     0.00000     0.00000     0.00000     0.00000
   -18.93174     0.00001     0.00000     0.00000     0.00000     0.00000     0.00000     0.00000     0.00000
   -18.90874     0.00001     0.00000     0.00000     0.00000     0.00000     0.00000     0.00000     0.00000
   -18.88574     0.00000     0.00000     0.00000     0.00000     0.00000     0.00000     0.00000     0.00000
   -18.86174     0.00000     0.00000     0.00000     0.00000     0.00000     0.00000     0.00000     0.00000
   -18.83874     0.00000     0.00000     0.00000     0.00000     0.00000     0.00000     0.00000     0.00000
   -18.81574     0.00000     0.00000     0.00000     0.00000     0.00000     0.00000     0.00000     0.00000
   -18.79274     0.00000     0.00000     0.00000     0.00000     0.00000     0.00000     0.00000     0.00000
   -18.76874     0.00000     0.00000     0.00000     0.00000     0.00000     0.00000     0.00000     0.00000
   -18.74574     0.00000     0.00000     0.00000     0.00000     0.00000     0.00000     0.00000     0.00000
   -18.72274     0.00000     0.00000     0.00000     0.00000     0.00000     0.00000     0.00000     0.00000
   -18.69974     0.00000     0.00000     0.00000     0.00000     0.00000     0.00000     0.00000     0.00000
   -18.67574     0.00000     0.00000     0.00000     0.00000     0.00000     0.00000     0.00000     0.00000
   -18.65274     0.00000     0.00000     0.00000     0.00000     0.00000     0.00000     0.00000     0.00000
   -18.62974     0.00000     0.00000     0.00000     0.00000     0.00000     0.00000     0.00000     0.00000
   -18.60674     0.00000     0.00000     0.00000     0.00000     0.00000     0.00000     0.00000     0.00000
   -18.58274     0.00000     0.00000     0.00000     0.00000     0.00000     0.00000     0.00000     0.00000
   -18.55974     0.00000     0.00000     0.00000     0.00000     0.00000     0.00000     0.00000     0.00000
   -18.53674     0.00000     0.00000     0.00000     0.00000     0.00000     0.00000     0.00000     0.00000
   -18.51374     0.00000     0.00000     0.00000     0.00000     0.00000     0.00000     0.00000     0.00000
   -18.48974     0.00000     0.00000     0.00000     0.00000     0.00000     0.00000     0.00000     0.00000
   -18.46674     0.00000     0.00000     0.00000     0.00000     0.00000     0.00000     0.00000     0.00000
   -18.44374     0.00000     0.00000     0.00000     0.00000     0.00000     0.00000     0.00000     0.00000
   -18.42074     0.00000     0.00000     0.00000     0.00000     0.00000     0.00000     0.00000     0.00000
   -18.39674     0.00000     0.00000     0.00000     0.00000     0.00000     0.00000     0.00000     0.00000
   -18.37374     0.00000     0.00000     0.00000     0.00000     0.00000     0.00000     0.00000     0.00000
   -18.35074     0.00000     0.00000     0.00000     0.00000     0.00000     0.00000     0.00000     0.00000
   -18.32774     0.00000     0.00000     0.00000     0.00000     0.00000     0.00000     0.00000     0.00000
   -18.30374     0.00000     0.00000     0.00000     0.00000     0.00000     0.00000     0.00000     0.00000
   -18.28074     0.00000     0.00000     0.00000     0.00000     0.00000     0.00000     0.00000     0.00000
   -18.25774     0.00000     0.00000     0.00000     0.00000     0.00000     0.00000     0.00000     0.00000
   -18.23474     0.00000     0.00000     0.00000     0.00000     0.00000     0.00000     0.00000     0.00000
   -18.21074     0.00000     0.00000     0.00000     0.00000     0.00000     0.00000     0.00000     0.00000
   -18.18774     0.00000     0.00000     0.00000     0.00000     0.00000     0.00000     0.00000     0.00000
   -18.16474     0.00000     0.00000     0.00000     0.00000     0.00000     0.00000     0.00000     0.00000
   -18.14174     0.00000     0.00000     0.00000     0.00000     0.00000     0.00000     0.00000     0.00000
   -18.11774     0.00000     0.00000     0.00000     0.00000     0.00000     0.00000     0.00000     0.00000
   -18.09474     0.00000     0.00000     0.00000     0.00000     0.00000     0.00000     0.00000     0.00000
   -18.07174     0.00000     0.00000     0.00000     0.00000     0.00000     0.00000     0.00000     0.00000
   -18.04874     0.00000     0.00000     0.00000     0.00000     0.00000     0.00000     0.00000     0.00000
   -18.02474     0.00000     0.00000     0.00000     0.00000     0.00000     0.00000     0.00000     0.00000
   -18.00174     0.00000     0.00000     0.00000     0.00000     0.00000     0.00000     0.00000     0.00000
   -17.97874     0.00000     0.00000     0.00000     0.00000     0.00000     0.00000     0.00000     0.00000
   -17.95574     0.00000     0.00000     0.00000     0.00000     0.00000     0.00000     0.00000     0.00000
   -17.93174     0.00000     0.00000     0.00000     0.00000     0.00000     0.00000     0.00000     0.00000
   -17.90874     0.00000     0.00000     0.00000     0.00000     0.00000     0.00000     0.00000     0.00000
   -17.88574     0.00000     0.00000     0.00000     0.00000     0.00000     0.00000     0.00000     0.00000
   -17.86274     0.00000     0.00000     0.00000     0.00000     0.00000     0.00000     0.00000     0.00000
   -17.83874     0.00000     0.00000     0.00000     0.00000     0.00000     0.00000     0.00000     0.00000
   -17.81574     0.00000     0.00000     0.00000     0.00000     0.00000     0.00000     0.00000     0.00000
   -17.79274     0.00000     0.00000     0.00000     0.00000     0.00000     0.00000     0.00000     0.00000
   -17.76974     0.00000     0.00000     0.00000     0.00000     0.00000     0.00000     0.00000     0.00000
   -17.74574     0.00000     0.00000     0.00000     0.00000     0.00000     0.00000     0.00000     0.00000
   -17.72274     0.00000     0.00000     0.00000     0.00000     0.00000     0.00000     0.00000     0.00000
   -17.69974     0.00000     0.00000     0.00000     0.00000     0.00000     0.00000     0.00000     0.00000
   -17.67674     0.00000     0.00000     0.00000     0.00000     0.00000     0.00000     0.00000     0.00000
   -17.65374     0.00000     0.00000     0.00000     0.00000     0.00000     0.00000     0.00000     0.00000
   -17.62974     0.00000     0.00000     0.00000     0.00000     0.00000     0.00000     0.00000     0.00000
   -17.60674     0.00000     0.00000     0.00000     0.00000     0.00000     0.00000     0.00000     0.00000
   -17.58374     0.00000     0.00000     0.00000     0.00000     0.00000     0.00000     0.00000     0.00000
   -17.56074     0.00000     0.00000     0.00000     0.00000     0.00000     0.00000     0.00000     0.00000
   -17.53674     0.00000     0.00000     0.00000     0.00000     0.00000     0.00000     0.00000     0.00000
   -17.51374     0.00000     0.00000     0.00000     0.00000     0.00000     0.00000     0.00000     0.00000
   -17.49074     0.00000     0.00000     0.00000     0.00000     0.00000     0.00000     0.00000     0.00000
   -17.46774     0.00000     0.00000     0.00000     0.00000     0.00000     0.00000     0.00000     0.00000
   -17.44374     0.00000     0.00000     0.00000     0.00000     0.00000     0.00000     0.00000     0.00000
   -17.42074     0.00000     0.00000     0.00000     0.00000     0.00000     0.00000     0.00000     0.00000
   -17.39774     0.00000     0.00000     0.00000     0.00000     0.00000     0.00000     0.00000     0.00000
   -17.37474     0.00000     0.00000     0.00000     0.00000     0.00000     0.00000     0.00000     0.00000
   -17.35074     0.00000     0.00000     0.00000     0.00000     0.00000     0.00000     0.00000     0.00000
   -17.32774     0.00000     0.00000     0.00000     0.00000     0.00000     0.00000     0.00000     0.00000
   -17.30474     0.00000     0.00000     0.00000     0.00000     0.00000     0.00000     0.00000     0.00000
   -17.28174     0.00000     0.00000     0.00000     0.00000     0.00000     0.00000     0.00000     0.00000
   -17.25774     0.00000     0.00000     0.00000     0.00000     0.00000     0.00000     0.00000     0.00000
   -17.23474     0.00000     0.00000     0.00000     0.00000     0.00000     0.00000     0.00000     0.00000
   -17.21174     0.00000     0.00000     0.00000     0.00000     0.00000     0.00000     0.00000     0.00000
   -17.18874     0.00000     0.00000     0.00000     0.00000     0.00000     0.00000     0.00000     0.00000
   -17.16474     0.00000     0.00000     0.00000     0.00000     0.00000     0.00000     0.00000     0.00000
   -17.14174     0.00000     0.00000     0.00000     0.00000     0.00000     0.00000     0.00000     0.00000
   -17.11874     0.00000     0.00000     0.00000     0.00000     0.00000     0.00000     0.00000     0.00000
   -17.09574     0.00000     0.00000     0.00000     0.00000     0.00000     0.00000     0.00000     0.00000
   -17.07174     0.00000     0.00000     0.00000     0.00000     0.00000     0.00000     0.00000     0.00000
   -17.04874     0.00000     0.00000     0.00000     0.00000     0.00000     0.00000     0.00000     0.00000
   -17.02574     0.00000     0.00000     0.00000     0.00000     0.00000     0.00000     0.00000     0.00000
   -17.00274     0.00000     0.00000     0.00000     0.00000     0.00000     0.00000     0.00000     0.00000
   -16.97874     0.00000     0.00000     0.00000     0.00000     0.00000     0.00000     0.00000     0.00000
   -16.95574     0.00000     0.00000     0.00000     0.00000     0.00000     0.00000     0.00000     0.00000
   -16.93274     0.00000     0.00000     0.00000     0.00000     0.00000     0.00000     0.00000     0.00000
   -16.90974     0.00000     0.00000     0.00000     0.00000     0.00000     0.00000     0.00000     0.00000
   -16.88574     0.00000     0.00000     0.00000     0.00000     0.00000     0.00000     0.00000     0.00000
   -16.86274     0.00000     0.00000     0.00000     0.00000     0.00000     0.00000     0.00000     0.00000
   -16.83974     0.00000     0.00000     0.00000     0.00000     0.00000     0.00000     0.00000     0.00000
   -16.81674     0.00000     0.00000     0.00000     0.00000     0.00000     0.00000     0.00000     0.00000
   -16.79274     0.00000     0.00000     0.00000     0.00000     0.00000     0.00000     0.00000     0.00000
   -16.76974     0.00000     0.00000     0.00000     0.00000     0.00000     0.00000     0.00000     0.00000
   -16.74674     0.00000     0.00000     0.00000     0.00000     0.00000     0.00000     0.00000     0.00000
   -16.72374     0.00000     0.00000     0.00000     0.00000     0.00000     0.00000     0.00000     0.00000
   -16.69974     0.00000     0.00000     0.00000     0.00000     0.00000     0.00000     0.00000     0.00000
   -16.67674     0.00000     0.00000     0.00000     0.00000     0.00000     0.00000     0.00000     0.00000
   -16.65374     0.00000     0.00000     0.00000     0.00000     0.00000     0.00000     0.00000     0.00000
   -16.63074     0.00000     0.00000     0.00000     0.00000     0.00000     0.00000     0.00000     0.00000
   -16.60674     0.00000     0.00000     0.00000     0.00000     0.00000     0.00000     0.00000     0.00000
   -16.58374     0.00000     0.00000     0.00000     0.00000     0.00000     0.00000     0.00000     0.00000
   -16.56074     0.00000     0.00000     0.00000     0.00000     0.00000     0.00000     0.00000     0.00000
   -16.53774     0.00000     0.00000     0.00000     0.00000     0.00000     0.00000     0.00000     0.00000
   -16.51374     0.00000     0.00000     0.00000     0.00000     0.00000     0.00000     0.00000     0.00000
   -16.49074     0.00000     0.00000     0.00000     0.00000     0.00000     0.00000     0.00000     0.00000
   -16.46774     0.00000     0.00000     0.00000     0.00000     0.00000     0.00000     0.00000     0.00000
   -16.44474     0.00000     0.00000     0.00000     0.00000     0.00000     0.00000     0.00000     0.00000
   -16.42074     0.00000     0.00000     0.00000     0.00000     0.00000     0.00000     0.00000     0.00000
   -16.39774     0.00000     0.00000     0.00000     0.00000     0.00000     0.00000     0.00000     0.00000
   -16.37474     0.00000     0.00000     0.00000     0.00000     0.00000     0.00000     0.00000     0.00000
   -16.35174     0.00000     0.00000     0.00000     0.00000     0.00000     0.00000     0.00000     0.00000
   -16.32874     0.00000     0.00000     0.00000     0.00000     0.00000     0.00000     0.00000     0.00000
   -16.30474     0.00000     0.00000     0.00000     0.00000     0.00000     0.00000     0.00000     0.00000
   -16.28174     0.00000     0.00000     0.00000     0.00000     0.00000     0.00000     0.00000     0.00000
   -16.25874     0.00000     0.00000     0.00000     0.00000     0.00000     0.00000     0.00000     0.00000
   -16.23574     0.00000     0.00000     0.00000     0.00000     0.00000     0.00000     0.00000     0.00000
   -16.21174     0.00000     0.00000     0.00000     0.00000     0.00000     0.00000     0.00000     0.00000
   -16.18874     0.00000     0.00000     0.00000     0.00000     0.00000     0.00000     0.00000     0.00000
   -16.16574     0.00000     0.00000     0.00000     0.00000     0.00000     0.00000     0.00000     0.00000
   -16.14274     0.00000     0.00000     0.00000     0.00000     0.00000     0.00000     0.00000     0.00000
   -16.11874     0.00000     0.00000     0.00000     0.00000     0.00000     0.00000     0.00000     0.00000
   -16.09574     0.00000     0.00000     0.00000     0.00000     0.00000     0.00000     0.00000     0.00000
   -16.07274     0.00000     0.00000     0.00000     0.00000     0.00000     0.00000     0.00000     0.00000
   -16.04974     0.00000     0.00000     0.00000     0.00000     0.00000     0.00000     0.00000     0.00000
   -16.02574     0.00000     0.00000     0.00000     0.00000     0.00000     0.00000     0.00000     0.00000
   -16.00274     0.00000     0.00000     0.00000     0.00000     0.00000     0.00000     0.00000     0.00000
   -15.97974     0.00000     0.00000     0.00000     0.00000     0.00000     0.00000     0.00000     0.00000
   -15.95674     0.00000     0.00000     0.00000     0.00000     0.00000     0.00000     0.00000     0.00000
   -15.93274     0.00000     0.00000     0.00000     0.00000     0.00000     0.00000     0.00000     0.00000
   -15.90974     0.00000     0.00000     0.00000     0.00000     0.00000     0.00000     0.00000     0.00000
   -15.88674     0.00000     0.00000     0.00000     0.00000     0.00000     0.00000     0.00000     0.00000
   -15.86374     0.00000     0.00000     0.00000     0.00000     0.00000     0.00000     0.00000     0.00000
   -15.83974     0.00000     0.00000     0.00000     0.00000     0.00000     0.00000     0.00000     0.00000
   -15.81674     0.00000     0.00000     0.00000     0.00000     0.00000     0.00000     0.00000     0.00000
   -15.79374     0.00000     0.00000     0.00000     0.00000     0.00000     0.00000     0.00000     0.00000
   -15.77074     0.00000     0.00000     0.00000     0.00000     0.00000     0.00000     0.00000     0.00000
   -15.74674     0.00000     0.00000     0.00000     0.00000     0.00000     0.00000     0.00000     0.00000
   -15.72374     0.00000     0.00000     0.00000     0.00000     0.00000     0.00000     0.00000     0.00000
   -15.70074     0.00000     0.00000     0.00000     0.00000     0.00000     0.00000     0.00000     0.00000
   -15.67774     0.00000     0.00000     0.00000     0.00000     0.00000     0.00000     0.00000     0.00000
   -15.65374     0.00000     0.00000     0.00000     0.00000     0.00000     0.00000     0.00000     0.00000
   -15.63074     0.00000     0.00000     0.00000     0.00000     0.00000     0.00000     0.00000     0.00000
   -15.60774     0.00000     0.00000     0.00000     0.00000     0.00000     0.00000     0.00000     0.00000
   -15.58474     0.00000     0.00000     0.00000     0.00000     0.00000     0.00000     0.00000     0.00000
   -15.56074     0.00000     0.00000     0.00000     0.00000     0.00000     0.00000     0.00000     0.00000
   -15.53774     0.00000     0.00000     0.00000     0.00000     0.00000     0.00000     0.00000     0.00000
   -15.51474     0.00000     0.00000     0.00000     0.00000     0.00000     0.00000     0.00000     0.00000
   -15.49174     0.00000     0.00000     0.00000     0.00000     0.00000     0.00000     0.00000     0.00000
   -15.46774     0.00000     0.00000     0.00000     0.00000     0.00000     0.00000     0.00000     0.00000
   -15.44474     0.00000     0.00000     0.00000     0.00000     0.00000     0.00000     0.00000     0.00000
   -15.42174     0.00000     0.00000     0.00000     0.00000     0.00000     0.00000     0.00000     0.00000
   -15.39874     0.00000     0.00000     0.00000     0.00000     0.00000     0.00000     0.00000     0.00000
   -15.37474     0.00000     0.00000     0.00000     0.00000     0.00000     0.00000     0.00000     0.00000
   -15.35174     0.00000     0.00000     0.00000     0.00000     0.00000     0.00000     0.00000     0.00000
   -15.32874     0.00000     0.00000     0.00000     0.00000     0.00000     0.00000     0.00000     0.00000
   -15.30574     0.00000     0.00000     0.00000     0.00000     0.00000     0.00000     0.00000     0.00000
   -15.28174     0.00000     0.00000     0.00000     0.00000     0.00000     0.00000     0.00000     0.00000
   -15.25874     0.00000     0.00000     0.00000     0.00000     0.00000     0.00000     0.00000     0.00000
   -15.23574     0.00000     0.00000     0.00000     0.00000     0.00000     0.00000     0.00000     0.00000
   -15.21274     0.00000     0.00000     0.00000     0.00000     0.00000     0.00000     0.00000     0.00000
   -15.18874     0.00000     0.00000     0.00000     0.00000     0.00000     0.00000     0.00000     0.00000
   -15.16574     0.00000     0.00000     0.00000     0.00000     0.00000     0.00000     0.00000     0.00000
   -15.14274     0.00000     0.00000     0.00000     0.00000     0.00000     0.00000     0.00000     0.00000
   -15.11974     0.00000     0.00000     0.00000     0.00000     0.00000     0.00000     0.00000     0.00000
   -15.09674     0.00000     0.00000     0.00000     0.00000     0.00000     0.00000     0.00000     0.00000
   -15.07274     0.00000     0.00000     0.00000     0.00000     0.00000     0.00000     0.00000     0.00000
   -15.04974     0.00000     0.00000     0.00000     0.00000     0.00000     0.00000     0.00000     0.00000
   -15.02674     0.00000     0.00000     0.00000     0.00000     0.00000     0.00000     0.00000     0.00000
   -15.00374     0.00000     0.00000     0.00000     0.00000     0.00000     0.00000     0.00000     0.00000
   -14.97974     0.00000     0.00000     0.00000     0.00000     0.00000     0.00000     0.00000     0.00000
   -14.95674     0.00000     0.00000     0.00000     0.00000     0.00000     0.00000     0.00000     0.00000
   -14.93374     0.00000     0.00000     0.00000     0.00000     0.00000     0.00000     0.00000     0.00000
   -14.91074     0.00000     0.00000     0.00000     0.00000     0.00000     0.00000     0.00000     0.00000
   -14.88674     0.00000     0.00000     0.00000     0.00000     0.00000     0.00000     0.00000     0.00000
   -14.86374     0.00000     0.00000     0.00000     0.00000     0.00000     0.00000     0.00000     0.00000
   -14.84074     0.00000     0.00000     0.00000     0.00000     0.00000     0.00000     0.00000     0.00000
   -14.81774     0.00000     0.00000     0.00000     0.00000     0.00000     0.00000     0.00000     0.00000
   -14.79374     0.00000     0.00000     0.00000     0.00000     0.00000     0.00000     0.00000     0.00000
   -14.77074     0.00000     0.00000     0.00000     0.00000     0.00000     0.00000     0.00000     0.00000
   -14.74774     0.00000     0.00000     0.00000     0.00000     0.00000     0.00000     0.00000     0.00000
   -14.72474     0.00000     0.00000     0.00000     0.00000     0.00000     0.00000     0.00000     0.00000
   -14.70074     0.00000     0.00000     0.00000     0.00000     0.00000     0.00000     0.00000     0.00000
   -14.67774     0.00000     0.00000     0.00000     0.00000     0.00000     0.00000     0.00000     0.00000
   -14.65474     0.00000     0.00000     0.00000     0.00000     0.00000     0.00000     0.00000     0.00000
   -14.63174     0.00000     0.00000     0.00000     0.00000     0.00000     0.00000     0.00000     0.00000
   -14.60774     0.00000     0.00000     0.00000     0.00000     0.00000     0.00000     0.00000     0.00000
   -14.58474     0.00000     0.00000     0.00000     0.00000     0.00000     0.00000     0.00000     0.00000
   -14.56174     0.00000     0.00000     0.00000     0.00000     0.00000     0.00000     0.00000     0.00000
   -14.53874     0.00000     0.00000     0.00000     0.00000     0.00000     0.00000     0.00000     0.00000
   -14.51474     0.00000     0.00000     0.00000     0.00000     0.00000     0.00000     0.00000     0.00000
   -14.49174     0.00000     0.00000     0.00000     0.00000     0.00000     0.00000     0.00000     0.00000
   -14.46874     0.00000     0.00000     0.00000     0.00000     0.00000     0.00000     0.00000     0.00000
   -14.44574     0.00000     0.00000     0.00000     0.00000     0.00000     0.00000     0.00000     0.00000
   -14.42174     0.00000     0.00000     0.00000     0.00000     0.00000     0.00000     0.00000     0.00000
   -14.39874     0.00000     0.00000     0.00000     0.00000     0.00000     0.00000     0.00000     0.00000
   -14.37574     0.00000     0.00000     0.00000     0.00000     0.00000     0.00000     0.00000     0.00000
   -14.35274     0.00000     0.00000     0.00000     0.00000     0.00000     0.00000     0.00000     0.00000
   -14.32874     0.00000     0.00000     0.00000     0.00000     0.00000     0.00000     0.00000     0.00000
   -14.30574     0.00000     0.00000     0.00000     0.00000     0.00000     0.00000     0.00000     0.00000
   -14.28274     0.00000     0.00000     0.00000     0.00000     0.00000     0.00000     0.00000     0.00000
   -14.25974     0.00000     0.00000     0.00000     0.00000     0.00000     0.00000     0.00000     0.00000
   -14.23574     0.00000     0.00000     0.00000     0.00000     0.00000     0.00000     0.00000     0.00000
   -14.21274     0.00000     0.00000     0.00000     0.00000     0.00000     0.00000     0.00000     0.00000
   -14.18974     0.00000     0.00000     0.00000     0.00000     0.00000     0.00000     0.00000     0.00000
   -14.16674     0.00000     0.00000     0.00000     0.00000     0.00000     0.00000     0.00000     0.00000
   -14.14274     0.00000     0.00000     0.00000     0.00000     0.00000     0.00000     0.00000     0.00000
   -14.11974     0.00000     0.00000     0.00000     0.00000     0.00000     0.00000     0.00000     0.00000
   -14.09674     0.00000     0.00000     0.00000     0.00000     0.00000     0.00000     0.00000     0.00000
   -14.07374     0.00000     0.00000     0.00000     0.00000     0.00000     0.00000     0.00000     0.00000
   -14.04974     0.00000     0.00000     0.00000     0.00000     0.00000     0.00000     0.00000     0.00000
   -14.02674     0.00000     0.00000     0.00000     0.00000     0.00000     0.00000     0.00000     0.00000
   -14.00374     0.00000     0.00000     0.00000     0.00000     0.00000     0.00000     0.00000     0.00000
   -13.98074     0.00000     0.00000     0.00000     0.00000     0.00000     0.00000     0.00000     0.00000
   -13.95674     0.00000     0.00000     0.00000     0.00000     0.00000     0.00000     0.00000     0.00000
   -13.93374     0.00000     0.00000     0.00000     0.00000     0.00000     0.00000     0.00000     0.00000
   -13.91074     0.00000     0.00000     0.00000     0.00000     0.00000     0.00000     0.00000     0.00000
   -13.88774     0.00000     0.00000     0.00000     0.00000     0.00000     0.00000     0.00000     0.00000
   -13.86374     0.00000     0.00000     0.00000     0.00000     0.00000     0.00000     0.00000     0.00000
   -13.84074     0.00000     0.00000     0.00000     0.00000     0.00000     0.00000     0.00000     0.00000
   -13.81774     0.00000     0.00000     0.00000     0.00000     0.00000     0.00000     0.00000     0.00000
   -13.79474     0.00000     0.00000     0.00000     0.00000     0.00000     0.00000     0.00000     0.00000
   -13.77174     0.00000     0.00000     0.00000     0.00000     0.00000     0.00000     0.00000     0.00000
   -13.74774     0.00000     0.00000     0.00000     0.00000     0.00000     0.00000     0.00000     0.00000
   -13.72474     0.00000     0.00000     0.00000     0.00000     0.00000     0.00000     0.00000     0.00000
   -13.70174     0.00000     0.00000     0.00000     0.00000     0.00000     0.00000     0.00000     0.00000
   -13.67874     0.00000     0.00000     0.00000     0.00000     0.00000     0.00000     0.00000     0.00000
   -13.65474     0.00000     0.00000     0.00000     0.00000     0.00000     0.00000     0.00000     0.00000
   -13.63174     0.00000     0.00000     0.00000     0.00000     0.00000     0.00000     0.00000     0.00000
   -13.60874     0.00000     0.00000     0.00000     0.00000     0.00000     0.00000     0.00000     0.00000
   -13.58574     0.00000     0.00000     0.00000     0.00000     0.00000     0.00000     0.00000     0.00000
   -13.56174     0.00000     0.00000     0.00000     0.00000     0.00000     0.00000     0.00000     0.00000
   -13.53874     0.00000     0.00000     0.00000     0.00000     0.00000     0.00000     0.00000     0.00000
   -13.51574     0.00000     0.00000     0.00000     0.00000     0.00000     0.00000     0.00000     0.00000
   -13.49274     0.00000     0.00000     0.00000     0.00000     0.00000     0.00000     0.00000     0.00000
   -13.46874     0.00000     0.00000     0.00000     0.00000     0.00000     0.00000     0.00000     0.00000
   -13.44574     0.00000     0.00000     0.00000     0.00000     0.00000     0.00000     0.00000     0.00000
   -13.42274     0.00000     0.00000     0.00000     0.00000     0.00000     0.00000     0.00000     0.00000
   -13.39974     0.00000     0.00000     0.00000     0.00000     0.00000     0.00000     0.00000     0.00000
   -13.37574     0.00000     0.00000     0.00000     0.00000     0.00000     0.00000     0.00000     0.00000
   -13.35274     0.00000     0.00000     0.00000     0.00000     0.00000     0.00000     0.00000     0.00000
   -13.32974     0.00000     0.00000     0.00000     0.00000     0.00000     0.00000     0.00000     0.00000
   -13.30674     0.00000     0.00000     0.00000     0.00000     0.00000     0.00000     0.00000     0.00000
   -13.28274     0.00000     0.00000     0.00000     0.00000     0.00000     0.00000     0.00000     0.00000
   -13.25974     0.00000     0.00000     0.00000     0.00000     0.00000     0.00000     0.00000     0.00000
   -13.23674     0.00000     0.00000     0.00000     0.00000     0.00000     0.00000     0.00000     0.00000
   -13.21374     0.00000     0.00000     0.00000     0.00000     0.00000     0.00000     0.00000     0.00000
   -13.18974     0.00000     0.00000     0.00000     0.00000     0.00000     0.00000     0.00000     0.00000
   -13.16674     0.00000     0.00000     0.00000     0.00000     0.00000     0.00000     0.00000     0.00000
   -13.14374     0.00000     0.00000     0.00000     0.00000     0.00000     0.00000     0.00000     0.00000
   -13.12074     0.00000     0.00000     0.00000     0.00000     0.00000     0.00000     0.00000     0.00000
   -13.09674     0.00000     0.00000     0.00000     0.00000     0.00000     0.00000     0.00000     0.00000
   -13.07374     0.00000     0.00000     0.00000     0.00000     0.00000     0.00000     0.00000     0.00000
   -13.05074     0.00000     0.00000     0.00000     0.00000     0.00000     0.00000     0.00000     0.00000
   -13.02774     0.00000     0.00000     0.00000     0.00000     0.00000     0.00000     0.00000     0.00000
   -13.00374     0.00000     0.00000     0.00000     0.00000     0.00000     0.00000     0.00000     0.00000
   -12.98074     0.00000     0.00000     0.00000     0.00000     0.00000     0.00000     0.00000     0.00000
   -12.95774     0.00000     0.00000     0.00000     0.00000     0.00000     0.00000     0.00000     0.00000
   -12.93474     0.00000     0.00000     0.00000     0.00000     0.00000     0.00000     0.00000     0.00000
   -12.91074     0.00000     0.00000     0.00000     0.00000     0.00000     0.00000     0.00000     0.00000
   -12.88774     0.00000     0.00000     0.00000     0.00000     0.00000     0.00000     0.00000     0.00000
   -12.86474     0.00000     0.00000     0.00000     0.00000     0.00000     0.00000     0.00000     0.00000
   -12.84174     0.00000     0.00000     0.00000     0.00000     0.00000     0.00000     0.00000     0.00000
   -12.81774     0.00000     0.00000     0.00000     0.00000     0.00000     0.00000     0.00000     0.00000
   -12.79474     0.00000     0.00000     0.00000     0.00000     0.00000     0.00000     0.00000     0.00000
   -12.77174     0.00000     0.00000     0.00000     0.00000     0.00000     0.00000     0.00000     0.00000
   -12.74874     0.00000     0.00000     0.00000     0.00000     0.00000     0.00000     0.00000     0.00000
   -12.72474     0.00000     0.00000     0.00000     0.00000     0.00000     0.00000     0.00000     0.00000
   -12.70174     0.00000     0.00000     0.00000     0.00000     0.00000     0.00000     0.00000     0.00000
   -12.67874     0.00000     0.00000     0.00000     0.00000     0.00000     0.00000     0.00000     0.00000
   -12.65574     0.00000     0.00000     0.00000     0.00000     0.00000     0.00000     0.00000     0.00000
   -12.63174     0.00000     0.00000     0.00000     0.00000     0.00000     0.00000     0.00000     0.00000
   -12.60874     0.00000     0.00000     0.00000     0.00000     0.00000     0.00000     0.00000     0.00000
   -12.58574     0.00000     0.00000     0.00000     0.00000     0.00000     0.00000     0.00000     0.00000
   -12.56274     0.00000     0.00000     0.00000     0.00000     0.00000     0.00000     0.00000     0.00000
   -12.53974     0.00000     0.00000     0.00000     0.00000     0.00000     0.00000     0.00000     0.00000
   -12.51574     0.00000     0.00000     0.00000     0.00000     0.00000     0.00000     0.00000     0.00000
   -12.49274     0.00000     0.00000     0.00000     0.00000     0.00000     0.00000     0.00000     0.00000
   -12.46974     0.00000     0.00000     0.00000     0.00000     0.00000     0.00000     0.00000     0.00000
   -12.44674     0.00000     0.00000     0.00000     0.00000     0.00000     0.00000     0.00000     0.00000
   -12.42274     0.00000     0.00000     0.00000     0.00000     0.00000     0.00000     0.00000     0.00000
   -12.39974     0.00000     0.00000     0.00000     0.00000     0.00000     0.00000     0.00000     0.00000
   -12.37674     0.00000     0.00000     0.00000     0.00000     0.00000     0.00000     0.00000     0.00000
   -12.35374     0.00000     0.00000     0.00000     0.00000     0.00000     0.00000     0.00000     0.00000
   -12.32974     0.00000     0.00000     0.00000     0.00000     0.00000     0.00000     0.00000     0.00000
   -12.30674     0.00000     0.00000     0.00000     0.00000     0.00000     0.00000     0.00000     0.00000
   -12.28374     0.00000     0.00000     0.00000     0.00000     0.00000     0.00000     0.00000     0.00000
   -12.26074     0.00000     0.00000     0.00000     0.00000     0.00000     0.00000     0.00000     0.00000
   -12.23674     0.00000     0.00000     0.00000     0.00000     0.00000     0.00000     0.00000     0.00000
   -12.21374     0.00000     0.00000     0.00000     0.00000     0.00000     0.00000     0.00000     0.00000
   -12.19074     0.00000     0.00000     0.00000     0.00000     0.00000     0.00000     0.00000     0.00000
   -12.16774     0.00000     0.00000     0.00000     0.00000     0.00000     0.00000     0.00000     0.00000
   -12.14374     0.00000     0.00000     0.00000     0.00000     0.00000     0.00000     0.00000     0.00000
   -12.12074     0.00000     0.00000     0.00000     0.00000     0.00000     0.00000     0.00000     0.00000
   -12.09774     0.00000     0.00000     0.00000     0.00000     0.00000     0.00000     0.00000     0.00000
   -12.07474     0.00000     0.00000     0.00000     0.00000     0.00000     0.00000     0.00000     0.00000
   -12.05074     0.00000     0.00000     0.00000     0.00000     0.00000     0.00000     0.00000     0.00000
   -12.02774     0.00000     0.00000     0.00000     0.00000     0.00000     0.00000     0.00000     0.00000
   -12.00474     0.00000     0.00000     0.00000     0.00000     0.00000     0.00000     0.00000     0.00000
   -11.98174     0.00000     0.00000     0.00000     0.00000     0.00000     0.00000     0.00000     0.00000
   -11.95774     0.00000     0.00000     0.00000     0.00000     0.00000     0.00000     0.00000     0.00000
   -11.93474     0.00000     0.00000     0.00000     0.00000     0.00000     0.00000     0.00000     0.00000
   -11.91174     0.00000     0.00000     0.00000     0.00000     0.00000     0.00000     0.00000     0.00000
   -11.88874     0.00000     0.00000     0.00000     0.00000     0.00000     0.00000     0.00000     0.00000
   -11.86474     0.00000     0.00000     0.00000     0.00000     0.00000     0.00000     0.00000     0.00000
   -11.84174     0.00000     0.00000     0.00000     0.00000     0.00000     0.00000     0.00000     0.00000
   -11.81874     0.00000     0.00000     0.00000     0.00000     0.00000     0.00000     0.00000     0.00000
   -11.79574     0.00000     0.00000     0.00000     0.00000     0.00000     0.00000     0.00000     0.00000
   -11.77174     0.00000     0.00000     0.00000     0.00000     0.00000     0.00000     0.00000     0.00000
   -11.74874     0.00000     0.00000     0.00000     0.00000     0.00000     0.00000     0.00000     0.00000
   -11.72574     0.00000     0.00000     0.00000     0.00000     0.00000     0.00000     0.00000     0.00000
   -11.70274     0.00000     0.00000     0.00000     0.00000     0.00000     0.00000     0.00000     0.00000
   -11.67874     0.00000     0.00000     0.00000     0.00000     0.00000     0.00000     0.00000     0.00000
   -11.65574     0.00000     0.00000     0.00000     0.00000     0.00000     0.00000     0.00000     0.00000
   -11.63274     0.00000     0.00000     0.00000     0.00000     0.00000     0.00000     0.00000     0.00000
   -11.60974     0.00000     0.00000     0.00000     0.00000     0.00000     0.00000     0.00000     0.00000
   -11.58574     0.00000     0.00000     0.00000     0.00000     0.00000     0.00000     0.00000     0.00000
   -11.56274     0.00000     0.00000     0.00000     0.00000     0.00000     0.00000     0.00000     0.00000
   -11.53974     0.00000     0.00000     0.00000     0.00000     0.00000     0.00000     0.00000     0.00000
   -11.51674     0.00000     0.00000     0.00000     0.00000     0.00000     0.00000     0.00000     0.00000
   -11.49274     0.00000     0.00000     0.00000     0.00000     0.00000     0.00000     0.00000     0.00000
   -11.46974     0.00000     0.00000     0.00000     0.00000     0.00000     0.00000     0.00000     0.00000
   -11.44674     0.00000     0.00000     0.00000     0.00000     0.00000     0.00000     0.00000     0.00000
   -11.42374     0.00000     0.00000     0.00000     0.00000     0.00000     0.00000     0.00000     0.00000
   -11.39974     0.00000     0.00000     0.00000     0.00000     0.00000     0.00000     0.00000     0.00000
   -11.37674     0.00000     0.00000     0.00000     0.00000     0.00000     0.00000     0.00000     0.00000
   -11.35374     0.00000     0.00000     0.00000     0.00000     0.00000     0.00000     0.00000     0.00000
   -11.33074     0.00000     0.00000     0.00000     0.00000     0.00000     0.00000     0.00000     0.00000
   -11.30674     0.00000     0.00000     0.00000     0.00000     0.00000     0.00000     0.00000     0.00000
   -11.28374     0.00000     0.00000     0.00000     0.00000     0.00000     0.00000     0.00000     0.00000
   -11.26074     0.00000     0.00000     0.00000     0.00000     0.00000     0.00000     0.00000     0.00000
   -11.23774     0.00000     0.00000     0.00000     0.00000     0.00000     0.00000     0.00000     0.00000
   -11.21474     0.00000     0.00000     0.00000     0.00000     0.00000     0.00000     0.00000     0.00000
   -11.19074     0.00000     0.00000     0.00000     0.00000     0.00000     0.00000     0.00000     0.00000
   -11.16774     0.00000     0.00000     0.00000     0.00000     0.00000     0.00000     0.00000     0.00000
   -11.14474     0.00000     0.00000     0.00000     0.00000     0.00000     0.00000     0.00000     0.00000
   -11.12174     0.00000     0.00000     0.00000     0.00000     0.00000     0.00000     0.00000     0.00000
   -11.09774     0.00000     0.00000     0.00000     0.00000     0.00000     0.00000     0.00000     0.00000
   -11.07474     0.00000     0.00000     0.00000     0.00000     0.00000     0.00000     0.00000     0.00000
   -11.05174     0.00000     0.00000     0.00000     0.00000     0.00000     0.00000     0.00000     0.00000
   -11.02874     0.00000     0.00000     0.00000     0.00000     0.00000     0.00000     0.00000     0.00000
   -11.00474     0.00000     0.00000     0.00000     0.00000     0.00000     0.00000     0.00000     0.00000
   -10.98174     0.00000     0.00000     0.00000     0.00000     0.00000     0.00000     0.00000     0.00000
   -10.95874     0.00000     0.00000     0.00000     0.00000     0.00000     0.00000     0.00000     0.00000
   -10.93574     0.00000     0.00000     0.00000     0.00000     0.00000     0.00000     0.00000     0.00000
   -10.91174     0.00000     0.00000     0.00000     0.00000     0.00000     0.00000     0.00000     0.00000
   -10.88874     0.00000     0.00000     0.00000     0.00000     0.00000     0.00000     0.00000     0.00000
   -10.86574     0.00000     0.00000     0.00000     0.00000     0.00000     0.00000     0.00000     0.00000
   -10.84274     0.00000     0.00000     0.00000     0.00000     0.00000     0.00000     0.00000     0.00000
   -10.81874     0.00000     0.00000     0.00000     0.00000     0.00000     0.00000     0.00000     0.00000
   -10.79574     0.00000     0.00000     0.00000     0.00000     0.00000     0.00000     0.00000     0.00000
   -10.77274     0.00000     0.00000     0.00000     0.00000     0.00000     0.00000     0.00000     0.00000
   -10.74974     0.00000     0.00000     0.00000     0.00000     0.00000     0.00000     0.00000     0.00000
   -10.72574     0.00000     0.00000     0.00000     0.00000     0.00000     0.00000     0.00000     0.00000
   -10.70274     0.00000     0.00000     0.00000     0.00000     0.00000     0.00000     0.00000     0.00000
   -10.67974     0.00000     0.00000     0.00000     0.00000     0.00000     0.00000     0.00000     0.00000
   -10.65674     0.00000     0.00000     0.00000     0.00000     0.00000     0.00000     0.00000     0.00000
   -10.63274     0.00000     0.00000     0.00000     0.00000     0.00000     0.00000     0.00000     0.00000
   -10.60974     0.00000     0.00000     0.00000     0.00000     0.00000     0.00000     0.00000     0.00000
   -10.58674     0.00000     0.00000     0.00000     0.00000     0.00000     0.00000     0.00000     0.00000
   -10.56374     0.00000     0.00000     0.00000     0.00000     0.00000     0.00000     0.00000     0.00000
   -10.53974     0.00000     0.00000     0.00000     0.00000     0.00000     0.00000     0.00000     0.00000
   -10.51674     0.00000     0.00000     0.00000     0.00000     0.00000     0.00000     0.00000     0.00000
   -10.49374     0.00000     0.00000     0.00000     0.00000     0.00000     0.00000     0.00000     0.00000
   -10.47074     0.00000     0.00000     0.00000     0.00000     0.00000     0.00000     0.00000     0.00000
   -10.44674     0.00000     0.00000     0.00000     0.00000     0.00000     0.00000     0.00000     0.00000
   -10.42374     0.00000     0.00000     0.00000     0.00000     0.00000     0.00000     0.00000     0.00000
   -10.40074     0.00000     0.00000     0.00000     0.00000     0.00000     0.00000     0.00000     0.00000
   -10.37774     0.00000     0.00000     0.00000     0.00000     0.00000     0.00000     0.00000     0.00000
   -10.35374     0.00000     0.00000     0.00000     0.00000     0.00000     0.00000     0.00000     0.00000
   -10.33074     0.00000     0.00000     0.00000     0.00000     0.00000     0.00000     0.00000     0.00000
   -10.30774     0.00000     0.00000     0.00000     0.00000     0.00000     0.00000     0.00000     0.00000
   -10.28474     0.00000     0.00000     0.00000     0.00000     0.00000     0.00000     0.00000     0.00000
   -10.26074     0.00000     0.00000     0.00000     0.00000     0.00000     0.00000     0.00000     0.00000
   -10.23774     0.00000     0.00000     0.00000     0.00000     0.00000     0.00000     0.00000     0.00000
   -10.21474     0.00000     0.00000     0.00000     0.00000     0.00000     0.00000     0.00000     0.00000
   -10.19174     0.00000     0.00000     0.00000     0.00000     0.00000     0.00000     0.00000     0.00000
   -10.16774     0.00000     0.00000     0.00000     0.00000     0.00000     0.00000     0.00000     0.00000
   -10.14474     0.00000     0.00000     0.00000     0.00000     0.00000     0.00000     0.00000     0.00000
   -10.12174     0.00000     0.00000     0.00000     0.00000     0.00000     0.00000     0.00000     0.00000
   -10.09874     0.00000     0.00000     0.00000     0.00000     0.00000     0.00000     0.00000     0.00000
   -10.07474     0.00000     0.00000     0.00000     0.00000     0.00000     0.00000     0.00000     0.00000
   -10.05174     0.00000     0.00000     0.00000     0.00000     0.00000     0.00000     0.00000     0.00000
   -10.02874     0.00000     0.00000     0.00000     0.00000     0.00000     0.00000     0.00000     0.00000
   -10.00574     0.00000     0.00000     0.00000     0.00000     0.00000     0.00000     0.00000     0.00000
    -9.98274     0.00000     0.00000     0.00000     0.00000     0.00000     0.00000     0.00000     0.00000
    -9.95874     0.00000     0.00000     0.00000     0.00000     0.00000     0.00000     0.00000     0.00000
    -9.93574     0.00000     0.00000     0.00000     0.00000     0.00000     0.00000     0.00000     0.00000
    -9.91274     0.00000     0.00000     0.00000     0.00000     0.00000     0.00000     0.00000     0.00000
    -9.88974     0.00000     0.00000     0.00000     0.00000     0.00000     0.00000     0.00000     0.00000
    -9.86574     0.00000     0.00000     0.00000     0.00000     0.00000     0.00000     0.00000     0.00000
    -9.84274     0.00000     0.00000     0.00000     0.00000     0.00000     0.00000     0.00000     0.00000
    -9.81974     0.00000     0.00000     0.00000     0.00000     0.00000     0.00000     0.00000     0.00000
    -9.79674     0.00000     0.00000     0.00000     0.00000     0.00000     0.00000     0.00000     0.00000
    -9.77274     0.00000     0.00000     0.00000     0.00000     0.00000     0.00000     0.00000     0.00000
    -9.74974     0.00000     0.00000     0.00000     0.00000     0.00000     0.00000     0.00000     0.00000
    -9.72674     0.00000     0.00000     0.00000     0.00000     0.00000     0.00000     0.00000     0.00000
    -9.70374     0.00000     0.00000     0.00000     0.00000     0.00000     0.00000     0.00000     0.00000
    -9.67974     0.00000     0.00000     0.00000     0.00000     0.00000     0.00000     0.00000     0.00000
    -9.65674     0.00000     0.00000     0.00000     0.00000     0.00000     0.00000     0.00000     0.00000
    -9.63374     0.00000     0.00000     0.00000     0.00000     0.00000     0.00000     0.00000     0.00000
    -9.61074     0.00000     0.00000     0.00000     0.00000     0.00000     0.00000     0.00000     0.00000
    -9.58674     0.00000     0.00000     0.00000     0.00000     0.00000     0.00000     0.00000     0.00000
    -9.56374     0.00000     0.00000     0.00000     0.00000     0.00000     0.00000     0.00000     0.00000
    -9.54074     0.00000     0.00000     0.00000     0.00000     0.00000     0.00000     0.00000     0.00000
    -9.51774     0.00000     0.00000     0.00000     0.00000     0.00000     0.00000     0.00000     0.00000
    -9.49374     0.00000     0.00000     0.00000     0.00000     0.00000     0.00000     0.00000     0.00000
    -9.47074     0.00000     0.00000     0.00000     0.00000     0.00000     0.00000     0.00000     0.00000
    -9.44774     0.00000     0.00000     0.00000     0.00000     0.00000     0.00000     0.00000     0.00000
    -9.42474     0.00000     0.00000     0.00000     0.00000     0.00000     0.00000     0.00000     0.00000
    -9.40074     0.00000     0.00000     0.00000     0.00000     0.00000     0.00000     0.00000     0.00000
    -9.37774     0.00000     0.00000     0.00000     0.00000     0.00000     0.00000     0.00000     0.00000
    -9.35474     0.00000     0.00000     0.00000     0.00000     0.00000     0.00000     0.00000     0.00000
    -9.33174     0.00000     0.00000     0.00000     0.00000     0.00000     0.00000     0.00000     0.00000
    -9.30774     0.00000     0.00000     0.00000     0.00000     0.00000     0.00000     0.00000     0.00000
    -9.28474     0.00000     0.00000     0.00000     0.00000     0.00000     0.00000     0.00000     0.00000
    -9.26174     0.00000     0.00000     0.00000     0.00000     0.00000     0.00000     0.00000     0.00000
    -9.23874     0.00000     0.00000     0.00000     0.00000     0.00000     0.00000     0.00000     0.00000
    -9.21474     0.00000     0.00000     0.00000     0.00000     0.00000     0.00000     0.00000     0.00000
    -9.19174     0.00000     0.00000     0.00000     0.00000     0.00000     0.00000     0.00000     0.00000
    -9.16874     0.00000     0.00000     0.00000     0.00000     0.00000     0.00000     0.00000     0.00000
    -9.14574     0.00000     0.00000     0.00000     0.00000     0.00000     0.00000     0.00000     0.00000
    -9.12174     0.00000     0.00000     0.00000     0.00000     0.00000     0.00000     0.00000     0.00000
    -9.09874     0.00000     0.00000     0.00000     0.00000     0.00000     0.00000     0.00000     0.00000
    -9.07574     0.00000     0.00000     0.00000     0.00000     0.00000     0.00000     0.00000     0.00000
    -9.05274     0.00000     0.00000     0.00000     0.00000     0.00000     0.00000     0.00000     0.00000
    -9.02874     0.00000     0.00000     0.00000     0.00000     0.00000     0.00000     0.00000     0.00000
    -9.00574     0.00000     0.00000     0.00000     0.00000     0.00000     0.00000     0.00000     0.00000
    -8.98274     0.00000     0.00000     0.00000     0.00000     0.00000     0.00000     0.00000     0.00000
    -8.95974     0.00000     0.00000     0.00000     0.00000     0.00000     0.00000     0.00000     0.00000
    -8.93574     0.00000     0.00000     0.00000     0.00000     0.00000     0.00000     0.00000     0.00000
    -8.91274     0.00000     0.00000     0.00000     0.00000     0.00000     0.00000     0.00000     0.00000
    -8.88974     0.00000     0.00000     0.00000     0.00000     0.00000     0.00000     0.00000     0.00000
    -8.86674     0.00000     0.00000     0.00000     0.00000     0.00000     0.00000     0.00000     0.00000
    -8.84274     0.00000     0.00000     0.00000     0.00000     0.00000     0.00000     0.00000     0.00000
    -8.81974     0.00000     0.00000     0.00000     0.00000     0.00000     0.00000     0.00000     0.00000
    -8.79674     0.00000     0.00000     0.00000     0.00000     0.00000     0.00000     0.00000     0.00000
    -8.77374     0.00000     0.00000     0.00000     0.00000     0.00000     0.00000     0.00000     0.00000
    -8.74974     0.00000     0.00000     0.00000     0.00000     0.00000     0.00000     0.00000     0.00000
    -8.72674     0.00000     0.00000     0.00000     0.00000     0.00000     0.00000     0.00000     0.00000
    -8.70374     0.00000     0.00000     0.00000     0.00000     0.00000     0.00000     0.00000     0.00000
    -8.68074     0.00000     0.00000     0.00000     0.00000     0.00000     0.00000     0.00000     0.00000
    -8.65774     0.00000     0.00000     0.00000     0.00000     0.00000     0.00000     0.00000     0.00000
    -8.63374     0.00000     0.00000     0.00000     0.00000     0.00000     0.00000     0.00000     0.00000
    -8.61074     0.00000     0.00000     0.00000     0.00000     0.00000     0.00000     0.00000     0.00000
    -8.58774     0.00000     0.00000     0.00000     0.00000     0.00000     0.00000     0.00000     0.00000
    -8.56474     0.00000     0.00000     0.00000     0.00000     0.00000     0.00000     0.00000     0.00000
    -8.54074     0.00000     0.00000     0.00000     0.00000     0.00000     0.00000     0.00000     0.00000
    -8.51774     0.00000     0.00000     0.00000     0.00000     0.00000     0.00000     0.00000     0.00000
    -8.49474     0.00000     0.00000     0.00000     0.00000     0.00000     0.00000     0.00000     0.00000
    -8.47174     0.00000     0.00000     0.00000     0.00000     0.00000     0.00000     0.00000     0.00000
    -8.44774     0.00000     0.00000     0.00000     0.00000     0.00000     0.00000     0.00000     0.00000
    -8.42474     0.00000     0.00000     0.00000     0.00000     0.00000     0.00000     0.00000     0.00000
    -8.40174     0.00000     0.00000     0.00000     0.00000     0.00000     0.00000     0.00000     0.00000
    -8.37874     0.00000     0.00000     0.00000     0.00000     0.00000     0.00000     0.00000     0.00000
    -8.35474     0.00000     0.00000     0.00000     0.00000     0.00000     0.00000     0.00000     0.00000
    -8.33174     0.00000     0.00000     0.00000     0.00000     0.00000     0.00000     0.00000     0.00000
    -8.30874     0.00000     0.00000     0.00000     0.00000     0.00000     0.00000     0.00000     0.00000
    -8.28574     0.00000     0.00000     0.00000     0.00000     0.00000     0.00000     0.00000     0.00000
    -8.26174     0.00000     0.00000     0.00000     0.00000     0.00000     0.00000     0.00000     0.00000
    -8.23874     0.00000     0.00000     0.00000     0.00000     0.00000     0.00000     0.00000     0.00000
    -8.21574     0.00000     0.00000     0.00000     0.00000     0.00000     0.00000     0.00000     0.00000
    -8.19274     0.00000     0.00000     0.00000     0.00000     0.00000     0.00000     0.00000     0.00000
    -8.16874     0.00000     0.00000     0.00000     0.00000     0.00000     0.00000     0.00000     0.00000
    -8.14574     0.00000     0.00000     0.00000     0.00000     0.00000     0.00000     0.00000     0.00000
    -8.12274     0.00000     0.00000     0.00000     0.00000     0.00000     0.00000     0.00000     0.00000
    -8.09974     0.00000     0.00000     0.00000     0.00000     0.00000     0.00000     0.00000     0.00000
    -8.07574     0.00000     0.00000     0.00000     0.00000     0.00000     0.00000     0.00000     0.00000
    -8.05274     0.00000     0.00000     0.00000     0.00000     0.00000     0.00000     0.00000     0.00000
    -8.02974     0.00000     0.00000     0.00000     0.00000     0.00000     0.00000     0.00000     0.00000
    -8.00674     0.00000     0.00000     0.00000     0.00000     0.00000     0.00000     0.00000     0.00000
    -7.98274     0.00000     0.00000     0.00000     0.00000     0.00000     0.00000     0.00000     0.00000
    -7.95974     0.00000     0.00000     0.00000     0.00000     0.00000     0.00000     0.00000     0.00000
    -7.93674     0.00000     0.00000     0.00000     0.00000     0.00000     0.00000     0.00000     0.00000
    -7.91374     0.00000     0.00000     0.00000     0.00000     0.00000     0.00000     0.00000     0.00000
    -7.88974     0.00000     0.00000     0.00000     0.00000     0.00000     0.00000     0.00000     0.00000
    -7.86674     0.00000     0.00000     0.00000     0.00000     0.00000     0.00000     0.00000     0.00000
    -7.84374     0.00000     0.00000     0.00000     0.00000     0.00000     0.00000     0.00000     0.00000
    -7.82074     0.00000     0.00000     0.00000     0.00000     0.00000     0.00000     0.00000     0.00000
    -7.79674     0.00000     0.00000     0.00000     0.00000     0.00000     0.00000     0.00000     0.00000
    -7.77374     0.00000     0.00000     0.00000     0.00000     0.00000     0.00000     0.00000     0.00000
    -7.75074     0.00000     0.00000     0.00000     0.00000     0.00000     0.00000     0.00000     0.00000
    -7.72774     0.00000     0.00000     0.00000     0.00000     0.00000     0.00000     0.00000     0.00000
    -7.70374     0.00000     0.00000     0.00000     0.00000     0.00000     0.00000     0.00000     0.00000
    -7.68074     0.00000     0.00000     0.00000     0.00000     0.00000     0.00000     0.00000     0.00000
    -7.65774     0.00000     0.00000     0.00000     0.00000     0.00000     0.00000     0.00000     0.00000
    -7.63474     0.00000     0.00000     0.00000     0.00000     0.00000     0.00000     0.00000     0.00000
    -7.61074     0.00000     0.00000     0.00000     0.00000     0.00000     0.00000     0.00000     0.00000
    -7.58774     0.00000     0.00000     0.00000     0.00000     0.00000     0.00000     0.00000     0.00000
    -7.56474     0.00000     0.00000     0.00000     0.00000     0.00000     0.00000     0.00000     0.00000
    -7.54174     0.00000     0.00000     0.00000     0.00000     0.00000     0.00000     0.00000     0.00000
    -7.51774     0.00000     0.00000     0.00000     0.00000     0.00000     0.00000     0.00000     0.00000
    -7.49474     0.00000     0.00000     0.00000     0.00000     0.00000     0.00000     0.00000     0.00000
    -7.47174     0.00000     0.00000     0.00000     0.00000     0.00000     0.00000     0.00000     0.00000
    -7.44874     0.00000     0.00000     0.00000     0.00000     0.00000     0.00000     0.00000     0.00000
    -7.42574     0.00000     0.00000     0.00000     0.00000     0.00000     0.00000     0.00000     0.00000
    -7.40174     0.00000     0.00000     0.00000     0.00000     0.00000     0.00000     0.00000     0.00000
    -7.37874     0.00000     0.00000     0.00000     0.00000     0.00000     0.00000     0.00000     0.00000
    -7.35574     0.00000     0.00000     0.00001     0.00000     0.00000     0.00000     0.00000     0.00000
    -7.33274     0.00000     0.00000     0.00002     0.00000     0.00000     0.00000     0.00000     0.00000
    -7.30874     0.00000     0.00000     0.00003     0.00000     0.00000     0.00000     0.00000     0.00000
    -7.28574     0.00000     0.00000     0.00006     0.00000     0.00000     0.00000     0.00000     0.00000
    -7.26274     0.00000     0.00000     0.00012     0.00000     0.00000     0.00000     0.00000     0.00000
    -7.23974     0.00000     0.00000     0.00022     0.00000     0.00000     0.00000     0.00000     0.00000
    -7.21574     0.00000     0.00001     0.00040     0.00001     0.00000     0.00000     0.00000     0.00000
    -7.19274     0.00000     0.00001     0.00072     0.00001     0.00000     0.00000     0.00000     0.00000
    -7.16974     0.00000     0.00002     0.00125     0.00002     0.00001     0.00001     0.00000     0.00000
    -7.14674     0.00000     0.00003     0.00212     0.00004     0.00001     0.00001     0.00000     0.00000
    -7.12274     0.00000     0.00006     0.00351     0.00006     0.00002     0.00002     0.00000     0.00001
    -7.09974     0.00001     0.00011     0.00567     0.00010     0.00003     0.00003     0.00001     0.00001
    -7.07674     0.00001     0.00021     0.00895     0.00017     0.00006     0.00004     0.00001     0.00003
    -7.05374     0.00002     0.00037     0.01381     0.00026     0.00009     0.00007     0.00002     0.00005
    -7.02974     0.00003     0.00065     0.02082     0.00040     0.00016     0.00011     0.00004     0.00010
    -7.00674     0.00004     0.00114     0.03071     0.00060     0.00026     0.00018     0.00006     0.00018
    -6.98374     0.00006     0.00199     0.04434     0.00089     0.00043     0.00029     0.00009     0.00033
    -6.96074     0.00008     0.00342     0.06267     0.00128     0.00070     0.00046     0.00015     0.00058
    -6.93674     0.00011     0.00581     0.08680     0.00182     0.00114     0.00072     0.00024     0.00102
    -6.91374     0.00015     0.00971     0.11784     0.00253     0.00183     0.00111     0.00038     0.00174
    -6.89074     0.00020     0.01597     0.15690     0.00347     0.00290     0.00172     0.00059     0.00291
    -6.86774     0.00027     0.02580     0.20496     0.00468     0.00454     0.00262     0.00092     0.00476
    -6.84374     0.00035     0.04086     0.26283     0.00620     0.00700     0.00394     0.00142     0.00763
    -6.82074     0.00044     0.06343     0.33096     0.00810     0.01062     0.00587     0.00215     0.01195
    -6.79774     0.00055     0.09631     0.40933     0.01040     0.01582     0.00859     0.00321     0.01828
    -6.77474     0.00068     0.14300     0.49755     0.01316     0.02312     0.01238     0.00471     0.02730
    -6.75074     0.00082     0.20745     0.59429     0.01639     0.03311     0.01752     0.00675     0.03980
    -6.72774     0.00097     0.29398     0.69780     0.02011     0.04639     0.02429     0.00949     0.05660
    -6.70474     0.00113     0.40649     0.80557     0.02432     0.06358     0.03302     0.01305     0.07850
    -6.68174     0.00131     0.54835     0.91442     0.02895     0.08517     0.04389     0.01752     0.10617
    -6.65774     0.00148     0.72165     1.02091     0.03396     0.11140     0.05703     0.02298     0.13998
    -6.63474     0.00166     0.92609     1.12123     0.03923     0.14229     0.07241     0.02941     0.17991
    -6.61174     0.00183     1.15850     1.21163     0.04463     0.17739     0.08975     0.03671     0.22531
    -6.58874     0.00201     1.41294     1.28882     0.05000     0.21579     0.10857     0.04472     0.27501
    -6.56474     0.00218     1.67966     1.34999     0.05518     0.25616     0.12813     0.05311     0.32708
    -6.54174     0.00237     1.94659     1.39359     0.05999     0.29677     0.14747     0.06148     0.37908
    -6.51874     0.00259     2.19951     1.41906     0.06430     0.33560     0.16548     0.06935     0.42802
    -6.49574     0.00285     2.42359     1.42737     0.06801     0.37062     0.18103     0.07629     0.47115
    -6.47174     0.00321     2.60500     1.42093     0.07111     0.40025     0.19303     0.08179     0.50535
    -6.44874     0.00369     2.73479     1.40354     0.07365     0.42320     0.20060     0.08550     0.52860
    -6.42574     0.00437     2.80533     1.38023     0.07582     0.43914     0.20310     0.08719     0.53952
    -6.40274     0.00530     2.81929     1.35678     0.07789     0.44865     0.20050     0.08674     0.53759
    -6.37874     0.00658     2.78070     1.33933     0.08022     0.45361     0.19295     0.08429     0.52379
    -6.35574     0.00829     2.70470     1.33381     0.08322     0.45644     0.18098     0.08008     0.50009
    -6.33274     0.01050     2.60690     1.34517     0.08732     0.46080     0.16554     0.07455     0.46942
    -6.30974     0.01330     2.50860     1.37709     0.09292     0.47047     0.14773     0.06818     0.43501
    -6.28574     0.01674     2.43100     1.43134     0.10034     0.48964     0.12874     0.06149     0.40065
    -6.26274     0.02083     2.39410     1.50757     0.10976     0.52172     0.10965     0.05498     0.36962
    -6.23974     0.02556     2.41340     1.60324     0.12120     0.56954     0.09147     0.04906     0.34486
    -6.21674     0.03084     2.49950     1.71356     0.13448     0.63453     0.07490     0.04407     0.32842
    -6.19274     0.03653     2.65560     1.83222     0.14924     0.71644     0.06044     0.04016     0.32133
    -6.16974     0.04243     2.87760     1.95181     0.16490     0.81344     0.04830     0.03737     0.32360
    -6.14674     0.04829     3.15390     2.06437     0.18077     0.92168     0.03849     0.03564     0.33425
    -6.12374     0.05381     3.46680     2.16189     0.19603     1.03588     0.03084     0.03480     0.35145
    -6.10074     0.05869     3.79200     2.23786     0.20981     1.14938     0.02507     0.03462     0.37269
    -6.07674     0.06262     4.10400     2.28676     0.22133     1.25519     0.02083     0.03481     0.39513
    -6.05374     0.06536     4.37700     2.30519     0.22988     1.34530     0.01780     0.03512     0.41589
    -6.03074     0.06672     4.58400     2.29222     0.23496     1.41367     0.01563     0.03530     0.43222
    -6.00774     0.06659     4.70800     2.24913     0.23632     1.45455     0.01407     0.03515     0.44195
    -5.98374     0.06498     4.73400     2.17992     0.23400     1.46500     0.01289     0.03453     0.44343
    -5.96074     0.06200     4.65700     2.09053     0.22836     1.44360     0.01194     0.03338     0.43588
    -5.93774     0.05784     4.47900     1.98879     0.22007     1.39184     0.01112     0.03168     0.41934
    -5.91474     0.05274     4.21000     1.88419     0.21002     1.31357     0.01039     0.02951     0.39463
    -5.89074     0.04703     3.86640     1.78653     0.19927     1.21397     0.00972     0.02695     0.36312
    -5.86774     0.04100     3.46950     1.70537     0.18899     1.10005     0.00914     0.02415     0.32672
    -5.84474     0.03494     3.04340     1.64998     0.18036     0.97898     0.00868     0.02124     0.28752
    -5.82174     0.02913     2.60840     1.62756     0.17435     0.85788     0.00838     0.01838     0.24760
    -5.79774     0.02375     2.18720     1.64353     0.17182     0.74334     0.00825     0.01568     0.20885
    -5.77474     0.01895     1.79380     1.70042     0.17330     0.64035     0.00833     0.01326     0.17282
    -5.75174     0.01480     1.44180     1.79811     0.17903     0.55253     0.00863     0.01118     0.14064
    -5.72874     0.01132     1.13750     1.93359     0.18892     0.48171     0.00912     0.00946     0.11296
    -5.70474     0.00849     0.88350     2.10125     0.20256     0.42849     0.00979     0.00812     0.09003
    -5.68174     0.00626     0.67820     2.29312     0.21930     0.39194     0.01061     0.00712     0.07169
    -5.65874     0.00454     0.51760     2.49968     0.23826     0.37029     0.01152     0.00644     0.05757
    -5.63574     0.00326     0.39559     2.71067     0.25842     0.36109     0.01246     0.00601     0.04710
    -5.61174     0.00232     0.30573     2.91538     0.27874     0.36163     0.01339     0.00579     0.03961
    -5.58874     0.00166     0.24117     3.10402     0.29820     0.36919     0.01426     0.00571     0.03445
    -5.56574     0.00120     0.19574     3.26795     0.31585     0.38138     0.01503     0.00572     0.03103
    -5.54274     0.00088     0.16420     3.40075     0.33097     0.39611     0.01568     0.00579     0.02882
    -5.51874     0.00066     0.14225     3.49852     0.34311     0.41202     0.01618     0.00589     0.02740
    -5.49574     0.00052     0.12664     3.56022     0.35205     0.42832     0.01654     0.00599     0.02647
    -5.47274     0.00042     0.11502     3.58809     0.35792     0.44494     0.01677     0.00609     0.02580
    -5.44974     0.00035     0.10580     3.58660     0.36113     0.46253     0.01692     0.00618     0.02526
    -5.42574     0.00030     0.09799     3.56276     0.36235     0.48237     0.01700     0.00627     0.02479
    -5.40274     0.00027     0.09104     3.52495     0.36238     0.50645     0.01705     0.00636     0.02437
    -5.37974     0.00024     0.08466     3.48185     0.36209     0.53736     0.01712     0.00646     0.02401
    -5.35674     0.00022     0.07879     3.44139     0.36230     0.57836     0.01723     0.00657     0.02375
    -5.33274     0.00020     0.07343     3.41021     0.36367     0.63337     0.01739     0.00671     0.02363
    -5.30974     0.00019     0.06860     3.39258     0.36661     0.70710     0.01760     0.00687     0.02369
    -5.28674     0.00018     0.06432     3.39019     0.37129     0.80513     0.01787     0.00705     0.02397
    -5.26374     0.00017     0.06062     3.40261     0.37764     0.93418     0.01818     0.00723     0.02450
    -5.23974     0.00017     0.05749     3.42780     0.38542     1.10211     0.01849     0.00743     0.02530
    -5.21674     0.00017     0.05489     3.46309     0.39436     1.31825     0.01878     0.00762     0.02641
    -5.19374     0.00018     0.05280     3.50640     0.40427     1.59318     0.01902     0.00780     0.02786
    -5.17074     0.00018     0.05116     3.55742     0.41519     1.93864     0.01920     0.00799     0.02968
    -5.14674     0.00019     0.05003     3.61802     0.42743     2.36716     0.01931     0.00819     0.03194
    -5.12374     0.00021     0.04936     3.69293     0.44166     2.89112     0.01937     0.00842     0.03469
    -5.10074     0.00023     0.04923     3.78876     0.45880     3.52227     0.01940     0.00868     0.03799
    -5.07774     0.00025     0.04969     3.91390     0.47992     4.27010     0.01942     0.00902     0.04191
    -5.05374     0.00029     0.05080     4.07625     0.50609     5.14089     0.01949     0.00944     0.04650
    -5.03074     0.00032     0.05261     4.28207     0.53813     6.13606     0.01963     0.00997     0.05178
    -5.00774     0.00037     0.05515     4.53475     0.57643     7.25174     0.01988     0.01061     0.05774
    -4.98474     0.00041     0.05840     4.83330     0.62086     8.47704     0.02026     0.01136     0.06434
    -4.96074     0.00047     0.06229     5.17164     0.67060     9.79441     0.02077     0.01221     0.07147
    -4.93774     0.00052     0.06669     5.53939     0.72428    11.17962     0.02141     0.01313     0.07900
    -4.91474     0.00058     0.07143     5.92090     0.78001    12.60276     0.02215     0.01410     0.08672
    -4.89174     0.00063     0.07632     6.29987     0.83561    14.02938     0.02295     0.01508     0.09444
    -4.86874     0.00068     0.08106     6.65847     0.88894    15.42395     0.02378     0.01603     0.10194
    -4.84474     0.00072     0.08543     6.98093     0.93810    16.75138     0.02458     0.01691     0.10902
    -4.82174     0.00076     0.08923     7.25511     0.98168    17.98162     0.02535     0.01770     0.11551
    -4.79874     0.00078     0.09226     7.47272     1.01904    19.09072     0.02606     0.01838     0.12136
    -4.77574     0.00080     0.09440     7.63204     1.05027    20.06565     0.02672     0.01896     0.12647
    -4.75174     0.00080     0.09561     7.73791     1.07633    20.90443     0.02737     0.01943     0.13096
    -4.72874     0.00080     0.09593     7.79829     1.09890    21.61793     0.02805     0.01982     0.13491
    -4.70574     0.00080     0.09547     7.82706     1.12008    22.22839     0.02881     0.02018     0.13858
    -4.68274     0.00079     0.09444     7.83948     1.14237    22.76701     0.02974     0.02053     0.14222
    -4.65874     0.00079     0.09306     7.85331     1.16818    23.27329     0.03088     0.02092     0.14609
    -4.63574     0.00080     0.09159     7.88234     1.19978    23.78822     0.03229     0.02139     0.15049
    -4.61274     0.00081     0.09029     7.94094     1.23893    24.35126     0.03399     0.02196     0.15562
    -4.58974     0.00084     0.08942     8.03762     1.28679    24.99508     0.03600     0.02266     0.16175
    -4.56574     0.00088     0.08916     8.17684     1.34381    25.74469     0.03829     0.02348     0.16892
    -4.54274     0.00093     0.08966     8.35846     1.40969    26.61235     0.04080     0.02443     0.17721
    -4.51974     0.00100     0.09099     8.57697     1.48335    27.59571     0.04349     0.02549     0.18649
    -4.49674     0.00107     0.09314     8.82422     1.56306    28.68268     0.04625     0.02662     0.19662
    -4.47274     0.00116     0.09604     9.08664     1.64653    29.84533     0.04899     0.02781     0.20736
    -4.44974     0.00124     0.09954     9.35007     1.73107    31.04861     0.05160     0.02900     0.21844
    -4.42674     0.00132     0.10346     9.59844     1.81352    32.24853     0.05400     0.03016     0.22947
    -4.40374     0.00140     0.10754     9.81447     1.89091    33.39832     0.05609     0.03124     0.24005
    -4.37974     0.00146     0.11154     9.98210     1.96029    34.44725     0.05779     0.03222     0.24981
    -4.35674     0.00151     0.11519    10.08828     2.01886    35.35248     0.05905     0.03306     0.25837
    -4.33374     0.00153     0.11824    10.12215     2.06450    36.07741     0.05981     0.03372     0.26542
    -4.31074     0.00154     0.12048    10.07760     2.09597    36.59332     0.06010     0.03419     0.27067
    -4.28674     0.00152     0.12175     9.95199     2.11255    36.88656     0.05990     0.03445     0.27396
    -4.26374     0.00148     0.12195     9.74729     2.11481    36.95942     0.05925     0.03450     0.27527
    -4.24074     0.00143     0.12105     9.47336     2.10410    36.82977     0.05821     0.03437     0.27467
    -4.21774     0.00135     0.11908     9.13949     2.08277    36.52896     0.05689     0.03406     0.27240
    -4.19374     0.00127     0.11614     8.76371     2.05393    36.10212     0.05535     0.03363     0.26877
    -4.17074     0.00118     0.11241     8.36293     2.02109    35.60533     0.05373     0.03312     0.26427
    -4.14774     0.00110     0.10811     7.95598     1.98821    35.09743     0.05212     0.03258     0.25943
    -4.12474     0.00101     0.10343     7.56290     1.95886    34.63866     0.05063     0.03208     0.25481
    -4.10074     0.00093     0.09866     7.19889     1.93650    34.28700     0.04935     0.03166     0.25103
    -4.07774     0.00086     0.09400     6.87887     1.92386    34.08751     0.04834     0.03137     0.24861
    -4.05474     0.00081     0.08966     6.61278     1.92268    34.07435     0.04763     0.03124     0.24792
    -4.03174     0.00077     0.08583     6.40539     1.93392    34.26553     0.04725     0.03129     0.24932
    -4.00774     0.00074     0.08260     6.25893     1.95753    34.66251     0.04716     0.03151     0.25288
    -3.98474     0.00073     0.08010     6.17166     1.99274    35.25162     0.04733     0.03190     0.25859
    -3.96174     0.00073     0.07832     6.13736     2.03776    36.00543     0.04771     0.03241     0.26629
    -3.93874     0.00073     0.07732     6.14762     2.09038    36.88452     0.04825     0.03301     0.27566
    -3.91474     0.00075     0.07707     6.19322     2.14810    37.84496     0.04888     0.03366     0.28625
    -3.89174     0.00078     0.07755     6.26339     2.20800    38.84160     0.04956     0.03431     0.29763
    -3.86874     0.00081     0.07875     6.34884     2.26757    39.82690     0.05024     0.03493     0.30935
    -3.84574     0.00085     0.08067     6.43946     2.32400    40.75890     0.05092     0.03548     0.32093
    -3.82174     0.00090     0.08329     6.52794     2.37524    41.60627     0.05160     0.03596     0.33208
    -3.79874     0.00096     0.08664     6.60731     2.41912    42.34215     0.05229     0.03635     0.34250
    -3.77574     0.00103     0.09070     6.67308     2.45431    42.95009     0.05301     0.03666     0.35204
    -3.75274     0.00111     0.09551     6.72235     2.47979    43.42446     0.05382     0.03690     0.36064
    -3.72874     0.00120     0.10102     6.75469     2.49539    43.76509     0.05473     0.03710     0.36827
    -3.70574     0.00130     0.10720     6.76973     2.50111    43.98057     0.05582     0.03726     0.37503
    -3.68274     0.00142     0.11389     6.76794     2.49788    44.08800     0.05711     0.03741     0.38097
    -3.65974     0.00155     0.12099     6.75146     2.48678    44.10609     0.05864     0.03757     0.38626
    -3.63574     0.00168     0.12825     6.72203     2.46946    44.05773     0.06047     0.03775     0.39099
    -3.61274     0.00181     0.13545     6.68064     2.44775    43.96661     0.06262     0.03795     0.39526
    -3.58974     0.00195     0.14230     6.62888     2.42321    43.85292     0.06511     0.03819     0.39912
    -3.56674     0.00208     0.14855     6.56539     2.39759    43.73810     0.06798     0.03846     0.40270
    -3.54374     0.00221     0.15395     6.49043     2.37218    43.63593     0.07122     0.03877     0.40604
    -3.51974     0.00233     0.15831     6.40183     2.34797    43.55847     0.07487     0.03911     0.40926
    -3.49674     0.00243     0.16150     6.29900     2.32568    43.51750     0.07891     0.03948     0.41243
    -3.47374     0.00253     0.16348     6.18030     2.30594    43.51692     0.08331     0.03988     0.41579
    -3.45074     0.00263     0.16425     6.04475     2.28923    43.57411     0.08805     0.04032     0.41949
    -3.42674     0.00271     0.16392     5.89378     2.27630    43.70080     0.09307     0.04081     0.42374
    -3.40374     0.00280     0.16262     5.72842     2.26790    43.92070     0.09828     0.04135     0.42884
    -3.38074     0.00288     0.16052     5.55177     2.26528    44.26636     0.10361     0.04196     0.43508
    -3.35774     0.00296     0.15788     5.36835     2.26995    44.77360     0.10895     0.04265     0.44276
    -3.33374     0.00305     0.15488     5.18294     2.28346    45.48566     0.11420     0.04344     0.45214
    -3.31074     0.00313     0.15176     5.00049     2.30729    46.44699     0.11928     0.04434     0.46351
    -3.28774     0.00321     0.14869     4.82577     2.34283    47.69180     0.12412     0.04537     0.47705
    -3.26474     0.00328     0.14587     4.66277     2.39069    49.24792     0.12863     0.04652     0.49289
    -3.24074     0.00334     0.14347     4.51374     2.45082    51.12493     0.13279     0.04778     0.51112
    -3.21774     0.00338     0.14159     4.37936     2.52240    53.30951     0.13657     0.04915     0.53167
    -3.19474     0.00341     0.14035     4.25789     2.60356    55.76629     0.13999     0.05059     0.55438
    -3.17174     0.00342     0.13981     4.14719     2.69180    58.43751     0.14304     0.05208     0.57905
    -3.14774     0.00341     0.14001     4.04248     2.78390    61.24381     0.14578     0.05357     0.60541
    -3.12474     0.00338     0.14099     3.93972     2.87638    64.09204     0.14822     0.05502     0.63317
    -3.10174     0.00334     0.14272     3.83334     2.96586    66.88270     0.15039     0.05640     0.66205
    -3.07874     0.00329     0.14517     3.71996     3.04945    69.51852     0.15233     0.05767     0.69185
    -3.05474     0.00324     0.14829     3.59645     3.12447    71.90695     0.15407     0.05882     0.72237
    -3.03174     0.00319     0.15201     3.46116     3.18927    73.97670     0.15559     0.05983     0.75350
    -3.00874     0.00315     0.15623     3.31482     3.24280    75.67872     0.15693     0.06068     0.78521
    -2.98574     0.00312     0.16081     3.15891     3.28468    76.98060     0.15805     0.06140     0.81742
    -2.96174     0.00309     0.16566     2.99653     3.31511    77.87685     0.15890     0.06198     0.85001
    -2.93874     0.00309     0.17062     2.83151     3.33473    78.38452     0.15944     0.06244     0.88290
    -2.91574     0.00309     0.17554     2.66766     3.34457    78.53424     0.15959     0.06278     0.91577
    -2.89274     0.00311     0.18027     2.50900     3.34549    78.37394     0.15924     0.06302     0.94827
    -2.86874     0.00314     0.18467     2.35831     3.33873    77.95568     0.15829     0.06312     0.97975
    -2.84574     0.00318     0.18858     2.21798     3.32537    77.33027     0.15665     0.06311     1.00996
    -2.82274     0.00322     0.19190     2.08904     3.30634    76.54988     0.15421     0.06293     1.03802
    -2.79974     0.00327     0.19449     1.97215     3.28247    75.65925     0.15091     0.06260     1.06350
    -2.77574     0.00332     0.19627     1.86650     3.25480    74.69103     0.14673     0.06209     1.08567
    -2.75274     0.00337     0.19718     1.77113     3.22383    73.67135     0.14169     0.06138     1.10451
    -2.72974     0.00343     0.19716     1.68505     3.19002    72.61802     0.13584     0.06048     1.11949
    -2.70674     0.00348     0.19621     1.60672     3.15385    71.53862     0.12933     0.05941     1.13072
    -2.68274     0.00353     0.19429     1.53534     3.11534    70.43874     0.12229     0.05816     1.13870
    -2.65974     0.00357     0.19147     1.46973     3.07486    69.32134     0.11491     0.05677     1.14327
    -2.63674     0.00361     0.18779     1.40949     3.03222    68.18960     0.10741     0.05529     1.14529
    -2.61374     0.00365     0.18334     1.35426     2.98787    67.04689     0.09998     0.05372     1.14555
    -2.58974     0.00369     0.17825     1.30412     2.94217    65.90426     0.09280     0.05213     1.14430
    -2.56674     0.00372     0.17267     1.25961     2.89562    64.77518     0.08605     0.05055     1.14238
    -2.54374     0.00375     0.16677     1.22088     2.84902    63.67421     0.07984     0.04902     1.14051
    -2.52074     0.00377     0.16074     1.18867     2.80333    62.61599     0.07428     0.04757     1.13926
    -2.49674     0.00379     0.15476     1.16350     2.75977    61.61631     0.06941     0.04621     1.13854
    -2.47374     0.00381     0.14900     1.14578     2.71954    60.68191     0.06526     0.04497     1.13909
    -2.45074     0.00382     0.14360     1.13580     2.68390    59.81921     0.06181     0.04386     1.14100
    -2.42774     0.00383     0.13870     1.13358     2.65376    59.02855     0.05905     0.04288     1.14337
    -2.40374     0.00384     0.13431     1.13902     2.63052    58.30453     0.05692     0.04203     1.14653
    -2.38074     0.00384     0.13050     1.15177     2.61487    57.63906     0.05534     0.04129     1.14992
    -2.35774     0.00384     0.12728     1.17153     2.60804    57.02799     0.05426     0.04068     1.15275
    -2.33474     0.00383     0.12457     1.19786     2.61060    56.46697     0.05360     0.04016     1.15468
    -2.31174     0.00381     0.12237     1.23038     2.62379    55.95685     0.05331     0.03975     1.15567
    -2.28774     0.00378     0.12064     1.26901     2.64823    55.50423     0.05331     0.03943     1.15519
    -2.26474     0.00375     0.11932     1.31377     2.68498    55.12238     0.05354     0.03922     1.15323
    -2.24174     0.00371     0.11838     1.36475     2.73479    54.82536     0.05396     0.03913     1.15022
    -2.21874     0.00367     0.11778     1.42234     2.79816    54.63057     0.05452     0.03915     1.14636
    -2.19474     0.00362     0.11745     1.48650     2.87516    54.55074     0.05517     0.03932     1.14214
    -2.17174     0.00356     0.11736     1.55723     2.96519    54.59353     0.05587     0.03963     1.13836
    -2.14874     0.00350     0.11744     1.63376     3.06704    54.75568     0.05659     0.04010     1.13568
    -2.12574     0.00343     0.11760     1.71496     3.17861    55.02540     0.05730     0.04071     1.13444
    -2.10174     0.00335     0.11776     1.79885     3.29703    55.37924     0.05795     0.04146     1.13558
    -2.07874     0.00327     0.11784     1.88302     3.41898    55.78581     0.05853     0.04231     1.13881
    -2.05574     0.00318     0.11778     1.96448     3.54027    56.20519     0.05901     0.04325     1.14454
    -2.03274     0.00309     0.11748     2.04008     3.65705    56.59808     0.05937     0.04423     1.15207
    -2.00874     0.00299     0.11694     2.10691     3.76545    56.92253     0.05962     0.04520     1.16136
    -1.98574     0.00289     0.11617     2.16243     3.86228    57.14635     0.05973     0.04613     1.17204
    -1.96274     0.00278     0.11516     2.20486     3.94511    57.24493     0.05972     0.04699     1.18330
    -1.93974     0.00267     0.11399     2.23354     4.01301    57.20748     0.05959     0.04775     1.19509
    -1.91574     0.00257     0.11271     2.24858     4.06599    57.03647     0.05937     0.04839     1.20660
    -1.89274     0.00246     0.11141     2.25142     4.10531    56.74547     0.05908     0.04890     1.21759
    -1.86974     0.00236     0.11016     2.24427     4.13332    56.36592     0.05876     0.04931     1.22802
    -1.84674     0.00227     0.10902     2.23007     4.15319    55.93602     0.05844     0.04961     1.23810
    -1.82274     0.00219     0.10806     2.21205     4.16869    55.49858     0.05815     0.04985     1.24802
    -1.79974     0.00212     0.10730     2.19358     4.18360    55.09840     0.05794     0.05004     1.25768
    -1.77674     0.00206     0.10675     2.17777     4.20168    54.77567     0.05787     0.05021     1.26758
    -1.75374     0.00202     0.10639     2.16737     4.22611    54.56696     0.05796     0.05039     1.27828
    -1.72974     0.00199     0.10620     2.16430     4.25955    54.48987     0.05823     0.05060     1.28936
    -1.70674     0.00197     0.10609     2.16981     4.30377    54.55572     0.05873     0.05086     1.30143
    -1.68374     0.00197     0.10603     2.18440     4.35941    54.75985     0.05948     0.05117     1.31432
    -1.66074     0.00196     0.10595     2.20739     4.42614    55.07962     0.06049     0.05154     1.32764
    -1.63674     0.00197     0.10576     2.23746     4.50233    55.48658     0.06175     0.05196     1.34167
    -1.61374     0.00197     0.10545     2.27257     4.58579    55.93490     0.06324     0.05243     1.35551
    -1.59074     0.00198     0.10497     2.30991     4.67300    56.38162     0.06493     0.05296     1.36934
    -1.56774     0.00198     0.10432     2.34629     4.76005    56.77130     0.06677     0.05348     1.38216
    -1.54374     0.00198     0.10350     2.37848     4.84269    57.05589     0.06870     0.05404     1.39386
    -1.52074     0.00198     0.10254     2.40310     4.91651    57.19061     0.07065     0.05461     1.40413
    -1.49774     0.00198     0.10147     2.41747     4.97784    57.14487     0.07255     0.05515     1.41181
    -1.47474     0.00197     0.10032     2.41916     5.02346    56.89211     0.07434     0.05572     1.41773
    -1.45074     0.00197     0.09911     2.40688     5.05127    56.42750     0.07595     0.05624     1.42085
    -1.42774     0.00196     0.09785     2.38006     5.06032    55.75571     0.07736     0.05674     1.42166
    -1.40474     0.00197     0.09653     2.33907     5.05093    54.89541     0.07852     0.05723     1.42045
    -1.38174     0.00198     0.09517     2.28518     5.02427    53.87626     0.07945     0.05768     1.41708
    -1.35774     0.00199     0.09371     2.22041     4.98241    52.73640     0.08017     0.05805     1.41188
    -1.33474     0.00201     0.09214     2.14727     4.92791    51.51476     0.08071     0.05835     1.40564
    -1.31174     0.00204     0.09044     2.06843     4.86324    50.24920     0.08110     0.05855     1.39888
    -1.28874     0.00208     0.08859     1.98662     4.79065    48.97547     0.08138     0.05863     1.39158
    -1.26474     0.00212     0.08659     1.90449     4.71212    47.72201     0.08159     0.05857     1.38404
    -1.24174     0.00217     0.08448     1.82410     4.62855    46.50738     0.08172     0.05833     1.37672
    -1.21874     0.00222     0.08228     1.74726     4.54078    45.34281     0.08178     0.05791     1.36928
    -1.19574     0.00228     0.08006     1.67516     4.44877    44.23236     0.08173     0.05728     1.36177
    -1.17174     0.00234     0.07789     1.60863     4.35264    43.17450     0.08156     0.05646     1.35443
    -1.14874     0.00241     0.07583     1.54802     4.25224    42.16939     0.08118     0.05547     1.34692
    -1.12574     0.00249     0.07398     1.49338     4.14792    41.20641     0.08059     0.05430     1.33903
    -1.10274     0.00258     0.07238     1.44455     4.04028    40.28562     0.07973     0.05302     1.33133
    -1.07874     0.00267     0.07108     1.40097     3.93036    39.40554     0.07858     0.05166     1.32377
    -1.05574     0.00279     0.07012     1.36219     3.81964    38.56647     0.07717     0.05026     1.31666
    -1.03274     0.00291     0.06949     1.32767     3.70998    37.77433     0.07552     0.04889     1.31036
    -1.00974     0.00305     0.06918     1.29656     3.60324    37.03575     0.07366     0.04758     1.30579
    -0.98674     0.00319     0.06914     1.26841     3.50114    36.36561     0.07165     0.04635     1.30310
    -0.96274     0.00335     0.06934     1.24257     3.40550    35.77735     0.06956     0.04526     1.30297
    -0.93974     0.00351     0.06971     1.21871     3.31760    35.28786     0.06746     0.04431     1.30578
    -0.91674     0.00367     0.07020     1.19641     3.23833    34.91541     0.06537     0.04352     1.31175
    -0.89374     0.00381     0.07075     1.17559     3.16848    34.68091     0.06336     0.04292     1.32113
    -0.86974     0.00394     0.07135     1.15627     3.10841    34.60076     0.06145     0.04249     1.33385
    -0.84674     0.00405     0.07193     1.13861     3.05793    34.69099     0.05962     0.04222     1.34989
    -0.82374     0.00412     0.07249     1.12291     3.01693    34.96272     0.05790     0.04213     1.36867
    -0.80074     0.00415     0.07303     1.10939     2.98505    35.41858     0.05628     0.04217     1.38976
    -0.77674     0.00414     0.07355     1.09826     2.96189    36.05205     0.05472     0.04233     1.41224
    -0.75374     0.00409     0.07406     1.08974     2.94688    36.84987     0.05324     0.04259     1.43577
    -0.73074     0.00400     0.07457     1.08380     2.93943    37.78481     0.05183     0.04291     1.45944
    -0.70774     0.00388     0.07511     1.08037     2.93853    38.82029     0.05048     0.04328     1.48254
    -0.68374     0.00373     0.07567     1.07894     2.94366    39.91191     0.04920     0.04366     1.50440
    -0.66074     0.00357     0.07625     1.07922     2.95352    41.01131     0.04799     0.04402     1.52490
    -0.63774     0.00341     0.07688     1.08058     2.96680    42.06833     0.04686     0.04434     1.54350
    -0.61474     0.00326     0.07754     1.08255     2.98246    43.04032     0.04582     0.04458     1.55970
    -0.59074     0.00313     0.07821     1.08462     2.99892    43.88598     0.04491     0.04472     1.57380
    -0.56774     0.00302     0.07886     1.08640     3.01493    44.58042     0.04411     0.04476     1.58580
    -0.54474     0.00294     0.07946     1.08777     3.02908    45.10906     0.04345     0.04470     1.59530
    -0.52174     0.00290     0.08001     1.08879     3.04046    45.47184     0.04294     0.04453     1.60230
    -0.49774     0.00288     0.08047     1.08943     3.04794    45.67722     0.04258     0.04425     1.60700
    -0.47474     0.00288     0.08082     1.09002     3.05133    45.74542     0.04237     0.04385     1.60890
    -0.45174     0.00291     0.08103     1.09075     3.05030    45.70083     0.04231     0.04338     1.60790
    -0.42874     0.00295     0.08109     1.09176     3.04474    45.56690     0.04238     0.04281     1.60390
    -0.40474     0.00299     0.08102     1.09306     3.03507    45.36557     0.04253     0.04217     1.59670
    -0.38174     0.00303     0.08079     1.09443     3.02139    45.11280     0.04274     0.04147     1.58680
    -0.35874     0.00306     0.08043     1.09549     3.00398    44.81820     0.04295     0.04071     1.57360
    -0.33574     0.00307     0.07995     1.09566     2.98294    44.48282     0.04313     0.03990     1.55810
    -0.31174     0.00307     0.07941     1.09421     2.95788    44.10166     0.04323     0.03905     1.54030
    -0.28874     0.00305     0.07880     1.09048     2.92847    43.66588     0.04322     0.03818     1.52110
    -0.26574     0.00302     0.07819     1.08387     2.89406    43.16720     0.04311     0.03729     1.50100
    -0.24274     0.00297     0.07764     1.07387     2.85415    42.59989     0.04287     0.03642     1.48090
    -0.21874     0.00292     0.07721     1.06024     2.80819    41.96154     0.04255     0.03560     1.46160
    -0.19574     0.00287     0.07696     1.04294     2.75607    41.26029     0.04215     0.03485     1.44390
    -0.17274     0.00282     0.07698     1.02238     2.69786    40.50990     0.04172     0.03422     1.42870
    -0.14974     0.00278     0.07733     0.99911     2.63468    39.73494     0.04133     0.03374     1.41740
    -0.12574     0.00276     0.07810     0.97405     2.56786    38.96212     0.04099     0.03344     1.41040
    -0.10274     0.00275     0.07935     0.94806     2.49923    38.22347     0.04076     0.03334     1.40860
    -0.07974     0.00277     0.08107     0.92231     2.43127    37.55005     0.04064     0.03348     1.41240
    -0.05674     0.00280     0.08328     0.89764     2.36625    36.96595     0.04068     0.03385     1.42280
    -0.03274     0.00286     0.08595     0.87486     2.30627    36.49054     0.04086     0.03445     1.43920
    -0.00974     0.00295     0.08899     0.85463     2.25340    36.13269     0.04117     0.03526     1.46240
     0.01326     0.00305     0.09234     0.83720     2.20860    35.89269     0.04156     0.03626     1.49130
     0.03626     0.00317     0.09585     0.82290     2.17262    35.76333     0.04204     0.03742     1.52550
     0.06026     0.00332     0.09939     0.81169     2.14544    35.73241     0.04253     0.03868     1.56380
     0.08326     0.00348     0.10285     0.80357     2.12656    35.78368     0.04303     0.04002     1.60540
     0.10626     0.00365     0.10608     0.79852     2.11517    35.90541     0.04350     0.04139     1.64900
     0.12926     0.00385     0.10896     0.79647     2.11034    36.08917     0.04393     0.04273     1.69310
     0.15326     0.00406     0.11139     0.79747     2.11128    36.33048     0.04432     0.04404     1.73650
     0.17626     0.00429     0.11332     0.80177     2.11751    36.63438     0.04468     0.04528     1.77820
     0.19926     0.00453     0.11469     0.80927     2.12865    37.00620     0.04500     0.04646     1.81680
     0.22226     0.00479     0.11553     0.82016     2.14445    37.45841     0.04531     0.04758     1.85140
     0.24526     0.00506     0.11585     0.83416     2.16512    37.99821     0.04558     0.04868     1.88120
     0.26926     0.00533     0.11575     0.85095     2.19043    38.63165     0.04582     0.04979     1.90550
     0.29226     0.00560     0.11533     0.87000     2.22031    39.35893     0.04600     0.05096     1.92340
     0.31526     0.00585     0.11472     0.89033     2.25388    40.17130     0.04609     0.05221     1.93520
     0.33826     0.00606     0.11406     0.91095     2.29034    41.04936     0.04607     0.05362     1.94000
     0.36226     0.00624     0.11352     0.93063     2.32808    41.96961     0.04587     0.05516     1.93850
     0.38526     0.00636     0.11322     0.94824     2.36535    42.89854     0.04548     0.05683     1.93060
     0.40826     0.00642     0.11328     0.96276     2.39989    43.80162     0.04486     0.05862     1.91710
     0.43126     0.00641     0.11378     0.97314     2.42952    44.64697     0.04401     0.06047     1.89810
     0.45526     0.00634     0.11471     0.97889     2.45222    45.40000     0.04291     0.06228     1.87470
     0.47826     0.00620     0.11606     0.97958     2.46613    46.03989     0.04160     0.06395     1.84760
     0.50126     0.00600     0.11776     0.97521     2.46996    46.54948     0.04009     0.06542     1.81790
     0.52426     0.00576     0.11967     0.96619     2.46288    46.92535     0.03842     0.06656     1.78600
     0.54826     0.00549     0.12167     0.95300     2.44475    47.17468     0.03666     0.06733     1.75340
     0.57126     0.00521     0.12363     0.93652     2.41624    47.31356     0.03484     0.06765     1.72030
     0.59426     0.00493     0.12540     0.91770     2.37843    47.36387     0.03302     0.06754     1.68760
     0.61726     0.00466     0.12689     0.89778     2.33306    47.36206     0.03125     0.06701     1.65600
     0.64126     0.00443     0.12803     0.87789     2.28220    47.33998     0.02958     0.06613     1.62650
     0.66426     0.00424     0.12878     0.85924     2.22832    47.33574     0.02803     0.06497     1.59960
     0.68726     0.00410     0.12916     0.84308     2.17406    47.38182     0.02664     0.06366     1.57580
     0.71026     0.00402     0.12922     0.83031     2.12213    47.51304     0.02542     0.06225     1.55620
     0.73426     0.00399     0.12902     0.82179     2.07485    47.75331     0.02438     0.06089     1.54110
     0.75726     0.00402     0.12864     0.81793     2.03458    48.12489     0.02352     0.05966     1.53090
     0.78026     0.00410     0.12815     0.81911     2.00293    48.64202     0.02282     0.05865     1.52660
     0.80326     0.00423     0.12766     0.82503     1.98115    49.31145     0.02226     0.05787     1.52800
     0.82726     0.00440     0.12719     0.83520     1.96989    50.13256     0.02182     0.05738     1.53540
     0.85026     0.00460     0.12679     0.84888     1.96910    51.10281     0.02150     0.05717     1.54800
     0.87326     0.00484     0.12649     0.86506     1.97810    52.21305     0.02125     0.05723     1.56630
     0.89626     0.00508     0.12628     0.88242     1.99579    53.44931     0.02108     0.05754     1.58870
     0.92026     0.00534     0.12615     0.89999     2.02070    54.80001     0.02094     0.05806     1.61520
     0.94326     0.00560     0.12606     0.91659     2.05100    56.24901     0.02086     0.05877     1.64420
     0.96626     0.00585     0.12602     0.93142     2.08488    57.78555     0.02081     0.05962     1.67490
     0.98926     0.00610     0.12598     0.94387     2.12058    59.39726     0.02080     0.06056     1.70660
     1.01326     0.00633     0.12593     0.95381     2.15652    61.07093     0.02085     0.06159     1.73830
     1.03626     0.00654     0.12586     0.96138     2.19149    62.79654     0.02095     0.06268     1.76960
     1.05926     0.00673     0.12579     0.96695     2.22450    64.56060     0.02111     0.06382     1.80040
     1.08226     0.00691     0.12574     0.97125     2.25501    66.35274     0.02135     0.06503     1.83100
     1.10626     0.00706     0.12575     0.97520     2.28271    68.15308     0.02165     0.06627     1.86150
     1.12926     0.00719     0.12586     0.97974     2.30745    69.94656     0.02204     0.06757     1.89260
     1.15226     0.00730     0.12610     0.98551     2.32952    71.71195     0.02251     0.06892     1.92480
     1.17526     0.00739     0.12654     0.99333     2.34902    73.42784     0.02306     0.07033     1.95850
     1.19926     0.00747     0.12717     1.00365     2.36602    75.06683     0.02371     0.07180     1.99450
     1.22226     0.00753     0.12803     1.01661     2.38088    76.60972     0.02444     0.07329     2.03280
     1.24526     0.00759     0.12908     1.03199     2.39321    78.03229     0.02526     0.07479     2.07320
     1.26826     0.00764     0.13030     1.04955     2.40291    79.31775     0.02619     0.07626     2.11550
     1.29226     0.00768     0.13163     1.06858     2.40961    80.44840     0.02722     0.07763     2.15960
     1.31526     0.00774     0.13300     1.08826     2.41282    81.41753     0.02836     0.07888     2.20520
     1.33826     0.00779     0.13433     1.10768     2.41206    82.21885     0.02961     0.07997     2.25250
     1.36126     0.00786     0.13555     1.12617     2.40727    82.85900     0.03098     0.08083     2.30140
     1.38526     0.00793     0.13660     1.14266     2.39837    83.34270     0.03246     0.08146     2.35340
     1.40826     0.00802     0.13746     1.15662     2.38565    83.68440     0.03404     0.08190     2.40910
     1.43126     0.00813     0.13812     1.16769     2.36979    83.90830     0.03572     0.08216     2.47060
     1.45426     0.00825     0.13860     1.17532     2.35187    84.03670     0.03748     0.08230     2.53910
     1.47826     0.00839     0.13896     1.17969     2.33270    84.09660     0.03932     0.08240     2.61640
     1.50126     0.00855     0.13929     1.18073     2.31371    84.11450     0.04121     0.08255     2.70330
     1.52426     0.00873     0.13965     1.17855     2.29563    84.11880     0.04312     0.08279     2.80040
     1.54726     0.00893     0.14013     1.17327     2.27932    84.13230     0.04499     0.08320     2.90730
     1.57026     0.00914     0.14083     1.16501     2.26489    84.16790     0.04681     0.08377     3.02180
     1.59426     0.00935     0.14178     1.15388     2.25228    84.23320     0.04850     0.08452     3.14130
     1.61726     0.00956     0.14301     1.13988     2.24092    84.32350     0.05000     0.08540     3.26220
     1.64026     0.00976     0.14453     1.12290     2.22999    84.42210     0.05126     0.08635     3.37980
     1.66326     0.00993     0.14628     1.10302     2.21807    84.50000     0.05220     0.08727     3.48880
     1.68726     0.01006     0.14822     1.08034     2.20408    84.51790     0.05278     0.08806     3.58380
     1.71026     0.01015     0.15022     1.05479     2.18656    84.42740     0.05296     0.08860     3.66020
     1.73326     0.01018     0.15218     1.02673     2.16450    84.17620     0.05272     0.08880     3.71270
     1.75626     0.01016     0.15395     0.99623     2.13664    83.70660     0.05205     0.08858     3.73810
     1.78026     0.01009     0.15538     0.96368     2.10204    82.96432     0.05096     0.08787     3.73430
     1.80326     0.00995     0.15631     0.92930     2.06007    81.89868     0.04949     0.08661     3.69960
     1.82626     0.00976     0.15661     0.89335     2.00987    80.46380     0.04769     0.08480     3.63430
     1.84926     0.00953     0.15608     0.85599     1.95098    78.62685     0.04560     0.08241     3.53920
     1.87326     0.00923     0.15460     0.81726     1.88297    76.36265     0.04328     0.07945     3.41650
     1.89626     0.00889     0.15206     0.77698     1.80559    73.65579     0.04079     0.07594     3.26860
     1.91926     0.00850     0.14833     0.73513     1.71878    70.51175     0.03818     0.07193     3.09850
     1.94226     0.00806     0.14338     0.69153     1.62272    66.94100     0.03549     0.06747     2.90990
     1.96626     0.00758     0.13718     0.64608     1.51809    62.97293     0.03277     0.06263     2.70630
     1.98926     0.00705     0.12978     0.59883     1.40589    58.65290     0.03003     0.05748     2.49120
     2.01226     0.00649     0.12126     0.54992     1.28742    54.03902     0.02730     0.05212     2.26800
     2.03526     0.00590     0.11180     0.49972     1.16467    49.20345     0.02461     0.04665     2.04090
     2.05926     0.00529     0.10158     0.44882     1.03980    44.23295     0.02197     0.04119     1.81390
     2.08226     0.00468     0.09087     0.39787     0.91522    39.22208     0.01940     0.03582     1.59060
     2.10526     0.00407     0.07996     0.34776     0.79344    34.27265     0.01694     0.03069     1.37505
     2.12826     0.00349     0.06914     0.29935     0.67696    29.48434     0.01460     0.02586     1.17066
     2.15226     0.00294     0.05872     0.25353     0.56792    24.94923     0.01241     0.02143     0.98065
     2.17526     0.00244     0.04893     0.21108     0.46812    20.74872     0.01040     0.01744     0.80748
     2.19826     0.00198     0.03997     0.17260     0.37887    16.94462     0.00857     0.01393     0.65312
     2.22126     0.00159     0.03200     0.13852     0.30088    13.57994     0.00695     0.01092     0.51849
     2.24526     0.00124     0.02508     0.10905     0.23434    10.67288     0.00554     0.00840     0.40366
     2.26826     0.00096     0.01925     0.08415     0.17890     8.22129     0.00433     0.00633     0.30805
     2.29126     0.00072     0.01446     0.06362     0.13382     6.20359     0.00333     0.00467     0.23026
     2.31426     0.00054     0.01062     0.04711     0.09804     4.58371     0.00251     0.00337     0.16854
     2.33826     0.00039     0.00763     0.03415     0.07033     3.31480     0.00185     0.00238     0.12070
     2.36126     0.00028     0.00536     0.02423     0.04939     2.34553     0.00134     0.00165     0.08458
     2.38426     0.00019     0.00368     0.01682     0.03394     1.62356     0.00095     0.00112     0.05797
     2.40726     0.00013     0.00247     0.01142     0.02282     1.09903     0.00066     0.00074     0.03885
     2.43126     0.00009     0.00162     0.00758     0.01501     0.72747     0.00045     0.00048     0.02544
     2.45426     0.00006     0.00104     0.00492     0.00966     0.47076     0.00030     0.00030     0.01629
     2.47726     0.00004     0.00065     0.00313     0.00608     0.29779     0.00019     0.00019     0.01019
     2.50026     0.00002     0.00040     0.00194     0.00375     0.18413     0.00012     0.00011     0.00623
     2.52426     0.00002     0.00024     0.00118     0.00226     0.11128     0.00008     0.00007     0.00372
     2.54726     0.00001     0.00014     0.00070     0.00133     0.06574     0.00005     0.00004     0.00217
     2.57026     0.00001     0.00008     0.00040     0.00077     0.03795     0.00003     0.00002     0.00124
     2.59326     0.00000     0.00004     0.00023     0.00043     0.02141     0.00002     0.00001     0.00069
     2.61726     0.00000     0.00002     0.00013     0.00024     0.01181     0.00001     0.00001     0.00037
     2.64026     0.00000     0.00001     0.00007     0.00013     0.00637     0.00000     0.00000     0.00020
     2.66326     0.00000     0.00001     0.00004     0.00007     0.00335     0.00000     0.00000     0.00010
     2.68626     0.00000     0.00000     0.00002     0.00003     0.00173     0.00000     0.00000     0.00005
     2.71026     0.00000     0.00000     0.00001     0.00002     0.00087     0.00000     0.00000     0.00003
     2.73326     0.00000     0.00000     0.00000     0.00001     0.00043     0.00000     0.00000     0.00001
     2.75626     0.00000     0.00000     0.00000     0.00000     0.00021     0.00000     0.00000     0.00001
     2.77926     0.00000     0.00000     0.00000     0.00000     0.00010     0.00000     0.00000     0.00000
     2.80226     0.00000     0.00000     0.00000     0.00000     0.00004     0.00000     0.00000     0.00000
     2.82626     0.00000     0.00000     0.00000     0.00000     0.00002     0.00000     0.00000     0.00000
     2.84926     0.00000     0.00000     0.00000     0.00000     0.00001     0.00000     0.00000     0.00000
     2.87226     0.00000     0.00000     0.00000     0.00000     0.00000     0.00000     0.00000     0.00000
     2.89526     0.00000     0.00000     0.00000     0.00000     0.00000     0.00000     0.00000     0.00000
     2.91926     0.00000     0.00000     0.00000     0.00000     0.00000     0.00000     0.00000     0.00000
     2.94226     0.00000     0.00000     0.00000     0.00000     0.00000     0.00000     0.00000     0.00000
     2.96526     0.00000     0.00000     0.00000     0.00000     0.00000     0.00000     0.00000     0.00000
     2.98826     0.00000     0.00000     0.00000     0.00000     0.00000     0.00000     0.00000     0.00000
     3.01226     0.00000     0.00000     0.00000     0.00000     0.00000     0.00000     0.00000     0.00000
     3.03526     0.00000     0.00000     0.00000     0.00000     0.00000     0.00000     0.00000     0.00000
     3.05826     0.00000     0.00000     0.00000     0.00000     0.00000     0.00000     0.00000     0.00000
     3.08126     0.00000     0.00000     0.00000     0.00000     0.00000     0.00000     0.00000     0.00000
     3.10526     0.00000     0.00000     0.00000     0.00000     0.00000     0.00000     0.00000     0.00000
     3.12826     0.00000     0.00000     0.00000     0.00000     0.00000     0.00000     0.00000     0.00000
     3.15126     0.00000     0.00000     0.00000     0.00000     0.00000     0.00000     0.00000     0.00000
     3.17426     0.00000     0.00000     0.00000     0.00000     0.00000     0.00000     0.00000     0.00000
     3.19826     0.00000     0.00000     0.00000     0.00000     0.00000     0.00000     0.00000     0.00000
     3.22126     0.00000     0.00000     0.00000     0.00000     0.00000     0.00000     0.00000     0.00000
     3.24426     0.00000     0.00000     0.00000     0.00000     0.00000     0.00000     0.00000     0.00000
     3.26726     0.00000     0.00000     0.00000     0.00000     0.00000     0.00000     0.00000     0.00000
     3.29126     0.00000     0.00000     0.00000     0.00000     0.00000     0.00000     0.00000     0.00000
     3.31426     0.00000     0.00000     0.00000     0.00000     0.00000     0.00000     0.00000     0.00000
     3.33726     0.00000     0.00000     0.00000     0.00000     0.00000     0.00000     0.00000     0.00000
     3.36026     0.00000     0.00000     0.00000     0.00000     0.00000     0.00000     0.00000     0.00000
     3.38426     0.00000     0.00000     0.00000     0.00000     0.00000     0.00000     0.00000     0.00000
     3.40726     0.00000     0.00000     0.00000     0.00000     0.00000     0.00000     0.00000     0.00000
     3.43026     0.00000     0.00000     0.00000     0.00000     0.00000     0.00000     0.00000     0.00000
     3.45326     0.00000     0.00000     0.00000     0.00000     0.00000     0.00000     0.00000     0.00000
     3.47726     0.00000     0.00000     0.00000     0.00000     0.00000     0.00000     0.00000     0.00000
     3.50026     0.00000     0.00000     0.00000     0.00000     0.00000     0.00000     0.00000     0.00000
     3.52326     0.00000     0.00000     0.00000     0.00000     0.00000     0.00000     0.00000     0.00000
     3.54626     0.00000     0.00000     0.00000     0.00000     0.00000     0.00000     0.00000     0.00000
     3.57026     0.00000     0.00000     0.00000     0.00000     0.00000     0.00000     0.00000     0.00000
     3.59326     0.00000     0.00000     0.00000     0.00000     0.00000     0.00000     0.00000     0.00000
     3.61626     0.00000     0.00000     0.00000     0.00000     0.00000     0.00000     0.00000     0.00000
     3.63926     0.00000     0.00000     0.00000     0.00000     0.00000     0.00000     0.00000     0.00000
     3.66326     0.00000     0.00000     0.00000     0.00000     0.00000     0.00000     0.00000     0.00000
     3.68626     0.00000     0.00000     0.00000     0.00000     0.00000     0.00000     0.00000     0.00000
     3.70926     0.00000     0.00000     0.00000     0.00000     0.00000     0.00000     0.00000     0.00000
     3.73226     0.00000     0.00000     0.00000     0.00000     0.00000     0.00000     0.00000     0.00000
     3.75626     0.00000     0.00000     0.00000     0.00000     0.00000     0.00000     0.00000     0.00000
     3.77926     0.00000     0.00000     0.00000     0.00000     0.00000     0.00000     0.00000     0.00000
     3.80226     0.00000     0.00000     0.00000     0.00000     0.00000     0.00000     0.00000     0.00000
     3.82526     0.00000     0.00000     0.00000     0.00000     0.00000     0.00000     0.00000     0.00000
     3.84926     0.00000     0.00000     0.00000     0.00000     0.00000     0.00000     0.00000     0.00000
     3.87226     0.00000     0.00000     0.00000     0.00000     0.00000     0.00000     0.00000     0.00000
     3.89526     0.00000     0.00000     0.00000     0.00000     0.00000     0.00000     0.00000     0.00000
     3.91826     0.00000     0.00000     0.00000     0.00000     0.00000     0.00000     0.00000     0.00000
     3.94226     0.00000     0.00000     0.00000     0.00000     0.00000     0.00000     0.00000     0.00000
     3.96526     0.00000     0.00000     0.00000     0.00000     0.00000     0.00000     0.00000     0.00000
     3.98826     0.00000     0.00000     0.00000     0.00000     0.00000     0.00000     0.00000     0.00000
     4.01126     0.00000     0.00000     0.00000     0.00000     0.00000     0.00000     0.00000     0.00000
     4.03526     0.00000     0.00000     0.00000     0.00000     0.00000     0.00000     0.00000     0.00000
     4.05826     0.00000     0.00000     0.00000     0.00000     0.00000     0.00000     0.00000     0.00000
     4.08126     0.00000     0.00000     0.00000     0.00000     0.00000     0.00000     0.00000     0.00000
     4.10426     0.00000     0.00000     0.00000     0.00000     0.00000     0.00000     0.00000     0.00000
     4.12726     0.00000     0.00000     0.00000     0.00000     0.00000     0.00000     0.00000     0.00000
     4.15126     0.00000     0.00000     0.00000     0.00000     0.00000     0.00000     0.00000     0.00000
     4.17426     0.00000     0.00000     0.00000     0.00000     0.00000     0.00000     0.00000     0.00000
     4.19726     0.00000     0.00000     0.00000     0.00000     0.00000     0.00000     0.00000     0.00000
     4.22026     0.00000     0.00000     0.00000     0.00000     0.00000     0.00000     0.00000     0.00000
     4.24426     0.00000     0.00000     0.00000     0.00000     0.00000     0.00000     0.00000     0.00000
     4.26726     0.00000     0.00000     0.00000     0.00000     0.00000     0.00000     0.00000     0.00000
     4.29026     0.00000     0.00000     0.00000     0.00000     0.00000     0.00000     0.00000     0.00000
     4.31326     0.00000     0.00000     0.00000     0.00000     0.00000     0.00000     0.00000     0.00000
     4.33726     0.00000     0.00000     0.00000     0.00000     0.00000     0.00000     0.00000     0.00000
     4.36026     0.00000     0.00000     0.00000     0.00000     0.00000     0.00000     0.00000     0.00000
     4.38326     0.00000     0.00000     0.00000     0.00000     0.00000     0.00000     0.00000     0.00000
     4.40626     0.00000     0.00000     0.00000     0.00000     0.00000     0.00000     0.00000     0.00000
     4.43026     0.00000     0.00000     0.00000     0.00000     0.00000     0.00000     0.00000     0.00000
     4.45326     0.00000     0.00000     0.00000     0.00000     0.00000     0.00000     0.00000     0.00000
     4.47626     0.00000     0.00000     0.00000     0.00000     0.00000     0.00000     0.00000     0.00000
     4.49926     0.00000     0.00000     0.00000     0.00000     0.00000     0.00000     0.00000     0.00000
     4.52326     0.00000     0.00000     0.00000     0.00000     0.00000     0.00000     0.00000     0.00000
     4.54626     0.00000     0.00000     0.00000     0.00000     0.00000     0.00000     0.00000     0.00000
     4.56926     0.00000     0.00000     0.00000     0.00000     0.00000     0.00000     0.00000     0.00000
     4.59226     0.00000     0.00000     0.00000     0.00000     0.00000     0.00000     0.00000     0.00000
     4.61626     0.00000     0.00000     0.00000     0.00000     0.00000     0.00000     0.00000     0.00000
     4.63926     0.00000     0.00000     0.00000     0.00000     0.00000     0.00000     0.00000     0.00000
     4.66226     0.00000     0.00000     0.00000     0.00000     0.00000     0.00000     0.00000     0.00000
     4.68526     0.00000     0.00000     0.00000     0.00000     0.00000     0.00000     0.00000     0.00000
     4.70926     0.00000     0.00000     0.00000     0.00000     0.00000     0.00000     0.00000     0.00000
     4.73226     0.00000     0.00000     0.00000     0.00000     0.00000     0.00000     0.00000     0.00000
     4.75526     0.00000     0.00000     0.00000     0.00000     0.00000     0.00000     0.00000     0.00000
     4.77826     0.00000     0.00000     0.00000     0.00000     0.00000     0.00000     0.00000     0.00000
     4.80226     0.00000     0.00000     0.00000     0.00000     0.00000     0.00000     0.00000     0.00000
     4.82526     0.00000     0.00000     0.00000     0.00000     0.00000     0.00000     0.00000     0.00000
     4.84826     0.00000     0.00000     0.00000     0.00000     0.00000     0.00000     0.00000     0.00000
     4.87126     0.00000     0.00000     0.00000     0.00000     0.00000     0.00000     0.00000     0.00000
     4.89526     0.00000     0.00000     0.00000     0.00000     0.00000     0.00000     0.00000     0.00000
     4.91826     0.00000     0.00000     0.00000     0.00000     0.00000     0.00000     0.00000     0.00000
     4.94126     0.00000     0.00000     0.00000     0.00000     0.00000     0.00000     0.00000     0.00000
     4.96426     0.00000     0.00000     0.00000     0.00000     0.00000     0.00000     0.00000     0.00000
     4.98826     0.00000     0.00000     0.00000     0.00000     0.00000     0.00000     0.00000     0.00000
     5.01126     0.00000     0.00000     0.00000     0.00000     0.00000     0.00000     0.00000     0.00000
     5.03426     0.00000     0.00000     0.00000     0.00000     0.00000     0.00000     0.00000     0.00000
     5.05726     0.00000     0.00000     0.00000     0.00000     0.00000     0.00000     0.00000     0.00000
     5.08126     0.00000     0.00000     0.00000     0.00000     0.00000     0.00000     0.00000     0.00000
     5.10426     0.00000     0.00000     0.00000     0.00000     0.00000     0.00000     0.00000     0.00000
     5.12726     0.00000     0.00000     0.00000     0.00000     0.00000     0.00000     0.00000     0.00000
     5.15026     0.00000     0.00000     0.00000     0.00000     0.00000     0.00000     0.00000     0.00000
     5.17426     0.00000     0.00000     0.00000     0.00000     0.00000     0.00000     0.00000     0.00000
     5.19726     0.00000     0.00000     0.00000     0.00000     0.00000     0.00000     0.00000     0.00000
     5.22026     0.00000     0.00000     0.00000     0.00000     0.00000     0.00000     0.00000     0.00000
     5.24326     0.00000     0.00000     0.00000     0.00000     0.00000     0.00000     0.00000     0.00000
     5.26726     0.00000     0.00000     0.00000     0.00000     0.00000     0.00000     0.00000     0.00000
     5.29026     0.00000     0.00000     0.00000     0.00000     0.00000     0.00000     0.00000     0.00000
     5.31326     0.00000     0.00000     0.00000     0.00000     0.00000     0.00000     0.00000     0.00000
     5.33626     0.00000     0.00000     0.00000     0.00000     0.00000     0.00000     0.00000     0.00000
