     #Energy         O_s         O_p        Mo_s        Mo_p        Mo_d
   -64.39217     0.00000     0.00000     0.00000     0.00000     0.00000
   -64.36917     0.00000     0.00000     0.00000     0.00000     0.00000
   -64.34517     0.00000     0.00000     0.00000     0.00000     0.00000
   -64.32217     0.00000     0.00000     0.00000     0.00000     0.00000
   -64.29917     0.00000     0.00000     0.00000     0.00000     0.00000
   -64.27617     0.00000     0.00000     0.00000     0.00000     0.00000
   -64.25317     0.00000     0.00000     0.00000     0.00000     0.00000
   -64.23017     0.00000     0.00000     0.00000     0.00000     0.00000
   -64.20617     0.00000     0.00000     0.00000     0.00000     0.00000
   -64.18317     0.00000     0.00000     0.00000     0.00000     0.00000
   -64.16017     0.00000     0.00000     0.00000     0.00000     0.00000
   -64.13717     0.00000     0.00000     0.00000     0.00000     0.00000
   -64.11417     0.00000     0.00000     0.00000     0.00000     0.00000
   -64.09017     0.00000     0.00000     0.00000     0.00000     0.00000
   -64.06717     0.00000     0.00000     0.00000     0.00000     0.00000
   -64.04417     0.00000     0.00000     0.00000     0.00000     0.00000
   -64.02117     0.00000     0.00000     0.00000     0.00000     0.00000
   -63.99817     0.00000     0.00000     0.00000     0.00000     0.00000
   -63.97517     0.00000     0.00000     0.00000     0.00000     0.00000
   -63.95117     0.00000     0.00000     0.00000     0.00000     0.00000
   -63.92817     0.00000     0.00000     0.00000     0.00000     0.00000
   -63.90517     0.00000     0.00000     0.00000     0.00000     0.00000
   -63.88217     0.00000     0.00000     0.00000     0.00000     0.00000
   -63.85917     0.00000     0.00000     0.00000     0.00000     0.00000
   -63.83517     0.00000     0.00000     0.00000     0.00000     0.00000
   -63.81217     0.00000     0.00000     0.00000     0.00000     0.00000
   -63.78917     0.00000     0.00000     0.00000     0.00000     0.00000
   -63.76617     0.00000     0.00000     0.00000     0.00000     0.00000
   -63.74317     0.00000     0.00000     0.00000     0.00000     0.00000
   -63.72017     0.00000     0.00000     0.00000     0.00000     0.00000
   -63.69617     0.00000     0.00000     0.00000     0.00000     0.00000
   -63.67317     0.00000     0.00000     0.00000     0.00000     0.00000
   -63.65017     0.00000     0.00000     0.00000     0.00000     0.00000
   -63.62717     0.00000     0.00000     0.00000     0.00000     0.00000
   -63.60417     0.00000     0.00000     0.00000     0.00000     0.00000
   -63.58017     0.00000     0.00000     0.00000     0.00000     0.00000
   -63.55717     0.00000     0.00000     0.00000     0.00000     0.00000
   -63.53417     0.00000     0.00000     0.00000     0.00000     0.00000
   -63.51117     0.00000     0.00000     0.00000     0.00000     0.00000
   -63.48817     0.00000     0.00000     0.00000     0.00000     0.00000
   -63.46517     0.00000     0.00000     0.00000     0.00000     0.00000
   -63.44117     0.00000     0.00000     0.00000     0.00000     0.00000
   -63.41817     0.00000     0.00000     0.00000     0.00000     0.00000
   -63.39517     0.00000     0.00000     0.00000     0.00000     0.00000
   -63.37217     0.00000     0.00000     0.00000     0.00000     0.00000
   -63.34917     0.00000     0.00000     0.00000     0.00000     0.00000
   -63.32517     0.00000     0.00000     0.00000     0.00000     0.00000
   -63.30217     0.00000     0.00000     0.00000     0.00000     0.00000
   -63.27917     0.00000     0.00000     0.00000     0.00000     0.00000
   -63.25617     0.00000     0.00000     0.00000     0.00000     0.00000
   -63.23317     0.00000     0.00000     0.00000     0.00000     0.00000
   -63.21017     0.00000     0.00000     0.00000     0.00000     0.00000
   -63.18617     0.00000     0.00000     0.00000     0.00000     0.00000
   -63.16317     0.00000     0.00000     0.00000     0.00000     0.00000
   -63.14017     0.00000     0.00000     0.00000     0.00000     0.00000
   -63.11717     0.00000     0.00000     0.00000     0.00000     0.00000
   -63.09417     0.00000     0.00000     0.00000     0.00000     0.00000
   -63.07017     0.00000     0.00000     0.00000     0.00000     0.00000
   -63.04717     0.00000     0.00000     0.00000     0.00000     0.00000
   -63.02417     0.00000     0.00000     0.00000     0.00000     0.00000
   -63.00117     0.00000     0.00000     0.00000     0.00000     0.00000
   -62.97817     0.00000     0.00000     0.00000     0.00000     0.00000
   -62.95517     0.00000     0.00000     0.00000     0.00000     0.00000
   -62.93117     0.00000     0.00000     0.00000     0.00000     0.00000
   -62.90817     0.00000     0.00000     0.00000     0.00000     0.00000
   -62.88517     0.00000     0.00000     0.00000     0.00000     0.00000
   -62.86217     0.00000     0.00000     0.00000     0.00000     0.00000
   -62.83917     0.00000     0.00000     0.00000     0.00000     0.00000
   -62.81517     0.00000     0.00000     0.00000     0.00000     0.00000
   -62.79217     0.00000     0.00000     0.00000     0.00000     0.00000
   -62.76917     0.00000     0.00000     0.00000     0.00000     0.00000
   -62.74617     0.00000     0.00000     0.00000     0.00000     0.00000
   -62.72317     0.00000     0.00000     0.00000     0.00000     0.00000
   -62.70017     0.00000     0.00000     0.00000     0.00000     0.00000
   -62.67617     0.00000     0.00000     0.00000     0.00000     0.00000
   -62.65317     0.00000     0.00000     0.00000     0.00000     0.00000
   -62.63017     0.00000     0.00000     0.00000     0.00000     0.00000
   -62.60717     0.00000     0.00000     0.00000     0.00000     0.00000
   -62.58417     0.00000     0.00000     0.00000     0.00000     0.00000
   -62.56017     0.00000     0.00000     0.00000     0.00000     0.00000
   -62.53717     0.00000     0.00000     0.00000     0.00000     0.00000
   -62.51417     0.00000     0.00000     0.00000     0.00000     0.00000
   -62.49117     0.00000     0.00000     0.00000     0.00000     0.00000
   -62.46817     0.00000     0.00000     0.00000     0.00000     0.00000
   -62.44417     0.00000     0.00000     0.00000     0.00000     0.00000
   -62.42117     0.00000     0.00000     0.00000     0.00000     0.00000
   -62.39817     0.00000     0.00000     0.00000     0.00000     0.00000
   -62.37517     0.00000     0.00000     0.00000     0.00000     0.00000
   -62.35217     0.00000     0.00000     0.00000     0.00000     0.00000
   -62.32917     0.00000     0.00000     0.00000     0.00000     0.00000
   -62.30517     0.00000     0.00000     0.00000     0.00000     0.00000
   -62.28217     0.00000     0.00000     0.00000     0.00000     0.00000
   -62.25917     0.00000     0.00000     0.00000     0.00000     0.00000
   -62.23617     0.00000     0.00000     0.00000     0.00000     0.00000
   -62.21317     0.00000     0.00000     0.00000     0.00000     0.00000
   -62.18917     0.00000     0.00000     0.00000     0.00000     0.00000
   -62.16617     0.00000     0.00000     0.00000     0.00000     0.00000
   -62.14317     0.00000     0.00000     0.00000     0.00000     0.00000
   -62.12017     0.00000     0.00000     0.00000     0.00000     0.00000
   -62.09717     0.00000     0.00000     0.00000     0.00000     0.00000
   -62.07417     0.00000     0.00000     0.00000     0.00000     0.00000
   -62.05017     0.00000     0.00000     0.00000     0.00000     0.00000
   -62.02717     0.00000     0.00000     0.00000     0.00000     0.00000
   -62.00417     0.00000     0.00000     0.00000     0.00000     0.00000
   -61.98117     0.00000     0.00000     0.00000     0.00000     0.00000
   -61.95817     0.00000     0.00000     0.00000     0.00000     0.00000
   -61.93417     0.00000     0.00000     0.00001     0.00000     0.00000
   -61.91117     0.00000     0.00000     0.00002     0.00000     0.00000
   -61.88817     0.00000     0.00000     0.00005     0.00000     0.00000
   -61.86517     0.00000     0.00000     0.00012     0.00000     0.00000
   -61.84217     0.00000     0.00000     0.00027     0.00000     0.00000
   -61.81917     0.00000     0.00000     0.00058     0.00000     0.00000
   -61.79517     0.00000     0.00000     0.00121     0.00000     0.00000
   -61.77217     0.00000     0.00000     0.00249     0.00000     0.00000
   -61.74917     0.00000     0.00000     0.00498     0.00000     0.00000
   -61.72617     0.00000     0.00000     0.00972     0.00000     0.00000
   -61.70317     0.00000     0.00000     0.01854     0.00000     0.00000
   -61.67917     0.00000     0.00000     0.03451     0.00000     0.00000
   -61.65617     0.00000     0.00000     0.06273     0.00000     0.00000
   -61.63317     0.00000     0.00000     0.11139     0.00001     0.00001
   -61.61017     0.00000     0.00000     0.19321     0.00002     0.00001
   -61.58717     0.00000     0.00000     0.32754     0.00003     0.00002
   -61.56417     0.00000     0.00000     0.54265     0.00004     0.00003
   -61.54017     0.00000     0.00000     0.87878     0.00007     0.00005
   -61.51717     0.00000     0.00000     1.39181     0.00011     0.00008
   -61.49417     0.00000     0.00000     2.15579     0.00017     0.00013
   -61.47117     0.00001     0.00000     3.26736     0.00026     0.00021
   -61.44817     0.00001     0.00000     4.84425     0.00039     0.00032
   -61.42417     0.00001     0.00001     7.03196     0.00056     0.00048
   -61.40117     0.00002     0.00001     9.99564     0.00080     0.00071
   -61.37817     0.00003     0.00001    13.91589     0.00111     0.00104
   -61.35517     0.00004     0.00002    18.98094     0.00150     0.00147
   -61.33217     0.00005     0.00002    25.38018     0.00199     0.00205
   -61.30917     0.00006     0.00003    33.27617     0.00258     0.00279
   -61.28517     0.00008     0.00004    42.79157     0.00328     0.00372
   -61.26217     0.00009     0.00005    54.01083     0.00409     0.00487
   -61.23917     0.00011     0.00006    66.93133     0.00500     0.00625
   -61.21617     0.00013     0.00008    81.46631     0.00599     0.00786
   -61.19317     0.00015     0.00010    97.44638     0.00705     0.00970
   -61.16917     0.00017     0.00012   114.59220     0.00814     0.01174
   -61.14617     0.00019     0.00015   132.52130     0.00925     0.01395
   -61.12317     0.00021     0.00018   150.79000     0.01033     0.01627
   -61.10017     0.00022     0.00021   168.88680     0.01135     0.01863
   -61.07717     0.00023     0.00024   186.21940     0.01227     0.02094
   -61.05417     0.00024     0.00027   202.21460     0.01307     0.02312
   -61.03017     0.00025     0.00030   216.30430     0.01371     0.02506
   -61.00717     0.00025     0.00032   227.98550     0.01419     0.02668
   -60.98417     0.00025     0.00034   236.84200     0.01448     0.02790
   -60.96117     0.00025     0.00036   242.56290     0.01458     0.02867
   -60.93817     0.00024     0.00036   245.01300     0.01450     0.02896
   -60.91417     0.00023     0.00036   244.23600     0.01426     0.02877
   -60.89117     0.00022     0.00035   240.37800     0.01386     0.02812
   -60.86817     0.00021     0.00034   233.75300     0.01334     0.02706
   -60.84517     0.00019     0.00032   224.76700     0.01272     0.02566
   -60.82217     0.00018     0.00029   213.86500     0.01203     0.02401
   -60.79917     0.00016     0.00026   201.51700     0.01130     0.02218
   -60.77517     0.00014     0.00022   188.13100     0.01053     0.02027
   -60.75217     0.00013     0.00019   174.08110     0.00976     0.01834
   -60.72917     0.00011     0.00016   159.66020     0.00898     0.01644
   -60.70617     0.00009     0.00013   145.07430     0.00820     0.01461
   -60.68317     0.00008     0.00010   130.53020     0.00743     0.01288
   -60.65917     0.00006     0.00008   116.16020     0.00667     0.01125
   -60.63617     0.00005     0.00006   102.12990     0.00591     0.00974
   -60.61317     0.00004     0.00005    88.57840     0.00518     0.00834
   -60.59017     0.00003     0.00003    75.67387     0.00447     0.00705
   -60.56717     0.00002     0.00002    63.59425     0.00380     0.00589
   -60.54417     0.00002     0.00002    52.49801     0.00317     0.00484
   -60.52017     0.00001     0.00001    42.51555     0.00259     0.00391
   -60.49717     0.00001     0.00001    33.74578     0.00208     0.00310
   -60.47417     0.00001     0.00000    26.22236     0.00163     0.00241
   -60.45117     0.00000     0.00000    19.93750     0.00125     0.00184
   -60.42817     0.00000     0.00000    14.81799     0.00094     0.00137
   -60.40417     0.00000     0.00000    10.76042     0.00069     0.00100
   -60.38117     0.00000     0.00000     7.63099     0.00049     0.00071
   -60.35817     0.00000     0.00000     5.28366     0.00034     0.00049
   -60.33517     0.00000     0.00000     3.57031     0.00023     0.00033
   -60.31217     0.00000     0.00000     2.35414     0.00016     0.00022
   -60.28917     0.00000     0.00000     1.51418     0.00010     0.00014
   -60.26517     0.00000     0.00000     0.95004     0.00006     0.00009
   -60.24217     0.00000     0.00000     0.58131     0.00004     0.00006
   -60.21917     0.00000     0.00000     0.34688     0.00002     0.00003
   -60.19617     0.00000     0.00000     0.20179     0.00001     0.00002
   -60.17317     0.00000     0.00000     0.11449     0.00001     0.00001
   -60.14917     0.00000     0.00000     0.06332     0.00000     0.00001
   -60.12617     0.00000     0.00000     0.03414     0.00000     0.00000
   -60.10317     0.00000     0.00000     0.01795     0.00000     0.00000
   -60.08017     0.00000     0.00000     0.00919     0.00000     0.00000
   -60.05717     0.00000     0.00000     0.00459     0.00000     0.00000
   -60.03417     0.00000     0.00000     0.00224     0.00000     0.00000
   -60.01017     0.00000     0.00000     0.00106     0.00000     0.00000
   -59.98717     0.00000     0.00000     0.00049     0.00000     0.00000
   -59.96417     0.00000     0.00000     0.00022     0.00000     0.00000
   -59.94117     0.00000     0.00000     0.00010     0.00000     0.00000
   -59.91817     0.00000     0.00000     0.00004     0.00000     0.00000
   -59.89417     0.00000     0.00000     0.00002     0.00000     0.00000
   -59.87117     0.00000     0.00000     0.00001     0.00000     0.00000
   -59.84817     0.00000     0.00000     0.00000     0.00000     0.00000
   -59.82517     0.00000     0.00000     0.00000     0.00000     0.00000
   -59.80217     0.00000     0.00000     0.00000     0.00000     0.00000
   -59.77917     0.00000     0.00000     0.00000     0.00000     0.00000
   -59.75517     0.00000     0.00000     0.00000     0.00000     0.00000
   -59.73217     0.00000     0.00000     0.00000     0.00000     0.00000
   -59.70917     0.00000     0.00000     0.00000     0.00000     0.00000
   -59.68617     0.00000     0.00000     0.00000     0.00000     0.00000
   -59.66317     0.00000     0.00000     0.00000     0.00000     0.00000
   -59.63917     0.00000     0.00000     0.00000     0.00000     0.00000
   -59.61617     0.00000     0.00000     0.00000     0.00000     0.00000
   -59.59317     0.00000     0.00000     0.00000     0.00000     0.00000
   -59.57017     0.00000     0.00000     0.00000     0.00000     0.00000
   -59.54717     0.00000     0.00000     0.00000     0.00000     0.00000
   -59.52417     0.00000     0.00000     0.00000     0.00000     0.00000
   -59.50017     0.00000     0.00000     0.00000     0.00000     0.00000
   -59.47717     0.00000     0.00000     0.00000     0.00000     0.00000
   -59.45417     0.00000     0.00000     0.00000     0.00000     0.00000
   -59.43117     0.00000     0.00000     0.00000     0.00000     0.00000
   -59.40817     0.00000     0.00000     0.00000     0.00000     0.00000
   -59.38417     0.00000     0.00000     0.00000     0.00000     0.00000
   -59.36117     0.00000     0.00000     0.00000     0.00000     0.00000
   -59.33817     0.00000     0.00000     0.00000     0.00000     0.00000
   -59.31517     0.00000     0.00000     0.00000     0.00000     0.00000
   -59.29217     0.00000     0.00000     0.00000     0.00000     0.00000
   -59.26917     0.00000     0.00000     0.00000     0.00000     0.00000
   -59.24517     0.00000     0.00000     0.00000     0.00000     0.00000
   -59.22217     0.00000     0.00000     0.00000     0.00000     0.00000
   -59.19917     0.00000     0.00000     0.00000     0.00000     0.00000
   -59.17617     0.00000     0.00000     0.00000     0.00000     0.00000
   -59.15317     0.00000     0.00000     0.00000     0.00000     0.00000
   -59.12917     0.00000     0.00000     0.00000     0.00000     0.00000
   -59.10617     0.00000     0.00000     0.00000     0.00000     0.00000
   -59.08317     0.00000     0.00000     0.00000     0.00000     0.00000
   -59.06017     0.00000     0.00000     0.00000     0.00000     0.00000
   -59.03717     0.00000     0.00000     0.00000     0.00000     0.00000
   -59.01417     0.00000     0.00000     0.00000     0.00000     0.00000
   -58.99017     0.00000     0.00000     0.00000     0.00000     0.00000
   -58.96717     0.00000     0.00000     0.00000     0.00000     0.00000
   -58.94417     0.00000     0.00000     0.00000     0.00000     0.00000
   -58.92117     0.00000     0.00000     0.00000     0.00000     0.00000
   -58.89817     0.00000     0.00000     0.00000     0.00000     0.00000
   -58.87417     0.00000     0.00000     0.00000     0.00000     0.00000
   -58.85117     0.00000     0.00000     0.00000     0.00000     0.00000
   -58.82817     0.00000     0.00000     0.00000     0.00000     0.00000
   -58.80517     0.00000     0.00000     0.00000     0.00000     0.00000
   -58.78217     0.00000     0.00000     0.00000     0.00000     0.00000
   -58.75917     0.00000     0.00000     0.00000     0.00000     0.00000
   -58.73517     0.00000     0.00000     0.00000     0.00000     0.00000
   -58.71217     0.00000     0.00000     0.00000     0.00000     0.00000
   -58.68917     0.00000     0.00000     0.00000     0.00000     0.00000
   -58.66617     0.00000     0.00000     0.00000     0.00000     0.00000
   -58.64317     0.00000     0.00000     0.00000     0.00000     0.00000
   -58.61917     0.00000     0.00000     0.00000     0.00000     0.00000
   -58.59617     0.00000     0.00000     0.00000     0.00000     0.00000
   -58.57317     0.00000     0.00000     0.00000     0.00000     0.00000
   -58.55017     0.00000     0.00000     0.00000     0.00000     0.00000
   -58.52717     0.00000     0.00000     0.00000     0.00000     0.00000
   -58.50417     0.00000     0.00000     0.00000     0.00000     0.00000
   -58.48017     0.00000     0.00000     0.00000     0.00000     0.00000
   -58.45717     0.00000     0.00000     0.00000     0.00000     0.00000
   -58.43417     0.00000     0.00000     0.00000     0.00000     0.00000
   -58.41117     0.00000     0.00000     0.00000     0.00000     0.00000
   -58.38817     0.00000     0.00000     0.00000     0.00000     0.00000
   -58.36417     0.00000     0.00000     0.00000     0.00000     0.00000
   -58.34117     0.00000     0.00000     0.00000     0.00000     0.00000
   -58.31817     0.00000     0.00000     0.00000     0.00000     0.00000
   -58.29517     0.00000     0.00000     0.00000     0.00000     0.00000
   -58.27217     0.00000     0.00000     0.00000     0.00000     0.00000
   -58.24917     0.00000     0.00000     0.00000     0.00000     0.00000
   -58.22517     0.00000     0.00000     0.00000     0.00000     0.00000
   -58.20217     0.00000     0.00000     0.00000     0.00000     0.00000
   -58.17917     0.00000     0.00000     0.00000     0.00000     0.00000
   -58.15617     0.00000     0.00000     0.00000     0.00000     0.00000
   -58.13317     0.00000     0.00000     0.00000     0.00000     0.00000
   -58.10917     0.00000     0.00000     0.00000     0.00000     0.00000
   -58.08617     0.00000     0.00000     0.00000     0.00000     0.00000
   -58.06317     0.00000     0.00000     0.00000     0.00000     0.00000
   -58.04017     0.00000     0.00000     0.00000     0.00000     0.00000
   -58.01717     0.00000     0.00000     0.00000     0.00000     0.00000
   -57.99417     0.00000     0.00000     0.00000     0.00000     0.00000
   -57.97017     0.00000     0.00000     0.00000     0.00000     0.00000
   -57.94717     0.00000     0.00000     0.00000     0.00000     0.00000
   -57.92417     0.00000     0.00000     0.00000     0.00000     0.00000
   -57.90117     0.00000     0.00000     0.00000     0.00000     0.00000
   -57.87817     0.00000     0.00000     0.00000     0.00000     0.00000
   -57.85417     0.00000     0.00000     0.00000     0.00000     0.00000
   -57.83117     0.00000     0.00000     0.00000     0.00000     0.00000
   -57.80817     0.00000     0.00000     0.00000     0.00000     0.00000
   -57.78517     0.00000     0.00000     0.00000     0.00000     0.00000
   -57.76217     0.00000     0.00000     0.00000     0.00000     0.00000
   -57.73917     0.00000     0.00000     0.00000     0.00000     0.00000
   -57.71517     0.00000     0.00000     0.00000     0.00000     0.00000
   -57.69217     0.00000     0.00000     0.00000     0.00000     0.00000
   -57.66917     0.00000     0.00000     0.00000     0.00000     0.00000
   -57.64617     0.00000     0.00000     0.00000     0.00000     0.00000
   -57.62317     0.00000     0.00000     0.00000     0.00000     0.00000
   -57.59917     0.00000     0.00000     0.00000     0.00000     0.00000
   -57.57617     0.00000     0.00000     0.00000     0.00000     0.00000
   -57.55317     0.00000     0.00000     0.00000     0.00000     0.00000
   -57.53017     0.00000     0.00000     0.00000     0.00000     0.00000
   -57.50717     0.00000     0.00000     0.00000     0.00000     0.00000
   -57.48417     0.00000     0.00000     0.00000     0.00000     0.00000
   -57.46017     0.00000     0.00000     0.00000     0.00000     0.00000
   -57.43717     0.00000     0.00000     0.00000     0.00000     0.00000
   -57.41417     0.00000     0.00000     0.00000     0.00000     0.00000
   -57.39117     0.00000     0.00000     0.00000     0.00000     0.00000
   -57.36817     0.00000     0.00000     0.00000     0.00000     0.00000
   -57.34417     0.00000     0.00000     0.00000     0.00000     0.00000
   -57.32117     0.00000     0.00000     0.00000     0.00000     0.00000
   -57.29817     0.00000     0.00000     0.00000     0.00000     0.00000
   -57.27517     0.00000     0.00000     0.00000     0.00000     0.00000
   -57.25217     0.00000     0.00000     0.00000     0.00000     0.00000
   -57.22917     0.00000     0.00000     0.00000     0.00000     0.00000
   -57.20517     0.00000     0.00000     0.00000     0.00000     0.00000
   -57.18217     0.00000     0.00000     0.00000     0.00000     0.00000
   -57.15917     0.00000     0.00000     0.00000     0.00000     0.00000
   -57.13617     0.00000     0.00000     0.00000     0.00000     0.00000
   -57.11317     0.00000     0.00000     0.00000     0.00000     0.00000
   -57.08917     0.00000     0.00000     0.00000     0.00000     0.00000
   -57.06617     0.00000     0.00000     0.00000     0.00000     0.00000
   -57.04317     0.00000     0.00000     0.00000     0.00000     0.00000
   -57.02017     0.00000     0.00000     0.00000     0.00000     0.00000
   -56.99717     0.00000     0.00000     0.00000     0.00000     0.00000
   -56.97417     0.00000     0.00000     0.00000     0.00000     0.00000
   -56.95017     0.00000     0.00000     0.00000     0.00000     0.00000
   -56.92717     0.00000     0.00000     0.00000     0.00000     0.00000
   -56.90417     0.00000     0.00000     0.00000     0.00000     0.00000
   -56.88117     0.00000     0.00000     0.00000     0.00000     0.00000
   -56.85817     0.00000     0.00000     0.00000     0.00000     0.00000
   -56.83417     0.00000     0.00000     0.00000     0.00000     0.00000
   -56.81117     0.00000     0.00000     0.00000     0.00000     0.00000
   -56.78817     0.00000     0.00000     0.00000     0.00000     0.00000
   -56.76517     0.00000     0.00000     0.00000     0.00000     0.00000
   -56.74217     0.00000     0.00000     0.00000     0.00000     0.00000
   -56.71917     0.00000     0.00000     0.00000     0.00000     0.00000
   -56.69517     0.00000     0.00000     0.00000     0.00000     0.00000
   -56.67217     0.00000     0.00000     0.00000     0.00000     0.00000
   -56.64917     0.00000     0.00000     0.00000     0.00000     0.00000
   -56.62617     0.00000     0.00000     0.00000     0.00000     0.00000
   -56.60317     0.00000     0.00000     0.00000     0.00000     0.00000
   -56.57917     0.00000     0.00000     0.00000     0.00000     0.00000
   -56.55617     0.00000     0.00000     0.00000     0.00000     0.00000
   -56.53317     0.00000     0.00000     0.00000     0.00000     0.00000
   -56.51017     0.00000     0.00000     0.00000     0.00000     0.00000
   -56.48717     0.00000     0.00000     0.00000     0.00000     0.00000
   -56.46417     0.00000     0.00000     0.00000     0.00000     0.00000
   -56.44017     0.00000     0.00000     0.00000     0.00000     0.00000
   -56.41717     0.00000     0.00000     0.00000     0.00000     0.00000
   -56.39417     0.00000     0.00000     0.00000     0.00000     0.00000
   -56.37117     0.00000     0.00000     0.00000     0.00000     0.00000
   -56.34817     0.00000     0.00000     0.00000     0.00000     0.00000
   -56.32417     0.00000     0.00000     0.00000     0.00000     0.00000
   -56.30117     0.00000     0.00000     0.00000     0.00000     0.00000
   -56.27817     0.00000     0.00000     0.00000     0.00000     0.00000
   -56.25517     0.00000     0.00000     0.00000     0.00000     0.00000
   -56.23217     0.00000     0.00000     0.00000     0.00000     0.00000
   -56.20917     0.00000     0.00000     0.00000     0.00000     0.00000
   -56.18517     0.00000     0.00000     0.00000     0.00000     0.00000
   -56.16217     0.00000     0.00000     0.00000     0.00000     0.00000
   -56.13917     0.00000     0.00000     0.00000     0.00000     0.00000
   -56.11617     0.00000     0.00000     0.00000     0.00000     0.00000
   -56.09317     0.00000     0.00000     0.00000     0.00000     0.00000
   -56.06917     0.00000     0.00000     0.00000     0.00000     0.00000
   -56.04617     0.00000     0.00000     0.00000     0.00000     0.00000
   -56.02317     0.00000     0.00000     0.00000     0.00000     0.00000
   -56.00017     0.00000     0.00000     0.00000     0.00000     0.00000
   -55.97717     0.00000     0.00000     0.00000     0.00000     0.00000
   -55.95417     0.00000     0.00000     0.00000     0.00000     0.00000
   -55.93017     0.00000     0.00000     0.00000     0.00000     0.00000
   -55.90717     0.00000     0.00000     0.00000     0.00000     0.00000
   -55.88417     0.00000     0.00000     0.00000     0.00000     0.00000
   -55.86117     0.00000     0.00000     0.00000     0.00000     0.00000
   -55.83817     0.00000     0.00000     0.00000     0.00000     0.00000
   -55.81417     0.00000     0.00000     0.00000     0.00000     0.00000
   -55.79117     0.00000     0.00000     0.00000     0.00000     0.00000
   -55.76817     0.00000     0.00000     0.00000     0.00000     0.00000
   -55.74517     0.00000     0.00000     0.00000     0.00000     0.00000
   -55.72217     0.00000     0.00000     0.00000     0.00000     0.00000
   -55.69917     0.00000     0.00000     0.00000     0.00000     0.00000
   -55.67517     0.00000     0.00000     0.00000     0.00000     0.00000
   -55.65217     0.00000     0.00000     0.00000     0.00000     0.00000
   -55.62917     0.00000     0.00000     0.00000     0.00000     0.00000
   -55.60617     0.00000     0.00000     0.00000     0.00000     0.00000
   -55.58317     0.00000     0.00000     0.00000     0.00000     0.00000
   -55.55917     0.00000     0.00000     0.00000     0.00000     0.00000
   -55.53617     0.00000     0.00000     0.00000     0.00000     0.00000
   -55.51317     0.00000     0.00000     0.00000     0.00000     0.00000
   -55.49017     0.00000     0.00000     0.00000     0.00000     0.00000
   -55.46717     0.00000     0.00000     0.00000     0.00000     0.00000
   -55.44417     0.00000     0.00000     0.00000     0.00000     0.00000
   -55.42017     0.00000     0.00000     0.00000     0.00000     0.00000
   -55.39717     0.00000     0.00000     0.00000     0.00000     0.00000
   -55.37417     0.00000     0.00000     0.00000     0.00000     0.00000
   -55.35117     0.00000     0.00000     0.00000     0.00000     0.00000
   -55.32817     0.00000     0.00000     0.00000     0.00000     0.00000
   -55.30417     0.00000     0.00000     0.00000     0.00000     0.00000
   -55.28117     0.00000     0.00000     0.00000     0.00000     0.00000
   -55.25817     0.00000     0.00000     0.00000     0.00000     0.00000
   -55.23517     0.00000     0.00000     0.00000     0.00000     0.00000
   -55.21217     0.00000     0.00000     0.00000     0.00000     0.00000
   -55.18917     0.00000     0.00000     0.00000     0.00000     0.00000
   -55.16517     0.00000     0.00000     0.00000     0.00000     0.00000
   -55.14217     0.00000     0.00000     0.00000     0.00000     0.00000
   -55.11917     0.00000     0.00000     0.00000     0.00000     0.00000
   -55.09617     0.00000     0.00000     0.00000     0.00000     0.00000
   -55.07317     0.00000     0.00000     0.00000     0.00000     0.00000
   -55.04917     0.00000     0.00000     0.00000     0.00000     0.00000
   -55.02617     0.00000     0.00000     0.00000     0.00000     0.00000
   -55.00317     0.00000     0.00000     0.00000     0.00000     0.00000
   -54.98017     0.00000     0.00000     0.00000     0.00000     0.00000
   -54.95717     0.00000     0.00000     0.00000     0.00000     0.00000
   -54.93417     0.00000     0.00000     0.00000     0.00000     0.00000
   -54.91017     0.00000     0.00000     0.00000     0.00000     0.00000
   -54.88717     0.00000     0.00000     0.00000     0.00000     0.00000
   -54.86417     0.00000     0.00000     0.00000     0.00000     0.00000
   -54.84117     0.00000     0.00000     0.00000     0.00000     0.00000
   -54.81817     0.00000     0.00000     0.00000     0.00000     0.00000
   -54.79417     0.00000     0.00000     0.00000     0.00000     0.00000
   -54.77117     0.00000     0.00000     0.00000     0.00000     0.00000
   -54.74817     0.00000     0.00000     0.00000     0.00000     0.00000
   -54.72517     0.00000     0.00000     0.00000     0.00000     0.00000
   -54.70217     0.00000     0.00000     0.00000     0.00000     0.00000
   -54.67917     0.00000     0.00000     0.00000     0.00000     0.00000
   -54.65517     0.00000     0.00000     0.00000     0.00000     0.00000
   -54.63217     0.00000     0.00000     0.00000     0.00000     0.00000
   -54.60917     0.00000     0.00000     0.00000     0.00000     0.00000
   -54.58617     0.00000     0.00000     0.00000     0.00000     0.00000
   -54.56317     0.00000     0.00000     0.00000     0.00000     0.00000
   -54.53917     0.00000     0.00000     0.00000     0.00000     0.00000
   -54.51617     0.00000     0.00000     0.00000     0.00000     0.00000
   -54.49317     0.00000     0.00000     0.00000     0.00000     0.00000
   -54.47017     0.00000     0.00000     0.00000     0.00000     0.00000
   -54.44717     0.00000     0.00000     0.00000     0.00000     0.00000
   -54.42317     0.00000     0.00000     0.00000     0.00000     0.00000
   -54.40017     0.00000     0.00000     0.00000     0.00000     0.00000
   -54.37717     0.00000     0.00000     0.00000     0.00000     0.00000
   -54.35417     0.00000     0.00000     0.00000     0.00000     0.00000
   -54.33117     0.00000     0.00000     0.00000     0.00000     0.00000
   -54.30817     0.00000     0.00000     0.00000     0.00000     0.00000
   -54.28417     0.00000     0.00000     0.00000     0.00000     0.00000
   -54.26117     0.00000     0.00000     0.00000     0.00000     0.00000
   -54.23817     0.00000     0.00000     0.00000     0.00000     0.00000
   -54.21517     0.00000     0.00000     0.00000     0.00000     0.00000
   -54.19217     0.00000     0.00000     0.00000     0.00000     0.00000
   -54.16817     0.00000     0.00000     0.00000     0.00000     0.00000
   -54.14517     0.00000     0.00000     0.00000     0.00000     0.00000
   -54.12217     0.00000     0.00000     0.00000     0.00000     0.00000
   -54.09917     0.00000     0.00000     0.00000     0.00000     0.00000
   -54.07617     0.00000     0.00000     0.00000     0.00000     0.00000
   -54.05317     0.00000     0.00000     0.00000     0.00000     0.00000
   -54.02917     0.00000     0.00000     0.00000     0.00000     0.00000
   -54.00617     0.00000     0.00000     0.00000     0.00000     0.00000
   -53.98317     0.00000     0.00000     0.00000     0.00000     0.00000
   -53.96017     0.00000     0.00000     0.00000     0.00000     0.00000
   -53.93717     0.00000     0.00000     0.00000     0.00000     0.00000
   -53.91317     0.00000     0.00000     0.00000     0.00000     0.00000
   -53.89017     0.00000     0.00000     0.00000     0.00000     0.00000
   -53.86717     0.00000     0.00000     0.00000     0.00000     0.00000
   -53.84417     0.00000     0.00000     0.00000     0.00000     0.00000
   -53.82117     0.00000     0.00000     0.00000     0.00000     0.00000
   -53.79817     0.00000     0.00000     0.00000     0.00000     0.00000
   -53.77417     0.00000     0.00000     0.00000     0.00000     0.00000
   -53.75117     0.00000     0.00000     0.00000     0.00000     0.00000
   -53.72817     0.00000     0.00000     0.00000     0.00000     0.00000
   -53.70517     0.00000     0.00000     0.00000     0.00000     0.00000
   -53.68217     0.00000     0.00000     0.00000     0.00000     0.00000
   -53.65817     0.00000     0.00000     0.00000     0.00000     0.00000
   -53.63517     0.00000     0.00000     0.00000     0.00000     0.00000
   -53.61217     0.00000     0.00000     0.00000     0.00000     0.00000
   -53.58917     0.00000     0.00000     0.00000     0.00000     0.00000
   -53.56617     0.00000     0.00000     0.00000     0.00000     0.00000
   -53.54317     0.00000     0.00000     0.00000     0.00000     0.00000
   -53.51917     0.00000     0.00000     0.00000     0.00000     0.00000
   -53.49617     0.00000     0.00000     0.00000     0.00000     0.00000
   -53.47317     0.00000     0.00000     0.00000     0.00000     0.00000
   -53.45017     0.00000     0.00000     0.00000     0.00000     0.00000
   -53.42717     0.00000     0.00000     0.00000     0.00000     0.00000
   -53.40317     0.00000     0.00000     0.00000     0.00000     0.00000
   -53.38017     0.00000     0.00000     0.00000     0.00000     0.00000
   -53.35717     0.00000     0.00000     0.00000     0.00000     0.00000
   -53.33417     0.00000     0.00000     0.00000     0.00000     0.00000
   -53.31117     0.00000     0.00000     0.00000     0.00000     0.00000
   -53.28817     0.00000     0.00000     0.00000     0.00000     0.00000
   -53.26417     0.00000     0.00000     0.00000     0.00000     0.00000
   -53.24117     0.00000     0.00000     0.00000     0.00000     0.00000
   -53.21817     0.00000     0.00000     0.00000     0.00000     0.00000
   -53.19517     0.00000     0.00000     0.00000     0.00000     0.00000
   -53.17217     0.00000     0.00000     0.00000     0.00000     0.00000
   -53.14817     0.00000     0.00000     0.00000     0.00000     0.00000
   -53.12517     0.00000     0.00000     0.00000     0.00000     0.00000
   -53.10217     0.00000     0.00000     0.00000     0.00000     0.00000
   -53.07917     0.00000     0.00000     0.00000     0.00000     0.00000
   -53.05617     0.00000     0.00000     0.00000     0.00000     0.00000
   -53.03317     0.00000     0.00000     0.00000     0.00000     0.00000
   -53.00917     0.00000     0.00000     0.00000     0.00000     0.00000
   -52.98617     0.00000     0.00000     0.00000     0.00000     0.00000
   -52.96317     0.00000     0.00000     0.00000     0.00000     0.00000
   -52.94017     0.00000     0.00000     0.00000     0.00000     0.00000
   -52.91717     0.00000     0.00000     0.00000     0.00000     0.00000
   -52.89317     0.00000     0.00000     0.00000     0.00000     0.00000
   -52.87017     0.00000     0.00000     0.00000     0.00000     0.00000
   -52.84717     0.00000     0.00000     0.00000     0.00000     0.00000
   -52.82417     0.00000     0.00000     0.00000     0.00000     0.00000
   -52.80117     0.00000     0.00000     0.00000     0.00000     0.00000
   -52.77817     0.00000     0.00000     0.00000     0.00000     0.00000
   -52.75417     0.00000     0.00000     0.00000     0.00000     0.00000
   -52.73117     0.00000     0.00000     0.00000     0.00000     0.00000
   -52.70817     0.00000     0.00000     0.00000     0.00000     0.00000
   -52.68517     0.00000     0.00000     0.00000     0.00000     0.00000
   -52.66217     0.00000     0.00000     0.00000     0.00000     0.00000
   -52.63817     0.00000     0.00000     0.00000     0.00000     0.00000
   -52.61517     0.00000     0.00000     0.00000     0.00000     0.00000
   -52.59217     0.00000     0.00000     0.00000     0.00000     0.00000
   -52.56917     0.00000     0.00000     0.00000     0.00000     0.00000
   -52.54617     0.00000     0.00000     0.00000     0.00000     0.00000
   -52.52317     0.00000     0.00000     0.00000     0.00000     0.00000
   -52.49917     0.00000     0.00000     0.00000     0.00000     0.00000
   -52.47617     0.00000     0.00000     0.00000     0.00000     0.00000
   -52.45317     0.00000     0.00000     0.00000     0.00000     0.00000
   -52.43017     0.00000     0.00000     0.00000     0.00000     0.00000
   -52.40717     0.00000     0.00000     0.00000     0.00000     0.00000
   -52.38317     0.00000     0.00000     0.00000     0.00000     0.00000
   -52.36017     0.00000     0.00000     0.00000     0.00000     0.00000
   -52.33717     0.00000     0.00000     0.00000     0.00000     0.00000
   -52.31417     0.00000     0.00000     0.00000     0.00000     0.00000
   -52.29117     0.00000     0.00000     0.00000     0.00000     0.00000
   -52.26817     0.00000     0.00000     0.00000     0.00000     0.00000
   -52.24417     0.00000     0.00000     0.00000     0.00000     0.00000
   -52.22117     0.00000     0.00000     0.00000     0.00000     0.00000
   -52.19817     0.00000     0.00000     0.00000     0.00000     0.00000
   -52.17517     0.00000     0.00000     0.00000     0.00000     0.00000
   -52.15217     0.00000     0.00000     0.00000     0.00000     0.00000
   -52.12817     0.00000     0.00000     0.00000     0.00000     0.00000
   -52.10517     0.00000     0.00000     0.00000     0.00000     0.00000
   -52.08217     0.00000     0.00000     0.00000     0.00000     0.00000
   -52.05917     0.00000     0.00000     0.00000     0.00000     0.00000
   -52.03617     0.00000     0.00000     0.00000     0.00000     0.00000
   -52.01317     0.00000     0.00000     0.00000     0.00000     0.00000
   -51.98917     0.00000     0.00000     0.00000     0.00000     0.00000
   -51.96617     0.00000     0.00000     0.00000     0.00000     0.00000
   -51.94317     0.00000     0.00000     0.00000     0.00000     0.00000
   -51.92017     0.00000     0.00000     0.00000     0.00000     0.00000
   -51.89717     0.00000     0.00000     0.00000     0.00000     0.00000
   -51.87317     0.00000     0.00000     0.00000     0.00000     0.00000
   -51.85017     0.00000     0.00000     0.00000     0.00000     0.00000
   -51.82717     0.00000     0.00000     0.00000     0.00000     0.00000
   -51.80417     0.00000     0.00000     0.00000     0.00000     0.00000
   -51.78117     0.00000     0.00000     0.00000     0.00000     0.00000
   -51.75817     0.00000     0.00000     0.00000     0.00000     0.00000
   -51.73417     0.00000     0.00000     0.00000     0.00000     0.00000
   -51.71117     0.00000     0.00000     0.00000     0.00000     0.00000
   -51.68817     0.00000     0.00000     0.00000     0.00000     0.00000
   -51.66517     0.00000     0.00000     0.00000     0.00000     0.00000
   -51.64217     0.00000     0.00000     0.00000     0.00000     0.00000
   -51.61817     0.00000     0.00000     0.00000     0.00000     0.00000
   -51.59517     0.00000     0.00000     0.00000     0.00000     0.00000
   -51.57217     0.00000     0.00000     0.00000     0.00000     0.00000
   -51.54917     0.00000     0.00000     0.00000     0.00000     0.00000
   -51.52617     0.00000     0.00000     0.00000     0.00000     0.00000
   -51.50317     0.00000     0.00000     0.00000     0.00000     0.00000
   -51.47917     0.00000     0.00000     0.00000     0.00000     0.00000
   -51.45617     0.00000     0.00000     0.00000     0.00000     0.00000
   -51.43317     0.00000     0.00000     0.00000     0.00000     0.00000
   -51.41017     0.00000     0.00000     0.00000     0.00000     0.00000
   -51.38717     0.00000     0.00000     0.00000     0.00000     0.00000
   -51.36317     0.00000     0.00000     0.00000     0.00000     0.00000
   -51.34017     0.00000     0.00000     0.00000     0.00000     0.00000
   -51.31717     0.00000     0.00000     0.00000     0.00000     0.00000
   -51.29417     0.00000     0.00000     0.00000     0.00000     0.00000
   -51.27117     0.00000     0.00000     0.00000     0.00000     0.00000
   -51.24817     0.00000     0.00000     0.00000     0.00000     0.00000
   -51.22417     0.00000     0.00000     0.00000     0.00000     0.00000
   -51.20117     0.00000     0.00000     0.00000     0.00000     0.00000
   -51.17817     0.00000     0.00000     0.00000     0.00000     0.00000
   -51.15517     0.00000     0.00000     0.00000     0.00000     0.00000
   -51.13217     0.00000     0.00000     0.00000     0.00000     0.00000
   -51.10817     0.00000     0.00000     0.00000     0.00000     0.00000
   -51.08517     0.00000     0.00000     0.00000     0.00000     0.00000
   -51.06217     0.00000     0.00000     0.00000     0.00000     0.00000
   -51.03917     0.00000     0.00000     0.00000     0.00000     0.00000
   -51.01617     0.00000     0.00000     0.00000     0.00000     0.00000
   -50.99317     0.00000     0.00000     0.00000     0.00000     0.00000
   -50.96917     0.00000     0.00000     0.00000     0.00000     0.00000
   -50.94617     0.00000     0.00000     0.00000     0.00000     0.00000
   -50.92317     0.00000     0.00000     0.00000     0.00000     0.00000
   -50.90017     0.00000     0.00000     0.00000     0.00000     0.00000
   -50.87717     0.00000     0.00000     0.00000     0.00000     0.00000
   -50.85317     0.00000     0.00000     0.00000     0.00000     0.00000
   -50.83017     0.00000     0.00000     0.00000     0.00000     0.00000
   -50.80717     0.00000     0.00000     0.00000     0.00000     0.00000
   -50.78417     0.00000     0.00000     0.00000     0.00000     0.00000
   -50.76117     0.00000     0.00000     0.00000     0.00000     0.00000
   -50.73817     0.00000     0.00000     0.00000     0.00000     0.00000
   -50.71417     0.00000     0.00000     0.00000     0.00000     0.00000
   -50.69117     0.00000     0.00000     0.00000     0.00000     0.00000
   -50.66817     0.00000     0.00000     0.00000     0.00000     0.00000
   -50.64517     0.00000     0.00000     0.00000     0.00000     0.00000
   -50.62217     0.00000     0.00000     0.00000     0.00000     0.00000
   -50.59817     0.00000     0.00000     0.00000     0.00000     0.00000
   -50.57517     0.00000     0.00000     0.00000     0.00000     0.00000
   -50.55217     0.00000     0.00000     0.00000     0.00000     0.00000
   -50.52917     0.00000     0.00000     0.00000     0.00000     0.00000
   -50.50617     0.00000     0.00000     0.00000     0.00000     0.00000
   -50.48317     0.00000     0.00000     0.00000     0.00000     0.00000
   -50.45917     0.00000     0.00000     0.00000     0.00000     0.00000
   -50.43617     0.00000     0.00000     0.00000     0.00000     0.00000
   -50.41317     0.00000     0.00000     0.00000     0.00000     0.00000
   -50.39017     0.00000     0.00000     0.00000     0.00000     0.00000
   -50.36717     0.00000     0.00000     0.00000     0.00000     0.00000
   -50.34317     0.00000     0.00000     0.00000     0.00000     0.00000
   -50.32017     0.00000     0.00000     0.00000     0.00000     0.00000
   -50.29717     0.00000     0.00000     0.00000     0.00000     0.00000
   -50.27417     0.00000     0.00000     0.00000     0.00000     0.00000
   -50.25117     0.00000     0.00000     0.00000     0.00000     0.00000
   -50.22817     0.00000     0.00000     0.00000     0.00000     0.00000
   -50.20417     0.00000     0.00000     0.00000     0.00000     0.00000
   -50.18117     0.00000     0.00000     0.00000     0.00000     0.00000
   -50.15817     0.00000     0.00000     0.00000     0.00000     0.00000
   -50.13517     0.00000     0.00000     0.00000     0.00000     0.00000
   -50.11217     0.00000     0.00000     0.00000     0.00000     0.00000
   -50.08817     0.00000     0.00000     0.00000     0.00000     0.00000
   -50.06517     0.00000     0.00000     0.00000     0.00000     0.00000
   -50.04217     0.00000     0.00000     0.00000     0.00000     0.00000
   -50.01917     0.00000     0.00000     0.00000     0.00000     0.00000
   -49.99617     0.00000     0.00000     0.00000     0.00000     0.00000
   -49.97317     0.00000     0.00000     0.00000     0.00000     0.00000
   -49.94917     0.00000     0.00000     0.00000     0.00000     0.00000
   -49.92617     0.00000     0.00000     0.00000     0.00000     0.00000
   -49.90317     0.00000     0.00000     0.00000     0.00000     0.00000
   -49.88017     0.00000     0.00000     0.00000     0.00000     0.00000
   -49.85717     0.00000     0.00000     0.00000     0.00000     0.00000
   -49.83317     0.00000     0.00000     0.00000     0.00000     0.00000
   -49.81017     0.00000     0.00000     0.00000     0.00000     0.00000
   -49.78717     0.00000     0.00000     0.00000     0.00000     0.00000
   -49.76417     0.00000     0.00000     0.00000     0.00000     0.00000
   -49.74117     0.00000     0.00000     0.00000     0.00000     0.00000
   -49.71817     0.00000     0.00000     0.00000     0.00000     0.00000
   -49.69417     0.00000     0.00000     0.00000     0.00000     0.00000
   -49.67117     0.00000     0.00000     0.00000     0.00000     0.00000
   -49.64817     0.00000     0.00000     0.00000     0.00000     0.00000
   -49.62517     0.00000     0.00000     0.00000     0.00000     0.00000
   -49.60217     0.00000     0.00000     0.00000     0.00000     0.00000
   -49.57817     0.00000     0.00000     0.00000     0.00000     0.00000
   -49.55517     0.00000     0.00000     0.00000     0.00000     0.00000
   -49.53217     0.00000     0.00000     0.00000     0.00000     0.00000
   -49.50917     0.00000     0.00000     0.00000     0.00000     0.00000
   -49.48617     0.00000     0.00000     0.00000     0.00000     0.00000
   -49.46317     0.00000     0.00000     0.00000     0.00000     0.00000
   -49.43917     0.00000     0.00000     0.00000     0.00000     0.00000
   -49.41617     0.00000     0.00000     0.00000     0.00000     0.00000
   -49.39317     0.00000     0.00000     0.00000     0.00000     0.00000
   -49.37017     0.00000     0.00000     0.00000     0.00000     0.00000
   -49.34717     0.00000     0.00000     0.00000     0.00000     0.00000
   -49.32317     0.00000     0.00000     0.00000     0.00000     0.00000
   -49.30017     0.00000     0.00000     0.00000     0.00000     0.00000
   -49.27717     0.00000     0.00000     0.00000     0.00000     0.00000
   -49.25417     0.00000     0.00000     0.00000     0.00000     0.00000
   -49.23117     0.00000     0.00000     0.00000     0.00000     0.00000
   -49.20817     0.00000     0.00000     0.00000     0.00000     0.00000
   -49.18417     0.00000     0.00000     0.00000     0.00000     0.00000
   -49.16117     0.00000     0.00000     0.00000     0.00000     0.00000
   -49.13817     0.00000     0.00000     0.00000     0.00000     0.00000
   -49.11517     0.00000     0.00000     0.00000     0.00000     0.00000
   -49.09217     0.00000     0.00000     0.00000     0.00000     0.00000
   -49.06817     0.00000     0.00000     0.00000     0.00000     0.00000
   -49.04517     0.00000     0.00000     0.00000     0.00000     0.00000
   -49.02217     0.00000     0.00000     0.00000     0.00000     0.00000
   -48.99917     0.00000     0.00000     0.00000     0.00000     0.00000
   -48.97617     0.00000     0.00000     0.00000     0.00000     0.00000
   -48.95317     0.00000     0.00000     0.00000     0.00000     0.00000
   -48.92917     0.00000     0.00000     0.00000     0.00000     0.00000
   -48.90617     0.00000     0.00000     0.00000     0.00000     0.00000
   -48.88317     0.00000     0.00000     0.00000     0.00000     0.00000
   -48.86017     0.00000     0.00000     0.00000     0.00000     0.00000
   -48.83717     0.00000     0.00000     0.00000     0.00000     0.00000
   -48.81317     0.00000     0.00000     0.00000     0.00000     0.00000
   -48.79017     0.00000     0.00000     0.00000     0.00000     0.00000
   -48.76717     0.00000     0.00000     0.00000     0.00000     0.00000
   -48.74417     0.00000     0.00000     0.00000     0.00000     0.00000
   -48.72117     0.00000     0.00000     0.00000     0.00000     0.00000
   -48.69817     0.00000     0.00000     0.00000     0.00000     0.00000
   -48.67417     0.00000     0.00000     0.00000     0.00000     0.00000
   -48.65117     0.00000     0.00000     0.00000     0.00000     0.00000
   -48.62817     0.00000     0.00000     0.00000     0.00000     0.00000
   -48.60517     0.00000     0.00000     0.00000     0.00000     0.00000
   -48.58217     0.00000     0.00000     0.00000     0.00000     0.00000
   -48.55817     0.00000     0.00000     0.00000     0.00000     0.00000
   -48.53517     0.00000     0.00000     0.00000     0.00000     0.00000
   -48.51217     0.00000     0.00000     0.00000     0.00000     0.00000
   -48.48917     0.00000     0.00000     0.00000     0.00000     0.00000
   -48.46617     0.00000     0.00000     0.00000     0.00000     0.00000
   -48.44317     0.00000     0.00000     0.00000     0.00000     0.00000
   -48.41917     0.00000     0.00000     0.00000     0.00000     0.00000
   -48.39617     0.00000     0.00000     0.00000     0.00000     0.00000
   -48.37317     0.00000     0.00000     0.00000     0.00000     0.00000
   -48.35017     0.00000     0.00000     0.00000     0.00000     0.00000
   -48.32717     0.00000     0.00000     0.00000     0.00000     0.00000
   -48.30317     0.00000     0.00000     0.00000     0.00000     0.00000
   -48.28017     0.00000     0.00000     0.00000     0.00000     0.00000
   -48.25717     0.00000     0.00000     0.00000     0.00000     0.00000
   -48.23417     0.00000     0.00000     0.00000     0.00000     0.00000
   -48.21117     0.00000     0.00000     0.00000     0.00000     0.00000
   -48.18817     0.00000     0.00000     0.00000     0.00000     0.00000
   -48.16417     0.00000     0.00000     0.00000     0.00000     0.00000
   -48.14117     0.00000     0.00000     0.00000     0.00000     0.00000
   -48.11817     0.00000     0.00000     0.00000     0.00000     0.00000
   -48.09517     0.00000     0.00000     0.00000     0.00000     0.00000
   -48.07217     0.00000     0.00000     0.00000     0.00000     0.00000
   -48.04817     0.00000     0.00000     0.00000     0.00000     0.00000
   -48.02517     0.00000     0.00000     0.00000     0.00000     0.00000
   -48.00217     0.00000     0.00000     0.00000     0.00000     0.00000
   -47.97917     0.00000     0.00000     0.00000     0.00000     0.00000
   -47.95617     0.00000     0.00000     0.00000     0.00000     0.00000
   -47.93317     0.00000     0.00000     0.00000     0.00000     0.00000
   -47.90917     0.00000     0.00000     0.00000     0.00000     0.00000
   -47.88617     0.00000     0.00000     0.00000     0.00000     0.00000
   -47.86317     0.00000     0.00000     0.00000     0.00000     0.00000
   -47.84017     0.00000     0.00000     0.00000     0.00000     0.00000
   -47.81717     0.00000     0.00000     0.00000     0.00000     0.00000
   -47.79317     0.00000     0.00000     0.00000     0.00000     0.00000
   -47.77017     0.00000     0.00000     0.00000     0.00000     0.00000
   -47.74717     0.00000     0.00000     0.00000     0.00000     0.00000
   -47.72417     0.00000     0.00000     0.00000     0.00000     0.00000
   -47.70117     0.00000     0.00000     0.00000     0.00000     0.00000
   -47.67817     0.00000     0.00000     0.00000     0.00000     0.00000
   -47.65417     0.00000     0.00000     0.00000     0.00000     0.00000
   -47.63117     0.00000     0.00000     0.00000     0.00000     0.00000
   -47.60817     0.00000     0.00000     0.00000     0.00000     0.00000
   -47.58517     0.00000     0.00000     0.00000     0.00000     0.00000
   -47.56217     0.00000     0.00000     0.00000     0.00000     0.00000
   -47.53817     0.00000     0.00000     0.00000     0.00000     0.00000
   -47.51517     0.00000     0.00000     0.00000     0.00000     0.00000
   -47.49217     0.00000     0.00000     0.00000     0.00000     0.00000
   -47.46917     0.00000     0.00000     0.00000     0.00000     0.00000
   -47.44617     0.00000     0.00000     0.00000     0.00000     0.00000
   -47.42317     0.00000     0.00000     0.00000     0.00000     0.00000
   -47.39917     0.00000     0.00000     0.00000     0.00000     0.00000
   -47.37617     0.00000     0.00000     0.00000     0.00000     0.00000
   -47.35317     0.00000     0.00000     0.00000     0.00000     0.00000
   -47.33017     0.00000     0.00000     0.00000     0.00000     0.00000
   -47.30717     0.00000     0.00000     0.00000     0.00000     0.00000
   -47.28317     0.00000     0.00000     0.00000     0.00000     0.00000
   -47.26017     0.00000     0.00000     0.00000     0.00000     0.00000
   -47.23717     0.00000     0.00000     0.00000     0.00000     0.00000
   -47.21417     0.00000     0.00000     0.00000     0.00000     0.00000
   -47.19117     0.00000     0.00000     0.00000     0.00000     0.00000
   -47.16817     0.00000     0.00000     0.00000     0.00000     0.00000
   -47.14417     0.00000     0.00000     0.00000     0.00000     0.00000
   -47.12117     0.00000     0.00000     0.00000     0.00000     0.00000
   -47.09817     0.00000     0.00000     0.00000     0.00000     0.00000
   -47.07517     0.00000     0.00000     0.00000     0.00000     0.00000
   -47.05217     0.00000     0.00000     0.00000     0.00000     0.00000
   -47.02817     0.00000     0.00000     0.00000     0.00000     0.00000
   -47.00517     0.00000     0.00000     0.00000     0.00000     0.00000
   -46.98217     0.00000     0.00000     0.00000     0.00000     0.00000
   -46.95917     0.00000     0.00000     0.00000     0.00000     0.00000
   -46.93617     0.00000     0.00000     0.00000     0.00000     0.00000
   -46.91317     0.00000     0.00000     0.00000     0.00000     0.00000
   -46.88917     0.00000     0.00000     0.00000     0.00000     0.00000
   -46.86617     0.00000     0.00000     0.00000     0.00000     0.00000
   -46.84317     0.00000     0.00000     0.00000     0.00000     0.00000
   -46.82017     0.00000     0.00000     0.00000     0.00000     0.00000
   -46.79717     0.00000     0.00000     0.00000     0.00000     0.00000
   -46.77317     0.00000     0.00000     0.00000     0.00000     0.00000
   -46.75017     0.00000     0.00000     0.00000     0.00000     0.00000
   -46.72717     0.00000     0.00000     0.00000     0.00000     0.00000
   -46.70417     0.00000     0.00000     0.00000     0.00000     0.00000
   -46.68117     0.00000     0.00000     0.00000     0.00000     0.00000
   -46.65717     0.00000     0.00000     0.00000     0.00000     0.00000
   -46.63417     0.00000     0.00000     0.00000     0.00000     0.00000
   -46.61117     0.00000     0.00000     0.00000     0.00000     0.00000
   -46.58817     0.00000     0.00000     0.00000     0.00000     0.00000
   -46.56517     0.00000     0.00000     0.00000     0.00000     0.00000
   -46.54217     0.00000     0.00000     0.00000     0.00000     0.00000
   -46.51817     0.00000     0.00000     0.00000     0.00000     0.00000
   -46.49517     0.00000     0.00000     0.00000     0.00000     0.00000
   -46.47217     0.00000     0.00000     0.00000     0.00000     0.00000
   -46.44917     0.00000     0.00000     0.00000     0.00000     0.00000
   -46.42617     0.00000     0.00000     0.00000     0.00000     0.00000
   -46.40217     0.00000     0.00000     0.00000     0.00000     0.00000
   -46.37917     0.00000     0.00000     0.00000     0.00000     0.00000
   -46.35617     0.00000     0.00000     0.00000     0.00000     0.00000
   -46.33317     0.00000     0.00000     0.00000     0.00000     0.00000
   -46.31017     0.00000     0.00000     0.00000     0.00000     0.00000
   -46.28717     0.00000     0.00000     0.00000     0.00000     0.00000
   -46.26317     0.00000     0.00000     0.00000     0.00000     0.00000
   -46.24017     0.00000     0.00000     0.00000     0.00000     0.00000
   -46.21717     0.00000     0.00000     0.00000     0.00000     0.00000
   -46.19417     0.00000     0.00000     0.00000     0.00000     0.00000
   -46.17117     0.00000     0.00000     0.00000     0.00000     0.00000
   -46.14717     0.00000     0.00000     0.00000     0.00000     0.00000
   -46.12417     0.00000     0.00000     0.00000     0.00000     0.00000
   -46.10117     0.00000     0.00000     0.00000     0.00000     0.00000
   -46.07817     0.00000     0.00000     0.00000     0.00000     0.00000
   -46.05517     0.00000     0.00000     0.00000     0.00000     0.00000
   -46.03217     0.00000     0.00000     0.00000     0.00000     0.00000
   -46.00817     0.00000     0.00000     0.00000     0.00000     0.00000
   -45.98517     0.00000     0.00000     0.00000     0.00000     0.00000
   -45.96217     0.00000     0.00000     0.00000     0.00000     0.00000
   -45.93917     0.00000     0.00000     0.00000     0.00000     0.00000
   -45.91617     0.00000     0.00000     0.00000     0.00000     0.00000
   -45.89217     0.00000     0.00000     0.00000     0.00000     0.00000
   -45.86917     0.00000     0.00000     0.00000     0.00000     0.00000
   -45.84617     0.00000     0.00000     0.00000     0.00000     0.00000
   -45.82317     0.00000     0.00000     0.00000     0.00000     0.00000
   -45.80017     0.00000     0.00000     0.00000     0.00000     0.00000
   -45.77717     0.00000     0.00000     0.00000     0.00000     0.00000
   -45.75317     0.00000     0.00000     0.00000     0.00000     0.00000
   -45.73017     0.00000     0.00000     0.00000     0.00000     0.00000
   -45.70717     0.00000     0.00000     0.00000     0.00000     0.00000
   -45.68417     0.00000     0.00000     0.00000     0.00000     0.00000
   -45.66117     0.00000     0.00000     0.00000     0.00000     0.00000
   -45.63717     0.00000     0.00000     0.00000     0.00000     0.00000
   -45.61417     0.00000     0.00000     0.00000     0.00000     0.00000
   -45.59117     0.00000     0.00000     0.00000     0.00000     0.00000
   -45.56817     0.00000     0.00000     0.00000     0.00000     0.00000
   -45.54517     0.00000     0.00000     0.00000     0.00000     0.00000
   -45.52217     0.00000     0.00000     0.00000     0.00000     0.00000
   -45.49817     0.00000     0.00000     0.00000     0.00000     0.00000
   -45.47517     0.00000     0.00000     0.00000     0.00000     0.00000
   -45.45217     0.00000     0.00000     0.00000     0.00000     0.00000
   -45.42917     0.00000     0.00000     0.00000     0.00000     0.00000
   -45.40617     0.00000     0.00000     0.00000     0.00000     0.00000
   -45.38217     0.00000     0.00000     0.00000     0.00000     0.00000
   -45.35917     0.00000     0.00000     0.00000     0.00000     0.00000
   -45.33617     0.00000     0.00000     0.00000     0.00000     0.00000
   -45.31317     0.00000     0.00000     0.00000     0.00000     0.00000
   -45.29017     0.00000     0.00000     0.00000     0.00000     0.00000
   -45.26717     0.00000     0.00000     0.00000     0.00000     0.00000
   -45.24317     0.00000     0.00000     0.00000     0.00000     0.00000
   -45.22017     0.00000     0.00000     0.00000     0.00000     0.00000
   -45.19717     0.00000     0.00000     0.00000     0.00000     0.00000
   -45.17417     0.00000     0.00000     0.00000     0.00000     0.00000
   -45.15117     0.00000     0.00000     0.00000     0.00000     0.00000
   -45.12717     0.00000     0.00000     0.00000     0.00000     0.00000
   -45.10417     0.00000     0.00000     0.00000     0.00000     0.00000
   -45.08117     0.00000     0.00000     0.00000     0.00000     0.00000
   -45.05817     0.00000     0.00000     0.00000     0.00000     0.00000
   -45.03517     0.00000     0.00000     0.00000     0.00000     0.00000
   -45.01217     0.00000     0.00000     0.00000     0.00000     0.00000
   -44.98817     0.00000     0.00000     0.00000     0.00000     0.00000
   -44.96517     0.00000     0.00000     0.00000     0.00000     0.00000
   -44.94217     0.00000     0.00000     0.00000     0.00000     0.00000
   -44.91917     0.00000     0.00000     0.00000     0.00000     0.00000
   -44.89617     0.00000     0.00000     0.00000     0.00000     0.00000
   -44.87217     0.00000     0.00000     0.00000     0.00000     0.00000
   -44.84917     0.00000     0.00000     0.00000     0.00000     0.00000
   -44.82617     0.00000     0.00000     0.00000     0.00000     0.00000
   -44.80317     0.00000     0.00000     0.00000     0.00000     0.00000
   -44.78017     0.00000     0.00000     0.00000     0.00000     0.00000
   -44.75717     0.00000     0.00000     0.00000     0.00000     0.00000
   -44.73317     0.00000     0.00000     0.00000     0.00000     0.00000
   -44.71017     0.00000     0.00000     0.00000     0.00000     0.00000
   -44.68717     0.00000     0.00000     0.00000     0.00000     0.00000
   -44.66417     0.00000     0.00000     0.00000     0.00000     0.00000
   -44.64117     0.00000     0.00000     0.00000     0.00000     0.00000
   -44.61717     0.00000     0.00000     0.00000     0.00000     0.00000
   -44.59417     0.00000     0.00000     0.00000     0.00000     0.00000
   -44.57117     0.00000     0.00000     0.00000     0.00000     0.00000
   -44.54817     0.00000     0.00000     0.00000     0.00000     0.00000
   -44.52517     0.00000     0.00000     0.00000     0.00000     0.00000
   -44.50217     0.00000     0.00000     0.00000     0.00000     0.00000
   -44.47817     0.00000     0.00000     0.00000     0.00000     0.00000
   -44.45517     0.00000     0.00000     0.00000     0.00000     0.00000
   -44.43217     0.00000     0.00000     0.00000     0.00000     0.00000
   -44.40917     0.00000     0.00000     0.00000     0.00000     0.00000
   -44.38617     0.00000     0.00000     0.00000     0.00000     0.00000
   -44.36217     0.00000     0.00000     0.00000     0.00000     0.00000
   -44.33917     0.00000     0.00000     0.00000     0.00000     0.00000
   -44.31617     0.00000     0.00000     0.00000     0.00000     0.00000
   -44.29317     0.00000     0.00000     0.00000     0.00000     0.00000
   -44.27017     0.00000     0.00000     0.00000     0.00000     0.00000
   -44.24717     0.00000     0.00000     0.00000     0.00000     0.00000
   -44.22317     0.00000     0.00000     0.00000     0.00000     0.00000
   -44.20017     0.00000     0.00000     0.00000     0.00000     0.00000
   -44.17717     0.00000     0.00000     0.00000     0.00000     0.00000
   -44.15417     0.00000     0.00000     0.00000     0.00000     0.00000
   -44.13117     0.00000     0.00000     0.00000     0.00000     0.00000
   -44.10717     0.00000     0.00000     0.00000     0.00000     0.00000
   -44.08417     0.00000     0.00000     0.00000     0.00000     0.00000
   -44.06117     0.00000     0.00000     0.00000     0.00000     0.00000
   -44.03817     0.00000     0.00000     0.00000     0.00000     0.00000
   -44.01517     0.00000     0.00000     0.00000     0.00000     0.00000
   -43.99217     0.00000     0.00000     0.00000     0.00000     0.00000
   -43.96817     0.00000     0.00000     0.00000     0.00000     0.00000
   -43.94517     0.00000     0.00000     0.00000     0.00000     0.00000
   -43.92217     0.00000     0.00000     0.00000     0.00000     0.00000
   -43.89917     0.00000     0.00000     0.00000     0.00000     0.00000
   -43.87617     0.00000     0.00000     0.00000     0.00000     0.00000
   -43.85217     0.00000     0.00000     0.00000     0.00000     0.00000
   -43.82917     0.00000     0.00000     0.00000     0.00000     0.00000
   -43.80617     0.00000     0.00000     0.00000     0.00000     0.00000
   -43.78317     0.00000     0.00000     0.00000     0.00000     0.00000
   -43.76017     0.00000     0.00000     0.00000     0.00000     0.00000
   -43.73717     0.00000     0.00000     0.00000     0.00000     0.00000
   -43.71317     0.00000     0.00000     0.00000     0.00000     0.00000
   -43.69017     0.00000     0.00000     0.00000     0.00000     0.00000
   -43.66717     0.00000     0.00000     0.00000     0.00000     0.00000
   -43.64417     0.00000     0.00000     0.00000     0.00000     0.00000
   -43.62117     0.00000     0.00000     0.00000     0.00000     0.00000
   -43.59717     0.00000     0.00000     0.00000     0.00000     0.00000
   -43.57417     0.00000     0.00000     0.00000     0.00000     0.00000
   -43.55117     0.00000     0.00000     0.00000     0.00000     0.00000
   -43.52817     0.00000     0.00000     0.00000     0.00000     0.00000
   -43.50517     0.00000     0.00000     0.00000     0.00000     0.00000
   -43.48217     0.00000     0.00000     0.00000     0.00000     0.00000
   -43.45817     0.00000     0.00000     0.00000     0.00000     0.00000
   -43.43517     0.00000     0.00000     0.00000     0.00000     0.00000
   -43.41217     0.00000     0.00000     0.00000     0.00000     0.00000
   -43.38917     0.00000     0.00000     0.00000     0.00000     0.00000
   -43.36617     0.00000     0.00000     0.00000     0.00000     0.00000
   -43.34217     0.00000     0.00000     0.00000     0.00000     0.00000
   -43.31917     0.00000     0.00000     0.00000     0.00000     0.00000
   -43.29617     0.00000     0.00000     0.00000     0.00000     0.00000
   -43.27317     0.00000     0.00000     0.00000     0.00000     0.00000
   -43.25017     0.00000     0.00000     0.00000     0.00000     0.00000
   -43.22717     0.00000     0.00000     0.00000     0.00000     0.00000
   -43.20317     0.00000     0.00000     0.00000     0.00000     0.00000
   -43.18017     0.00000     0.00000     0.00000     0.00000     0.00000
   -43.15717     0.00000     0.00000     0.00000     0.00000     0.00000
   -43.13417     0.00000     0.00000     0.00000     0.00000     0.00000
   -43.11117     0.00000     0.00000     0.00000     0.00000     0.00000
   -43.08717     0.00000     0.00000     0.00000     0.00000     0.00000
   -43.06417     0.00000     0.00000     0.00000     0.00000     0.00000
   -43.04117     0.00000     0.00000     0.00000     0.00000     0.00000
   -43.01817     0.00000     0.00000     0.00000     0.00000     0.00000
   -42.99517     0.00000     0.00000     0.00000     0.00000     0.00000
   -42.97217     0.00000     0.00000     0.00000     0.00000     0.00000
   -42.94817     0.00000     0.00000     0.00000     0.00000     0.00000
   -42.92517     0.00000     0.00000     0.00000     0.00000     0.00000
   -42.90217     0.00000     0.00000     0.00000     0.00000     0.00000
   -42.87917     0.00000     0.00000     0.00000     0.00000     0.00000
   -42.85617     0.00000     0.00000     0.00000     0.00000     0.00000
   -42.83217     0.00000     0.00000     0.00000     0.00000     0.00000
   -42.80917     0.00000     0.00000     0.00000     0.00000     0.00000
   -42.78617     0.00000     0.00000     0.00000     0.00000     0.00000
   -42.76317     0.00000     0.00000     0.00000     0.00000     0.00000
   -42.74017     0.00000     0.00000     0.00000     0.00000     0.00000
   -42.71717     0.00000     0.00000     0.00000     0.00000     0.00000
   -42.69317     0.00000     0.00000     0.00000     0.00000     0.00000
   -42.67017     0.00000     0.00000     0.00000     0.00000     0.00000
   -42.64717     0.00000     0.00000     0.00000     0.00000     0.00000
   -42.62417     0.00000     0.00000     0.00000     0.00000     0.00000
   -42.60117     0.00000     0.00000     0.00000     0.00000     0.00000
   -42.57717     0.00000     0.00000     0.00000     0.00000     0.00000
   -42.55417     0.00000     0.00000     0.00000     0.00000     0.00000
   -42.53117     0.00000     0.00000     0.00000     0.00000     0.00000
   -42.50817     0.00000     0.00000     0.00000     0.00000     0.00000
   -42.48517     0.00000     0.00000     0.00000     0.00000     0.00000
   -42.46217     0.00000     0.00000     0.00000     0.00000     0.00000
   -42.43817     0.00000     0.00000     0.00000     0.00000     0.00000
   -42.41517     0.00000     0.00000     0.00000     0.00000     0.00000
   -42.39217     0.00000     0.00000     0.00000     0.00000     0.00000
   -42.36917     0.00000     0.00000     0.00000     0.00000     0.00000
   -42.34617     0.00000     0.00000     0.00000     0.00000     0.00000
   -42.32217     0.00000     0.00000     0.00000     0.00000     0.00000
   -42.29917     0.00000     0.00000     0.00000     0.00000     0.00000
   -42.27617     0.00000     0.00000     0.00000     0.00000     0.00000
   -42.25317     0.00000     0.00000     0.00000     0.00000     0.00000
   -42.23017     0.00000     0.00000     0.00000     0.00000     0.00000
   -42.20717     0.00000     0.00000     0.00000     0.00000     0.00000
   -42.18317     0.00000     0.00000     0.00000     0.00000     0.00000
   -42.16017     0.00000     0.00000     0.00000     0.00000     0.00000
   -42.13717     0.00000     0.00000     0.00000     0.00000     0.00000
   -42.11417     0.00000     0.00000     0.00000     0.00000     0.00000
   -42.09117     0.00000     0.00000     0.00000     0.00000     0.00000
   -42.06717     0.00000     0.00000     0.00000     0.00000     0.00000
   -42.04417     0.00000     0.00000     0.00000     0.00000     0.00000
   -42.02117     0.00000     0.00000     0.00000     0.00000     0.00000
   -41.99817     0.00000     0.00000     0.00000     0.00000     0.00000
   -41.97517     0.00000     0.00000     0.00000     0.00000     0.00000
   -41.95217     0.00000     0.00000     0.00000     0.00000     0.00000
   -41.92817     0.00000     0.00000     0.00000     0.00000     0.00000
   -41.90517     0.00000     0.00000     0.00000     0.00000     0.00000
   -41.88217     0.00000     0.00000     0.00000     0.00000     0.00000
   -41.85917     0.00000     0.00000     0.00000     0.00000     0.00000
   -41.83617     0.00000     0.00000     0.00000     0.00000     0.00000
   -41.81217     0.00000     0.00000     0.00000     0.00000     0.00000
   -41.78917     0.00000     0.00000     0.00000     0.00000     0.00000
   -41.76617     0.00000     0.00000     0.00000     0.00000     0.00000
   -41.74317     0.00000     0.00000     0.00000     0.00000     0.00000
   -41.72017     0.00000     0.00000     0.00000     0.00000     0.00000
   -41.69717     0.00000     0.00000     0.00000     0.00000     0.00000
   -41.67317     0.00000     0.00000     0.00000     0.00000     0.00000
   -41.65017     0.00000     0.00000     0.00000     0.00000     0.00000
   -41.62717     0.00000     0.00000     0.00000     0.00000     0.00000
   -41.60417     0.00000     0.00000     0.00000     0.00000     0.00000
   -41.58117     0.00000     0.00000     0.00000     0.00000     0.00000
   -41.55717     0.00000     0.00000     0.00000     0.00000     0.00000
   -41.53417     0.00000     0.00000     0.00000     0.00000     0.00000
   -41.51117     0.00000     0.00000     0.00000     0.00000     0.00000
   -41.48817     0.00000     0.00000     0.00000     0.00000     0.00000
   -41.46517     0.00000     0.00000     0.00000     0.00000     0.00000
   -41.44217     0.00000     0.00000     0.00000     0.00000     0.00000
   -41.41817     0.00000     0.00000     0.00000     0.00000     0.00000
   -41.39517     0.00000     0.00000     0.00000     0.00000     0.00000
   -41.37217     0.00000     0.00000     0.00000     0.00000     0.00000
   -41.34917     0.00000     0.00000     0.00000     0.00000     0.00000
   -41.32617     0.00000     0.00000     0.00000     0.00000     0.00000
   -41.30217     0.00000     0.00000     0.00000     0.00000     0.00000
   -41.27917     0.00000     0.00000     0.00000     0.00000     0.00000
   -41.25617     0.00000     0.00000     0.00000     0.00000     0.00000
   -41.23317     0.00000     0.00000     0.00000     0.00000     0.00000
   -41.21017     0.00000     0.00000     0.00000     0.00000     0.00000
   -41.18717     0.00000     0.00000     0.00000     0.00000     0.00000
   -41.16317     0.00000     0.00000     0.00000     0.00000     0.00000
   -41.14017     0.00000     0.00000     0.00000     0.00000     0.00000
   -41.11717     0.00000     0.00000     0.00000     0.00000     0.00000
   -41.09417     0.00000     0.00000     0.00000     0.00000     0.00000
   -41.07117     0.00000     0.00000     0.00000     0.00000     0.00000
   -41.04717     0.00000     0.00000     0.00000     0.00000     0.00000
   -41.02417     0.00000     0.00000     0.00000     0.00000     0.00000
   -41.00117     0.00000     0.00000     0.00000     0.00000     0.00000
   -40.97817     0.00000     0.00000     0.00000     0.00000     0.00000
   -40.95517     0.00000     0.00000     0.00000     0.00000     0.00000
   -40.93217     0.00000     0.00000     0.00000     0.00000     0.00000
   -40.90817     0.00000     0.00000     0.00000     0.00000     0.00000
   -40.88517     0.00000     0.00000     0.00000     0.00000     0.00000
   -40.86217     0.00000     0.00000     0.00000     0.00000     0.00000
   -40.83917     0.00000     0.00000     0.00000     0.00000     0.00000
   -40.81617     0.00000     0.00000     0.00000     0.00000     0.00000
   -40.79217     0.00000     0.00000     0.00000     0.00000     0.00000
   -40.76917     0.00000     0.00000     0.00000     0.00000     0.00000
   -40.74617     0.00000     0.00000     0.00000     0.00000     0.00000
   -40.72317     0.00000     0.00000     0.00000     0.00000     0.00000
   -40.70017     0.00000     0.00000     0.00000     0.00000     0.00000
   -40.67717     0.00000     0.00000     0.00000     0.00000     0.00000
   -40.65317     0.00000     0.00000     0.00000     0.00000     0.00000
   -40.63017     0.00000     0.00000     0.00000     0.00000     0.00000
   -40.60717     0.00000     0.00000     0.00000     0.00000     0.00000
   -40.58417     0.00000     0.00000     0.00000     0.00000     0.00000
   -40.56117     0.00000     0.00000     0.00000     0.00000     0.00000
   -40.53717     0.00000     0.00000     0.00000     0.00000     0.00000
   -40.51417     0.00000     0.00000     0.00000     0.00000     0.00000
   -40.49117     0.00000     0.00000     0.00000     0.00000     0.00000
   -40.46817     0.00000     0.00000     0.00000     0.00000     0.00000
   -40.44517     0.00000     0.00000     0.00000     0.00000     0.00000
   -40.42217     0.00000     0.00000     0.00000     0.00000     0.00000
   -40.39817     0.00000     0.00000     0.00000     0.00000     0.00000
   -40.37517     0.00000     0.00000     0.00000     0.00000     0.00000
   -40.35217     0.00000     0.00000     0.00000     0.00000     0.00000
   -40.32917     0.00000     0.00000     0.00000     0.00000     0.00000
   -40.30617     0.00000     0.00000     0.00000     0.00000     0.00000
   -40.28217     0.00000     0.00000     0.00000     0.00000     0.00000
   -40.25917     0.00000     0.00000     0.00000     0.00000     0.00000
   -40.23617     0.00000     0.00000     0.00000     0.00000     0.00000
   -40.21317     0.00000     0.00000     0.00000     0.00000     0.00000
   -40.19017     0.00000     0.00000     0.00000     0.00000     0.00000
   -40.16717     0.00000     0.00000     0.00000     0.00000     0.00000
   -40.14317     0.00000     0.00000     0.00000     0.00000     0.00000
   -40.12017     0.00000     0.00000     0.00000     0.00000     0.00000
   -40.09717     0.00000     0.00000     0.00000     0.00000     0.00000
   -40.07417     0.00000     0.00000     0.00000     0.00000     0.00000
   -40.05117     0.00000     0.00000     0.00000     0.00000     0.00000
   -40.02717     0.00000     0.00000     0.00000     0.00000     0.00000
   -40.00417     0.00000     0.00000     0.00000     0.00000     0.00000
   -39.98117     0.00000     0.00000     0.00000     0.00000     0.00000
   -39.95817     0.00000     0.00000     0.00000     0.00000     0.00000
   -39.93517     0.00000     0.00000     0.00000     0.00000     0.00000
   -39.91217     0.00000     0.00000     0.00000     0.00000     0.00000
   -39.88817     0.00000     0.00000     0.00000     0.00000     0.00000
   -39.86517     0.00000     0.00000     0.00000     0.00000     0.00000
   -39.84217     0.00000     0.00000     0.00000     0.00000     0.00000
   -39.81917     0.00000     0.00000     0.00000     0.00000     0.00000
   -39.79617     0.00000     0.00000     0.00000     0.00000     0.00000
   -39.77217     0.00000     0.00000     0.00000     0.00000     0.00000
   -39.74917     0.00000     0.00000     0.00000     0.00000     0.00000
   -39.72617     0.00000     0.00000     0.00000     0.00000     0.00000
   -39.70317     0.00000     0.00000     0.00000     0.00000     0.00000
   -39.68017     0.00000     0.00000     0.00000     0.00000     0.00000
   -39.65717     0.00000     0.00000     0.00000     0.00000     0.00000
   -39.63317     0.00000     0.00000     0.00000     0.00000     0.00000
   -39.61017     0.00000     0.00000     0.00000     0.00000     0.00000
   -39.58717     0.00000     0.00000     0.00000     0.00000     0.00000
   -39.56417     0.00000     0.00000     0.00000     0.00000     0.00000
   -39.54117     0.00000     0.00000     0.00000     0.00000     0.00000
   -39.51717     0.00000     0.00000     0.00000     0.00000     0.00000
   -39.49417     0.00000     0.00000     0.00000     0.00000     0.00000
   -39.47117     0.00000     0.00000     0.00000     0.00000     0.00000
   -39.44817     0.00000     0.00000     0.00000     0.00000     0.00000
   -39.42517     0.00000     0.00000     0.00000     0.00000     0.00000
   -39.40217     0.00000     0.00000     0.00000     0.00000     0.00000
   -39.37817     0.00000     0.00000     0.00000     0.00000     0.00000
   -39.35517     0.00000     0.00000     0.00000     0.00000     0.00000
   -39.33217     0.00000     0.00000     0.00000     0.00000     0.00000
   -39.30917     0.00000     0.00000     0.00000     0.00000     0.00000
   -39.28617     0.00000     0.00000     0.00000     0.00000     0.00000
   -39.26217     0.00000     0.00000     0.00000     0.00000     0.00000
   -39.23917     0.00000     0.00000     0.00000     0.00000     0.00000
   -39.21617     0.00000     0.00000     0.00000     0.00000     0.00000
   -39.19317     0.00000     0.00000     0.00000     0.00000     0.00000
   -39.17017     0.00000     0.00000     0.00000     0.00000     0.00000
   -39.14717     0.00000     0.00000     0.00000     0.00000     0.00000
   -39.12317     0.00000     0.00000     0.00000     0.00000     0.00000
   -39.10017     0.00000     0.00000     0.00000     0.00000     0.00000
   -39.07717     0.00000     0.00000     0.00000     0.00000     0.00000
   -39.05417     0.00000     0.00000     0.00000     0.00000     0.00000
   -39.03117     0.00000     0.00000     0.00000     0.00000     0.00000
   -39.00717     0.00000     0.00000     0.00000     0.00000     0.00000
   -38.98417     0.00000     0.00000     0.00000     0.00000     0.00000
   -38.96117     0.00000     0.00000     0.00000     0.00000     0.00000
   -38.93817     0.00000     0.00000     0.00000     0.00000     0.00000
   -38.91517     0.00000     0.00000     0.00000     0.00000     0.00000
   -38.89117     0.00000     0.00000     0.00000     0.00000     0.00000
   -38.86817     0.00000     0.00000     0.00000     0.00000     0.00000
   -38.84517     0.00000     0.00000     0.00000     0.00000     0.00000
   -38.82217     0.00000     0.00000     0.00000     0.00000     0.00000
   -38.79917     0.00000     0.00000     0.00000     0.00000     0.00000
   -38.77617     0.00000     0.00000     0.00000     0.00000     0.00000
   -38.75217     0.00000     0.00000     0.00000     0.00000     0.00000
   -38.72917     0.00000     0.00000     0.00000     0.00000     0.00000
   -38.70617     0.00000     0.00000     0.00000     0.00000     0.00000
   -38.68317     0.00000     0.00000     0.00000     0.00000     0.00000
   -38.66017     0.00000     0.00000     0.00000     0.00000     0.00000
   -38.63617     0.00000     0.00000     0.00000     0.00000     0.00000
   -38.61317     0.00000     0.00000     0.00000     0.00000     0.00000
   -38.59017     0.00000     0.00000     0.00000     0.00000     0.00000
   -38.56717     0.00000     0.00000     0.00000     0.00000     0.00000
   -38.54417     0.00000     0.00000     0.00000     0.00000     0.00000
   -38.52117     0.00000     0.00000     0.00000     0.00000     0.00000
   -38.49717     0.00000     0.00000     0.00000     0.00000     0.00000
   -38.47417     0.00000     0.00000     0.00000     0.00000     0.00000
   -38.45117     0.00000     0.00000     0.00000     0.00000     0.00000
   -38.42817     0.00000     0.00000     0.00000     0.00000     0.00000
   -38.40517     0.00000     0.00000     0.00000     0.00000     0.00000
   -38.38117     0.00000     0.00000     0.00000     0.00000     0.00000
   -38.35817     0.00000     0.00000     0.00000     0.00000     0.00000
   -38.33517     0.00000     0.00000     0.00000     0.00000     0.00000
   -38.31217     0.00000     0.00000     0.00000     0.00000     0.00000
   -38.28917     0.00000     0.00000     0.00000     0.00000     0.00000
   -38.26617     0.00000     0.00000     0.00000     0.00000     0.00000
   -38.24217     0.00000     0.00000     0.00000     0.00000     0.00000
   -38.21917     0.00000     0.00000     0.00000     0.00000     0.00000
   -38.19617     0.00000     0.00000     0.00000     0.00000     0.00000
   -38.17317     0.00000     0.00000     0.00000     0.00000     0.00000
   -38.15017     0.00000     0.00000     0.00000     0.00000     0.00000
   -38.12617     0.00000     0.00000     0.00000     0.00000     0.00000
   -38.10317     0.00000     0.00000     0.00000     0.00000     0.00000
   -38.08017     0.00000     0.00000     0.00000     0.00000     0.00000
   -38.05717     0.00000     0.00000     0.00000     0.00000     0.00000
   -38.03417     0.00000     0.00000     0.00000     0.00000     0.00000
   -38.01117     0.00000     0.00000     0.00000     0.00000     0.00000
   -37.98717     0.00000     0.00000     0.00000     0.00000     0.00000
   -37.96417     0.00000     0.00000     0.00000     0.00000     0.00000
   -37.94117     0.00000     0.00000     0.00000     0.00000     0.00000
   -37.91817     0.00000     0.00000     0.00000     0.00000     0.00000
   -37.89517     0.00000     0.00000     0.00000     0.00000     0.00000
   -37.87117     0.00000     0.00000     0.00000     0.00000     0.00000
   -37.84817     0.00000     0.00000     0.00000     0.00000     0.00000
   -37.82517     0.00000     0.00000     0.00000     0.00000     0.00000
   -37.80217     0.00000     0.00000     0.00000     0.00000     0.00000
   -37.77917     0.00000     0.00000     0.00000     0.00000     0.00000
   -37.75617     0.00000     0.00000     0.00000     0.00000     0.00000
   -37.73217     0.00000     0.00000     0.00000     0.00000     0.00000
   -37.70917     0.00000     0.00000     0.00000     0.00000     0.00000
   -37.68617     0.00000     0.00000     0.00000     0.00000     0.00000
   -37.66317     0.00000     0.00000     0.00000     0.00000     0.00000
   -37.64017     0.00000     0.00000     0.00000     0.00000     0.00000
   -37.61617     0.00000     0.00000     0.00000     0.00000     0.00000
   -37.59317     0.00000     0.00000     0.00000     0.00000     0.00000
   -37.57017     0.00000     0.00000     0.00000     0.00000     0.00000
   -37.54717     0.00000     0.00000     0.00000     0.00000     0.00000
   -37.52417     0.00000     0.00000     0.00000     0.00000     0.00000
   -37.50117     0.00000     0.00000     0.00000     0.00000     0.00000
   -37.47717     0.00000     0.00000     0.00000     0.00000     0.00000
   -37.45417     0.00000     0.00000     0.00000     0.00000     0.00000
   -37.43117     0.00000     0.00000     0.00000     0.00000     0.00000
   -37.40817     0.00000     0.00000     0.00000     0.00000     0.00000
   -37.38517     0.00000     0.00000     0.00000     0.00000     0.00000
   -37.36117     0.00000     0.00000     0.00000     0.00000     0.00000
   -37.33817     0.00000     0.00000     0.00000     0.00000     0.00000
   -37.31517     0.00000     0.00000     0.00000     0.00000     0.00000
   -37.29217     0.00000     0.00000     0.00000     0.00000     0.00000
   -37.26917     0.00000     0.00000     0.00000     0.00000     0.00000
   -37.24617     0.00000     0.00000     0.00000     0.00000     0.00000
   -37.22217     0.00000     0.00000     0.00000     0.00000     0.00000
   -37.19917     0.00000     0.00000     0.00000     0.00000     0.00000
   -37.17617     0.00000     0.00000     0.00000     0.00000     0.00000
   -37.15317     0.00000     0.00000     0.00000     0.00000     0.00000
   -37.13017     0.00000     0.00000     0.00000     0.00000     0.00000
   -37.10617     0.00000     0.00000     0.00000     0.00000     0.00000
   -37.08317     0.00000     0.00000     0.00000     0.00000     0.00000
   -37.06017     0.00000     0.00000     0.00000     0.00000     0.00000
   -37.03717     0.00000     0.00000     0.00000     0.00000     0.00000
   -37.01417     0.00000     0.00000     0.00000     0.00000     0.00000
   -36.99117     0.00000     0.00000     0.00000     0.00000     0.00000
   -36.96717     0.00000     0.00000     0.00000     0.00000     0.00000
   -36.94417     0.00000     0.00000     0.00000     0.00000     0.00000
   -36.92117     0.00000     0.00000     0.00000     0.00000     0.00000
   -36.89817     0.00000     0.00000     0.00000     0.00000     0.00000
   -36.87517     0.00000     0.00000     0.00000     0.00000     0.00000
   -36.85117     0.00000     0.00000     0.00000     0.00000     0.00000
   -36.82817     0.00000     0.00000     0.00000     0.00000     0.00000
   -36.80517     0.00000     0.00000     0.00000     0.00000     0.00000
   -36.78217     0.00000     0.00000     0.00000     0.00000     0.00000
   -36.75917     0.00000     0.00000     0.00000     0.00000     0.00000
   -36.73617     0.00000     0.00000     0.00000     0.00000     0.00000
   -36.71217     0.00000     0.00000     0.00000     0.00000     0.00000
   -36.68917     0.00000     0.00000     0.00000     0.00000     0.00000
   -36.66617     0.00000     0.00000     0.00000     0.00000     0.00000
   -36.64317     0.00000     0.00000     0.00000     0.00000     0.00000
   -36.62017     0.00000     0.00000     0.00000     0.00001     0.00000
   -36.59617     0.00000     0.00000     0.00000     0.00002     0.00000
   -36.57317     0.00000     0.00000     0.00000     0.00004     0.00000
   -36.55017     0.00000     0.00000     0.00000     0.00010     0.00000
   -36.52717     0.00000     0.00000     0.00000     0.00022     0.00000
   -36.50417     0.00000     0.00000     0.00000     0.00046     0.00000
   -36.48117     0.00000     0.00000     0.00000     0.00096     0.00000
   -36.45717     0.00000     0.00000     0.00000     0.00194     0.00000
   -36.43417     0.00000     0.00000     0.00000     0.00382     0.00000
   -36.41117     0.00000     0.00000     0.00000     0.00735     0.00001
   -36.38817     0.00001     0.00000     0.00001     0.01378     0.00002
   -36.36517     0.00001     0.00000     0.00001     0.02522     0.00003
   -36.34117     0.00002     0.00001     0.00003     0.04500     0.00005
   -36.31817     0.00004     0.00001     0.00004     0.07834     0.00008
   -36.29517     0.00006     0.00001     0.00007     0.13314     0.00014
   -36.27217     0.00009     0.00002     0.00012     0.22092     0.00023
   -36.24917     0.00015     0.00004     0.00019     0.35795     0.00037
   -36.22617     0.00022     0.00005     0.00030     0.56661     0.00058
   -36.20217     0.00033     0.00008     0.00045     0.87663     0.00089
   -36.17917     0.00047     0.00012     0.00067     1.32656     0.00132
   -36.15617     0.00066     0.00016     0.00097     1.96379     0.00192
   -36.13317     0.00090     0.00022     0.00137     2.84611     0.00274
   -36.11017     0.00119     0.00030     0.00190     4.04082     0.00381
   -36.08617     0.00155     0.00039     0.00258     5.62495     0.00520
   -36.06317     0.00195     0.00049     0.00343     7.68220     0.00696
   -36.04017     0.00241     0.00061     0.00448    10.30213     0.00915
   -36.01717     0.00289     0.00073     0.00575    13.57920     0.01181
   -35.99417     0.00339     0.00086     0.00725    17.60650     0.01499
   -35.97117     0.00388     0.00099     0.00901    22.47428     0.01876
   -35.94717     0.00434     0.00112     0.01104    28.26356     0.02315
   -35.92417     0.00475     0.00123     0.01337    35.04705     0.02820
   -35.90117     0.00510     0.00133     0.01601    42.87810     0.03396
   -35.87817     0.00538     0.00142     0.01898    51.78516     0.04046
   -35.85517     0.00558     0.00149     0.02231    61.76295     0.04772
   -35.83117     0.00571     0.00154     0.02602    72.75952     0.05574
   -35.80817     0.00579     0.00158     0.03010    84.67837     0.06448
   -35.78517     0.00584     0.00162     0.03454    97.36424     0.07389
   -35.76217     0.00588     0.00165     0.03932   110.59388     0.08384
   -35.73917     0.00594     0.00170     0.04439   124.09830     0.09417
   -35.71617     0.00604     0.00176     0.04964   137.55818     0.10468
   -35.69217     0.00618     0.00183     0.05498   150.63528     0.11516
   -35.66917     0.00639     0.00193     0.06026   162.97688     0.12535
   -35.64617     0.00666     0.00206     0.06537   174.23260     0.13502
   -35.62317     0.00698     0.00221     0.07014   184.16280     0.14400
   -35.60017     0.00736     0.00240     0.07444   192.54040     0.15212
   -35.57617     0.00776     0.00260     0.07816   199.28800     0.15935
   -35.55317     0.00818     0.00283     0.08124   204.38850     0.16569
   -35.53017     0.00860     0.00307     0.08363   207.95970     0.17125
   -35.50717     0.00900     0.00333     0.08533   210.21430     0.17617
   -35.48417     0.00936     0.00360     0.08637   211.38400     0.18069
   -35.46117     0.00966     0.00387     0.08681   211.83030     0.18506
   -35.43717     0.00989     0.00415     0.08675   211.88070     0.18952
   -35.41417     0.01005     0.00441     0.08628   211.82160     0.19431
   -35.39117     0.01011     0.00467     0.08550   211.96120     0.19961
   -35.36817     0.01009     0.00492     0.08448   212.52000     0.20558
   -35.34517     0.00997     0.00515     0.08334   213.66700     0.21230
   -35.32117     0.00977     0.00535     0.08209   215.51450     0.21977
   -35.29817     0.00948     0.00553     0.08079   218.09740     0.22793
   -35.27517     0.00912     0.00568     0.07946   221.42170     0.23670
   -35.25217     0.00870     0.00580     0.07810   225.40160     0.24586
   -35.22917     0.00824     0.00587     0.07668   229.96540     0.25523
   -35.20617     0.00775     0.00590     0.07520   234.99960     0.26458
   -35.18217     0.00724     0.00588     0.07363   240.36940     0.27364
   -35.15917     0.00673     0.00581     0.07195   245.95840     0.28217
   -35.13617     0.00624     0.00569     0.07013   251.57040     0.28987
   -35.11317     0.00577     0.00552     0.06818   257.14950     0.29657
   -35.09017     0.00533     0.00530     0.06612   262.52310     0.30200
   -35.06617     0.00493     0.00503     0.06396   267.58800     0.30603
   -35.04317     0.00457     0.00473     0.06176   272.24880     0.30849
   -35.02017     0.00425     0.00441     0.05958   276.46710     0.30935
   -34.99717     0.00397     0.00406     0.05751   280.24660     0.30862
   -34.97417     0.00373     0.00370     0.05562   283.69430     0.30639
   -34.95117     0.00352     0.00335     0.05399   286.84770     0.30280
   -34.92717     0.00333     0.00300     0.05268   289.92820     0.29806
   -34.90417     0.00315     0.00268     0.05176   293.10830     0.29243
   -34.88117     0.00299     0.00238     0.05123   296.58250     0.28615
   -34.85817     0.00283     0.00211     0.05108   300.55730     0.27943
   -34.83517     0.00267     0.00188     0.05125   305.07840     0.27254
   -34.81117     0.00250     0.00168     0.05166   310.14230     0.26560
   -34.78817     0.00233     0.00151     0.05221   315.65260     0.25861
   -34.76517     0.00215     0.00137     0.05278   321.37180     0.25162
   -34.74217     0.00197     0.00126     0.05323   326.93260     0.24456
   -34.71917     0.00178     0.00118     0.05345   331.93800     0.23731
   -34.69617     0.00160     0.00111     0.05335   335.84600     0.22973
   -34.67217     0.00142     0.00105     0.05284   338.11400     0.22172
   -34.64917     0.00125     0.00100     0.05188   338.26700     0.21318
   -34.62617     0.00109     0.00096     0.05047   335.81800     0.20401
   -34.60317     0.00095     0.00091     0.04860   330.39400     0.19418
   -34.58017     0.00081     0.00086     0.04632   321.81040     0.18370
   -34.55617     0.00069     0.00080     0.04366   309.97380     0.17258
   -34.53317     0.00058     0.00074     0.04070   295.00910     0.16093
   -34.51017     0.00049     0.00067     0.03751   277.13450     0.14883
   -34.48717     0.00041     0.00060     0.03416   256.82170     0.13640
   -34.46417     0.00034     0.00053     0.03073   234.58240     0.12378
   -34.44117     0.00027     0.00046     0.02729   211.08480     0.11112
   -34.41717     0.00022     0.00039     0.02391   186.98310     0.09862
   -34.39417     0.00018     0.00032     0.02066   162.98340     0.08641
   -34.37117     0.00014     0.00026     0.01759   139.69510     0.07470
   -34.34817     0.00011     0.00021     0.01475   117.69760     0.06363
   -34.32517     0.00008     0.00016     0.01217    97.42980     0.05336
   -34.30117     0.00006     0.00012     0.00987    79.19551     0.04401
   -34.27817     0.00005     0.00009     0.00787    63.18371     0.03567
   -34.25517     0.00003     0.00007     0.00616    49.45409     0.02838
   -34.23217     0.00002     0.00005     0.00474    37.96097     0.02215
   -34.20917     0.00002     0.00003     0.00357    28.55916     0.01694
   -34.18617     0.00001     0.00002     0.00264    21.05197     0.01270
   -34.16217     0.00001     0.00002     0.00191    15.19711     0.00931
   -34.13917     0.00001     0.00001     0.00135    10.73972     0.00668
   -34.11617     0.00000     0.00001     0.00094     7.42642     0.00469
   -34.09317     0.00000     0.00000     0.00063     5.02304     0.00322
   -34.07017     0.00000     0.00000     0.00042     3.32199     0.00215
   -34.04617     0.00000     0.00000     0.00027     2.14724     0.00141
   -34.02317     0.00000     0.00000     0.00017     1.35621     0.00090
   -34.00017     0.00000     0.00000     0.00011     0.83670     0.00056
   -33.97717     0.00000     0.00000     0.00006     0.50400     0.00034
   -33.95417     0.00000     0.00000     0.00004     0.29641     0.00020
   -33.93117     0.00000     0.00000     0.00002     0.17014     0.00012
   -33.90717     0.00000     0.00000     0.00001     0.09530     0.00007
   -33.88417     0.00000     0.00000     0.00001     0.05207     0.00004
   -33.86117     0.00000     0.00000     0.00000     0.02775     0.00002
   -33.83817     0.00000     0.00000     0.00000     0.01442     0.00001
   -33.81517     0.00000     0.00000     0.00000     0.00731     0.00001
   -33.79117     0.00000     0.00000     0.00000     0.00361     0.00000
   -33.76817     0.00000     0.00000     0.00000     0.00174     0.00000
   -33.74517     0.00000     0.00000     0.00000     0.00082     0.00000
   -33.72217     0.00000     0.00000     0.00000     0.00037     0.00000
   -33.69917     0.00000     0.00000     0.00000     0.00017     0.00000
   -33.67617     0.00000     0.00000     0.00000     0.00007     0.00000
   -33.65217     0.00000     0.00000     0.00000     0.00003     0.00000
   -33.62917     0.00000     0.00000     0.00000     0.00001     0.00000
   -33.60617     0.00000     0.00000     0.00000     0.00001     0.00000
   -33.58317     0.00000     0.00000     0.00000     0.00000     0.00000
   -33.56017     0.00000     0.00000     0.00000     0.00000     0.00000
   -33.53617     0.00000     0.00000     0.00000     0.00000     0.00000
   -33.51317     0.00000     0.00000     0.00000     0.00000     0.00000
   -33.49017     0.00000     0.00000     0.00000     0.00000     0.00000
   -33.46717     0.00000     0.00000     0.00000     0.00000     0.00000
   -33.44417     0.00000     0.00000     0.00000     0.00000     0.00000
   -33.42117     0.00000     0.00000     0.00000     0.00000     0.00000
   -33.39717     0.00000     0.00000     0.00000     0.00000     0.00000
   -33.37417     0.00000     0.00000     0.00000     0.00000     0.00000
   -33.35117     0.00000     0.00000     0.00000     0.00000     0.00000
   -33.32817     0.00000     0.00000     0.00000     0.00000     0.00000
   -33.30517     0.00000     0.00000     0.00000     0.00000     0.00000
   -33.28117     0.00000     0.00000     0.00000     0.00000     0.00000
   -33.25817     0.00000     0.00000     0.00000     0.00000     0.00000
   -33.23517     0.00000     0.00000     0.00000     0.00000     0.00000
   -33.21217     0.00000     0.00000     0.00000     0.00000     0.00000
   -33.18917     0.00000     0.00000     0.00000     0.00000     0.00000
   -33.16617     0.00000     0.00000     0.00000     0.00000     0.00000
   -33.14217     0.00000     0.00000     0.00000     0.00000     0.00000
   -33.11917     0.00000     0.00000     0.00000     0.00000     0.00000
   -33.09617     0.00000     0.00000     0.00000     0.00000     0.00000
   -33.07317     0.00000     0.00000     0.00000     0.00000     0.00000
   -33.05017     0.00000     0.00000     0.00000     0.00000     0.00000
   -33.02617     0.00000     0.00000     0.00000     0.00000     0.00000
   -33.00317     0.00000     0.00000     0.00000     0.00000     0.00000
   -32.98017     0.00000     0.00000     0.00000     0.00000     0.00000
   -32.95717     0.00000     0.00000     0.00000     0.00000     0.00000
   -32.93417     0.00000     0.00000     0.00000     0.00000     0.00000
   -32.91117     0.00000     0.00000     0.00000     0.00000     0.00000
   -32.88717     0.00000     0.00000     0.00000     0.00000     0.00000
   -32.86417     0.00000     0.00000     0.00000     0.00000     0.00000
   -32.84117     0.00000     0.00000     0.00000     0.00000     0.00000
   -32.81817     0.00000     0.00000     0.00000     0.00000     0.00000
   -32.79517     0.00000     0.00000     0.00000     0.00000     0.00000
   -32.77117     0.00000     0.00000     0.00000     0.00000     0.00000
   -32.74817     0.00000     0.00000     0.00000     0.00000     0.00000
   -32.72517     0.00000     0.00000     0.00000     0.00000     0.00000
   -32.70217     0.00000     0.00000     0.00000     0.00000     0.00000
   -32.67917     0.00000     0.00000     0.00000     0.00000     0.00000
   -32.65617     0.00000     0.00000     0.00000     0.00000     0.00000
   -32.63217     0.00000     0.00000     0.00000     0.00000     0.00000
   -32.60917     0.00000     0.00000     0.00000     0.00000     0.00000
   -32.58617     0.00000     0.00000     0.00000     0.00000     0.00000
   -32.56317     0.00000     0.00000     0.00000     0.00000     0.00000
   -32.54017     0.00000     0.00000     0.00000     0.00000     0.00000
   -32.51617     0.00000     0.00000     0.00000     0.00000     0.00000
   -32.49317     0.00000     0.00000     0.00000     0.00000     0.00000
   -32.47017     0.00000     0.00000     0.00000     0.00000     0.00000
   -32.44717     0.00000     0.00000     0.00000     0.00000     0.00000
   -32.42417     0.00000     0.00000     0.00000     0.00000     0.00000
   -32.40117     0.00000     0.00000     0.00000     0.00000     0.00000
   -32.37717     0.00000     0.00000     0.00000     0.00000     0.00000
   -32.35417     0.00000     0.00000     0.00000     0.00000     0.00000
   -32.33117     0.00000     0.00000     0.00000     0.00000     0.00000
   -32.30817     0.00000     0.00000     0.00000     0.00000     0.00000
   -32.28517     0.00000     0.00000     0.00000     0.00000     0.00000
   -32.26117     0.00000     0.00000     0.00000     0.00000     0.00000
   -32.23817     0.00000     0.00000     0.00000     0.00000     0.00000
   -32.21517     0.00000     0.00000     0.00000     0.00000     0.00000
   -32.19217     0.00000     0.00000     0.00000     0.00000     0.00000
   -32.16917     0.00000     0.00000     0.00000     0.00000     0.00000
   -32.14617     0.00000     0.00000     0.00000     0.00000     0.00000
   -32.12217     0.00000     0.00000     0.00000     0.00000     0.00000
   -32.09917     0.00000     0.00000     0.00000     0.00000     0.00000
   -32.07617     0.00000     0.00000     0.00000     0.00000     0.00000
   -32.05317     0.00000     0.00000     0.00000     0.00000     0.00000
   -32.03017     0.00000     0.00000     0.00000     0.00000     0.00000
   -32.00617     0.00000     0.00000     0.00000     0.00000     0.00000
   -31.98317     0.00000     0.00000     0.00000     0.00000     0.00000
   -31.96017     0.00000     0.00000     0.00000     0.00000     0.00000
   -31.93717     0.00000     0.00000     0.00000     0.00000     0.00000
   -31.91417     0.00000     0.00000     0.00000     0.00000     0.00000
   -31.89117     0.00000     0.00000     0.00000     0.00000     0.00000
   -31.86717     0.00000     0.00000     0.00000     0.00000     0.00000
   -31.84417     0.00000     0.00000     0.00000     0.00000     0.00000
   -31.82117     0.00000     0.00000     0.00000     0.00000     0.00000
   -31.79817     0.00000     0.00000     0.00000     0.00000     0.00000
   -31.77517     0.00000     0.00000     0.00000     0.00000     0.00000
   -31.75117     0.00000     0.00000     0.00000     0.00000     0.00000
   -31.72817     0.00000     0.00000     0.00000     0.00000     0.00000
   -31.70517     0.00000     0.00000     0.00000     0.00000     0.00000
   -31.68217     0.00000     0.00000     0.00000     0.00000     0.00000
   -31.65917     0.00000     0.00000     0.00000     0.00000     0.00000
   -31.63617     0.00000     0.00000     0.00000     0.00000     0.00000
   -31.61217     0.00000     0.00000     0.00000     0.00000     0.00000
   -31.58917     0.00000     0.00000     0.00000     0.00000     0.00000
   -31.56617     0.00000     0.00000     0.00000     0.00000     0.00000
   -31.54317     0.00000     0.00000     0.00000     0.00000     0.00000
   -31.52017     0.00000     0.00000     0.00000     0.00000     0.00000
   -31.49617     0.00000     0.00000     0.00000     0.00000     0.00000
   -31.47317     0.00000     0.00000     0.00000     0.00000     0.00000
   -31.45017     0.00000     0.00000     0.00000     0.00000     0.00000
   -31.42717     0.00000     0.00000     0.00000     0.00000     0.00000
   -31.40417     0.00000     0.00000     0.00000     0.00000     0.00000
   -31.38117     0.00000     0.00000     0.00000     0.00000     0.00000
   -31.35717     0.00000     0.00000     0.00000     0.00000     0.00000
   -31.33417     0.00000     0.00000     0.00000     0.00000     0.00000
   -31.31117     0.00000     0.00000     0.00000     0.00000     0.00000
   -31.28817     0.00000     0.00000     0.00000     0.00000     0.00000
   -31.26517     0.00000     0.00000     0.00000     0.00000     0.00000
   -31.24117     0.00000     0.00000     0.00000     0.00000     0.00000
   -31.21817     0.00000     0.00000     0.00000     0.00000     0.00000
   -31.19517     0.00000     0.00000     0.00000     0.00000     0.00000
   -31.17217     0.00000     0.00000     0.00000     0.00000     0.00000
   -31.14917     0.00000     0.00000     0.00000     0.00000     0.00000
   -31.12617     0.00000     0.00000     0.00000     0.00000     0.00000
   -31.10217     0.00000     0.00000     0.00000     0.00000     0.00000
   -31.07917     0.00000     0.00000     0.00000     0.00000     0.00000
   -31.05617     0.00000     0.00000     0.00000     0.00000     0.00000
   -31.03317     0.00000     0.00000     0.00000     0.00000     0.00000
   -31.01017     0.00000     0.00000     0.00000     0.00000     0.00000
   -30.98617     0.00000     0.00000     0.00000     0.00000     0.00000
   -30.96317     0.00000     0.00000     0.00000     0.00000     0.00000
   -30.94017     0.00000     0.00000     0.00000     0.00000     0.00000
   -30.91717     0.00000     0.00000     0.00000     0.00000     0.00000
   -30.89417     0.00000     0.00000     0.00000     0.00000     0.00000
   -30.87017     0.00000     0.00000     0.00000     0.00000     0.00000
   -30.84717     0.00000     0.00000     0.00000     0.00000     0.00000
   -30.82417     0.00000     0.00000     0.00000     0.00000     0.00000
   -30.80117     0.00000     0.00000     0.00000     0.00000     0.00000
   -30.77817     0.00000     0.00000     0.00000     0.00000     0.00000
   -30.75517     0.00000     0.00000     0.00000     0.00000     0.00000
   -30.73117     0.00000     0.00000     0.00000     0.00000     0.00000
   -30.70817     0.00000     0.00000     0.00000     0.00000     0.00000
   -30.68517     0.00000     0.00000     0.00000     0.00000     0.00000
   -30.66217     0.00000     0.00000     0.00000     0.00000     0.00000
   -30.63917     0.00000     0.00000     0.00000     0.00000     0.00000
   -30.61517     0.00000     0.00000     0.00000     0.00000     0.00000
   -30.59217     0.00000     0.00000     0.00000     0.00000     0.00000
   -30.56917     0.00000     0.00000     0.00000     0.00000     0.00000
   -30.54617     0.00000     0.00000     0.00000     0.00000     0.00000
   -30.52317     0.00000     0.00000     0.00000     0.00000     0.00000
   -30.50017     0.00000     0.00000     0.00000     0.00000     0.00000
   -30.47617     0.00000     0.00000     0.00000     0.00000     0.00000
   -30.45317     0.00000     0.00000     0.00000     0.00000     0.00000
   -30.43017     0.00000     0.00000     0.00000     0.00000     0.00000
   -30.40717     0.00000     0.00000     0.00000     0.00000     0.00000
   -30.38417     0.00000     0.00000     0.00000     0.00000     0.00000
   -30.36017     0.00000     0.00000     0.00000     0.00000     0.00000
   -30.33717     0.00000     0.00000     0.00000     0.00000     0.00000
   -30.31417     0.00000     0.00000     0.00000     0.00000     0.00000
   -30.29117     0.00000     0.00000     0.00000     0.00000     0.00000
   -30.26817     0.00000     0.00000     0.00000     0.00000     0.00000
   -30.24517     0.00000     0.00000     0.00000     0.00000     0.00000
   -30.22117     0.00000     0.00000     0.00000     0.00000     0.00000
   -30.19817     0.00000     0.00000     0.00000     0.00000     0.00000
   -30.17517     0.00000     0.00000     0.00000     0.00000     0.00000
   -30.15217     0.00000     0.00000     0.00000     0.00000     0.00000
   -30.12917     0.00000     0.00000     0.00000     0.00000     0.00000
   -30.10517     0.00000     0.00000     0.00000     0.00000     0.00000
   -30.08217     0.00000     0.00000     0.00000     0.00000     0.00000
   -30.05917     0.00000     0.00000     0.00000     0.00000     0.00000
   -30.03617     0.00000     0.00000     0.00000     0.00000     0.00000
   -30.01317     0.00000     0.00000     0.00000     0.00000     0.00000
   -29.99017     0.00000     0.00000     0.00000     0.00000     0.00000
   -29.96617     0.00000     0.00000     0.00000     0.00000     0.00000
   -29.94317     0.00000     0.00000     0.00000     0.00000     0.00000
   -29.92017     0.00000     0.00000     0.00000     0.00000     0.00000
   -29.89717     0.00000     0.00000     0.00000     0.00000     0.00000
   -29.87417     0.00000     0.00000     0.00000     0.00000     0.00000
   -29.85017     0.00000     0.00000     0.00000     0.00000     0.00000
   -29.82717     0.00000     0.00000     0.00000     0.00000     0.00000
   -29.80417     0.00000     0.00000     0.00000     0.00000     0.00000
   -29.78117     0.00000     0.00000     0.00000     0.00000     0.00000
   -29.75817     0.00000     0.00000     0.00000     0.00000     0.00000
   -29.73517     0.00000     0.00000     0.00000     0.00000     0.00000
   -29.71117     0.00000     0.00000     0.00000     0.00000     0.00000
   -29.68817     0.00000     0.00000     0.00000     0.00000     0.00000
   -29.66517     0.00000     0.00000     0.00000     0.00000     0.00000
   -29.64217     0.00000     0.00000     0.00000     0.00000     0.00000
   -29.61917     0.00000     0.00000     0.00000     0.00000     0.00000
   -29.59517     0.00000     0.00000     0.00000     0.00000     0.00000
   -29.57217     0.00000     0.00000     0.00000     0.00000     0.00000
   -29.54917     0.00000     0.00000     0.00000     0.00000     0.00000
   -29.52617     0.00000     0.00000     0.00000     0.00000     0.00000
   -29.50317     0.00000     0.00000     0.00000     0.00000     0.00000
   -29.48017     0.00000     0.00000     0.00000     0.00000     0.00000
   -29.45617     0.00000     0.00000     0.00000     0.00000     0.00000
   -29.43317     0.00000     0.00000     0.00000     0.00000     0.00000
   -29.41017     0.00000     0.00000     0.00000     0.00000     0.00000
   -29.38717     0.00000     0.00000     0.00000     0.00000     0.00000
   -29.36417     0.00000     0.00000     0.00000     0.00000     0.00000
   -29.34017     0.00000     0.00000     0.00000     0.00000     0.00000
   -29.31717     0.00000     0.00000     0.00000     0.00000     0.00000
   -29.29417     0.00000     0.00000     0.00000     0.00000     0.00000
   -29.27117     0.00000     0.00000     0.00000     0.00000     0.00000
   -29.24817     0.00000     0.00000     0.00000     0.00000     0.00000
   -29.22517     0.00000     0.00000     0.00000     0.00000     0.00000
   -29.20117     0.00000     0.00000     0.00000     0.00000     0.00000
   -29.17817     0.00000     0.00000     0.00000     0.00000     0.00000
   -29.15517     0.00000     0.00000     0.00000     0.00000     0.00000
   -29.13217     0.00000     0.00000     0.00000     0.00000     0.00000
   -29.10917     0.00000     0.00000     0.00000     0.00000     0.00000
   -29.08517     0.00000     0.00000     0.00000     0.00000     0.00000
   -29.06217     0.00000     0.00000     0.00000     0.00000     0.00000
   -29.03917     0.00000     0.00000     0.00000     0.00000     0.00000
   -29.01617     0.00000     0.00000     0.00000     0.00000     0.00000
   -28.99317     0.00000     0.00000     0.00000     0.00000     0.00000
   -28.97017     0.00000     0.00000     0.00000     0.00000     0.00000
   -28.94617     0.00000     0.00000     0.00000     0.00000     0.00000
   -28.92317     0.00000     0.00000     0.00000     0.00000     0.00000
   -28.90017     0.00000     0.00000     0.00000     0.00000     0.00000
   -28.87717     0.00000     0.00000     0.00000     0.00000     0.00000
   -28.85417     0.00000     0.00000     0.00000     0.00000     0.00000
   -28.83017     0.00000     0.00000     0.00000     0.00000     0.00000
   -28.80717     0.00000     0.00000     0.00000     0.00000     0.00000
   -28.78417     0.00000     0.00000     0.00000     0.00000     0.00000
   -28.76117     0.00000     0.00000     0.00000     0.00000     0.00000
   -28.73817     0.00000     0.00000     0.00000     0.00000     0.00000
   -28.71517     0.00000     0.00000     0.00000     0.00000     0.00000
   -28.69117     0.00000     0.00000     0.00000     0.00000     0.00000
   -28.66817     0.00000     0.00000     0.00000     0.00000     0.00000
   -28.64517     0.00000     0.00000     0.00000     0.00000     0.00000
   -28.62217     0.00000     0.00000     0.00000     0.00000     0.00000
   -28.59917     0.00000     0.00000     0.00000     0.00000     0.00000
   -28.57517     0.00000     0.00000     0.00000     0.00000     0.00000
   -28.55217     0.00000     0.00000     0.00000     0.00000     0.00000
   -28.52917     0.00000     0.00000     0.00000     0.00000     0.00000
   -28.50617     0.00000     0.00000     0.00000     0.00000     0.00000
   -28.48317     0.00000     0.00000     0.00000     0.00000     0.00000
   -28.46017     0.00000     0.00000     0.00000     0.00000     0.00000
   -28.43617     0.00000     0.00000     0.00000     0.00000     0.00000
   -28.41317     0.00000     0.00000     0.00000     0.00000     0.00000
   -28.39017     0.00000     0.00000     0.00000     0.00000     0.00000
   -28.36717     0.00000     0.00000     0.00000     0.00000     0.00000
   -28.34417     0.00000     0.00000     0.00000     0.00000     0.00000
   -28.32017     0.00000     0.00000     0.00000     0.00000     0.00000
   -28.29717     0.00000     0.00000     0.00000     0.00000     0.00000
   -28.27417     0.00000     0.00000     0.00000     0.00000     0.00000
   -28.25117     0.00000     0.00000     0.00000     0.00000     0.00000
   -28.22817     0.00000     0.00000     0.00000     0.00000     0.00000
   -28.20517     0.00000     0.00000     0.00000     0.00000     0.00000
   -28.18117     0.00000     0.00000     0.00000     0.00000     0.00000
   -28.15817     0.00000     0.00000     0.00000     0.00000     0.00000
   -28.13517     0.00000     0.00000     0.00000     0.00000     0.00000
   -28.11217     0.00000     0.00000     0.00000     0.00000     0.00000
   -28.08917     0.00000     0.00000     0.00000     0.00000     0.00000
   -28.06517     0.00000     0.00000     0.00000     0.00000     0.00000
   -28.04217     0.00000     0.00000     0.00000     0.00000     0.00000
   -28.01917     0.00000     0.00000     0.00000     0.00000     0.00000
   -27.99617     0.00000     0.00000     0.00000     0.00000     0.00000
   -27.97317     0.00000     0.00000     0.00000     0.00000     0.00000
   -27.95017     0.00000     0.00000     0.00000     0.00000     0.00000
   -27.92617     0.00000     0.00000     0.00000     0.00000     0.00000
   -27.90317     0.00000     0.00000     0.00000     0.00000     0.00000
   -27.88017     0.00000     0.00000     0.00000     0.00000     0.00000
   -27.85717     0.00000     0.00000     0.00000     0.00000     0.00000
   -27.83417     0.00000     0.00000     0.00000     0.00000     0.00000
   -27.81017     0.00000     0.00000     0.00000     0.00000     0.00000
   -27.78717     0.00000     0.00000     0.00000     0.00000     0.00000
   -27.76417     0.00000     0.00000     0.00000     0.00000     0.00000
   -27.74117     0.00000     0.00000     0.00000     0.00000     0.00000
   -27.71817     0.00000     0.00000     0.00000     0.00000     0.00000
   -27.69517     0.00000     0.00000     0.00000     0.00000     0.00000
   -27.67117     0.00000     0.00000     0.00000     0.00000     0.00000
   -27.64817     0.00000     0.00000     0.00000     0.00000     0.00000
   -27.62517     0.00000     0.00000     0.00000     0.00000     0.00000
   -27.60217     0.00000     0.00000     0.00000     0.00000     0.00000
   -27.57917     0.00000     0.00000     0.00000     0.00000     0.00000
   -27.55517     0.00000     0.00000     0.00000     0.00000     0.00000
   -27.53217     0.00000     0.00000     0.00000     0.00000     0.00000
   -27.50917     0.00000     0.00000     0.00000     0.00000     0.00000
   -27.48617     0.00000     0.00000     0.00000     0.00000     0.00000
   -27.46317     0.00000     0.00000     0.00000     0.00000     0.00000
   -27.44017     0.00000     0.00000     0.00000     0.00000     0.00000
   -27.41617     0.00000     0.00000     0.00000     0.00000     0.00000
   -27.39317     0.00000     0.00000     0.00000     0.00000     0.00000
   -27.37017     0.00000     0.00000     0.00000     0.00000     0.00000
   -27.34717     0.00000     0.00000     0.00000     0.00000     0.00000
   -27.32417     0.00000     0.00000     0.00000     0.00000     0.00000
   -27.30017     0.00000     0.00000     0.00000     0.00000     0.00000
   -27.27717     0.00000     0.00000     0.00000     0.00000     0.00000
   -27.25417     0.00000     0.00000     0.00000     0.00000     0.00000
   -27.23117     0.00000     0.00000     0.00000     0.00000     0.00000
   -27.20817     0.00000     0.00000     0.00000     0.00000     0.00000
   -27.18517     0.00000     0.00000     0.00000     0.00000     0.00000
   -27.16117     0.00000     0.00000     0.00000     0.00000     0.00000
   -27.13817     0.00000     0.00000     0.00000     0.00000     0.00000
   -27.11517     0.00000     0.00000     0.00000     0.00000     0.00000
   -27.09217     0.00000     0.00000     0.00000     0.00000     0.00000
   -27.06917     0.00000     0.00000     0.00000     0.00000     0.00000
   -27.04517     0.00000     0.00000     0.00000     0.00000     0.00000
   -27.02217     0.00000     0.00000     0.00000     0.00000     0.00000
   -26.99917     0.00000     0.00000     0.00000     0.00000     0.00000
   -26.97617     0.00000     0.00000     0.00000     0.00000     0.00000
   -26.95317     0.00000     0.00000     0.00000     0.00000     0.00000
   -26.93017     0.00000     0.00000     0.00000     0.00000     0.00000
   -26.90617     0.00000     0.00000     0.00000     0.00000     0.00000
   -26.88317     0.00000     0.00000     0.00000     0.00000     0.00000
   -26.86017     0.00000     0.00000     0.00000     0.00000     0.00000
   -26.83717     0.00000     0.00000     0.00000     0.00000     0.00000
   -26.81417     0.00000     0.00000     0.00000     0.00000     0.00000
   -26.79017     0.00000     0.00000     0.00000     0.00000     0.00000
   -26.76717     0.00000     0.00000     0.00000     0.00000     0.00000
   -26.74417     0.00000     0.00000     0.00000     0.00000     0.00000
   -26.72117     0.00000     0.00000     0.00000     0.00000     0.00000
   -26.69817     0.00000     0.00000     0.00000     0.00000     0.00000
   -26.67517     0.00000     0.00000     0.00000     0.00000     0.00000
   -26.65117     0.00000     0.00000     0.00000     0.00000     0.00000
   -26.62817     0.00000     0.00000     0.00000     0.00000     0.00000
   -26.60517     0.00000     0.00000     0.00000     0.00000     0.00000
   -26.58217     0.00000     0.00000     0.00000     0.00000     0.00000
   -26.55917     0.00000     0.00000     0.00000     0.00000     0.00000
   -26.53517     0.00000     0.00000     0.00000     0.00000     0.00000
   -26.51217     0.00000     0.00000     0.00000     0.00000     0.00000
   -26.48917     0.00000     0.00000     0.00000     0.00000     0.00000
   -26.46617     0.00000     0.00000     0.00000     0.00000     0.00000
   -26.44317     0.00000     0.00000     0.00000     0.00000     0.00000
   -26.42017     0.00000     0.00000     0.00000     0.00000     0.00000
   -26.39617     0.00000     0.00000     0.00000     0.00000     0.00000
   -26.37317     0.00000     0.00000     0.00000     0.00000     0.00000
   -26.35017     0.00000     0.00000     0.00000     0.00000     0.00000
   -26.32717     0.00000     0.00000     0.00000     0.00000     0.00000
   -26.30417     0.00000     0.00000     0.00000     0.00000     0.00000
   -26.28017     0.00000     0.00000     0.00000     0.00000     0.00000
   -26.25717     0.00000     0.00000     0.00000     0.00000     0.00000
   -26.23417     0.00000     0.00000     0.00000     0.00000     0.00000
   -26.21117     0.00000     0.00000     0.00000     0.00000     0.00000
   -26.18817     0.00000     0.00000     0.00000     0.00000     0.00000
   -26.16517     0.00000     0.00000     0.00000     0.00000     0.00000
   -26.14117     0.00000     0.00000     0.00000     0.00000     0.00000
   -26.11817     0.00000     0.00000     0.00000     0.00000     0.00000
   -26.09517     0.00000     0.00000     0.00000     0.00000     0.00000
   -26.07217     0.00000     0.00000     0.00000     0.00000     0.00000
   -26.04917     0.00000     0.00000     0.00000     0.00000     0.00000
   -26.02517     0.00000     0.00000     0.00000     0.00000     0.00000
   -26.00217     0.00000     0.00000     0.00000     0.00000     0.00000
   -25.97917     0.00000     0.00000     0.00000     0.00000     0.00000
   -25.95617     0.00000     0.00000     0.00000     0.00000     0.00000
   -25.93317     0.00000     0.00000     0.00000     0.00000     0.00000
   -25.91017     0.00000     0.00000     0.00000     0.00000     0.00000
   -25.88617     0.00000     0.00000     0.00000     0.00000     0.00000
   -25.86317     0.00000     0.00000     0.00000     0.00000     0.00000
   -25.84017     0.00000     0.00000     0.00000     0.00000     0.00000
   -25.81717     0.00000     0.00000     0.00000     0.00000     0.00000
   -25.79417     0.00000     0.00000     0.00000     0.00000     0.00000
   -25.77017     0.00000     0.00000     0.00000     0.00000     0.00000
   -25.74717     0.00000     0.00000     0.00000     0.00000     0.00000
   -25.72417     0.00000     0.00000     0.00000     0.00000     0.00000
   -25.70117     0.00000     0.00000     0.00000     0.00000     0.00000
   -25.67817     0.00000     0.00000     0.00000     0.00000     0.00000
   -25.65517     0.00000     0.00000     0.00000     0.00000     0.00000
   -25.63117     0.00000     0.00000     0.00000     0.00000     0.00000
   -25.60817     0.00000     0.00000     0.00000     0.00000     0.00000
   -25.58517     0.00000     0.00000     0.00000     0.00000     0.00000
   -25.56217     0.00000     0.00000     0.00000     0.00000     0.00000
   -25.53917     0.00000     0.00000     0.00000     0.00000     0.00000
   -25.51517     0.00000     0.00000     0.00000     0.00000     0.00000
   -25.49217     0.00000     0.00000     0.00000     0.00000     0.00000
   -25.46917     0.00000     0.00000     0.00000     0.00000     0.00000
   -25.44617     0.00000     0.00000     0.00000     0.00000     0.00000
   -25.42317     0.00000     0.00000     0.00000     0.00000     0.00000
   -25.40017     0.00000     0.00000     0.00000     0.00000     0.00000
   -25.37617     0.00000     0.00000     0.00000     0.00000     0.00000
   -25.35317     0.00000     0.00000     0.00000     0.00000     0.00000
   -25.33017     0.00000     0.00000     0.00000     0.00000     0.00000
   -25.30717     0.00000     0.00000     0.00000     0.00000     0.00000
   -25.28417     0.00000     0.00000     0.00000     0.00000     0.00000
   -25.26017     0.00000     0.00000     0.00000     0.00000     0.00000
   -25.23717     0.00000     0.00000     0.00000     0.00000     0.00000
   -25.21417     0.00000     0.00000     0.00000     0.00000     0.00000
   -25.19117     0.00000     0.00000     0.00000     0.00000     0.00000
   -25.16817     0.00000     0.00000     0.00000     0.00000     0.00000
   -25.14517     0.00000     0.00000     0.00000     0.00000     0.00000
   -25.12117     0.00000     0.00000     0.00000     0.00000     0.00000
   -25.09817     0.00000     0.00000     0.00000     0.00000     0.00000
   -25.07517     0.00000     0.00000     0.00000     0.00000     0.00000
   -25.05217     0.00000     0.00000     0.00000     0.00000     0.00000
   -25.02917     0.00000     0.00000     0.00000     0.00000     0.00000
   -25.00517     0.00000     0.00000     0.00000     0.00000     0.00000
   -24.98217     0.00000     0.00000     0.00000     0.00000     0.00000
   -24.95917     0.00000     0.00000     0.00000     0.00000     0.00000
   -24.93617     0.00000     0.00000     0.00000     0.00000     0.00000
   -24.91317     0.00000     0.00000     0.00000     0.00000     0.00000
   -24.89017     0.00000     0.00000     0.00000     0.00000     0.00000
   -24.86617     0.00000     0.00000     0.00000     0.00000     0.00000
   -24.84317     0.00000     0.00000     0.00000     0.00000     0.00000
   -24.82017     0.00000     0.00000     0.00000     0.00000     0.00000
   -24.79717     0.00000     0.00000     0.00000     0.00000     0.00000
   -24.77417     0.00000     0.00000     0.00000     0.00000     0.00000
   -24.75017     0.00000     0.00000     0.00000     0.00000     0.00000
   -24.72717     0.00000     0.00000     0.00000     0.00000     0.00000
   -24.70417     0.00000     0.00000     0.00000     0.00000     0.00000
   -24.68117     0.00000     0.00000     0.00000     0.00000     0.00000
   -24.65817     0.00000     0.00000     0.00000     0.00000     0.00000
   -24.63517     0.00000     0.00000     0.00000     0.00000     0.00000
   -24.61117     0.00000     0.00000     0.00000     0.00000     0.00000
   -24.58817     0.00000     0.00000     0.00000     0.00000     0.00000
   -24.56517     0.00000     0.00000     0.00000     0.00000     0.00000
   -24.54217     0.00000     0.00000     0.00000     0.00000     0.00000
   -24.51917     0.00000     0.00000     0.00000     0.00000     0.00000
   -24.49517     0.00000     0.00000     0.00000     0.00000     0.00000
   -24.47217     0.00000     0.00000     0.00000     0.00000     0.00000
   -24.44917     0.00000     0.00000     0.00000     0.00000     0.00000
   -24.42617     0.00000     0.00000     0.00000     0.00000     0.00000
   -24.40317     0.00000     0.00000     0.00000     0.00000     0.00000
   -24.38017     0.00000     0.00000     0.00000     0.00000     0.00000
   -24.35617     0.00000     0.00000     0.00000     0.00000     0.00000
   -24.33317     0.00000     0.00000     0.00000     0.00000     0.00000
   -24.31017     0.00000     0.00000     0.00000     0.00000     0.00000
   -24.28717     0.00000     0.00000     0.00000     0.00000     0.00000
   -24.26417     0.00000     0.00000     0.00000     0.00000     0.00000
   -24.24017     0.00000     0.00000     0.00000     0.00000     0.00000
   -24.21717     0.00000     0.00000     0.00000     0.00000     0.00000
   -24.19417     0.00000     0.00000     0.00000     0.00000     0.00000
   -24.17117     0.00000     0.00000     0.00000     0.00000     0.00000
   -24.14817     0.00000     0.00000     0.00000     0.00000     0.00000
   -24.12517     0.00000     0.00000     0.00000     0.00000     0.00000
   -24.10117     0.00000     0.00000     0.00000     0.00000     0.00000
   -24.07817     0.00000     0.00000     0.00000     0.00000     0.00000
   -24.05517     0.00000     0.00000     0.00000     0.00000     0.00000
   -24.03217     0.00000     0.00000     0.00000     0.00000     0.00000
   -24.00917     0.00000     0.00000     0.00000     0.00000     0.00000
   -23.98517     0.00000     0.00000     0.00000     0.00000     0.00000
   -23.96217     0.00000     0.00000     0.00000     0.00000     0.00000
   -23.93917     0.00000     0.00000     0.00000     0.00000     0.00000
   -23.91617     0.00000     0.00000     0.00000     0.00000     0.00000
   -23.89317     0.00000     0.00000     0.00000     0.00000     0.00000
   -23.87017     0.00000     0.00000     0.00000     0.00000     0.00000
   -23.84617     0.00000     0.00000     0.00000     0.00000     0.00000
   -23.82317     0.00000     0.00000     0.00000     0.00000     0.00000
   -23.80017     0.00000     0.00000     0.00000     0.00000     0.00000
   -23.77717     0.00000     0.00000     0.00000     0.00000     0.00000
   -23.75417     0.00000     0.00000     0.00000     0.00000     0.00000
   -23.73017     0.00000     0.00000     0.00000     0.00000     0.00000
   -23.70717     0.00000     0.00000     0.00000     0.00000     0.00000
   -23.68417     0.00000     0.00000     0.00000     0.00000     0.00000
   -23.66117     0.00000     0.00000     0.00000     0.00000     0.00000
   -23.63817     0.00000     0.00000     0.00000     0.00000     0.00000
   -23.61517     0.00000     0.00000     0.00000     0.00000     0.00000
   -23.59117     0.00000     0.00000     0.00000     0.00000     0.00000
   -23.56817     0.00000     0.00000     0.00000     0.00000     0.00000
   -23.54517     0.00000     0.00000     0.00000     0.00000     0.00000
   -23.52217     0.00000     0.00000     0.00000     0.00000     0.00000
   -23.49917     0.00000     0.00000     0.00000     0.00000     0.00000
   -23.47517     0.00000     0.00000     0.00000     0.00000     0.00000
   -23.45217     0.00000     0.00000     0.00000     0.00000     0.00000
   -23.42917     0.00000     0.00000     0.00000     0.00000     0.00000
   -23.40617     0.00000     0.00000     0.00000     0.00000     0.00000
   -23.38317     0.00000     0.00000     0.00000     0.00000     0.00000
   -23.36017     0.00000     0.00000     0.00000     0.00000     0.00000
   -23.33617     0.00000     0.00000     0.00000     0.00000     0.00000
   -23.31317     0.00000     0.00000     0.00000     0.00000     0.00000
   -23.29017     0.00000     0.00000     0.00000     0.00000     0.00000
   -23.26717     0.00000     0.00000     0.00000     0.00000     0.00000
   -23.24417     0.00000     0.00000     0.00000     0.00000     0.00000
   -23.22017     0.00000     0.00000     0.00000     0.00000     0.00000
   -23.19717     0.00000     0.00000     0.00000     0.00000     0.00000
   -23.17417     0.00000     0.00000     0.00000     0.00000     0.00000
   -23.15117     0.00000     0.00000     0.00000     0.00000     0.00000
   -23.12817     0.00000     0.00000     0.00000     0.00000     0.00000
   -23.10417     0.00000     0.00000     0.00000     0.00000     0.00000
   -23.08117     0.00000     0.00000     0.00000     0.00000     0.00000
   -23.05817     0.00000     0.00000     0.00000     0.00000     0.00000
   -23.03517     0.00000     0.00000     0.00000     0.00000     0.00000
   -23.01217     0.00000     0.00000     0.00000     0.00000     0.00000
   -22.98917     0.00000     0.00000     0.00000     0.00000     0.00000
   -22.96517     0.00000     0.00000     0.00000     0.00000     0.00000
   -22.94217     0.00000     0.00000     0.00000     0.00000     0.00000
   -22.91917     0.00000     0.00000     0.00000     0.00000     0.00000
   -22.89617     0.00000     0.00000     0.00000     0.00000     0.00000
   -22.87317     0.00000     0.00000     0.00000     0.00000     0.00000
   -22.84917     0.00000     0.00000     0.00000     0.00000     0.00000
   -22.82617     0.00000     0.00000     0.00000     0.00000     0.00000
   -22.80317     0.00000     0.00000     0.00000     0.00000     0.00000
   -22.78017     0.00000     0.00000     0.00000     0.00000     0.00000
   -22.75717     0.00000     0.00000     0.00000     0.00000     0.00000
   -22.73417     0.00000     0.00000     0.00000     0.00000     0.00000
   -22.71017     0.00000     0.00000     0.00000     0.00000     0.00000
   -22.68717     0.00000     0.00000     0.00000     0.00000     0.00000
   -22.66417     0.00000     0.00000     0.00000     0.00000     0.00000
   -22.64117     0.00000     0.00000     0.00000     0.00000     0.00000
   -22.61817     0.00000     0.00000     0.00000     0.00000     0.00000
   -22.59417     0.00000     0.00000     0.00000     0.00000     0.00000
   -22.57117     0.00000     0.00000     0.00000     0.00000     0.00000
   -22.54817     0.00000     0.00000     0.00000     0.00000     0.00000
   -22.52517     0.00000     0.00000     0.00000     0.00000     0.00000
   -22.50217     0.00000     0.00000     0.00000     0.00000     0.00000
   -22.47917     0.00000     0.00000     0.00000     0.00000     0.00000
   -22.45517     0.00000     0.00000     0.00000     0.00000     0.00000
   -22.43217     0.00000     0.00000     0.00000     0.00000     0.00000
   -22.40917     0.00000     0.00000     0.00000     0.00000     0.00000
   -22.38617     0.00000     0.00000     0.00000     0.00000     0.00000
   -22.36317     0.00000     0.00000     0.00000     0.00000     0.00000
   -22.33917     0.00000     0.00000     0.00000     0.00000     0.00000
   -22.31617     0.00000     0.00000     0.00000     0.00000     0.00000
   -22.29317     0.00000     0.00000     0.00000     0.00000     0.00000
   -22.27017     0.00000     0.00000     0.00000     0.00000     0.00000
   -22.24717     0.00000     0.00000     0.00000     0.00000     0.00000
   -22.22417     0.00000     0.00000     0.00000     0.00000     0.00000
   -22.20017     0.00000     0.00000     0.00000     0.00000     0.00000
   -22.17717     0.00000     0.00000     0.00000     0.00000     0.00000
   -22.15417     0.00000     0.00000     0.00000     0.00000     0.00000
   -22.13117     0.00000     0.00000     0.00000     0.00000     0.00000
   -22.10817     0.00000     0.00000     0.00000     0.00000     0.00000
   -22.08417     0.00000     0.00000     0.00000     0.00000     0.00000
   -22.06117     0.00000     0.00000     0.00000     0.00000     0.00000
   -22.03817     0.00000     0.00000     0.00000     0.00000     0.00000
   -22.01517     0.00000     0.00000     0.00000     0.00000     0.00000
   -21.99217     0.00000     0.00000     0.00000     0.00000     0.00000
   -21.96917     0.00000     0.00000     0.00000     0.00000     0.00000
   -21.94517     0.00000     0.00000     0.00000     0.00000     0.00000
   -21.92217     0.00000     0.00000     0.00000     0.00000     0.00000
   -21.89917     0.00000     0.00000     0.00000     0.00000     0.00000
   -21.87617     0.00000     0.00000     0.00000     0.00000     0.00000
   -21.85317     0.00000     0.00000     0.00000     0.00000     0.00000
   -21.82917     0.00000     0.00000     0.00000     0.00000     0.00000
   -21.80617     0.00000     0.00000     0.00000     0.00000     0.00000
   -21.78317     0.00000     0.00000     0.00000     0.00000     0.00000
   -21.76017     0.00000     0.00000     0.00000     0.00000     0.00000
   -21.73717     0.00000     0.00000     0.00000     0.00000     0.00000
   -21.71417     0.00000     0.00000     0.00000     0.00000     0.00000
   -21.69017     0.00000     0.00000     0.00000     0.00000     0.00000
   -21.66717     0.00000     0.00000     0.00000     0.00000     0.00000
   -21.64417     0.00000     0.00000     0.00000     0.00000     0.00000
   -21.62117     0.00000     0.00000     0.00000     0.00000     0.00000
   -21.59817     0.00000     0.00000     0.00000     0.00000     0.00000
   -21.57417     0.00000     0.00000     0.00000     0.00000     0.00000
   -21.55117     0.00000     0.00000     0.00000     0.00000     0.00000
   -21.52817     0.00000     0.00000     0.00000     0.00000     0.00000
   -21.50517     0.00000     0.00000     0.00000     0.00000     0.00000
   -21.48217     0.00000     0.00000     0.00000     0.00000     0.00000
   -21.45917     0.00000     0.00000     0.00000     0.00000     0.00000
   -21.43517     0.00000     0.00000     0.00000     0.00000     0.00000
   -21.41217     0.00000     0.00000     0.00000     0.00000     0.00000
   -21.38917     0.00000     0.00000     0.00000     0.00000     0.00000
   -21.36617     0.00000     0.00000     0.00000     0.00000     0.00000
   -21.34317     0.00000     0.00000     0.00000     0.00000     0.00000
   -21.31917     0.00000     0.00000     0.00000     0.00000     0.00000
   -21.29617     0.00000     0.00000     0.00000     0.00000     0.00000
   -21.27317     0.00000     0.00000     0.00000     0.00000     0.00000
   -21.25017     0.00000     0.00000     0.00000     0.00000     0.00000
   -21.22717     0.00000     0.00000     0.00000     0.00000     0.00000
   -21.20417     0.00000     0.00000     0.00000     0.00000     0.00000
   -21.18017     0.00000     0.00000     0.00000     0.00000     0.00000
   -21.15717     0.00000     0.00000     0.00000     0.00000     0.00000
   -21.13417     0.00000     0.00000     0.00000     0.00000     0.00000
   -21.11117     0.00000     0.00000     0.00000     0.00000     0.00000
   -21.08817     0.00000     0.00000     0.00000     0.00000     0.00000
   -21.06417     0.00000     0.00000     0.00000     0.00000     0.00000
   -21.04117     0.00000     0.00000     0.00000     0.00000     0.00000
   -21.01817     0.00000     0.00000     0.00000     0.00000     0.00000
   -20.99517     0.00000     0.00000     0.00000     0.00000     0.00000
   -20.97217     0.00000     0.00000     0.00000     0.00000     0.00000
   -20.94917     0.00000     0.00000     0.00000     0.00000     0.00000
   -20.92517     0.00000     0.00000     0.00000     0.00000     0.00000
   -20.90217     0.00000     0.00000     0.00000     0.00000     0.00000
   -20.87917     0.00000     0.00000     0.00000     0.00000     0.00000
   -20.85617     0.00000     0.00000     0.00000     0.00000     0.00000
   -20.83317     0.00000     0.00000     0.00000     0.00000     0.00000
   -20.80917     0.00000     0.00000     0.00000     0.00000     0.00000
   -20.78617     0.00000     0.00000     0.00000     0.00000     0.00000
   -20.76317     0.00000     0.00000     0.00000     0.00000     0.00000
   -20.74017     0.00000     0.00000     0.00000     0.00000     0.00000
   -20.71717     0.00000     0.00000     0.00000     0.00000     0.00000
   -20.69417     0.00000     0.00000     0.00000     0.00000     0.00000
   -20.67017     0.00000     0.00000     0.00000     0.00000     0.00000
   -20.64717     0.00000     0.00000     0.00000     0.00000     0.00000
   -20.62417     0.00000     0.00000     0.00000     0.00000     0.00000
   -20.60117     0.00000     0.00000     0.00000     0.00000     0.00000
   -20.57817     0.00000     0.00000     0.00000     0.00000     0.00000
   -20.55417     0.00000     0.00000     0.00000     0.00000     0.00000
   -20.53117     0.00000     0.00000     0.00000     0.00000     0.00000
   -20.50817     0.00000     0.00000     0.00000     0.00000     0.00000
   -20.48517     0.00000     0.00000     0.00000     0.00000     0.00000
   -20.46217     0.00000     0.00000     0.00000     0.00000     0.00000
   -20.43917     0.00000     0.00000     0.00000     0.00000     0.00000
   -20.41517     0.00000     0.00000     0.00000     0.00000     0.00000
   -20.39217     0.00000     0.00000     0.00000     0.00000     0.00000
   -20.36917     0.00000     0.00000     0.00000     0.00000     0.00000
   -20.34617     0.00000     0.00000     0.00000     0.00000     0.00000
   -20.32317     0.00000     0.00000     0.00000     0.00000     0.00000
   -20.29917     0.00000     0.00000     0.00000     0.00000     0.00000
   -20.27617     0.00000     0.00000     0.00000     0.00000     0.00000
   -20.25317     0.00000     0.00000     0.00000     0.00000     0.00000
   -20.23017     0.00000     0.00000     0.00000     0.00000     0.00000
   -20.20717     0.00000     0.00000     0.00000     0.00000     0.00000
   -20.18417     0.00000     0.00000     0.00000     0.00000     0.00000
   -20.16017     0.00000     0.00000     0.00000     0.00000     0.00000
   -20.13717     0.00000     0.00000     0.00000     0.00000     0.00000
   -20.11417     0.00000     0.00000     0.00000     0.00000     0.00000
   -20.09117     0.00000     0.00000     0.00000     0.00000     0.00000
   -20.06817     0.00000     0.00000     0.00000     0.00000     0.00000
   -20.04417     0.00000     0.00000     0.00000     0.00000     0.00000
   -20.02117     0.00000     0.00000     0.00000     0.00000     0.00000
   -19.99817     0.00001     0.00000     0.00000     0.00000     0.00000
   -19.97517     0.00001     0.00000     0.00000     0.00000     0.00000
   -19.95217     0.00003     0.00000     0.00000     0.00000     0.00000
   -19.92917     0.00006     0.00000     0.00000     0.00000     0.00000
   -19.90517     0.00014     0.00000     0.00000     0.00000     0.00001
   -19.88217     0.00028     0.00000     0.00000     0.00001     0.00001
   -19.85917     0.00058     0.00000     0.00001     0.00001     0.00002
   -19.83617     0.00113     0.00001     0.00001     0.00003     0.00004
   -19.81317     0.00218     0.00002     0.00003     0.00005     0.00008
   -19.78917     0.00406     0.00003     0.00005     0.00010     0.00015
   -19.76617     0.00738     0.00005     0.00010     0.00019     0.00028
   -19.74317     0.01305     0.00009     0.00017     0.00033     0.00049
   -19.72017     0.02248     0.00016     0.00029     0.00056     0.00085
   -19.69717     0.03769     0.00026     0.00049     0.00095     0.00143
   -19.67417     0.06153     0.00043     0.00080     0.00154     0.00233
   -19.65017     0.09777     0.00068     0.00127     0.00245     0.00371
   -19.62717     0.15130     0.00106     0.00196     0.00380     0.00574
   -19.60417     0.22780     0.00159     0.00295     0.00572     0.00864
   -19.58117     0.33400     0.00234     0.00432     0.00839     0.01267
   -19.55817     0.47680     0.00333     0.00617     0.01197     0.01808
   -19.53417     0.66270     0.00463     0.00857     0.01664     0.02513
   -19.51117     0.89660     0.00627     0.01160     0.02251     0.03400
   -19.48817     1.18100     0.00826     0.01528     0.02965     0.04478
   -19.46517     1.51400     0.01059     0.01960     0.03802     0.05742
   -19.44217     1.89100     0.01322     0.02446     0.04746     0.07168
   -19.41917     2.29800     0.01606     0.02973     0.05769     0.08714
   -19.39517     2.71900     0.01901     0.03518     0.06826     0.10310
   -19.37217     3.13200     0.02190     0.04052     0.07863     0.11876
   -19.34917     3.51200     0.02455     0.04544     0.08818     0.13315
   -19.32617     3.83400     0.02681     0.04962     0.09627     0.14540
   -19.30317     4.07600     0.02849     0.05273     0.10229     0.15455
   -19.27917     4.21700     0.02949     0.05457     0.10586     0.15993
   -19.25617     4.24900     0.02970     0.05497     0.10666     0.16112
   -19.23317     4.16700     0.02913     0.05391     0.10462     0.15801
   -19.21017     3.97900     0.02782     0.05150     0.09989     0.15087
   -19.18717     3.69800     0.02586     0.04786     0.09285     0.14025
   -19.16417     3.34700     0.02340     0.04332     0.08403     0.12691
   -19.14017     2.94900     0.02062     0.03816     0.07403     0.11180
   -19.11717     2.52900     0.01768     0.03273     0.06350     0.09590
   -19.09417     2.11200     0.01477     0.02733     0.05303     0.08008
   -19.07117     1.71700     0.01200     0.02221     0.04310     0.06510
   -19.04817     1.35900     0.00950     0.01758     0.03411     0.05152
   -19.02417     1.04700     0.00732     0.01355     0.02628     0.03969
   -19.00117     0.78530     0.00549     0.01016     0.01972     0.02978
   -18.97817     0.57350     0.00401     0.00742     0.01440     0.02174
   -18.95517     0.40770     0.00285     0.00528     0.01024     0.01546
   -18.93217     0.28220     0.00197     0.00365     0.00709     0.01070
   -18.90917     0.19020     0.00133     0.00246     0.00477     0.00721
   -18.88517     0.12470     0.00087     0.00161     0.00313     0.00473
   -18.86217     0.07967     0.00056     0.00103     0.00200     0.00302
   -18.83917     0.04954     0.00035     0.00064     0.00124     0.00188
   -18.81617     0.02998     0.00021     0.00039     0.00075     0.00114
   -18.79317     0.01767     0.00012     0.00023     0.00044     0.00067
   -18.76917     0.01014     0.00007     0.00013     0.00025     0.00038
   -18.74617     0.00566     0.00004     0.00007     0.00014     0.00021
   -18.72317     0.00308     0.00002     0.00004     0.00008     0.00012
   -18.70017     0.00163     0.00001     0.00002     0.00004     0.00006
   -18.67717     0.00084     0.00001     0.00001     0.00002     0.00003
   -18.65417     0.00042     0.00000     0.00001     0.00001     0.00002
   -18.63017     0.00021     0.00000     0.00000     0.00001     0.00001
   -18.60717     0.00010     0.00000     0.00000     0.00000     0.00000
   -18.58417     0.00005     0.00000     0.00000     0.00000     0.00000
   -18.56117     0.00002     0.00000     0.00000     0.00000     0.00000
   -18.53817     0.00001     0.00000     0.00000     0.00000     0.00000
   -18.51417     0.00000     0.00000     0.00000     0.00000     0.00000
   -18.49117     0.00000     0.00000     0.00000     0.00000     0.00000
   -18.46817     0.00000     0.00000     0.00000     0.00000     0.00000
   -18.44517     0.00000     0.00000     0.00000     0.00000     0.00000
   -18.42217     0.00000     0.00000     0.00000     0.00000     0.00000
   -18.39917     0.00000     0.00000     0.00000     0.00000     0.00000
   -18.37517     0.00000     0.00000     0.00000     0.00000     0.00000
   -18.35217     0.00000     0.00000     0.00000     0.00000     0.00000
   -18.32917     0.00000     0.00000     0.00000     0.00000     0.00000
   -18.30617     0.00000     0.00000     0.00000     0.00000     0.00000
   -18.28317     0.00000     0.00000     0.00000     0.00000     0.00000
   -18.25917     0.00000     0.00000     0.00000     0.00000     0.00000
   -18.23617     0.00000     0.00000     0.00000     0.00000     0.00000
   -18.21317     0.00000     0.00000     0.00000     0.00000     0.00000
   -18.19017     0.00000     0.00000     0.00000     0.00000     0.00000
   -18.16717     0.00000     0.00000     0.00000     0.00000     0.00000
   -18.14417     0.00000     0.00000     0.00000     0.00000     0.00000
   -18.12017     0.00000     0.00000     0.00000     0.00000     0.00000
   -18.09717     0.00000     0.00000     0.00000     0.00000     0.00000
   -18.07417     0.00000     0.00000     0.00000     0.00000     0.00000
   -18.05117     0.00000     0.00000     0.00000     0.00000     0.00000
   -18.02817     0.00000     0.00000     0.00000     0.00000     0.00000
   -18.00417     0.00000     0.00000     0.00000     0.00000     0.00000
   -17.98117     0.00000     0.00000     0.00000     0.00000     0.00000
   -17.95817     0.00000     0.00000     0.00000     0.00000     0.00000
   -17.93517     0.00000     0.00000     0.00000     0.00000     0.00000
   -17.91217     0.00000     0.00000     0.00000     0.00000     0.00000
   -17.88917     0.00000     0.00000     0.00000     0.00000     0.00000
   -17.86517     0.00000     0.00000     0.00000     0.00000     0.00000
   -17.84217     0.00000     0.00000     0.00000     0.00000     0.00000
   -17.81917     0.00000     0.00000     0.00000     0.00000     0.00000
   -17.79617     0.00000     0.00000     0.00000     0.00000     0.00000
   -17.77317     0.00000     0.00000     0.00000     0.00000     0.00000
   -17.74917     0.00000     0.00000     0.00000     0.00000     0.00000
   -17.72617     0.00000     0.00000     0.00000     0.00000     0.00000
   -17.70317     0.00000     0.00000     0.00000     0.00000     0.00000
   -17.68017     0.00000     0.00000     0.00000     0.00000     0.00000
   -17.65717     0.00000     0.00000     0.00000     0.00000     0.00000
   -17.63417     0.00000     0.00000     0.00000     0.00000     0.00000
   -17.61017     0.00000     0.00000     0.00000     0.00000     0.00000
   -17.58717     0.00000     0.00000     0.00000     0.00000     0.00000
   -17.56417     0.00000     0.00000     0.00000     0.00000     0.00000
   -17.54117     0.00000     0.00000     0.00000     0.00000     0.00000
   -17.51817     0.00000     0.00000     0.00000     0.00000     0.00000
   -17.49417     0.00000     0.00000     0.00000     0.00000     0.00000
   -17.47117     0.00000     0.00000     0.00000     0.00000     0.00000
   -17.44817     0.00000     0.00000     0.00000     0.00000     0.00000
   -17.42517     0.00000     0.00000     0.00000     0.00000     0.00000
   -17.40217     0.00000     0.00000     0.00000     0.00000     0.00000
   -17.37917     0.00000     0.00000     0.00000     0.00000     0.00000
   -17.35517     0.00000     0.00000     0.00000     0.00000     0.00000
   -17.33217     0.00000     0.00000     0.00000     0.00000     0.00000
   -17.30917     0.00000     0.00000     0.00000     0.00000     0.00000
   -17.28617     0.00000     0.00000     0.00000     0.00000     0.00000
   -17.26317     0.00000     0.00000     0.00000     0.00000     0.00000
   -17.23917     0.00000     0.00000     0.00000     0.00000     0.00000
   -17.21617     0.00000     0.00000     0.00000     0.00000     0.00000
   -17.19317     0.00000     0.00000     0.00000     0.00000     0.00000
   -17.17017     0.00000     0.00000     0.00000     0.00000     0.00000
   -17.14717     0.00000     0.00000     0.00000     0.00000     0.00000
   -17.12417     0.00000     0.00000     0.00000     0.00000     0.00000
   -17.10017     0.00000     0.00000     0.00000     0.00000     0.00000
   -17.07717     0.00000     0.00000     0.00000     0.00000     0.00000
   -17.05417     0.00000     0.00000     0.00000     0.00000     0.00000
   -17.03117     0.00000     0.00000     0.00000     0.00000     0.00000
   -17.00817     0.00000     0.00000     0.00000     0.00000     0.00000
   -16.98417     0.00000     0.00000     0.00000     0.00000     0.00000
   -16.96117     0.00000     0.00000     0.00000     0.00000     0.00000
   -16.93817     0.00000     0.00000     0.00000     0.00000     0.00000
   -16.91517     0.00000     0.00000     0.00000     0.00000     0.00000
   -16.89217     0.00000     0.00000     0.00000     0.00000     0.00000
   -16.86917     0.00000     0.00000     0.00000     0.00000     0.00000
   -16.84517     0.00000     0.00000     0.00000     0.00000     0.00000
   -16.82217     0.00000     0.00000     0.00000     0.00000     0.00000
   -16.79917     0.00000     0.00000     0.00000     0.00000     0.00000
   -16.77617     0.00000     0.00000     0.00000     0.00000     0.00000
   -16.75317     0.00000     0.00000     0.00000     0.00000     0.00000
   -16.72917     0.00000     0.00000     0.00000     0.00000     0.00000
   -16.70617     0.00000     0.00000     0.00000     0.00000     0.00000
   -16.68317     0.00000     0.00000     0.00000     0.00000     0.00000
   -16.66017     0.00000     0.00000     0.00000     0.00000     0.00000
   -16.63717     0.00000     0.00000     0.00000     0.00000     0.00000
   -16.61417     0.00000     0.00000     0.00000     0.00000     0.00000
   -16.59017     0.00000     0.00000     0.00000     0.00000     0.00000
   -16.56717     0.00000     0.00000     0.00000     0.00000     0.00000
   -16.54417     0.00000     0.00000     0.00000     0.00000     0.00000
   -16.52117     0.00000     0.00000     0.00000     0.00000     0.00000
   -16.49817     0.00000     0.00000     0.00000     0.00000     0.00000
   -16.47417     0.00000     0.00000     0.00000     0.00000     0.00000
   -16.45117     0.00000     0.00000     0.00000     0.00000     0.00000
   -16.42817     0.00000     0.00000     0.00000     0.00000     0.00000
   -16.40517     0.00000     0.00000     0.00000     0.00000     0.00000
   -16.38217     0.00000     0.00000     0.00000     0.00000     0.00000
   -16.35917     0.00000     0.00000     0.00000     0.00000     0.00000
   -16.33517     0.00000     0.00000     0.00000     0.00000     0.00000
   -16.31217     0.00000     0.00000     0.00000     0.00000     0.00000
   -16.28917     0.00000     0.00000     0.00000     0.00000     0.00000
   -16.26617     0.00000     0.00000     0.00000     0.00000     0.00000
   -16.24317     0.00000     0.00000     0.00000     0.00000     0.00000
   -16.21917     0.00000     0.00000     0.00000     0.00000     0.00000
   -16.19617     0.00000     0.00000     0.00000     0.00000     0.00000
   -16.17317     0.00000     0.00000     0.00000     0.00000     0.00000
   -16.15017     0.00000     0.00000     0.00000     0.00000     0.00000
   -16.12717     0.00000     0.00000     0.00000     0.00000     0.00000
   -16.10417     0.00000     0.00000     0.00000     0.00000     0.00000
   -16.08017     0.00000     0.00000     0.00000     0.00000     0.00000
   -16.05717     0.00000     0.00000     0.00000     0.00000     0.00000
   -16.03417     0.00000     0.00000     0.00000     0.00000     0.00000
   -16.01117     0.00000     0.00000     0.00000     0.00000     0.00000
   -15.98817     0.00000     0.00000     0.00000     0.00000     0.00000
   -15.96417     0.00000     0.00000     0.00000     0.00000     0.00000
   -15.94117     0.00000     0.00000     0.00000     0.00000     0.00000
   -15.91817     0.00000     0.00000     0.00000     0.00000     0.00000
   -15.89517     0.00000     0.00000     0.00000     0.00000     0.00000
   -15.87217     0.00000     0.00000     0.00000     0.00000     0.00000
   -15.84917     0.00000     0.00000     0.00000     0.00000     0.00000
   -15.82517     0.00000     0.00000     0.00000     0.00000     0.00000
   -15.80217     0.00000     0.00000     0.00000     0.00000     0.00000
   -15.77917     0.00000     0.00000     0.00000     0.00000     0.00000
   -15.75617     0.00000     0.00000     0.00000     0.00000     0.00000
   -15.73317     0.00000     0.00000     0.00000     0.00000     0.00000
   -15.70917     0.00000     0.00000     0.00000     0.00000     0.00000
   -15.68617     0.00000     0.00000     0.00000     0.00000     0.00000
   -15.66317     0.00000     0.00000     0.00000     0.00000     0.00000
   -15.64017     0.00000     0.00000     0.00000     0.00000     0.00000
   -15.61717     0.00000     0.00000     0.00000     0.00000     0.00000
   -15.59417     0.00000     0.00000     0.00000     0.00000     0.00000
   -15.57017     0.00000     0.00000     0.00000     0.00000     0.00000
   -15.54717     0.00000     0.00000     0.00000     0.00000     0.00000
   -15.52417     0.00000     0.00000     0.00000     0.00000     0.00000
   -15.50117     0.00000     0.00000     0.00000     0.00000     0.00000
   -15.47817     0.00000     0.00000     0.00000     0.00000     0.00000
   -15.45417     0.00000     0.00000     0.00000     0.00000     0.00000
   -15.43117     0.00000     0.00000     0.00000     0.00000     0.00000
   -15.40817     0.00000     0.00000     0.00000     0.00000     0.00000
   -15.38517     0.00000     0.00000     0.00000     0.00000     0.00000
   -15.36217     0.00000     0.00000     0.00000     0.00000     0.00000
   -15.33817     0.00000     0.00000     0.00000     0.00000     0.00000
   -15.31517     0.00000     0.00000     0.00000     0.00000     0.00000
   -15.29217     0.00000     0.00000     0.00000     0.00000     0.00000
   -15.26917     0.00000     0.00000     0.00000     0.00000     0.00000
   -15.24617     0.00000     0.00000     0.00000     0.00000     0.00000
   -15.22317     0.00000     0.00000     0.00000     0.00000     0.00000
   -15.19917     0.00000     0.00000     0.00000     0.00000     0.00000
   -15.17617     0.00000     0.00000     0.00000     0.00000     0.00000
   -15.15317     0.00000     0.00000     0.00000     0.00000     0.00000
   -15.13017     0.00000     0.00000     0.00000     0.00000     0.00000
   -15.10717     0.00000     0.00000     0.00000     0.00000     0.00000
   -15.08317     0.00000     0.00000     0.00000     0.00000     0.00000
   -15.06017     0.00000     0.00000     0.00000     0.00000     0.00000
   -15.03717     0.00000     0.00000     0.00000     0.00000     0.00000
   -15.01417     0.00000     0.00000     0.00000     0.00000     0.00000
   -14.99117     0.00000     0.00000     0.00000     0.00000     0.00000
   -14.96817     0.00000     0.00000     0.00000     0.00000     0.00000
   -14.94417     0.00000     0.00000     0.00000     0.00000     0.00000
   -14.92117     0.00000     0.00000     0.00000     0.00000     0.00000
   -14.89817     0.00000     0.00000     0.00000     0.00000     0.00000
   -14.87517     0.00000     0.00000     0.00000     0.00000     0.00000
   -14.85217     0.00000     0.00000     0.00000     0.00000     0.00000
   -14.82817     0.00000     0.00000     0.00000     0.00000     0.00000
   -14.80517     0.00000     0.00000     0.00000     0.00000     0.00000
   -14.78217     0.00000     0.00000     0.00000     0.00000     0.00000
   -14.75917     0.00000     0.00000     0.00000     0.00000     0.00000
   -14.73617     0.00000     0.00000     0.00000     0.00000     0.00000
   -14.71317     0.00000     0.00000     0.00000     0.00000     0.00000
   -14.68917     0.00000     0.00000     0.00000     0.00000     0.00000
   -14.66617     0.00000     0.00000     0.00000     0.00000     0.00000
   -14.64317     0.00000     0.00000     0.00000     0.00000     0.00000
   -14.62017     0.00000     0.00000     0.00000     0.00000     0.00000
   -14.59717     0.00000     0.00000     0.00000     0.00000     0.00000
   -14.57317     0.00000     0.00000     0.00000     0.00000     0.00000
   -14.55017     0.00000     0.00000     0.00000     0.00000     0.00000
   -14.52717     0.00000     0.00000     0.00000     0.00000     0.00000
   -14.50417     0.00000     0.00000     0.00000     0.00000     0.00000
   -14.48117     0.00000     0.00000     0.00000     0.00000     0.00000
   -14.45817     0.00000     0.00000     0.00000     0.00000     0.00000
   -14.43417     0.00000     0.00000     0.00000     0.00000     0.00000
   -14.41117     0.00000     0.00000     0.00000     0.00000     0.00000
   -14.38817     0.00000     0.00000     0.00000     0.00000     0.00000
   -14.36517     0.00000     0.00000     0.00000     0.00000     0.00000
   -14.34217     0.00000     0.00000     0.00000     0.00000     0.00000
   -14.31817     0.00000     0.00000     0.00000     0.00000     0.00000
   -14.29517     0.00000     0.00000     0.00000     0.00000     0.00000
   -14.27217     0.00000     0.00000     0.00000     0.00000     0.00000
   -14.24917     0.00000     0.00000     0.00000     0.00000     0.00000
   -14.22617     0.00000     0.00000     0.00000     0.00000     0.00000
   -14.20317     0.00000     0.00000     0.00000     0.00000     0.00000
   -14.17917     0.00000     0.00000     0.00000     0.00000     0.00000
   -14.15617     0.00000     0.00000     0.00000     0.00000     0.00000
   -14.13317     0.00000     0.00000     0.00000     0.00000     0.00000
   -14.11017     0.00000     0.00000     0.00000     0.00000     0.00000
   -14.08717     0.00000     0.00000     0.00000     0.00000     0.00000
   -14.06317     0.00000     0.00000     0.00000     0.00000     0.00000
   -14.04017     0.00000     0.00000     0.00000     0.00000     0.00000
   -14.01717     0.00000     0.00000     0.00000     0.00000     0.00000
   -13.99417     0.00000     0.00000     0.00000     0.00000     0.00000
   -13.97117     0.00000     0.00000     0.00000     0.00000     0.00000
   -13.94817     0.00000     0.00000     0.00000     0.00000     0.00000
   -13.92417     0.00000     0.00000     0.00000     0.00000     0.00000
   -13.90117     0.00000     0.00000     0.00000     0.00000     0.00000
   -13.87817     0.00000     0.00000     0.00000     0.00000     0.00000
   -13.85517     0.00000     0.00000     0.00000     0.00000     0.00000
   -13.83217     0.00000     0.00000     0.00000     0.00000     0.00000
   -13.80817     0.00000     0.00000     0.00000     0.00000     0.00000
   -13.78517     0.00000     0.00000     0.00000     0.00000     0.00000
   -13.76217     0.00000     0.00000     0.00000     0.00000     0.00000
   -13.73917     0.00000     0.00000     0.00000     0.00000     0.00000
   -13.71617     0.00000     0.00000     0.00000     0.00000     0.00000
   -13.69317     0.00000     0.00000     0.00000     0.00000     0.00000
   -13.66917     0.00000     0.00000     0.00000     0.00000     0.00000
   -13.64617     0.00000     0.00000     0.00000     0.00000     0.00000
   -13.62317     0.00000     0.00000     0.00000     0.00000     0.00000
   -13.60017     0.00000     0.00000     0.00000     0.00000     0.00000
   -13.57717     0.00000     0.00000     0.00000     0.00000     0.00000
   -13.55317     0.00000     0.00000     0.00000     0.00000     0.00000
   -13.53017     0.00000     0.00000     0.00000     0.00000     0.00000
   -13.50717     0.00000     0.00000     0.00000     0.00000     0.00000
   -13.48417     0.00000     0.00000     0.00000     0.00000     0.00000
   -13.46117     0.00000     0.00000     0.00000     0.00000     0.00000
   -13.43817     0.00000     0.00000     0.00000     0.00000     0.00000
   -13.41417     0.00000     0.00000     0.00000     0.00000     0.00000
   -13.39117     0.00000     0.00000     0.00000     0.00000     0.00000
   -13.36817     0.00000     0.00000     0.00000     0.00000     0.00000
   -13.34517     0.00000     0.00000     0.00000     0.00000     0.00000
   -13.32217     0.00000     0.00000     0.00000     0.00000     0.00000
   -13.29817     0.00000     0.00000     0.00000     0.00000     0.00000
   -13.27517     0.00000     0.00000     0.00000     0.00000     0.00000
   -13.25217     0.00000     0.00000     0.00000     0.00000     0.00000
   -13.22917     0.00000     0.00000     0.00000     0.00000     0.00000
   -13.20617     0.00000     0.00000     0.00000     0.00000     0.00000
   -13.18317     0.00000     0.00000     0.00000     0.00000     0.00000
   -13.15917     0.00000     0.00000     0.00000     0.00000     0.00000
   -13.13617     0.00000     0.00000     0.00000     0.00000     0.00000
   -13.11317     0.00000     0.00000     0.00000     0.00000     0.00000
   -13.09017     0.00000     0.00000     0.00000     0.00000     0.00000
   -13.06717     0.00000     0.00000     0.00000     0.00000     0.00000
   -13.04317     0.00000     0.00000     0.00000     0.00000     0.00000
   -13.02017     0.00000     0.00000     0.00000     0.00000     0.00000
   -12.99717     0.00000     0.00000     0.00000     0.00000     0.00000
   -12.97417     0.00000     0.00000     0.00000     0.00000     0.00000
   -12.95117     0.00000     0.00000     0.00000     0.00000     0.00000
   -12.92817     0.00000     0.00000     0.00000     0.00000     0.00000
   -12.90417     0.00000     0.00000     0.00000     0.00000     0.00000
   -12.88117     0.00000     0.00000     0.00000     0.00000     0.00000
   -12.85817     0.00000     0.00000     0.00000     0.00000     0.00000
   -12.83517     0.00000     0.00000     0.00000     0.00000     0.00000
   -12.81217     0.00000     0.00000     0.00000     0.00000     0.00000
   -12.78817     0.00000     0.00000     0.00000     0.00000     0.00000
   -12.76517     0.00000     0.00000     0.00000     0.00000     0.00000
   -12.74217     0.00000     0.00000     0.00000     0.00000     0.00000
   -12.71917     0.00000     0.00000     0.00000     0.00000     0.00000
   -12.69617     0.00000     0.00000     0.00000     0.00000     0.00000
   -12.67317     0.00000     0.00000     0.00000     0.00000     0.00000
   -12.64917     0.00000     0.00000     0.00000     0.00000     0.00000
   -12.62617     0.00000     0.00000     0.00000     0.00000     0.00000
   -12.60317     0.00000     0.00000     0.00000     0.00000     0.00000
   -12.58017     0.00000     0.00000     0.00000     0.00000     0.00000
   -12.55717     0.00000     0.00000     0.00000     0.00000     0.00000
   -12.53317     0.00000     0.00000     0.00000     0.00000     0.00000
   -12.51017     0.00000     0.00000     0.00000     0.00000     0.00000
   -12.48717     0.00000     0.00000     0.00000     0.00000     0.00000
   -12.46417     0.00000     0.00000     0.00000     0.00000     0.00000
   -12.44117     0.00000     0.00000     0.00000     0.00000     0.00000
   -12.41817     0.00000     0.00000     0.00000     0.00000     0.00000
   -12.39417     0.00000     0.00000     0.00000     0.00000     0.00000
   -12.37117     0.00000     0.00000     0.00000     0.00000     0.00000
   -12.34817     0.00000     0.00000     0.00000     0.00000     0.00000
   -12.32517     0.00000     0.00000     0.00000     0.00000     0.00000
   -12.30217     0.00000     0.00000     0.00000     0.00000     0.00000
   -12.27817     0.00000     0.00000     0.00000     0.00000     0.00000
   -12.25517     0.00000     0.00000     0.00000     0.00000     0.00000
   -12.23217     0.00000     0.00000     0.00000     0.00000     0.00000
   -12.20917     0.00000     0.00000     0.00000     0.00000     0.00000
   -12.18617     0.00000     0.00000     0.00000     0.00000     0.00000
   -12.16317     0.00000     0.00000     0.00000     0.00000     0.00000
   -12.13917     0.00000     0.00000     0.00000     0.00000     0.00000
   -12.11617     0.00000     0.00000     0.00000     0.00000     0.00000
   -12.09317     0.00000     0.00000     0.00000     0.00000     0.00000
   -12.07017     0.00000     0.00000     0.00000     0.00000     0.00000
   -12.04717     0.00000     0.00000     0.00000     0.00000     0.00000
   -12.02317     0.00000     0.00000     0.00000     0.00000     0.00000
   -12.00017     0.00000     0.00000     0.00000     0.00000     0.00000
   -11.97717     0.00000     0.00000     0.00000     0.00000     0.00000
   -11.95417     0.00000     0.00000     0.00000     0.00000     0.00000
   -11.93117     0.00000     0.00000     0.00000     0.00000     0.00000
   -11.90817     0.00000     0.00000     0.00000     0.00000     0.00000
   -11.88417     0.00000     0.00000     0.00000     0.00000     0.00000
   -11.86117     0.00000     0.00000     0.00000     0.00000     0.00000
   -11.83817     0.00000     0.00000     0.00000     0.00000     0.00000
   -11.81517     0.00000     0.00000     0.00000     0.00000     0.00000
   -11.79217     0.00000     0.00000     0.00000     0.00000     0.00000
   -11.76817     0.00000     0.00000     0.00000     0.00000     0.00000
   -11.74517     0.00000     0.00000     0.00000     0.00000     0.00000
   -11.72217     0.00000     0.00000     0.00000     0.00000     0.00000
   -11.69917     0.00000     0.00000     0.00000     0.00000     0.00000
   -11.67617     0.00000     0.00000     0.00000     0.00000     0.00000
   -11.65317     0.00000     0.00000     0.00000     0.00000     0.00000
   -11.62917     0.00000     0.00000     0.00000     0.00000     0.00000
   -11.60617     0.00000     0.00000     0.00000     0.00000     0.00000
   -11.58317     0.00000     0.00000     0.00000     0.00000     0.00000
   -11.56017     0.00000     0.00000     0.00000     0.00000     0.00000
   -11.53717     0.00000     0.00000     0.00000     0.00000     0.00000
   -11.51317     0.00000     0.00000     0.00000     0.00000     0.00000
   -11.49017     0.00000     0.00000     0.00000     0.00000     0.00000
   -11.46717     0.00000     0.00000     0.00000     0.00000     0.00000
   -11.44417     0.00000     0.00000     0.00000     0.00000     0.00000
   -11.42117     0.00000     0.00000     0.00000     0.00000     0.00000
   -11.39817     0.00000     0.00000     0.00000     0.00000     0.00000
   -11.37417     0.00000     0.00000     0.00000     0.00000     0.00000
   -11.35117     0.00000     0.00000     0.00000     0.00000     0.00000
   -11.32817     0.00000     0.00000     0.00000     0.00000     0.00000
   -11.30517     0.00000     0.00000     0.00000     0.00000     0.00000
   -11.28217     0.00000     0.00000     0.00000     0.00000     0.00000
   -11.25817     0.00000     0.00000     0.00000     0.00000     0.00000
   -11.23517     0.00000     0.00000     0.00000     0.00000     0.00000
   -11.21217     0.00000     0.00000     0.00000     0.00000     0.00000
   -11.18917     0.00000     0.00000     0.00000     0.00000     0.00000
   -11.16617     0.00000     0.00000     0.00000     0.00000     0.00000
   -11.14317     0.00000     0.00000     0.00000     0.00000     0.00000
   -11.11917     0.00000     0.00000     0.00000     0.00000     0.00000
   -11.09617     0.00000     0.00000     0.00000     0.00000     0.00000
   -11.07317     0.00000     0.00000     0.00000     0.00000     0.00000
   -11.05017     0.00000     0.00000     0.00000     0.00000     0.00000
   -11.02717     0.00000     0.00000     0.00000     0.00000     0.00000
   -11.00317     0.00000     0.00000     0.00000     0.00000     0.00000
   -10.98017     0.00000     0.00000     0.00000     0.00000     0.00000
   -10.95717     0.00000     0.00000     0.00000     0.00000     0.00000
   -10.93417     0.00000     0.00000     0.00000     0.00000     0.00000
   -10.91117     0.00000     0.00000     0.00000     0.00000     0.00000
   -10.88817     0.00000     0.00000     0.00000     0.00000     0.00000
   -10.86417     0.00000     0.00000     0.00000     0.00000     0.00000
   -10.84117     0.00000     0.00000     0.00000     0.00000     0.00000
   -10.81817     0.00000     0.00000     0.00000     0.00000     0.00000
   -10.79517     0.00000     0.00000     0.00000     0.00000     0.00000
   -10.77217     0.00000     0.00000     0.00000     0.00000     0.00000
   -10.74817     0.00000     0.00000     0.00000     0.00000     0.00000
   -10.72517     0.00000     0.00000     0.00000     0.00000     0.00000
   -10.70217     0.00000     0.00000     0.00000     0.00000     0.00000
   -10.67917     0.00000     0.00000     0.00000     0.00000     0.00000
   -10.65617     0.00000     0.00000     0.00000     0.00000     0.00000
   -10.63317     0.00000     0.00000     0.00000     0.00000     0.00000
   -10.60917     0.00000     0.00000     0.00000     0.00000     0.00000
   -10.58617     0.00000     0.00000     0.00000     0.00000     0.00000
   -10.56317     0.00000     0.00000     0.00000     0.00000     0.00000
   -10.54017     0.00000     0.00000     0.00000     0.00000     0.00000
   -10.51717     0.00000     0.00000     0.00000     0.00000     0.00000
   -10.49317     0.00000     0.00000     0.00000     0.00000     0.00000
   -10.47017     0.00000     0.00000     0.00000     0.00000     0.00000
   -10.44717     0.00000     0.00000     0.00000     0.00000     0.00000
   -10.42417     0.00000     0.00000     0.00000     0.00000     0.00000
   -10.40117     0.00000     0.00000     0.00000     0.00000     0.00000
   -10.37817     0.00000     0.00000     0.00000     0.00000     0.00000
   -10.35417     0.00000     0.00000     0.00000     0.00000     0.00000
   -10.33117     0.00000     0.00000     0.00000     0.00000     0.00000
   -10.30817     0.00000     0.00000     0.00000     0.00000     0.00000
   -10.28517     0.00000     0.00000     0.00000     0.00000     0.00000
   -10.26217     0.00000     0.00000     0.00000     0.00000     0.00000
   -10.23817     0.00000     0.00000     0.00000     0.00000     0.00000
   -10.21517     0.00000     0.00000     0.00000     0.00000     0.00000
   -10.19217     0.00000     0.00000     0.00000     0.00000     0.00000
   -10.16917     0.00000     0.00000     0.00000     0.00000     0.00000
   -10.14617     0.00000     0.00000     0.00000     0.00000     0.00000
   -10.12317     0.00000     0.00000     0.00000     0.00000     0.00000
   -10.09917     0.00000     0.00000     0.00000     0.00000     0.00000
   -10.07617     0.00000     0.00000     0.00000     0.00000     0.00000
   -10.05317     0.00000     0.00000     0.00000     0.00000     0.00000
   -10.03017     0.00000     0.00000     0.00000     0.00000     0.00000
   -10.00717     0.00000     0.00000     0.00000     0.00000     0.00000
    -9.98317     0.00000     0.00000     0.00000     0.00000     0.00000
    -9.96017     0.00000     0.00000     0.00000     0.00000     0.00000
    -9.93717     0.00000     0.00000     0.00000     0.00000     0.00000
    -9.91417     0.00000     0.00000     0.00000     0.00000     0.00000
    -9.89117     0.00000     0.00000     0.00000     0.00000     0.00000
    -9.86817     0.00000     0.00000     0.00000     0.00000     0.00000
    -9.84417     0.00000     0.00000     0.00000     0.00000     0.00000
    -9.82117     0.00000     0.00000     0.00000     0.00000     0.00000
    -9.79817     0.00000     0.00000     0.00000     0.00000     0.00000
    -9.77517     0.00000     0.00000     0.00000     0.00000     0.00000
    -9.75217     0.00000     0.00000     0.00000     0.00000     0.00000
    -9.72817     0.00000     0.00000     0.00000     0.00000     0.00000
    -9.70517     0.00000     0.00000     0.00000     0.00000     0.00000
    -9.68217     0.00000     0.00000     0.00000     0.00000     0.00000
    -9.65917     0.00000     0.00000     0.00000     0.00000     0.00000
    -9.63617     0.00000     0.00000     0.00000     0.00000     0.00000
    -9.61317     0.00000     0.00000     0.00000     0.00000     0.00000
    -9.58917     0.00000     0.00000     0.00000     0.00000     0.00000
    -9.56617     0.00000     0.00000     0.00000     0.00000     0.00000
    -9.54317     0.00000     0.00000     0.00000     0.00000     0.00000
    -9.52017     0.00000     0.00000     0.00000     0.00000     0.00000
    -9.49717     0.00000     0.00000     0.00000     0.00000     0.00000
    -9.47317     0.00000     0.00000     0.00000     0.00000     0.00000
    -9.45017     0.00000     0.00000     0.00000     0.00000     0.00000
    -9.42717     0.00000     0.00000     0.00000     0.00000     0.00000
    -9.40417     0.00000     0.00000     0.00000     0.00000     0.00000
    -9.38117     0.00000     0.00000     0.00000     0.00000     0.00000
    -9.35817     0.00000     0.00000     0.00000     0.00000     0.00000
    -9.33417     0.00000     0.00000     0.00000     0.00000     0.00000
    -9.31117     0.00000     0.00000     0.00000     0.00000     0.00000
    -9.28817     0.00000     0.00000     0.00000     0.00000     0.00000
    -9.26517     0.00000     0.00000     0.00000     0.00000     0.00000
    -9.24217     0.00000     0.00000     0.00000     0.00000     0.00000
    -9.21817     0.00000     0.00000     0.00000     0.00000     0.00000
    -9.19517     0.00000     0.00000     0.00000     0.00000     0.00000
    -9.17217     0.00000     0.00000     0.00000     0.00000     0.00000
    -9.14917     0.00000     0.00000     0.00000     0.00000     0.00000
    -9.12617     0.00000     0.00000     0.00000     0.00000     0.00000
    -9.10317     0.00000     0.00000     0.00000     0.00000     0.00000
    -9.07917     0.00000     0.00000     0.00000     0.00000     0.00000
    -9.05617     0.00000     0.00000     0.00000     0.00000     0.00000
    -9.03317     0.00000     0.00000     0.00000     0.00000     0.00000
    -9.01017     0.00000     0.00000     0.00000     0.00000     0.00000
    -8.98717     0.00000     0.00000     0.00000     0.00000     0.00000
    -8.96317     0.00000     0.00000     0.00000     0.00000     0.00000
    -8.94017     0.00000     0.00000     0.00000     0.00000     0.00000
    -8.91717     0.00000     0.00000     0.00000     0.00000     0.00000
    -8.89417     0.00000     0.00000     0.00000     0.00000     0.00000
    -8.87117     0.00000     0.00000     0.00000     0.00000     0.00000
    -8.84817     0.00000     0.00000     0.00000     0.00000     0.00000
    -8.82417     0.00000     0.00000     0.00000     0.00000     0.00000
    -8.80117     0.00000     0.00000     0.00000     0.00000     0.00000
    -8.77817     0.00000     0.00000     0.00000     0.00000     0.00000
    -8.75517     0.00000     0.00000     0.00000     0.00000     0.00000
    -8.73217     0.00000     0.00000     0.00000     0.00000     0.00000
    -8.70817     0.00000     0.00000     0.00000     0.00000     0.00000
    -8.68517     0.00000     0.00000     0.00000     0.00000     0.00000
    -8.66217     0.00000     0.00000     0.00000     0.00000     0.00000
    -8.63917     0.00000     0.00000     0.00000     0.00000     0.00000
    -8.61617     0.00000     0.00000     0.00000     0.00000     0.00000
    -8.59317     0.00000     0.00000     0.00000     0.00000     0.00000
    -8.56917     0.00000     0.00000     0.00000     0.00000     0.00000
    -8.54617     0.00000     0.00000     0.00000     0.00000     0.00000
    -8.52317     0.00000     0.00000     0.00000     0.00000     0.00000
    -8.50017     0.00000     0.00000     0.00000     0.00000     0.00000
    -8.47717     0.00000     0.00000     0.00000     0.00000     0.00000
    -8.45317     0.00000     0.00000     0.00000     0.00000     0.00000
    -8.43017     0.00000     0.00000     0.00000     0.00000     0.00000
    -8.40717     0.00000     0.00000     0.00000     0.00000     0.00000
    -8.38417     0.00000     0.00000     0.00000     0.00000     0.00000
    -8.36117     0.00000     0.00000     0.00000     0.00000     0.00000
    -8.33817     0.00000     0.00000     0.00000     0.00000     0.00000
    -8.31417     0.00000     0.00000     0.00000     0.00000     0.00000
    -8.29117     0.00000     0.00000     0.00000     0.00000     0.00000
    -8.26817     0.00000     0.00000     0.00000     0.00000     0.00000
    -8.24517     0.00000     0.00000     0.00000     0.00000     0.00000
    -8.22217     0.00000     0.00000     0.00000     0.00000     0.00000
    -8.19817     0.00000     0.00000     0.00000     0.00000     0.00000
    -8.17517     0.00000     0.00000     0.00000     0.00000     0.00000
    -8.15217     0.00000     0.00000     0.00000     0.00000     0.00000
    -8.12917     0.00000     0.00000     0.00000     0.00000     0.00000
    -8.10617     0.00000     0.00000     0.00000     0.00000     0.00000
    -8.08317     0.00000     0.00000     0.00000     0.00000     0.00000
    -8.05917     0.00000     0.00000     0.00000     0.00000     0.00000
    -8.03617     0.00000     0.00000     0.00000     0.00000     0.00000
    -8.01317     0.00000     0.00000     0.00000     0.00000     0.00000
    -7.99017     0.00000     0.00000     0.00000     0.00000     0.00000
    -7.96717     0.00000     0.00000     0.00000     0.00000     0.00000
    -7.94317     0.00000     0.00000     0.00000     0.00000     0.00000
    -7.92017     0.00000     0.00000     0.00000     0.00000     0.00000
    -7.89717     0.00000     0.00000     0.00000     0.00000     0.00000
    -7.87417     0.00000     0.00000     0.00000     0.00000     0.00000
    -7.85117     0.00000     0.00000     0.00000     0.00000     0.00000
    -7.82817     0.00000     0.00000     0.00000     0.00000     0.00000
    -7.80417     0.00000     0.00000     0.00000     0.00000     0.00000
    -7.78117     0.00000     0.00000     0.00000     0.00000     0.00000
    -7.75817     0.00000     0.00000     0.00000     0.00000     0.00000
    -7.73517     0.00000     0.00000     0.00000     0.00000     0.00000
    -7.71217     0.00000     0.00000     0.00000     0.00000     0.00000
    -7.68817     0.00000     0.00000     0.00000     0.00000     0.00000
    -7.66517     0.00000     0.00000     0.00000     0.00000     0.00000
    -7.64217     0.00000     0.00000     0.00000     0.00000     0.00000
    -7.61917     0.00000     0.00000     0.00000     0.00000     0.00000
    -7.59617     0.00000     0.00000     0.00000     0.00000     0.00000
    -7.57217     0.00000     0.00000     0.00000     0.00000     0.00000
    -7.54917     0.00000     0.00000     0.00000     0.00000     0.00000
    -7.52617     0.00000     0.00000     0.00000     0.00000     0.00000
    -7.50317     0.00000     0.00000     0.00000     0.00000     0.00000
    -7.48017     0.00000     0.00000     0.00000     0.00000     0.00000
    -7.45717     0.00000     0.00000     0.00000     0.00000     0.00000
    -7.43317     0.00000     0.00000     0.00000     0.00000     0.00000
    -7.41017     0.00000     0.00000     0.00000     0.00000     0.00000
    -7.38717     0.00000     0.00000     0.00001     0.00000     0.00000
    -7.36417     0.00000     0.00000     0.00001     0.00000     0.00000
    -7.34117     0.00000     0.00000     0.00002     0.00000     0.00000
    -7.31717     0.00000     0.00000     0.00005     0.00000     0.00000
    -7.29417     0.00000     0.00000     0.00009     0.00000     0.00000
    -7.27117     0.00000     0.00000     0.00017     0.00000     0.00000
    -7.24817     0.00000     0.00000     0.00031     0.00001     0.00000
    -7.22517     0.00000     0.00000     0.00056     0.00001     0.00000
    -7.20217     0.00000     0.00000     0.00098     0.00002     0.00000
    -7.17817     0.00000     0.00001     0.00168     0.00003     0.00001
    -7.15517     0.00000     0.00001     0.00280     0.00005     0.00001
    -7.13217     0.00000     0.00002     0.00456     0.00009     0.00002
    -7.10917     0.00001     0.00003     0.00725     0.00014     0.00003
    -7.08617     0.00001     0.00005     0.01127     0.00022     0.00004
    -7.06217     0.00002     0.00007     0.01712     0.00033     0.00006
    -7.03917     0.00002     0.00011     0.02545     0.00050     0.00010
    -7.01617     0.00003     0.00016     0.03702     0.00074     0.00015
    -6.99317     0.00005     0.00023     0.05273     0.00108     0.00022
    -6.97017     0.00007     0.00033     0.07356     0.00153     0.00032
    -6.94717     0.00009     0.00047     0.10060     0.00213     0.00045
    -6.92317     0.00013     0.00065     0.13494     0.00292     0.00064
    -6.90017     0.00017     0.00088     0.17758     0.00393     0.00088
    -6.87717     0.00022     0.00117     0.22944     0.00519     0.00119
    -6.85417     0.00028     0.00154     0.29112     0.00674     0.00158
    -6.83117     0.00034     0.00199     0.36290     0.00859     0.00207
    -6.80717     0.00042     0.00252     0.44463     0.01077     0.00265
    -6.78417     0.00051     0.00315     0.53553     0.01328     0.00334
    -6.76117     0.00061     0.00386     0.63408     0.01609     0.00414
    -6.73817     0.00071     0.00467     0.73833     0.01917     0.00504
    -6.71517     0.00081     0.00555     0.84547     0.02245     0.00604
    -6.69217     0.00092     0.00651     0.95235     0.02586     0.00711
    -6.66817     0.00103     0.00752     1.05521     0.02929     0.00823
    -6.64517     0.00112     0.00857     1.15030     0.03264     0.00940
    -6.62217     0.00121     0.00966     1.23407     0.03580     0.01057
    -6.59917     0.00129     0.01080     1.30318     0.03866     0.01176
    -6.57617     0.00135     0.01203     1.35530     0.04116     0.01294
    -6.55217     0.00139     0.01341     1.38912     0.04324     0.01417
    -6.52917     0.00142     0.01506     1.40477     0.04490     0.01548
    -6.50617     0.00144     0.01718     1.40375     0.04622     0.01700
    -6.48317     0.00145     0.02009     1.38914     0.04731     0.01889
    -6.46017     0.00146     0.02422     1.36533     0.04834     0.02137
    -6.43717     0.00147     0.03023     1.33776     0.04956     0.02480
    -6.41317     0.00150     0.03906     1.31261     0.05124     0.02962
    -6.39017     0.00155     0.05203     1.29609     0.05365     0.03644
    -6.36717     0.00163     0.07096     1.29387     0.05708     0.04611
    -6.34417     0.00176     0.09835     1.31031     0.06178     0.05968
    -6.32117     0.00194     0.13755     1.34852     0.06796     0.07858
    -6.29717     0.00218     0.19291     1.40913     0.07574     0.10463
    -6.27417     0.00250     0.26979     1.49086     0.08520     0.14011
    -6.25117     0.00292     0.37507     1.59038     0.09635     0.18774
    -6.22817     0.00346     0.51569     1.70292     0.10915     0.25071
    -6.20517     0.00416     0.70010     1.82200     0.12353     0.33244
    -6.18217     0.00508     0.93569     1.94149     0.13941     0.43653
    -6.15817     0.00629     1.22923     2.05502     0.15666     0.56599
    -6.13517     0.00790     1.58490     2.15742     0.17522     0.72343
    -6.11217     0.01002     2.00320     2.24480     0.19493     0.90962
    -6.08917     0.01279     2.47990     2.31526     0.21562     1.12407
    -6.06617     0.01633     3.00250     2.36787     0.23705     1.36336
    -6.04217     0.02076     3.55850     2.40380     0.25888     1.62208
    -6.01917     0.02617     4.12340     2.42506     0.28064     1.89207
    -5.99617     0.03255     4.66950     2.43486     0.30163     2.16281
    -5.97317     0.03984     5.17150     2.43603     0.32144     2.42288
    -5.95017     0.04787     5.59630     2.43136     0.33927     2.65916
    -5.92717     0.05634     5.92300     2.42470     0.35446     2.86084
    -5.90317     0.06487     6.12900     2.41838     0.36673     3.01615
    -5.88017     0.07301     6.20200     2.41548     0.37566     3.11955
    -5.85717     0.08026     6.14100     2.41960     0.38129     3.16532
    -5.83417     0.08614     5.95400     2.43265     0.38389     3.15388
    -5.81117     0.09023     5.65200     2.45809     0.38402     3.08649
    -5.78717     0.09224     5.25800     2.49888     0.38240     2.97125
    -5.76417     0.09202     4.79600     2.55594     0.37985     2.81628
    -5.74117     0.08958     4.29200     2.63126     0.37707     2.63151
    -5.71817     0.08511     3.77400     2.72376     0.37487     2.42699
    -5.69517     0.07894     3.26180     2.83138     0.37366     2.21451
    -5.67217     0.07150     2.77580     2.95023     0.37380     2.00298
    -5.64817     0.06326     2.32740     3.07503     0.37528     1.80010
    -5.62517     0.05469     1.92780     3.19932     0.37780     1.61158
    -5.60217     0.04624     1.57830     3.31607     0.38096     1.44118
    -5.57917     0.03826     1.28100     3.41856     0.38420     1.29133
    -5.55617     0.03100     1.03280     3.50100     0.38696     1.16274
    -5.53217     0.02462     0.82910     3.55956     0.38882     1.05494
    -5.50917     0.01920     0.66470     3.59262     0.38948     0.96720
    -5.48617     0.01471     0.53330     3.60122     0.38889     0.89846
    -5.46317     0.01109     0.42966     3.58910     0.38728     0.84823
    -5.44017     0.00825     0.34832     3.56195     0.38512     0.81647
    -5.41717     0.00606     0.28490     3.52671     0.38297     0.80385
    -5.39317     0.00441     0.23570     3.49087     0.38154     0.81195
    -5.37017     0.00319     0.19754     3.46132     0.38141     0.84314
    -5.34717     0.00229     0.16808     3.44305     0.38307     0.90071
    -5.32417     0.00165     0.14538     3.43904     0.38672     0.98879
    -5.30117     0.00119     0.12787     3.44988     0.39236     1.11240
    -5.27717     0.00087     0.11436     3.47407     0.39974     1.27758
    -5.25417     0.00066     0.10386     3.50889     0.40851     1.49116
    -5.23117     0.00052     0.09561     3.55158     0.41837     1.76111
    -5.20817     0.00043     0.08899     3.60028     0.42913     2.09631
    -5.18517     0.00039     0.08359     3.65551     0.44094     2.50601
    -5.16217     0.00038     0.07914     3.72063     0.45423     3.00022
    -5.13817     0.00039     0.07551     3.80167     0.46989     3.58814
    -5.11517     0.00044     0.07264     3.90675     0.48898     4.27797
    -5.09217     0.00050     0.07061     4.04496     0.51268     5.07561
    -5.06917     0.00058     0.06950     4.22420     0.54205     5.98397
    -5.04617     0.00069     0.06939     4.45052     0.57788     7.00175
    -5.02217     0.00081     0.07035     4.72568     0.62026     8.12208
    -4.99917     0.00096     0.07238     5.04480     0.66870     9.33307
    -4.97617     0.00111     0.07542     5.39983     0.72203    10.61668
    -4.95317     0.00128     0.07932     5.77719     0.77845    11.95052
    -4.93017     0.00145     0.08386     6.15846     0.83569    13.30628
    -4.90717     0.00162     0.08879     6.52639     0.89141    14.65599
    -4.88317     0.00180     0.09381     6.86375     0.94340    15.96774
    -4.86017     0.00196     0.09867     7.15528     0.99004    17.21320
    -4.83717     0.00211     0.10312     7.39238     1.03029    18.36878
    -4.81417     0.00225     0.10703     7.57183     1.06413    19.42157
    -4.79117     0.00237     0.11030     7.69671     1.09237    20.35960
    -4.76717     0.00247     0.11292     7.77445     1.11670    21.19058
    -4.74417     0.00257     0.11492     7.82160     1.13938    21.92682
    -4.72117     0.00265     0.11649     7.85408     1.16307    22.59626
    -4.69817     0.00272     0.11771     7.88960     1.19046    23.22459
    -4.67517     0.00279     0.11880     7.94434     1.22398    23.85072
    -4.65217     0.00286     0.11990     8.03057     1.26547    24.50839
    -4.62817     0.00293     0.12112     8.15812     1.31609    25.22951
    -4.60517     0.00300     0.12252     8.33036     1.37619    26.03662
    -4.58217     0.00308     0.12413     8.54582     1.44516    26.94310
    -4.55917     0.00314     0.12588     8.79571     1.52173    27.94838
    -4.53617     0.00320     0.12772     9.07159     1.60376    29.04280
    -4.51217     0.00325     0.12957     9.35769     1.68875    30.20187
    -4.48917     0.00329     0.13126     9.63763     1.77376    31.38892
    -4.46617     0.00330     0.13273     9.89460     1.85571    32.56887
    -4.44317     0.00330     0.13387    10.11397     1.93160    33.69220
    -4.42017     0.00327     0.13460    10.27940     1.99871    34.71564
    -4.39717     0.00322     0.13487    10.37914     2.05457    35.59312
    -4.37317     0.00314     0.13467    10.40254     2.09701    36.29481
    -4.35017     0.00305     0.13398    10.34651     2.12517    36.78629
    -4.32717     0.00294     0.13281    10.20868     2.13857    37.05380
    -4.30417     0.00283     0.13119     9.99352     2.13810    37.10251
    -4.28117     0.00271     0.12919     9.70910     2.12493    36.94575
    -4.25717     0.00259     0.12690     9.36862     2.10203    36.61685
    -4.23417     0.00249     0.12441     8.98770     2.07212    36.16259
    -4.21117     0.00240     0.12182     8.58550     2.03961    35.64408
    -4.18817     0.00234     0.11930     8.18089     2.00799    35.12203
    -4.16517     0.00230     0.11696     7.79228     1.98148    34.66964
    -4.14217     0.00229     0.11490     7.43733     1.96349    34.34762
    -4.11817     0.00231     0.11325     7.12921     1.95667    34.20897
    -4.09517     0.00235     0.11208     6.87751     1.96293    34.29014
    -4.07217     0.00243     0.11141     6.68944     1.98324    34.61195
    -4.04917     0.00252     0.11128     6.56350     2.01685    35.17363
    -4.02617     0.00263     0.11168     6.49710     2.06252    35.95841
    -4.00217     0.00276     0.11259     6.48423     2.11814    36.92583
    -3.97917     0.00290     0.11401     6.51588     2.18117    38.03185
    -3.95617     0.00305     0.11589     6.58014     2.24836    39.22106
    -3.93317     0.00321     0.11819     6.66883     2.31673    40.43334
    -3.91017     0.00337     0.12088     6.77123     2.38337    41.61579
    -3.88717     0.00353     0.12384     6.87801     2.44592    42.71645
    -3.86317     0.00369     0.12704     6.97871     2.50140    43.69807
    -3.84017     0.00383     0.13036     7.06712     2.54821    44.53436
    -3.81717     0.00396     0.13369     7.13833     2.58477    45.19941
    -3.79417     0.00406     0.13691     7.18762     2.60974    45.68835
    -3.77117     0.00413     0.13994     7.21254     2.62275    46.01041
    -3.74717     0.00416     0.14274     7.21209     2.62418    46.17117
    -3.72417     0.00415     0.14525     7.18773     2.61416    46.19496
    -3.70117     0.00409     0.14754     7.13982     2.59441    46.11409
    -3.67817     0.00399     0.14961     7.07311     2.56693    45.96192
    -3.65517     0.00386     0.15162     6.99205     2.53396    45.76905
    -3.63217     0.00369     0.15365     6.90142     2.49834    45.57467
    -3.60817     0.00350     0.15576     6.80565     2.46221    45.40497
    -3.58517     0.00329     0.15806     6.70661     2.42867    45.28011
    -3.56217     0.00308     0.16055     6.60758     2.39903    45.21965
    -3.53917     0.00286     0.16320     6.50970     2.37501    45.22424
    -3.51617     0.00266     0.16593     6.41071     2.35715    45.29472
    -3.49217     0.00246     0.16859     6.31094     2.34606    45.42826
    -3.46917     0.00228     0.17107     6.20726     2.34206    45.62527
    -3.44617     0.00211     0.17317     6.09845     2.34512    45.89289
    -3.42317     0.00197     0.17484     5.98351     2.35563    46.24475
    -3.40017     0.00184     0.17597     5.86228     2.37388    46.70979
    -3.37717     0.00174     0.17658     5.73459     2.40132    47.32774
    -3.35317     0.00165     0.17675     5.60495     2.43865    48.14431
    -3.33017     0.00159     0.17658     5.47525     2.48697    49.20643
    -3.30717     0.00154     0.17623     5.34834     2.54635    50.55141
    -3.28417     0.00151     0.17584     5.22731     2.61747    52.20895
    -3.26117     0.00150     0.17562     5.11485     2.69889    54.18620
    -3.23717     0.00150     0.17566     5.00934     2.78906    56.46027
    -3.21417     0.00150     0.17600     4.91102     2.88549    58.99186
    -3.19117     0.00151     0.17669     4.81463     2.98457    61.70682
    -3.16817     0.00151     0.17768     4.71786     3.08268    64.52355
    -3.14517     0.00151     0.17890     4.61400     3.17661    67.33603
    -3.12217     0.00150     0.18028     4.49905     3.26256    70.04032
    -3.09817     0.00149     0.18171     4.36880     3.33772    72.53722
    -3.07517     0.00146     0.18315     4.22060     3.40004    74.73944
    -3.05217     0.00143     0.18451     4.05266     3.44815    76.58285
    -3.02917     0.00139     0.18580     3.86563     3.48196    78.01535
    -3.00617     0.00135     0.18696     3.66219     3.50137    79.02015
    -2.98217     0.00132     0.18802     3.44683     3.50765    79.59749
    -2.95917     0.00129     0.18895     3.22368     3.50187    79.77446
    -2.93617     0.00127     0.18972     2.99802     3.48554    79.59179
    -2.91317     0.00125     0.19027     2.77513     3.46057    79.10116
    -2.89017     0.00125     0.19056     2.55810     3.42857    78.36739
    -2.86717     0.00126     0.19050     2.35253     3.39170    77.46003
    -2.84317     0.00128     0.19003     2.16022     3.35204    76.43940
    -2.82017     0.00131     0.18906     1.98313     3.31064    75.36976
    -2.79717     0.00134     0.18757     1.82239     3.26975    74.30705
    -2.77417     0.00138     0.18558     1.67843     3.23060    73.28468
    -2.75117     0.00142     0.18307     1.55113     3.19404    72.33830
    -2.72717     0.00146     0.18015     1.43999     3.16048    71.48111
    -2.70417     0.00150     0.17690     1.34438     3.12949    70.71651
    -2.68117     0.00153     0.17345     1.26343     3.10096    70.03856
    -2.65817     0.00156     0.16994     1.19641     3.07372    69.42003
    -2.63517     0.00159     0.16647     1.14213     3.04665    68.84464
    -2.61217     0.00161     0.16318     1.09985     3.01836    68.27994
    -2.58817     0.00162     0.16010     1.06818     2.98775    67.70701
    -2.56517     0.00163     0.15730     1.04620     2.95406    67.09509
    -2.54217     0.00164     0.15472     1.03291     2.91723    66.42865
    -2.51917     0.00164     0.15233     1.02742     2.87706    65.70379
    -2.49617     0.00163     0.15002     1.02881     2.83461    64.90631
    -2.47217     0.00162     0.14774     1.03632     2.79116    64.04020
    -2.44917     0.00161     0.14536     1.04950     2.74855    63.12043
    -2.42617     0.00160     0.14288     1.06801     2.70860    62.15033
    -2.40317     0.00160     0.14028     1.09154     2.67403    61.15040
    -2.38017     0.00160     0.13767     1.12004     2.64731    60.13774
    -2.35717     0.00162     0.13516     1.15378     2.63073    59.14017
    -2.33317     0.00164     0.13293     1.19294     2.62705    58.18514
    -2.31017     0.00168     0.13120     1.23847     2.63860    57.30552
    -2.28717     0.00174     0.13020     1.29118     2.66737    56.53800
    -2.26417     0.00181     0.13009     1.35185     2.71532    55.92180
    -2.24117     0.00189     0.13104     1.42148     2.78360    55.48675
    -2.21717     0.00197     0.13310     1.50083     2.87256    55.25791
    -2.19417     0.00206     0.13629     1.59027     2.98158    55.25141
    -2.17117     0.00215     0.14053     1.68947     3.10880    55.46221
    -2.14817     0.00223     0.14570     1.79671     3.25133    55.88174
    -2.12517     0.00231     0.15166     1.91005     3.40565    56.46765
    -2.10217     0.00236     0.15816     2.02585     3.56559    57.17649
    -2.07817     0.00241     0.16512     2.14028     3.72666    57.94817
    -2.05517     0.00244     0.17236     2.24850     3.88171    58.71562
    -2.03217     0.00245     0.17958     2.34604     4.02549    59.41716
    -2.00917     0.00246     0.18686     2.42864     4.15317    60.00200
    -1.98617     0.00245     0.19394     2.49306     4.26038    60.42303
    -1.96217     0.00243     0.20076     2.53744     4.34503    60.65602
    -1.93917     0.00241     0.20736     2.56122     4.40683    60.70328
    -1.91617     0.00238     0.21338     2.56552     4.44708    60.57565
    -1.89317     0.00236     0.21898     2.55284     4.46867    60.30625
    -1.87017     0.00234     0.22370     2.52680     4.47592    59.94036
    -1.84717     0.00232     0.22746     2.49213     4.47421    59.52635
    -1.82317     0.00231     0.23010     2.45365     4.46907    59.11757
    -1.80017     0.00230     0.23128     2.41635     4.46606    58.76039
    -1.77717     0.00230     0.23104     2.38469     4.47014    58.49319
    -1.75417     0.00231     0.22912     2.36234     4.48527    58.34105
    -1.73117     0.00231     0.22572     2.35170     4.51454    58.31609
    -1.70717     0.00232     0.22086     2.35405     4.55890    58.41269
    -1.68417     0.00233     0.21482     2.36933     4.61823    58.61554
    -1.66117     0.00233     0.20784     2.39564     4.69045    58.88836
    -1.63817     0.00233     0.20046     2.43020     4.77221    59.19003
    -1.61517     0.00232     0.19280     2.46910     4.85902    59.46953
    -1.59217     0.00231     0.18544     2.50768     4.94571    59.66873
    -1.56817     0.00228     0.17854     2.54105     5.02676    59.73649
    -1.54517     0.00226     0.17238     2.56449     5.09677    59.62543
    -1.52217     0.00223     0.16720     2.57436     5.15184    59.30254
    -1.49917     0.00221     0.16318     2.56751     5.18844    58.75397
    -1.47617     0.00219     0.16037     2.54240     5.20499    57.98477
    -1.45217     0.00219     0.15890     2.49896     5.20149    57.01108
    -1.42917     0.00220     0.15889     2.43844     5.17905    55.87757
    -1.40617     0.00223     0.16054     2.36320     5.14025    54.63067
    -1.38317     0.00229     0.16402     2.27683     5.08793    53.33100
    -1.36017     0.00235     0.16958     2.18327     5.02603    52.03662
    -1.33717     0.00244     0.17724     2.08657     4.95721    50.79873
    -1.31317     0.00254     0.18730     1.99049     4.88391    49.65407
    -1.29017     0.00265     0.19952     1.89844     4.80776    48.62745
    -1.26717     0.00276     0.21394     1.81292     4.72970    47.72805
    -1.24417     0.00286     0.23020     1.73579     4.64924    46.94164
    -1.22117     0.00294     0.24772     1.66780     4.56536    46.25448
    -1.19717     0.00301     0.26582     1.60899     4.47708    45.62753
    -1.17417     0.00306     0.28350     1.55892     4.38338    45.02808
    -1.15117     0.00308     0.29998     1.51654     4.28290    44.41993
    -1.12817     0.00307     0.31424     1.48048     4.17595    43.76841
    -1.10517     0.00305     0.32522     1.44908     4.06240    43.05230
    -1.08217     0.00300     0.33244     1.42112     3.94415    42.25597
    -1.05817     0.00295     0.33522     1.39481     3.82240    41.37878
    -1.03517     0.00289     0.33322     1.36910     3.69965    40.44160
    -1.01217     0.00283     0.32674     1.34298     3.57849    39.46930
    -0.98917     0.00280     0.31610     1.31557     3.46185    38.49616
    -0.96617     0.00278     0.30174     1.28705     3.35224    37.58031
    -0.94217     0.00279     0.28460     1.25705     3.25219    36.76683
    -0.91917     0.00283     0.26552     1.22646     3.16345    36.11295
    -0.89617     0.00289     0.24542     1.19587     3.08779    35.66546
    -0.87317     0.00299     0.22524     1.16628     3.02560    35.46988
    -0.85017     0.00311     0.20572     1.13868     2.97776    35.55019
    -0.82717     0.00324     0.18740     1.11418     2.94369    35.91872
    -0.80317     0.00338     0.17064     1.09366     2.92294    36.57054
    -0.78017     0.00353     0.15586     1.07735     2.91487    37.48517
    -0.75717     0.00367     0.14309     1.06571     2.91785    38.62509
    -0.73417     0.00380     0.13219     1.05876     2.93077    39.93926
    -0.71117     0.00392     0.12304     1.05599     2.95207    41.37130
    -0.68717     0.00403     0.11540     1.05684     2.98017    42.85245
    -0.66417     0.00411     0.10904     1.06060     3.01360    44.31331
    -0.64117     0.00418     0.10369     1.06653     3.05019    45.69900
    -0.61817     0.00422     0.09909     1.07367     3.08794    46.94721
    -0.59517     0.00426     0.09505     1.08162     3.12465    48.01848
    -0.57217     0.00427     0.09141     1.08968     3.15811    48.87963
    -0.54817     0.00427     0.08803     1.09759     3.18642    49.51960
    -0.52517     0.00425     0.08486     1.10512     3.20765    49.93179
    -0.50217     0.00422     0.08189     1.11227     3.22047    50.12607
    -0.47917     0.00417     0.07912     1.11888     3.22432    50.12568
    -0.45617     0.00411     0.07658     1.12523     3.21877    49.95282
    -0.43217     0.00402     0.07431     1.13086     3.20428    49.63645
    -0.40917     0.00392     0.07237     1.13588     3.18193    49.21823
    -0.38617     0.00380     0.07081     1.14014     3.15310    48.72018
    -0.36317     0.00366     0.06971     1.14309     3.11902    48.17753
    -0.34017     0.00351     0.06908     1.14449     3.08092    47.61533
    -0.31717     0.00336     0.06896     1.14390     3.03991    47.05230
    -0.29317     0.00320     0.06936     1.14108     2.99663    46.50027
    -0.27017     0.00305     0.07032     1.13557     2.95131    45.96400
    -0.24717     0.00290     0.07183     1.12714     2.90335    45.44535
    -0.22417     0.00278     0.07392     1.11582     2.85280    44.93782
    -0.20117     0.00268     0.07655     1.10168     2.79905    44.43445
    -0.17717     0.00260     0.07975     1.08491     2.74183    43.92972
    -0.15417     0.00256     0.08351     1.06596     2.68137    43.42285
    -0.13117     0.00254     0.08783     1.04534     2.61862    42.91514
    -0.10817     0.00256     0.09264     1.02358     2.55474    42.41361
    -0.08517     0.00261     0.09798     1.00179     2.49102    41.93106
    -0.06217     0.00269     0.10375     0.98026     2.42967    41.47992
    -0.03817     0.00281     0.10994     0.95966     2.37283    41.08029
    -0.01517     0.00296     0.11639     0.94068     2.32157    40.74166
     0.00783     0.00315     0.12301     0.92362     2.27789    40.47611
     0.03083     0.00339     0.12967     0.90877     2.24223    40.28761
     0.05383     0.00367     0.13615     0.89649     2.21473    40.17842
     0.07783     0.00401     0.14228     0.88670     2.19559    40.14616
     0.10083     0.00440     0.14789     0.87969     2.18396    40.18336
     0.12383     0.00485     0.15278     0.87547     2.17899    40.29034
     0.14683     0.00535     0.15683     0.87444     2.18065    40.46224
     0.16983     0.00590     0.15995     0.87664     2.18817    40.70164
     0.19283     0.00650     0.16209     0.88207     2.20138    41.01132
     0.21683     0.00712     0.16330     0.89097     2.22071    41.39747
     0.23983     0.00775     0.16364     0.90298     2.24607    41.86618
     0.26283     0.00837     0.16326     0.91800     2.27774    42.41573
     0.28583     0.00896     0.16230     0.93510     2.31533    43.04343
     0.30883     0.00950     0.16092     0.95373     2.35786    43.73892
     0.33283     0.00995     0.15929     0.97263     2.40423    44.48283
     0.35583     0.01031     0.15749     0.99057     2.45214    45.24907
     0.37883     0.01056     0.15561     1.00643     2.49909    46.00573
     0.40183     0.01070     0.15371     1.01917     2.54262    46.72483
     0.42483     0.01072     0.15178     1.02784     2.57953    47.37717
     0.44883     0.01065     0.14980     1.03182     2.60750    47.94394
     0.47183     0.01049     0.14773     1.03089     2.62460    48.41298
     0.49483     0.01026     0.14553     1.02535     2.62932    48.77684
     0.51783     0.00999     0.14321     1.01512     2.62130    49.04319
     0.54083     0.00971     0.14080     1.00116     2.60098    49.22480
     0.56383     0.00943     0.13838     0.98453     2.56911    49.33839
     0.58783     0.00916     0.13602     0.96576     2.52733    49.40314
     0.61083     0.00893     0.13387     0.94584     2.47757    49.43808
     0.63383     0.00873     0.13208     0.92607     2.42203    49.46482
     0.65683     0.00856     0.13078     0.90689     2.36308    49.49618
     0.67983     0.00843     0.13016     0.88947     2.30309    49.55059
     0.70383     0.00832     0.13032     0.87445     2.24460    49.64565
     0.72683     0.00824     0.13136     0.86244     2.19008    49.80127
     0.74983     0.00817     0.13335     0.85403     2.14189    50.03757
     0.77283     0.00812     0.13624     0.84953     2.10189    50.38041
     0.79583     0.00807     0.13999     0.84901     2.07180    50.85164
     0.81883     0.00803     0.14452     0.85235     2.05267    51.46973
     0.84283     0.00799     0.14954     0.85926     2.04488    52.26154
     0.86583     0.00795     0.15490     0.86919     2.04831    53.23402
     0.88883     0.00792     0.16028     0.88135     2.06178    54.39085
     0.91183     0.00789     0.16552     0.89472     2.08379    55.73247
     0.93483     0.00787     0.17048     0.90867     2.11220    57.24677
     0.95883     0.00784     0.17476     0.92227     2.14490    58.90856
     0.98183     0.00782     0.17842     0.93499     2.17950    60.69827
     1.00483     0.00780     0.18148     0.94611     2.21382    62.57941
     1.02783     0.00779     0.18374     0.95560     2.24633    64.52112
     1.05083     0.00777     0.18552     0.96375     2.27566    66.49087
     1.07383     0.00777     0.18676     0.97079     2.30109    68.45233
     1.09783     0.00779     0.18768     0.97737     2.32245    70.37566
     1.12083     0.00782     0.18842     0.98423     2.34036    72.23208
     1.14383     0.00790     0.18888     0.99212     2.35516    74.00947
     1.16683     0.00802     0.18932     1.00187     2.36785    75.68697
     1.18983     0.00820     0.18962     1.01384     2.37910    77.25457
     1.21383     0.00845     0.18978     1.02882     2.38984    78.71569
     1.23683     0.00878     0.18960     1.04673     2.40014    80.06900
     1.25983     0.00919     0.18902     1.06765     2.41069    81.31967
     1.28283     0.00968     0.18792     1.09134     2.42115    82.48204
     1.30583     0.01024     0.18614     1.11712     2.43120    83.56230
     1.32883     0.01087     0.18368     1.14426     2.44013    84.57684
     1.35283     0.01155     0.18048     1.17195     2.44743    85.53046
     1.37583     0.01225     0.17654     1.19923     2.45287    86.43550
     1.39883     0.01297     0.17202     1.22517     2.45598    87.29190
     1.42183     0.01370     0.16690     1.24870     2.45676    88.10490
     1.44483     0.01442     0.16136     1.26910     2.45590    88.86920
     1.46883     0.01514     0.15553     1.28534     2.45386    89.58890
     1.49183     0.01585     0.14968     1.29699     2.45138    90.24930
     1.51483     0.01654     0.14389     1.30354     2.44907    90.84690
     1.53783     0.01723     0.13831     1.30454     2.44744    91.37050
     1.56083     0.01791     0.13305     1.29965     2.44652    91.81080
     1.58383     0.01858     0.12819     1.28921     2.44606    92.15460
     1.60783     0.01922     0.12377     1.27318     2.44569    92.38800
     1.63083     0.01982     0.11980     1.25195     2.44356    92.49016
     1.65383     0.02038     0.11625     1.22601     2.43839    92.44736
     1.67683     0.02087     0.11313     1.19620     2.42912    92.22690
     1.69983     0.02127     0.11037     1.16283     2.41328    91.81146
     1.72383     0.02159     0.10790     1.12661     2.38995    91.16640
     1.74683     0.02181     0.10566     1.08860     2.35742    90.26682
     1.76983     0.02193     0.10362     1.04892     2.31483    89.07632
     1.79283     0.02196     0.10170     1.00817     2.26160    87.57066
     1.81583     0.02189     0.09984     0.96644     2.19749    85.71982
     1.83883     0.02174     0.09797     0.92392     2.12259    83.50714
     1.86283     0.02150     0.09605     0.88043     2.03745    80.91700
     1.88583     0.02117     0.09394     0.83602     1.94261    77.93938
     1.90883     0.02075     0.09159     0.79043     1.83916    74.57964
     1.93183     0.02021     0.08890     0.74334     1.72796    70.85544
     1.95483     0.01954     0.08575     0.69484     1.61031    66.78870
     1.97883     0.01875     0.08211     0.64493     1.48758    62.40850
     2.00183     0.01781     0.07789     0.59366     1.36117    57.76809
     2.02483     0.01674     0.07308     0.54156     1.23286    52.92600
     2.04783     0.01554     0.06772     0.48902     1.10427    47.94776
     2.07083     0.01425     0.06188     0.43667     0.97737    42.91635
     2.09383     0.01288     0.05570     0.38522     0.85393    37.91353
     2.11783     0.01147     0.04930     0.33547     0.73583    33.02891
     2.14083     0.01007     0.04286     0.28813     0.62478    28.34797
     2.16383     0.00871     0.03659     0.24389     0.52224    23.94881
     2.18683     0.00741     0.03062     0.20332     0.42937    19.89923
     2.20983     0.00622     0.02512     0.16683     0.34691    16.24889
     2.23383     0.00514     0.02018     0.13468     0.27528    13.03072
     2.25683     0.00419     0.01587     0.10690     0.21437    10.25692
     2.27983     0.00336     0.01221     0.08342     0.16371     7.91950
     2.30283     0.00266     0.00919     0.06398     0.12256     5.99630
     2.32583     0.00208     0.00676     0.04822     0.08989     4.45059
     2.34883     0.00160     0.00486     0.03570     0.06457     3.23717
     2.37283     0.00121     0.00342     0.02598     0.04540     2.30706
     2.39583     0.00091     0.00235     0.01857     0.03125     1.61085
     2.41883     0.00067     0.00157     0.01304     0.02105     1.10200
     2.44183     0.00049     0.00103     0.00900     0.01387     0.73868
     2.46483     0.00035     0.00066     0.00610     0.00894     0.48512
     2.48883     0.00024     0.00041     0.00406     0.00564     0.31224
     2.51183     0.00017     0.00025     0.00266     0.00348     0.19698
     2.53483     0.00011     0.00015     0.00171     0.00210     0.12183
     2.55783     0.00007     0.00009     0.00108     0.00124     0.07388
     2.58083     0.00005     0.00005     0.00067     0.00072     0.04394
     2.60383     0.00003     0.00003     0.00041     0.00041     0.02563
     2.62783     0.00002     0.00002     0.00024     0.00023     0.01467
     2.65083     0.00001     0.00001     0.00014     0.00012     0.00823
     2.67383     0.00001     0.00000     0.00008     0.00006     0.00453
     2.69683     0.00000     0.00000     0.00005     0.00003     0.00245
     2.71983     0.00000     0.00000     0.00002     0.00002     0.00130
     2.74383     0.00000     0.00000     0.00001     0.00001     0.00067
     2.76683     0.00000     0.00000     0.00001     0.00000     0.00034
     2.78983     0.00000     0.00000     0.00000     0.00000     0.00017
     2.81283     0.00000     0.00000     0.00000     0.00000     0.00008
     2.83583     0.00000     0.00000     0.00000     0.00000     0.00004
     2.85883     0.00000     0.00000     0.00000     0.00000     0.00002
     2.88283     0.00000     0.00000     0.00000     0.00000     0.00001
     2.90583     0.00000     0.00000     0.00000     0.00000     0.00000
     2.92883     0.00000     0.00000     0.00000     0.00000     0.00000
     2.95183     0.00000     0.00000     0.00000     0.00000     0.00000
     2.97483     0.00000     0.00000     0.00000     0.00000     0.00000
     2.99883     0.00000     0.00000     0.00000     0.00000     0.00000
     3.02183     0.00000     0.00000     0.00000     0.00000     0.00000
     3.04483     0.00000     0.00000     0.00000     0.00000     0.00000
     3.06783     0.00000     0.00000     0.00000     0.00000     0.00000
     3.09083     0.00000     0.00000     0.00000     0.00000     0.00000
     3.11383     0.00000     0.00000     0.00000     0.00000     0.00000
     3.13783     0.00000     0.00000     0.00000     0.00000     0.00000
     3.16083     0.00000     0.00000     0.00000     0.00000     0.00000
     3.18383     0.00000     0.00000     0.00000     0.00000     0.00000
     3.20683     0.00000     0.00000     0.00000     0.00000     0.00000
     3.22983     0.00000     0.00000     0.00000     0.00000     0.00000
     3.25383     0.00000     0.00000     0.00000     0.00000     0.00000
     3.27683     0.00000     0.00000     0.00000     0.00000     0.00000
     3.29983     0.00000     0.00000     0.00000     0.00000     0.00000
     3.32283     0.00000     0.00000     0.00000     0.00000     0.00000
     3.34583     0.00000     0.00000     0.00000     0.00000     0.00000
     3.36883     0.00000     0.00000     0.00000     0.00000     0.00000
     3.39283     0.00000     0.00000     0.00000     0.00000     0.00000
     3.41583     0.00000     0.00000     0.00000     0.00000     0.00000
     3.43883     0.00000     0.00000     0.00000     0.00000     0.00000
     3.46183     0.00000     0.00000     0.00000     0.00000     0.00000
     3.48483     0.00000     0.00000     0.00000     0.00000     0.00000
     3.50883     0.00000     0.00000     0.00000     0.00000     0.00000
     3.53183     0.00000     0.00000     0.00000     0.00000     0.00000
     3.55483     0.00000     0.00000     0.00000     0.00000     0.00000
     3.57783     0.00000     0.00000     0.00000     0.00000     0.00000
     3.60083     0.00000     0.00000     0.00000     0.00000     0.00000
     3.62383     0.00000     0.00000     0.00000     0.00000     0.00000
     3.64783     0.00000     0.00000     0.00000     0.00000     0.00000
     3.67083     0.00000     0.00000     0.00000     0.00000     0.00000
     3.69383     0.00000     0.00000     0.00000     0.00000     0.00000
     3.71683     0.00000     0.00000     0.00000     0.00000     0.00000
     3.73983     0.00000     0.00000     0.00000     0.00000     0.00000
     3.76383     0.00000     0.00000     0.00000     0.00000     0.00000
     3.78683     0.00000     0.00000     0.00000     0.00000     0.00000
     3.80983     0.00000     0.00000     0.00000     0.00000     0.00000
     3.83283     0.00000     0.00000     0.00000     0.00000     0.00000
     3.85583     0.00000     0.00000     0.00000     0.00000     0.00000
     3.87883     0.00000     0.00000     0.00000     0.00000     0.00000
     3.90283     0.00000     0.00000     0.00000     0.00000     0.00000
     3.92583     0.00000     0.00000     0.00000     0.00000     0.00000
     3.94883     0.00000     0.00000     0.00000     0.00000     0.00000
     3.97183     0.00000     0.00000     0.00000     0.00000     0.00000
     3.99483     0.00000     0.00000     0.00000     0.00000     0.00000
     4.01883     0.00000     0.00000     0.00000     0.00000     0.00000
     4.04183     0.00000     0.00000     0.00000     0.00000     0.00000
     4.06483     0.00000     0.00000     0.00000     0.00000     0.00000
     4.08783     0.00000     0.00000     0.00000     0.00000     0.00000
     4.11083     0.00000     0.00000     0.00000     0.00000     0.00000
     4.13383     0.00000     0.00000     0.00000     0.00000     0.00000
     4.15783     0.00000     0.00000     0.00000     0.00000     0.00000
     4.18083     0.00000     0.00000     0.00000     0.00000     0.00000
     4.20383     0.00000     0.00000     0.00000     0.00000     0.00000
     4.22683     0.00000     0.00000     0.00000     0.00000     0.00000
     4.24983     0.00000     0.00000     0.00000     0.00000     0.00000
     4.27383     0.00000     0.00000     0.00000     0.00000     0.00000
     4.29683     0.00000     0.00000     0.00000     0.00000     0.00000
     4.31983     0.00000     0.00000     0.00000     0.00000     0.00000
     4.34283     0.00000     0.00000     0.00000     0.00000     0.00000
     4.36583     0.00000     0.00000     0.00000     0.00000     0.00000
     4.38883     0.00000     0.00000     0.00000     0.00000     0.00000
     4.41283     0.00000     0.00000     0.00000     0.00000     0.00000
     4.43583     0.00000     0.00000     0.00000     0.00000     0.00000
     4.45883     0.00000     0.00000     0.00000     0.00000     0.00000
     4.48183     0.00000     0.00000     0.00000     0.00000     0.00000
     4.50483     0.00000     0.00000     0.00000     0.00000     0.00000
     4.52883     0.00000     0.00000     0.00000     0.00000     0.00000
     4.55183     0.00000     0.00000     0.00000     0.00000     0.00000
     4.57483     0.00000     0.00000     0.00000     0.00000     0.00000
     4.59783     0.00000     0.00000     0.00000     0.00000     0.00000
     4.62083     0.00000     0.00000     0.00000     0.00000     0.00000
     4.64383     0.00000     0.00000     0.00000     0.00000     0.00000
     4.66783     0.00000     0.00000     0.00000     0.00000     0.00000
     4.69083     0.00000     0.00000     0.00000     0.00000     0.00000
     4.71383     0.00000     0.00000     0.00000     0.00000     0.00000
     4.73683     0.00000     0.00000     0.00000     0.00000     0.00000
     4.75983     0.00000     0.00000     0.00000     0.00000     0.00000
     4.78383     0.00000     0.00000     0.00000     0.00000     0.00000
     4.80683     0.00000     0.00000     0.00000     0.00000     0.00000
     4.82983     0.00000     0.00000     0.00000     0.00000     0.00000
     4.85283     0.00000     0.00000     0.00000     0.00000     0.00000
     4.87583     0.00000     0.00000     0.00000     0.00000     0.00000
     4.89883     0.00000     0.00000     0.00000     0.00000     0.00000
     4.92283     0.00000     0.00000     0.00000     0.00000     0.00000
     4.94583     0.00000     0.00000     0.00000     0.00000     0.00000
     4.96883     0.00000     0.00000     0.00000     0.00000     0.00000
     4.99183     0.00000     0.00000     0.00000     0.00000     0.00000
     5.01483     0.00000     0.00000     0.00000     0.00000     0.00000
     5.03883     0.00000     0.00000     0.00000     0.00000     0.00000
     5.06183     0.00000     0.00000     0.00000     0.00000     0.00000
     5.08483     0.00000     0.00000     0.00000     0.00000     0.00000
     5.10783     0.00000     0.00000     0.00000     0.00000     0.00000
     5.13083     0.00000     0.00000     0.00000     0.00000     0.00000
     5.15383     0.00000     0.00000     0.00000     0.00000     0.00000
     5.17783     0.00000     0.00000     0.00000     0.00000     0.00000
     5.20083     0.00000     0.00000     0.00000     0.00000     0.00000
     5.22383     0.00000     0.00000     0.00000     0.00000     0.00000
     5.24683     0.00000     0.00000     0.00000     0.00000     0.00000
     5.26983     0.00000     0.00000     0.00000     0.00000     0.00000
     5.29383     0.00000     0.00000     0.00000     0.00000     0.00000
     5.31683     0.00000     0.00000     0.00000     0.00000     0.00000
     5.33983     0.00000     0.00000     0.00000     0.00000     0.00000
     5.36283     0.00000     0.00000     0.00000     0.00000     0.00000
     5.38583     0.00000     0.00000     0.00000     0.00000     0.00000
