     #Energy        Mo_s        Mo_p        Mo_d         O_s         O_p        Nb_s        Nb_p        Nb_d
   -64.47084     0.00000     0.00000     0.00000     0.00000     0.00000     0.00000     0.00000     0.00000
   -64.44784     0.00000     0.00000     0.00000     0.00000     0.00000     0.00000     0.00000     0.00000
   -64.42484     0.00000     0.00000     0.00000     0.00000     0.00000     0.00000     0.00000     0.00000
   -64.40184     0.00000     0.00000     0.00000     0.00000     0.00000     0.00000     0.00000     0.00000
   -64.37784     0.00000     0.00000     0.00000     0.00000     0.00000     0.00000     0.00000     0.00000
   -64.35484     0.00000     0.00000     0.00000     0.00000     0.00000     0.00000     0.00000     0.00000
   -64.33184     0.00000     0.00000     0.00000     0.00000     0.00000     0.00000     0.00000     0.00000
   -64.30884     0.00000     0.00000     0.00000     0.00000     0.00000     0.00000     0.00000     0.00000
   -64.28584     0.00000     0.00000     0.00000     0.00000     0.00000     0.00000     0.00000     0.00000
   -64.26184     0.00000     0.00000     0.00000     0.00000     0.00000     0.00000     0.00000     0.00000
   -64.23884     0.00000     0.00000     0.00000     0.00000     0.00000     0.00000     0.00000     0.00000
   -64.21584     0.00000     0.00000     0.00000     0.00000     0.00000     0.00000     0.00000     0.00000
   -64.19284     0.00000     0.00000     0.00000     0.00000     0.00000     0.00000     0.00000     0.00000
   -64.16984     0.00000     0.00000     0.00000     0.00000     0.00000     0.00000     0.00000     0.00000
   -64.14584     0.00000     0.00000     0.00000     0.00000     0.00000     0.00000     0.00000     0.00000
   -64.12284     0.00000     0.00000     0.00000     0.00000     0.00000     0.00000     0.00000     0.00000
   -64.09984     0.00000     0.00000     0.00000     0.00000     0.00000     0.00000     0.00000     0.00000
   -64.07684     0.00000     0.00000     0.00000     0.00000     0.00000     0.00000     0.00000     0.00000
   -64.05384     0.00000     0.00000     0.00000     0.00000     0.00000     0.00000     0.00000     0.00000
   -64.02984     0.00000     0.00000     0.00000     0.00000     0.00000     0.00000     0.00000     0.00000
   -64.00684     0.00000     0.00000     0.00000     0.00000     0.00000     0.00000     0.00000     0.00000
   -63.98384     0.00000     0.00000     0.00000     0.00000     0.00000     0.00000     0.00000     0.00000
   -63.96084     0.00000     0.00000     0.00000     0.00000     0.00000     0.00000     0.00000     0.00000
   -63.93784     0.00000     0.00000     0.00000     0.00000     0.00000     0.00000     0.00000     0.00000
   -63.91384     0.00000     0.00000     0.00000     0.00000     0.00000     0.00000     0.00000     0.00000
   -63.89084     0.00000     0.00000     0.00000     0.00000     0.00000     0.00000     0.00000     0.00000
   -63.86784     0.00000     0.00000     0.00000     0.00000     0.00000     0.00000     0.00000     0.00000
   -63.84484     0.00000     0.00000     0.00000     0.00000     0.00000     0.00000     0.00000     0.00000
   -63.82184     0.00000     0.00000     0.00000     0.00000     0.00000     0.00000     0.00000     0.00000
   -63.79784     0.00000     0.00000     0.00000     0.00000     0.00000     0.00000     0.00000     0.00000
   -63.77484     0.00000     0.00000     0.00000     0.00000     0.00000     0.00000     0.00000     0.00000
   -63.75184     0.00000     0.00000     0.00000     0.00000     0.00000     0.00000     0.00000     0.00000
   -63.72884     0.00000     0.00000     0.00000     0.00000     0.00000     0.00000     0.00000     0.00000
   -63.70584     0.00000     0.00000     0.00000     0.00000     0.00000     0.00000     0.00000     0.00000
   -63.68184     0.00000     0.00000     0.00000     0.00000     0.00000     0.00000     0.00000     0.00000
   -63.65884     0.00000     0.00000     0.00000     0.00000     0.00000     0.00000     0.00000     0.00000
   -63.63584     0.00000     0.00000     0.00000     0.00000     0.00000     0.00000     0.00000     0.00000
   -63.61284     0.00000     0.00000     0.00000     0.00000     0.00000     0.00000     0.00000     0.00000
   -63.58984     0.00000     0.00000     0.00000     0.00000     0.00000     0.00000     0.00000     0.00000
   -63.56584     0.00000     0.00000     0.00000     0.00000     0.00000     0.00000     0.00000     0.00000
   -63.54284     0.00000     0.00000     0.00000     0.00000     0.00000     0.00000     0.00000     0.00000
   -63.51984     0.00000     0.00000     0.00000     0.00000     0.00000     0.00000     0.00000     0.00000
   -63.49684     0.00000     0.00000     0.00000     0.00000     0.00000     0.00000     0.00000     0.00000
   -63.47384     0.00000     0.00000     0.00000     0.00000     0.00000     0.00000     0.00000     0.00000
   -63.44984     0.00000     0.00000     0.00000     0.00000     0.00000     0.00000     0.00000     0.00000
   -63.42684     0.00000     0.00000     0.00000     0.00000     0.00000     0.00000     0.00000     0.00000
   -63.40384     0.00000     0.00000     0.00000     0.00000     0.00000     0.00000     0.00000     0.00000
   -63.38084     0.00000     0.00000     0.00000     0.00000     0.00000     0.00000     0.00000     0.00000
   -63.35784     0.00000     0.00000     0.00000     0.00000     0.00000     0.00000     0.00000     0.00000
   -63.33384     0.00000     0.00000     0.00000     0.00000     0.00000     0.00000     0.00000     0.00000
   -63.31084     0.00000     0.00000     0.00000     0.00000     0.00000     0.00000     0.00000     0.00000
   -63.28784     0.00000     0.00000     0.00000     0.00000     0.00000     0.00000     0.00000     0.00000
   -63.26484     0.00000     0.00000     0.00000     0.00000     0.00000     0.00000     0.00000     0.00000
   -63.24184     0.00000     0.00000     0.00000     0.00000     0.00000     0.00000     0.00000     0.00000
   -63.21784     0.00000     0.00000     0.00000     0.00000     0.00000     0.00000     0.00000     0.00000
   -63.19484     0.00000     0.00000     0.00000     0.00000     0.00000     0.00000     0.00000     0.00000
   -63.17184     0.00000     0.00000     0.00000     0.00000     0.00000     0.00000     0.00000     0.00000
   -63.14884     0.00000     0.00000     0.00000     0.00000     0.00000     0.00000     0.00000     0.00000
   -63.12584     0.00000     0.00000     0.00000     0.00000     0.00000     0.00000     0.00000     0.00000
   -63.10184     0.00000     0.00000     0.00000     0.00000     0.00000     0.00000     0.00000     0.00000
   -63.07884     0.00000     0.00000     0.00000     0.00000     0.00000     0.00000     0.00000     0.00000
   -63.05584     0.00000     0.00000     0.00000     0.00000     0.00000     0.00000     0.00000     0.00000
   -63.03284     0.00000     0.00000     0.00000     0.00000     0.00000     0.00000     0.00000     0.00000
   -63.00984     0.00000     0.00000     0.00000     0.00000     0.00000     0.00000     0.00000     0.00000
   -62.98584     0.00000     0.00000     0.00000     0.00000     0.00000     0.00000     0.00000     0.00000
   -62.96284     0.00000     0.00000     0.00000     0.00000     0.00000     0.00000     0.00000     0.00000
   -62.93984     0.00000     0.00000     0.00000     0.00000     0.00000     0.00000     0.00000     0.00000
   -62.91684     0.00000     0.00000     0.00000     0.00000     0.00000     0.00000     0.00000     0.00000
   -62.89384     0.00000     0.00000     0.00000     0.00000     0.00000     0.00000     0.00000     0.00000
   -62.86984     0.00000     0.00000     0.00000     0.00000     0.00000     0.00000     0.00000     0.00000
   -62.84684     0.00000     0.00000     0.00000     0.00000     0.00000     0.00000     0.00000     0.00000
   -62.82384     0.00000     0.00000     0.00000     0.00000     0.00000     0.00000     0.00000     0.00000
   -62.80084     0.00000     0.00000     0.00000     0.00000     0.00000     0.00000     0.00000     0.00000
   -62.77784     0.00000     0.00000     0.00000     0.00000     0.00000     0.00000     0.00000     0.00000
   -62.75384     0.00000     0.00000     0.00000     0.00000     0.00000     0.00000     0.00000     0.00000
   -62.73084     0.00000     0.00000     0.00000     0.00000     0.00000     0.00000     0.00000     0.00000
   -62.70784     0.00000     0.00000     0.00000     0.00000     0.00000     0.00000     0.00000     0.00000
   -62.68484     0.00000     0.00000     0.00000     0.00000     0.00000     0.00000     0.00000     0.00000
   -62.66184     0.00000     0.00000     0.00000     0.00000     0.00000     0.00000     0.00000     0.00000
   -62.63784     0.00000     0.00000     0.00000     0.00000     0.00000     0.00000     0.00000     0.00000
   -62.61484     0.00000     0.00000     0.00000     0.00000     0.00000     0.00000     0.00000     0.00000
   -62.59184     0.00000     0.00000     0.00000     0.00000     0.00000     0.00000     0.00000     0.00000
   -62.56884     0.00000     0.00000     0.00000     0.00000     0.00000     0.00000     0.00000     0.00000
   -62.54584     0.00000     0.00000     0.00000     0.00000     0.00000     0.00000     0.00000     0.00000
   -62.52184     0.00000     0.00000     0.00000     0.00000     0.00000     0.00000     0.00000     0.00000
   -62.49884     0.00000     0.00000     0.00000     0.00000     0.00000     0.00000     0.00000     0.00000
   -62.47584     0.00000     0.00000     0.00000     0.00000     0.00000     0.00000     0.00000     0.00000
   -62.45284     0.00000     0.00000     0.00000     0.00000     0.00000     0.00000     0.00000     0.00000
   -62.42984     0.00000     0.00000     0.00000     0.00000     0.00000     0.00000     0.00000     0.00000
   -62.40584     0.00000     0.00000     0.00000     0.00000     0.00000     0.00000     0.00000     0.00000
   -62.38284     0.00000     0.00000     0.00000     0.00000     0.00000     0.00000     0.00000     0.00000
   -62.35984     0.00000     0.00000     0.00000     0.00000     0.00000     0.00000     0.00000     0.00000
   -62.33684     0.00000     0.00000     0.00000     0.00000     0.00000     0.00000     0.00000     0.00000
   -62.31384     0.00000     0.00000     0.00000     0.00000     0.00000     0.00000     0.00000     0.00000
   -62.28984     0.00000     0.00000     0.00000     0.00000     0.00000     0.00000     0.00000     0.00000
   -62.26684     0.00000     0.00000     0.00000     0.00000     0.00000     0.00000     0.00000     0.00000
   -62.24384     0.00000     0.00000     0.00000     0.00000     0.00000     0.00000     0.00000     0.00000
   -62.22084     0.00000     0.00000     0.00000     0.00000     0.00000     0.00000     0.00000     0.00000
   -62.19784     0.00000     0.00000     0.00000     0.00000     0.00000     0.00000     0.00000     0.00000
   -62.17384     0.00000     0.00000     0.00000     0.00000     0.00000     0.00000     0.00000     0.00000
   -62.15084     0.00000     0.00000     0.00000     0.00000     0.00000     0.00000     0.00000     0.00000
   -62.12784     0.00000     0.00000     0.00000     0.00000     0.00000     0.00000     0.00000     0.00000
   -62.10484     0.00000     0.00000     0.00000     0.00000     0.00000     0.00000     0.00000     0.00000
   -62.08184     0.00000     0.00000     0.00000     0.00000     0.00000     0.00000     0.00000     0.00000
   -62.05784     0.00000     0.00000     0.00000     0.00000     0.00000     0.00000     0.00000     0.00000
   -62.03484     0.00001     0.00000     0.00000     0.00000     0.00000     0.00000     0.00000     0.00000
   -62.01184     0.00001     0.00000     0.00000     0.00000     0.00000     0.00000     0.00000     0.00000
   -61.98884     0.00003     0.00000     0.00000     0.00000     0.00000     0.00000     0.00000     0.00000
   -61.96584     0.00007     0.00000     0.00000     0.00000     0.00000     0.00000     0.00000     0.00000
   -61.94184     0.00017     0.00000     0.00000     0.00000     0.00000     0.00000     0.00000     0.00000
   -61.91884     0.00037     0.00000     0.00000     0.00000     0.00000     0.00000     0.00000     0.00000
   -61.89584     0.00081     0.00000     0.00000     0.00000     0.00000     0.00000     0.00000     0.00000
   -61.87284     0.00170     0.00000     0.00000     0.00000     0.00000     0.00000     0.00000     0.00000
   -61.84984     0.00350     0.00000     0.00000     0.00000     0.00000     0.00000     0.00000     0.00000
   -61.82584     0.00702     0.00000     0.00000     0.00000     0.00000     0.00000     0.00000     0.00000
   -61.80284     0.01375     0.00000     0.00000     0.00000     0.00000     0.00000     0.00000     0.00000
   -61.77984     0.02629     0.00000     0.00000     0.00000     0.00000     0.00000     0.00000     0.00000
   -61.75684     0.04908     0.00000     0.00000     0.00000     0.00000     0.00000     0.00000     0.00000
   -61.73384     0.08948     0.00001     0.00000     0.00000     0.00000     0.00000     0.00000     0.00000
   -61.70984     0.15934     0.00001     0.00001     0.00000     0.00000     0.00000     0.00000     0.00000
   -61.68684     0.27731     0.00002     0.00001     0.00000     0.00000     0.00000     0.00000     0.00000
   -61.66384     0.47170     0.00003     0.00002     0.00000     0.00000     0.00000     0.00000     0.00000
   -61.64084     0.78453     0.00006     0.00003     0.00000     0.00000     0.00000     0.00000     0.00000
   -61.61784     1.27623     0.00009     0.00006     0.00000     0.00000     0.00000     0.00000     0.00000
   -61.59384     2.03124     0.00015     0.00010     0.00000     0.00000     0.00000     0.00000     0.00000
   -61.57084     3.16410     0.00023     0.00016     0.00000     0.00000     0.00000     0.00000     0.00000
   -61.54784     4.82596     0.00035     0.00026     0.00000     0.00000     0.00000     0.00000     0.00000
   -61.52484     7.20924     0.00053     0.00040     0.00000     0.00000     0.00001     0.00000     0.00000
   -61.50184    10.55142     0.00078     0.00063     0.00000     0.00000     0.00001     0.00000     0.00000
   -61.47784    15.13756     0.00112     0.00095     0.00000     0.00000     0.00002     0.00000     0.00000
   -61.45484    21.29278     0.00157     0.00142     0.00000     0.00000     0.00002     0.00000     0.00000
   -61.43184    29.37670     0.00216     0.00206     0.00000     0.00000     0.00003     0.00000     0.00000
   -61.40884    39.76357     0.00291     0.00294     0.00000     0.00000     0.00004     0.00000     0.00000
   -61.38584    52.82253     0.00383     0.00410     0.00001     0.00001     0.00005     0.00001     0.00000
   -61.36184    68.88218     0.00495     0.00560     0.00001     0.00001     0.00007     0.00001     0.00000
   -61.33884    88.18825     0.00627     0.00749     0.00001     0.00001     0.00009     0.00001     0.00000
   -61.31584   110.88901     0.00777     0.00980     0.00002     0.00002     0.00011     0.00001     0.00000
   -61.29284   136.94347     0.00945     0.01257     0.00002     0.00003     0.00014     0.00002     0.00000
   -61.26984   166.13170     0.01127     0.01577     0.00003     0.00003     0.00017     0.00002     0.00001
   -61.24684   198.00690     0.01318     0.01937     0.00004     0.00004     0.00020     0.00003     0.00001
   -61.22284   231.89080     0.01513     0.02329     0.00005     0.00006     0.00023     0.00004     0.00001
   -61.19984   266.86660     0.01704     0.02742     0.00006     0.00007     0.00027     0.00004     0.00001
   -61.17684   301.85310     0.01885     0.03162     0.00008     0.00009     0.00030     0.00005     0.00002
   -61.15384   335.61220     0.02049     0.03571     0.00009     0.00011     0.00034     0.00006     0.00002
   -61.13084   366.87990     0.02189     0.03951     0.00011     0.00012     0.00038     0.00007     0.00002
   -61.10684   394.38280     0.02300     0.04284     0.00012     0.00014     0.00041     0.00008     0.00003
   -61.08384   417.02760     0.02378     0.04554     0.00014     0.00016     0.00044     0.00009     0.00003
   -61.06084   433.88100     0.02421     0.04749     0.00016     0.00018     0.00048     0.00010     0.00004
   -61.03784   444.31860     0.02427     0.04859     0.00017     0.00020     0.00051     0.00011     0.00004
   -61.01484   448.01410     0.02399     0.04882     0.00018     0.00021     0.00054     0.00012     0.00005
   -60.99084   444.94400     0.02339     0.04820     0.00019     0.00022     0.00057     0.00013     0.00005
   -60.96784   435.42100     0.02250     0.04678     0.00019     0.00022     0.00059     0.00013     0.00006
   -60.94484   420.01800     0.02137     0.04467     0.00019     0.00022     0.00062     0.00014     0.00006
   -60.92184   399.49200     0.02005     0.04200     0.00018     0.00021     0.00064     0.00015     0.00006
   -60.89884   374.75900     0.01859     0.03890     0.00017     0.00020     0.00066     0.00015     0.00007
   -60.87484   346.82000     0.01703     0.03552     0.00016     0.00019     0.00068     0.00015     0.00007
   -60.85184   316.66700     0.01542     0.03199     0.00015     0.00017     0.00069     0.00015     0.00007
   -60.82884   285.28500     0.01380     0.02843     0.00013     0.00015     0.00069     0.00015     0.00007
   -60.80584   253.58050     0.01221     0.02494     0.00011     0.00013     0.00069     0.00015     0.00007
   -60.78284   222.34770     0.01067     0.02160     0.00010     0.00011     0.00068     0.00015     0.00007
   -60.75884   192.28730     0.00921     0.01847     0.00008     0.00010     0.00066     0.00014     0.00006
   -60.73584   163.95990     0.00785     0.01559     0.00007     0.00008     0.00063     0.00013     0.00006
   -60.71284   137.79760     0.00660     0.01298     0.00005     0.00006     0.00060     0.00012     0.00005
   -60.68984   114.09700     0.00547     0.01066     0.00004     0.00005     0.00055     0.00011     0.00005
   -60.66684    93.03080     0.00447     0.00864     0.00003     0.00004     0.00050     0.00010     0.00004
   -60.64284    74.66257     0.00359     0.00689     0.00002     0.00003     0.00044     0.00009     0.00004
   -60.61984    58.94513     0.00285     0.00542     0.00002     0.00002     0.00039     0.00007     0.00003
   -60.59684    45.75687     0.00222     0.00419     0.00001     0.00002     0.00033     0.00006     0.00003
   -60.57384    34.90243     0.00170     0.00319     0.00001     0.00001     0.00027     0.00005     0.00002
   -60.55084    26.14651     0.00128     0.00238     0.00001     0.00001     0.00022     0.00004     0.00002
   -60.52684    19.22565     0.00094     0.00175     0.00000     0.00001     0.00017     0.00003     0.00001
   -60.50384    13.87079     0.00068     0.00126     0.00000     0.00000     0.00014     0.00002     0.00001
   -60.48084     9.81177     0.00048     0.00089     0.00000     0.00000     0.00010     0.00002     0.00001
   -60.45784     6.80223     0.00034     0.00062     0.00000     0.00000     0.00008     0.00001     0.00001
   -60.43484     4.61909     0.00023     0.00042     0.00000     0.00000     0.00005     0.00001     0.00000
   -60.41084     3.07112     0.00015     0.00028     0.00000     0.00000     0.00004     0.00001     0.00000
   -60.38784     1.99837     0.00010     0.00018     0.00000     0.00000     0.00003     0.00000     0.00000
   -60.36484     1.27212     0.00006     0.00011     0.00000     0.00000     0.00002     0.00000     0.00000
   -60.34184     0.79182     0.00004     0.00007     0.00000     0.00000     0.00001     0.00000     0.00000
   -60.31884     0.48176     0.00002     0.00004     0.00000     0.00000     0.00001     0.00000     0.00000
   -60.29484     0.28645     0.00001     0.00003     0.00000     0.00000     0.00000     0.00000     0.00000
   -60.27184     0.16637     0.00001     0.00001     0.00000     0.00000     0.00000     0.00000     0.00000
   -60.24884     0.09437     0.00000     0.00001     0.00000     0.00000     0.00000     0.00000     0.00000
   -60.22584     0.05226     0.00000     0.00000     0.00000     0.00000     0.00000     0.00000     0.00000
   -60.20284     0.02825     0.00000     0.00000     0.00000     0.00000     0.00000     0.00000     0.00000
   -60.17884     0.01490     0.00000     0.00000     0.00000     0.00000     0.00000     0.00000     0.00000
   -60.15584     0.00767     0.00000     0.00000     0.00000     0.00000     0.00000     0.00000     0.00000
   -60.13284     0.00385     0.00000     0.00000     0.00000     0.00000     0.00000     0.00000     0.00000
   -60.10984     0.00189     0.00000     0.00000     0.00000     0.00000     0.00000     0.00000     0.00000
   -60.08684     0.00090     0.00000     0.00000     0.00000     0.00000     0.00000     0.00000     0.00000
   -60.06284     0.00042     0.00000     0.00000     0.00000     0.00000     0.00000     0.00000     0.00000
   -60.03984     0.00019     0.00000     0.00000     0.00000     0.00000     0.00000     0.00000     0.00000
   -60.01684     0.00008     0.00000     0.00000     0.00000     0.00000     0.00000     0.00000     0.00000
   -59.99384     0.00004     0.00000     0.00000     0.00000     0.00000     0.00000     0.00000     0.00000
   -59.97084     0.00002     0.00000     0.00000     0.00000     0.00000     0.00000     0.00000     0.00000
   -59.94684     0.00001     0.00000     0.00000     0.00000     0.00000     0.00000     0.00000     0.00000
   -59.92384     0.00000     0.00000     0.00000     0.00000     0.00000     0.00000     0.00000     0.00000
   -59.90084     0.00000     0.00000     0.00000     0.00000     0.00000     0.00000     0.00000     0.00000
   -59.87784     0.00000     0.00000     0.00000     0.00000     0.00000     0.00000     0.00000     0.00000
   -59.85484     0.00000     0.00000     0.00000     0.00000     0.00000     0.00000     0.00000     0.00000
   -59.83084     0.00000     0.00000     0.00000     0.00000     0.00000     0.00000     0.00000     0.00000
   -59.80784     0.00000     0.00000     0.00000     0.00000     0.00000     0.00000     0.00000     0.00000
   -59.78484     0.00000     0.00000     0.00000     0.00000     0.00000     0.00000     0.00000     0.00000
   -59.76184     0.00000     0.00000     0.00000     0.00000     0.00000     0.00000     0.00000     0.00000
   -59.73884     0.00000     0.00000     0.00000     0.00000     0.00000     0.00000     0.00000     0.00000
   -59.71484     0.00000     0.00000     0.00000     0.00000     0.00000     0.00000     0.00000     0.00000
   -59.69184     0.00000     0.00000     0.00000     0.00000     0.00000     0.00000     0.00000     0.00000
   -59.66884     0.00000     0.00000     0.00000     0.00000     0.00000     0.00000     0.00000     0.00000
   -59.64584     0.00000     0.00000     0.00000     0.00000     0.00000     0.00000     0.00000     0.00000
   -59.62284     0.00000     0.00000     0.00000     0.00000     0.00000     0.00000     0.00000     0.00000
   -59.59884     0.00000     0.00000     0.00000     0.00000     0.00000     0.00000     0.00000     0.00000
   -59.57584     0.00000     0.00000     0.00000     0.00000     0.00000     0.00000     0.00000     0.00000
   -59.55284     0.00000     0.00000     0.00000     0.00000     0.00000     0.00000     0.00000     0.00000
   -59.52984     0.00000     0.00000     0.00000     0.00000     0.00000     0.00000     0.00000     0.00000
   -59.50684     0.00000     0.00000     0.00000     0.00000     0.00000     0.00000     0.00000     0.00000
   -59.48284     0.00000     0.00000     0.00000     0.00000     0.00000     0.00000     0.00000     0.00000
   -59.45984     0.00000     0.00000     0.00000     0.00000     0.00000     0.00000     0.00000     0.00000
   -59.43684     0.00000     0.00000     0.00000     0.00000     0.00000     0.00000     0.00000     0.00000
   -59.41384     0.00000     0.00000     0.00000     0.00000     0.00000     0.00000     0.00000     0.00000
   -59.39084     0.00000     0.00000     0.00000     0.00000     0.00000     0.00000     0.00000     0.00000
   -59.36684     0.00000     0.00000     0.00000     0.00000     0.00000     0.00000     0.00000     0.00000
   -59.34384     0.00000     0.00000     0.00000     0.00000     0.00000     0.00000     0.00000     0.00000
   -59.32084     0.00000     0.00000     0.00000     0.00000     0.00000     0.00000     0.00000     0.00000
   -59.29784     0.00000     0.00000     0.00000     0.00000     0.00000     0.00000     0.00000     0.00000
   -59.27484     0.00000     0.00000     0.00000     0.00000     0.00000     0.00000     0.00000     0.00000
   -59.25084     0.00000     0.00000     0.00000     0.00000     0.00000     0.00000     0.00000     0.00000
   -59.22784     0.00000     0.00000     0.00000     0.00000     0.00000     0.00000     0.00000     0.00000
   -59.20484     0.00000     0.00000     0.00000     0.00000     0.00000     0.00000     0.00000     0.00000
   -59.18184     0.00000     0.00000     0.00000     0.00000     0.00000     0.00000     0.00000     0.00000
   -59.15884     0.00000     0.00000     0.00000     0.00000     0.00000     0.00000     0.00000     0.00000
   -59.13484     0.00000     0.00000     0.00000     0.00000     0.00000     0.00000     0.00000     0.00000
   -59.11184     0.00000     0.00000     0.00000     0.00000     0.00000     0.00000     0.00000     0.00000
   -59.08884     0.00000     0.00000     0.00000     0.00000     0.00000     0.00000     0.00000     0.00000
   -59.06584     0.00000     0.00000     0.00000     0.00000     0.00000     0.00000     0.00000     0.00000
   -59.04284     0.00000     0.00000     0.00000     0.00000     0.00000     0.00000     0.00000     0.00000
   -59.01884     0.00000     0.00000     0.00000     0.00000     0.00000     0.00000     0.00000     0.00000
   -58.99584     0.00000     0.00000     0.00000     0.00000     0.00000     0.00000     0.00000     0.00000
   -58.97284     0.00000     0.00000     0.00000     0.00000     0.00000     0.00000     0.00000     0.00000
   -58.94984     0.00000     0.00000     0.00000     0.00000     0.00000     0.00000     0.00000     0.00000
   -58.92684     0.00000     0.00000     0.00000     0.00000     0.00000     0.00000     0.00000     0.00000
   -58.90284     0.00000     0.00000     0.00000     0.00000     0.00000     0.00000     0.00000     0.00000
   -58.87984     0.00000     0.00000     0.00000     0.00000     0.00000     0.00000     0.00000     0.00000
   -58.85684     0.00000     0.00000     0.00000     0.00000     0.00000     0.00000     0.00000     0.00000
   -58.83384     0.00000     0.00000     0.00000     0.00000     0.00000     0.00000     0.00000     0.00000
   -58.81084     0.00000     0.00000     0.00000     0.00000     0.00000     0.00000     0.00000     0.00000
   -58.78684     0.00000     0.00000     0.00000     0.00000     0.00000     0.00000     0.00000     0.00000
   -58.76384     0.00000     0.00000     0.00000     0.00000     0.00000     0.00000     0.00000     0.00000
   -58.74084     0.00000     0.00000     0.00000     0.00000     0.00000     0.00000     0.00000     0.00000
   -58.71784     0.00000     0.00000     0.00000     0.00000     0.00000     0.00000     0.00000     0.00000
   -58.69484     0.00000     0.00000     0.00000     0.00000     0.00000     0.00000     0.00000     0.00000
   -58.67084     0.00000     0.00000     0.00000     0.00000     0.00000     0.00000     0.00000     0.00000
   -58.64784     0.00000     0.00000     0.00000     0.00000     0.00000     0.00000     0.00000     0.00000
   -58.62484     0.00000     0.00000     0.00000     0.00000     0.00000     0.00000     0.00000     0.00000
   -58.60184     0.00000     0.00000     0.00000     0.00000     0.00000     0.00000     0.00000     0.00000
   -58.57884     0.00000     0.00000     0.00000     0.00000     0.00000     0.00000     0.00000     0.00000
   -58.55484     0.00000     0.00000     0.00000     0.00000     0.00000     0.00000     0.00000     0.00000
   -58.53184     0.00000     0.00000     0.00000     0.00000     0.00000     0.00000     0.00000     0.00000
   -58.50884     0.00000     0.00000     0.00000     0.00000     0.00000     0.00000     0.00000     0.00000
   -58.48584     0.00000     0.00000     0.00000     0.00000     0.00000     0.00000     0.00000     0.00000
   -58.46284     0.00000     0.00000     0.00000     0.00000     0.00000     0.00000     0.00000     0.00000
   -58.43884     0.00000     0.00000     0.00000     0.00000     0.00000     0.00000     0.00000     0.00000
   -58.41584     0.00000     0.00000     0.00000     0.00000     0.00000     0.00000     0.00000     0.00000
   -58.39284     0.00000     0.00000     0.00000     0.00000     0.00000     0.00000     0.00000     0.00000
   -58.36984     0.00000     0.00000     0.00000     0.00000     0.00000     0.00000     0.00000     0.00000
   -58.34684     0.00000     0.00000     0.00000     0.00000     0.00000     0.00000     0.00000     0.00000
   -58.32284     0.00000     0.00000     0.00000     0.00000     0.00000     0.00000     0.00000     0.00000
   -58.29984     0.00000     0.00000     0.00000     0.00000     0.00000     0.00000     0.00000     0.00000
   -58.27684     0.00000     0.00000     0.00000     0.00000     0.00000     0.00000     0.00000     0.00000
   -58.25384     0.00000     0.00000     0.00000     0.00000     0.00000     0.00000     0.00000     0.00000
   -58.23084     0.00000     0.00000     0.00000     0.00000     0.00000     0.00000     0.00000     0.00000
   -58.20684     0.00000     0.00000     0.00000     0.00000     0.00000     0.00000     0.00000     0.00000
   -58.18384     0.00000     0.00000     0.00000     0.00000     0.00000     0.00000     0.00000     0.00000
   -58.16084     0.00000     0.00000     0.00000     0.00000     0.00000     0.00000     0.00000     0.00000
   -58.13784     0.00000     0.00000     0.00000     0.00000     0.00000     0.00000     0.00000     0.00000
   -58.11484     0.00000     0.00000     0.00000     0.00000     0.00000     0.00000     0.00000     0.00000
   -58.09084     0.00000     0.00000     0.00000     0.00000     0.00000     0.00000     0.00000     0.00000
   -58.06784     0.00000     0.00000     0.00000     0.00000     0.00000     0.00000     0.00000     0.00000
   -58.04484     0.00000     0.00000     0.00000     0.00000     0.00000     0.00000     0.00000     0.00000
   -58.02184     0.00000     0.00000     0.00000     0.00000     0.00000     0.00000     0.00000     0.00000
   -57.99884     0.00000     0.00000     0.00000     0.00000     0.00000     0.00000     0.00000     0.00000
   -57.97584     0.00000     0.00000     0.00000     0.00000     0.00000     0.00000     0.00000     0.00000
   -57.95184     0.00000     0.00000     0.00000     0.00000     0.00000     0.00000     0.00000     0.00000
   -57.92884     0.00000     0.00000     0.00000     0.00000     0.00000     0.00000     0.00000     0.00000
   -57.90584     0.00000     0.00000     0.00000     0.00000     0.00000     0.00000     0.00000     0.00000
   -57.88284     0.00000     0.00000     0.00000     0.00000     0.00000     0.00000     0.00000     0.00000
   -57.85984     0.00000     0.00000     0.00000     0.00000     0.00000     0.00000     0.00000     0.00000
   -57.83584     0.00000     0.00000     0.00000     0.00000     0.00000     0.00000     0.00000     0.00000
   -57.81284     0.00000     0.00000     0.00000     0.00000     0.00000     0.00000     0.00000     0.00000
   -57.78984     0.00000     0.00000     0.00000     0.00000     0.00000     0.00000     0.00000     0.00000
   -57.76684     0.00000     0.00000     0.00000     0.00000     0.00000     0.00000     0.00000     0.00000
   -57.74384     0.00000     0.00000     0.00000     0.00000     0.00000     0.00000     0.00000     0.00000
   -57.71984     0.00000     0.00000     0.00000     0.00000     0.00000     0.00000     0.00000     0.00000
   -57.69684     0.00000     0.00000     0.00000     0.00000     0.00000     0.00000     0.00000     0.00000
   -57.67384     0.00000     0.00000     0.00000     0.00000     0.00000     0.00000     0.00000     0.00000
   -57.65084     0.00000     0.00000     0.00000     0.00000     0.00000     0.00000     0.00000     0.00000
   -57.62784     0.00000     0.00000     0.00000     0.00000     0.00000     0.00000     0.00000     0.00000
   -57.60384     0.00000     0.00000     0.00000     0.00000     0.00000     0.00000     0.00000     0.00000
   -57.58084     0.00000     0.00000     0.00000     0.00000     0.00000     0.00000     0.00000     0.00000
   -57.55784     0.00000     0.00000     0.00000     0.00000     0.00000     0.00000     0.00000     0.00000
   -57.53484     0.00000     0.00000     0.00000     0.00000     0.00000     0.00000     0.00000     0.00000
   -57.51184     0.00000     0.00000     0.00000     0.00000     0.00000     0.00000     0.00000     0.00000
   -57.48784     0.00000     0.00000     0.00000     0.00000     0.00000     0.00000     0.00000     0.00000
   -57.46484     0.00000     0.00000     0.00000     0.00000     0.00000     0.00000     0.00000     0.00000
   -57.44184     0.00000     0.00000     0.00000     0.00000     0.00000     0.00000     0.00000     0.00000
   -57.41884     0.00000     0.00000     0.00000     0.00000     0.00000     0.00000     0.00000     0.00000
   -57.39584     0.00000     0.00000     0.00000     0.00000     0.00000     0.00000     0.00000     0.00000
   -57.37184     0.00000     0.00000     0.00000     0.00000     0.00000     0.00000     0.00000     0.00000
   -57.34884     0.00000     0.00000     0.00000     0.00000     0.00000     0.00000     0.00000     0.00000
   -57.32584     0.00000     0.00000     0.00000     0.00000     0.00000     0.00000     0.00000     0.00000
   -57.30284     0.00000     0.00000     0.00000     0.00000     0.00000     0.00000     0.00000     0.00000
   -57.27984     0.00000     0.00000     0.00000     0.00000     0.00000     0.00000     0.00000     0.00000
   -57.25584     0.00000     0.00000     0.00000     0.00000     0.00000     0.00000     0.00000     0.00000
   -57.23284     0.00000     0.00000     0.00000     0.00000     0.00000     0.00000     0.00000     0.00000
   -57.20984     0.00000     0.00000     0.00000     0.00000     0.00000     0.00000     0.00000     0.00000
   -57.18684     0.00000     0.00000     0.00000     0.00000     0.00000     0.00000     0.00000     0.00000
   -57.16384     0.00000     0.00000     0.00000     0.00000     0.00000     0.00000     0.00000     0.00000
   -57.13984     0.00000     0.00000     0.00000     0.00000     0.00000     0.00000     0.00000     0.00000
   -57.11684     0.00000     0.00000     0.00000     0.00000     0.00000     0.00000     0.00000     0.00000
   -57.09384     0.00000     0.00000     0.00000     0.00000     0.00000     0.00000     0.00000     0.00000
   -57.07084     0.00000     0.00000     0.00000     0.00000     0.00000     0.00000     0.00000     0.00000
   -57.04784     0.00000     0.00000     0.00000     0.00000     0.00000     0.00000     0.00000     0.00000
   -57.02384     0.00000     0.00000     0.00000     0.00000     0.00000     0.00000     0.00000     0.00000
   -57.00084     0.00000     0.00000     0.00000     0.00000     0.00000     0.00000     0.00000     0.00000
   -56.97784     0.00000     0.00000     0.00000     0.00000     0.00000     0.00000     0.00000     0.00000
   -56.95484     0.00000     0.00000     0.00000     0.00000     0.00000     0.00000     0.00000     0.00000
   -56.93184     0.00000     0.00000     0.00000     0.00000     0.00000     0.00000     0.00000     0.00000
   -56.90784     0.00000     0.00000     0.00000     0.00000     0.00000     0.00000     0.00000     0.00000
   -56.88484     0.00000     0.00000     0.00000     0.00000     0.00000     0.00000     0.00000     0.00000
   -56.86184     0.00000     0.00000     0.00000     0.00000     0.00000     0.00000     0.00000     0.00000
   -56.83884     0.00000     0.00000     0.00000     0.00000     0.00000     0.00000     0.00000     0.00000
   -56.81584     0.00000     0.00000     0.00000     0.00000     0.00000     0.00000     0.00000     0.00000
   -56.79184     0.00000     0.00000     0.00000     0.00000     0.00000     0.00000     0.00000     0.00000
   -56.76884     0.00000     0.00000     0.00000     0.00000     0.00000     0.00000     0.00000     0.00000
   -56.74584     0.00000     0.00000     0.00000     0.00000     0.00000     0.00000     0.00000     0.00000
   -56.72284     0.00000     0.00000     0.00000     0.00000     0.00000     0.00000     0.00000     0.00000
   -56.69984     0.00000     0.00000     0.00000     0.00000     0.00000     0.00000     0.00000     0.00000
   -56.67584     0.00000     0.00000     0.00000     0.00000     0.00000     0.00000     0.00000     0.00000
   -56.65284     0.00000     0.00000     0.00000     0.00000     0.00000     0.00000     0.00000     0.00000
   -56.62984     0.00000     0.00000     0.00000     0.00000     0.00000     0.00000     0.00000     0.00000
   -56.60684     0.00000     0.00000     0.00000     0.00000     0.00000     0.00000     0.00000     0.00000
   -56.58384     0.00000     0.00000     0.00000     0.00000     0.00000     0.00000     0.00000     0.00000
   -56.55984     0.00000     0.00000     0.00000     0.00000     0.00000     0.00000     0.00000     0.00000
   -56.53684     0.00000     0.00000     0.00000     0.00000     0.00000     0.00000     0.00000     0.00000
   -56.51384     0.00000     0.00000     0.00000     0.00000     0.00000     0.00000     0.00000     0.00000
   -56.49084     0.00000     0.00000     0.00000     0.00000     0.00000     0.00000     0.00000     0.00000
   -56.46784     0.00000     0.00000     0.00000     0.00000     0.00000     0.00000     0.00000     0.00000
   -56.44384     0.00000     0.00000     0.00000     0.00000     0.00000     0.00000     0.00000     0.00000
   -56.42084     0.00000     0.00000     0.00000     0.00000     0.00000     0.00000     0.00000     0.00000
   -56.39784     0.00000     0.00000     0.00000     0.00000     0.00000     0.00000     0.00000     0.00000
   -56.37484     0.00000     0.00000     0.00000     0.00000     0.00000     0.00000     0.00000     0.00000
   -56.35184     0.00000     0.00000     0.00000     0.00000     0.00000     0.00000     0.00000     0.00000
   -56.32784     0.00000     0.00000     0.00000     0.00000     0.00000     0.00000     0.00000     0.00000
   -56.30484     0.00000     0.00000     0.00000     0.00000     0.00000     0.00000     0.00000     0.00000
   -56.28184     0.00000     0.00000     0.00000     0.00000     0.00000     0.00000     0.00000     0.00000
   -56.25884     0.00000     0.00000     0.00000     0.00000     0.00000     0.00000     0.00000     0.00000
   -56.23584     0.00000     0.00000     0.00000     0.00000     0.00000     0.00000     0.00000     0.00000
   -56.21184     0.00000     0.00000     0.00000     0.00000     0.00000     0.00000     0.00000     0.00000
   -56.18884     0.00000     0.00000     0.00000     0.00000     0.00000     0.00000     0.00000     0.00000
   -56.16584     0.00000     0.00000     0.00000     0.00000     0.00000     0.00000     0.00000     0.00000
   -56.14284     0.00000     0.00000     0.00000     0.00000     0.00000     0.00000     0.00000     0.00000
   -56.11984     0.00000     0.00000     0.00000     0.00000     0.00000     0.00000     0.00000     0.00000
   -56.09584     0.00000     0.00000     0.00000     0.00000     0.00000     0.00000     0.00000     0.00000
   -56.07284     0.00000     0.00000     0.00000     0.00000     0.00000     0.00000     0.00000     0.00000
   -56.04984     0.00000     0.00000     0.00000     0.00000     0.00000     0.00000     0.00000     0.00000
   -56.02684     0.00000     0.00000     0.00000     0.00000     0.00000     0.00000     0.00000     0.00000
   -56.00384     0.00000     0.00000     0.00000     0.00000     0.00000     0.00000     0.00000     0.00000
   -55.97984     0.00000     0.00000     0.00000     0.00000     0.00000     0.00000     0.00000     0.00000
   -55.95684     0.00000     0.00000     0.00000     0.00000     0.00000     0.00000     0.00000     0.00000
   -55.93384     0.00000     0.00000     0.00000     0.00000     0.00000     0.00000     0.00000     0.00000
   -55.91084     0.00000     0.00000     0.00000     0.00000     0.00000     0.00000     0.00000     0.00000
   -55.88784     0.00000     0.00000     0.00000     0.00000     0.00000     0.00001     0.00000     0.00000
   -55.86384     0.00000     0.00000     0.00000     0.00000     0.00000     0.00002     0.00000     0.00000
   -55.84084     0.00000     0.00000     0.00000     0.00000     0.00000     0.00004     0.00000     0.00000
   -55.81784     0.00000     0.00000     0.00000     0.00000     0.00000     0.00009     0.00000     0.00000
   -55.79484     0.00000     0.00000     0.00000     0.00000     0.00000     0.00020     0.00000     0.00000
   -55.77184     0.00000     0.00000     0.00000     0.00000     0.00000     0.00043     0.00000     0.00000
   -55.74784     0.00000     0.00000     0.00000     0.00000     0.00000     0.00088     0.00000     0.00000
   -55.72484     0.00000     0.00000     0.00000     0.00000     0.00000     0.00176     0.00000     0.00000
   -55.70184     0.00000     0.00000     0.00000     0.00000     0.00000     0.00344     0.00000     0.00000
   -55.67884     0.00000     0.00000     0.00000     0.00000     0.00000     0.00656     0.00000     0.00000
   -55.65584     0.00000     0.00000     0.00000     0.00000     0.00000     0.01215     0.00000     0.00000
   -55.63184     0.00000     0.00000     0.00000     0.00000     0.00000     0.02193     0.00000     0.00000
   -55.60884     0.00001     0.00000     0.00000     0.00001     0.00000     0.03853     0.00000     0.00000
   -55.58584     0.00001     0.00000     0.00000     0.00001     0.00001     0.06591     0.00000     0.00000
   -55.56284     0.00002     0.00001     0.00001     0.00002     0.00001     0.10978     0.00000     0.00000
   -55.53984     0.00003     0.00001     0.00001     0.00003     0.00002     0.17802     0.00000     0.00000
   -55.51584     0.00004     0.00002     0.00002     0.00004     0.00003     0.28110     0.00000     0.00000
   -55.49284     0.00007     0.00003     0.00003     0.00006     0.00005     0.43210     0.00000     0.00000
   -55.46984     0.00010     0.00004     0.00005     0.00009     0.00008     0.64680     0.00001     0.00000
   -55.44684     0.00014     0.00006     0.00007     0.00013     0.00012     0.94270     0.00001     0.00000
   -55.42384     0.00020     0.00008     0.00010     0.00018     0.00016     1.33760     0.00001     0.00001
   -55.39984     0.00028     0.00011     0.00014     0.00025     0.00023     1.84790     0.00002     0.00001
   -55.37684     0.00037     0.00015     0.00019     0.00033     0.00031     2.48600     0.00002     0.00001
   -55.35384     0.00048     0.00020     0.00024     0.00043     0.00040     3.25600     0.00003     0.00001
   -55.33084     0.00061     0.00025     0.00031     0.00054     0.00052     4.15200     0.00004     0.00002
   -55.30784     0.00076     0.00031     0.00039     0.00067     0.00064     5.15500     0.00005     0.00002
   -55.28384     0.00091     0.00037     0.00047     0.00080     0.00078     6.23100     0.00006     0.00003
   -55.26084     0.00107     0.00044     0.00055     0.00093     0.00092     7.33300     0.00007     0.00003
   -55.23784     0.00122     0.00050     0.00063     0.00105     0.00105     8.40500     0.00008     0.00004
   -55.21484     0.00135     0.00056     0.00071     0.00116     0.00118     9.37700     0.00009     0.00004
   -55.19184     0.00146     0.00061     0.00077     0.00124     0.00128    10.18800     0.00010     0.00004
   -55.16784     0.00154     0.00064     0.00082     0.00130     0.00136    10.77500     0.00010     0.00005
   -55.14484     0.00157     0.00066     0.00084     0.00132     0.00140    11.09700     0.00011     0.00005
   -55.12184     0.00157     0.00066     0.00085     0.00131     0.00140    11.12800     0.00011     0.00005
   -55.09884     0.00152     0.00064     0.00083     0.00127     0.00137    10.86300     0.00010     0.00005
   -55.07584     0.00144     0.00061     0.00079     0.00119     0.00131    10.32600     0.00010     0.00004
   -55.05184     0.00133     0.00056     0.00073     0.00109     0.00121     9.55800     0.00009     0.00004
   -55.02884     0.00119     0.00051     0.00066     0.00097     0.00110     8.61300     0.00008     0.00004
   -55.00584     0.00104     0.00044     0.00058     0.00084     0.00096     7.55700     0.00007     0.00003
   -54.98284     0.00088     0.00038     0.00049     0.00071     0.00082     6.45500     0.00006     0.00003
   -54.95984     0.00073     0.00031     0.00041     0.00058     0.00069     5.36900     0.00005     0.00002
   -54.93584     0.00059     0.00025     0.00033     0.00046     0.00056     4.34800     0.00004     0.00002
   -54.91284     0.00046     0.00020     0.00026     0.00036     0.00044     3.42800     0.00003     0.00001
   -54.88984     0.00035     0.00015     0.00020     0.00027     0.00034     2.63200     0.00002     0.00001
   -54.86684     0.00026     0.00011     0.00015     0.00020     0.00025     1.96720     0.00002     0.00001
   -54.84384     0.00019     0.00008     0.00011     0.00014     0.00018     1.43170     0.00001     0.00001
   -54.82084     0.00013     0.00006     0.00008     0.00010     0.00013     1.01450     0.00001     0.00000
   -54.79684     0.00009     0.00004     0.00005     0.00007     0.00009     0.69990     0.00001     0.00000
   -54.77384     0.00006     0.00003     0.00004     0.00005     0.00006     0.47010     0.00000     0.00000
   -54.75084     0.00004     0.00002     0.00002     0.00003     0.00004     0.30750     0.00000     0.00000
   -54.72784     0.00003     0.00001     0.00002     0.00002     0.00003     0.19579     0.00000     0.00000
   -54.70484     0.00002     0.00001     0.00001     0.00001     0.00002     0.12139     0.00000     0.00000
   -54.68084     0.00001     0.00000     0.00001     0.00001     0.00001     0.07328     0.00000     0.00000
   -54.65784     0.00001     0.00000     0.00000     0.00000     0.00001     0.04306     0.00000     0.00000
   -54.63484     0.00000     0.00000     0.00000     0.00000     0.00000     0.02464     0.00000     0.00000
   -54.61184     0.00000     0.00000     0.00000     0.00000     0.00000     0.01373     0.00000     0.00000
   -54.58884     0.00000     0.00000     0.00000     0.00000     0.00000     0.00745     0.00000     0.00000
   -54.56484     0.00000     0.00000     0.00000     0.00000     0.00000     0.00393     0.00000     0.00000
   -54.54184     0.00000     0.00000     0.00000     0.00000     0.00000     0.00202     0.00000     0.00000
   -54.51884     0.00000     0.00000     0.00000     0.00000     0.00000     0.00101     0.00000     0.00000
   -54.49584     0.00000     0.00000     0.00000     0.00000     0.00000     0.00049     0.00000     0.00000
   -54.47284     0.00000     0.00000     0.00000     0.00000     0.00000     0.00023     0.00000     0.00000
   -54.44884     0.00000     0.00000     0.00000     0.00000     0.00000     0.00011     0.00000     0.00000
   -54.42584     0.00000     0.00000     0.00000     0.00000     0.00000     0.00005     0.00000     0.00000
   -54.40284     0.00000     0.00000     0.00000     0.00000     0.00000     0.00002     0.00000     0.00000
   -54.37984     0.00000     0.00000     0.00000     0.00000     0.00000     0.00001     0.00000     0.00000
   -54.35684     0.00000     0.00000     0.00000     0.00000     0.00000     0.00000     0.00000     0.00000
   -54.33284     0.00000     0.00000     0.00000     0.00000     0.00000     0.00000     0.00000     0.00000
   -54.30984     0.00000     0.00000     0.00000     0.00000     0.00000     0.00000     0.00000     0.00000
   -54.28684     0.00000     0.00000     0.00000     0.00000     0.00000     0.00000     0.00000     0.00000
   -54.26384     0.00000     0.00000     0.00000     0.00000     0.00000     0.00000     0.00000     0.00000
   -54.24084     0.00000     0.00000     0.00000     0.00000     0.00000     0.00000     0.00000     0.00000
   -54.21684     0.00000     0.00000     0.00000     0.00000     0.00000     0.00000     0.00000     0.00000
   -54.19384     0.00000     0.00000     0.00000     0.00000     0.00000     0.00000     0.00000     0.00000
   -54.17084     0.00000     0.00000     0.00000     0.00000     0.00000     0.00000     0.00000     0.00000
   -54.14784     0.00000     0.00000     0.00000     0.00000     0.00000     0.00000     0.00000     0.00000
   -54.12484     0.00000     0.00000     0.00000     0.00000     0.00000     0.00000     0.00000     0.00000
   -54.10084     0.00000     0.00000     0.00000     0.00000     0.00000     0.00000     0.00000     0.00000
   -54.07784     0.00000     0.00000     0.00000     0.00000     0.00000     0.00000     0.00000     0.00000
   -54.05484     0.00000     0.00000     0.00000     0.00000     0.00000     0.00000     0.00000     0.00000
   -54.03184     0.00000     0.00000     0.00000     0.00000     0.00000     0.00000     0.00000     0.00000
   -54.00884     0.00000     0.00000     0.00000     0.00000     0.00000     0.00000     0.00000     0.00000
   -53.98484     0.00000     0.00000     0.00000     0.00000     0.00000     0.00000     0.00000     0.00000
   -53.96184     0.00000     0.00000     0.00000     0.00000     0.00000     0.00000     0.00000     0.00000
   -53.93884     0.00000     0.00000     0.00000     0.00000     0.00000     0.00000     0.00000     0.00000
   -53.91584     0.00000     0.00000     0.00000     0.00000     0.00000     0.00000     0.00000     0.00000
   -53.89284     0.00000     0.00000     0.00000     0.00000     0.00000     0.00000     0.00000     0.00000
   -53.86884     0.00000     0.00000     0.00000     0.00000     0.00000     0.00000     0.00000     0.00000
   -53.84584     0.00000     0.00000     0.00000     0.00000     0.00000     0.00000     0.00000     0.00000
   -53.82284     0.00000     0.00000     0.00000     0.00000     0.00000     0.00000     0.00000     0.00000
   -53.79984     0.00000     0.00000     0.00000     0.00000     0.00000     0.00000     0.00000     0.00000
   -53.77684     0.00000     0.00000     0.00000     0.00000     0.00000     0.00000     0.00000     0.00000
   -53.75284     0.00000     0.00000     0.00000     0.00000     0.00000     0.00000     0.00000     0.00000
   -53.72984     0.00000     0.00000     0.00000     0.00000     0.00000     0.00000     0.00000     0.00000
   -53.70684     0.00000     0.00000     0.00000     0.00000     0.00000     0.00000     0.00000     0.00000
   -53.68384     0.00000     0.00000     0.00000     0.00000     0.00000     0.00000     0.00000     0.00000
   -53.66084     0.00000     0.00000     0.00000     0.00000     0.00000     0.00000     0.00000     0.00000
   -53.63684     0.00000     0.00000     0.00000     0.00000     0.00000     0.00000     0.00000     0.00000
   -53.61384     0.00000     0.00000     0.00000     0.00000     0.00000     0.00000     0.00000     0.00000
   -53.59084     0.00000     0.00000     0.00000     0.00000     0.00000     0.00000     0.00000     0.00000
   -53.56784     0.00000     0.00000     0.00000     0.00000     0.00000     0.00000     0.00000     0.00000
   -53.54484     0.00000     0.00000     0.00000     0.00000     0.00000     0.00000     0.00000     0.00000
   -53.52084     0.00000     0.00000     0.00000     0.00000     0.00000     0.00000     0.00000     0.00000
   -53.49784     0.00000     0.00000     0.00000     0.00000     0.00000     0.00000     0.00000     0.00000
   -53.47484     0.00000     0.00000     0.00000     0.00000     0.00000     0.00000     0.00000     0.00000
   -53.45184     0.00000     0.00000     0.00000     0.00000     0.00000     0.00000     0.00000     0.00000
   -53.42884     0.00000     0.00000     0.00000     0.00000     0.00000     0.00000     0.00000     0.00000
   -53.40484     0.00000     0.00000     0.00000     0.00000     0.00000     0.00000     0.00000     0.00000
   -53.38184     0.00000     0.00000     0.00000     0.00000     0.00000     0.00000     0.00000     0.00000
   -53.35884     0.00000     0.00000     0.00000     0.00000     0.00000     0.00000     0.00000     0.00000
   -53.33584     0.00000     0.00000     0.00000     0.00000     0.00000     0.00000     0.00000     0.00000
   -53.31284     0.00000     0.00000     0.00000     0.00000     0.00000     0.00000     0.00000     0.00000
   -53.28884     0.00000     0.00000     0.00000     0.00000     0.00000     0.00000     0.00000     0.00000
   -53.26584     0.00000     0.00000     0.00000     0.00000     0.00000     0.00000     0.00000     0.00000
   -53.24284     0.00000     0.00000     0.00000     0.00000     0.00000     0.00000     0.00000     0.00000
   -53.21984     0.00000     0.00000     0.00000     0.00000     0.00000     0.00000     0.00000     0.00000
   -53.19684     0.00000     0.00000     0.00000     0.00000     0.00000     0.00000     0.00000     0.00000
   -53.17284     0.00000     0.00000     0.00000     0.00000     0.00000     0.00000     0.00000     0.00000
   -53.14984     0.00000     0.00000     0.00000     0.00000     0.00000     0.00000     0.00000     0.00000
   -53.12684     0.00000     0.00000     0.00000     0.00000     0.00000     0.00000     0.00000     0.00000
   -53.10384     0.00000     0.00000     0.00000     0.00000     0.00000     0.00000     0.00000     0.00000
   -53.08084     0.00000     0.00000     0.00000     0.00000     0.00000     0.00000     0.00000     0.00000
   -53.05684     0.00000     0.00000     0.00000     0.00000     0.00000     0.00000     0.00000     0.00000
   -53.03384     0.00000     0.00000     0.00000     0.00000     0.00000     0.00000     0.00000     0.00000
   -53.01084     0.00000     0.00000     0.00000     0.00000     0.00000     0.00000     0.00000     0.00000
   -52.98784     0.00000     0.00000     0.00000     0.00000     0.00000     0.00000     0.00000     0.00000
   -52.96484     0.00000     0.00000     0.00000     0.00000     0.00000     0.00000     0.00000     0.00000
   -52.94084     0.00000     0.00000     0.00000     0.00000     0.00000     0.00000     0.00000     0.00000
   -52.91784     0.00000     0.00000     0.00000     0.00000     0.00000     0.00000     0.00000     0.00000
   -52.89484     0.00000     0.00000     0.00000     0.00000     0.00000     0.00000     0.00000     0.00000
   -52.87184     0.00000     0.00000     0.00000     0.00000     0.00000     0.00000     0.00000     0.00000
   -52.84884     0.00000     0.00000     0.00000     0.00000     0.00000     0.00000     0.00000     0.00000
   -52.82484     0.00000     0.00000     0.00000     0.00000     0.00000     0.00000     0.00000     0.00000
   -52.80184     0.00000     0.00000     0.00000     0.00000     0.00000     0.00000     0.00000     0.00000
   -52.77884     0.00000     0.00000     0.00000     0.00000     0.00000     0.00000     0.00000     0.00000
   -52.75584     0.00000     0.00000     0.00000     0.00000     0.00000     0.00000     0.00000     0.00000
   -52.73284     0.00000     0.00000     0.00000     0.00000     0.00000     0.00000     0.00000     0.00000
   -52.70884     0.00000     0.00000     0.00000     0.00000     0.00000     0.00000     0.00000     0.00000
   -52.68584     0.00000     0.00000     0.00000     0.00000     0.00000     0.00000     0.00000     0.00000
   -52.66284     0.00000     0.00000     0.00000     0.00000     0.00000     0.00000     0.00000     0.00000
   -52.63984     0.00000     0.00000     0.00000     0.00000     0.00000     0.00000     0.00000     0.00000
   -52.61684     0.00000     0.00000     0.00000     0.00000     0.00000     0.00000     0.00000     0.00000
   -52.59284     0.00000     0.00000     0.00000     0.00000     0.00000     0.00000     0.00000     0.00000
   -52.56984     0.00000     0.00000     0.00000     0.00000     0.00000     0.00000     0.00000     0.00000
   -52.54684     0.00000     0.00000     0.00000     0.00000     0.00000     0.00000     0.00000     0.00000
   -52.52384     0.00000     0.00000     0.00000     0.00000     0.00000     0.00000     0.00000     0.00000
   -52.50084     0.00000     0.00000     0.00000     0.00000     0.00000     0.00000     0.00000     0.00000
   -52.47684     0.00000     0.00000     0.00000     0.00000     0.00000     0.00000     0.00000     0.00000
   -52.45384     0.00000     0.00000     0.00000     0.00000     0.00000     0.00000     0.00000     0.00000
   -52.43084     0.00000     0.00000     0.00000     0.00000     0.00000     0.00000     0.00000     0.00000
   -52.40784     0.00000     0.00000     0.00000     0.00000     0.00000     0.00000     0.00000     0.00000
   -52.38484     0.00000     0.00000     0.00000     0.00000     0.00000     0.00000     0.00000     0.00000
   -52.36084     0.00000     0.00000     0.00000     0.00000     0.00000     0.00000     0.00000     0.00000
   -52.33784     0.00000     0.00000     0.00000     0.00000     0.00000     0.00000     0.00000     0.00000
   -52.31484     0.00000     0.00000     0.00000     0.00000     0.00000     0.00000     0.00000     0.00000
   -52.29184     0.00000     0.00000     0.00000     0.00000     0.00000     0.00000     0.00000     0.00000
   -52.26884     0.00000     0.00000     0.00000     0.00000     0.00000     0.00000     0.00000     0.00000
   -52.24484     0.00000     0.00000     0.00000     0.00000     0.00000     0.00000     0.00000     0.00000
   -52.22184     0.00000     0.00000     0.00000     0.00000     0.00000     0.00000     0.00000     0.00000
   -52.19884     0.00000     0.00000     0.00000     0.00000     0.00000     0.00000     0.00000     0.00000
   -52.17584     0.00000     0.00000     0.00000     0.00000     0.00000     0.00000     0.00000     0.00000
   -52.15284     0.00000     0.00000     0.00000     0.00000     0.00000     0.00000     0.00000     0.00000
   -52.12884     0.00000     0.00000     0.00000     0.00000     0.00000     0.00000     0.00000     0.00000
   -52.10584     0.00000     0.00000     0.00000     0.00000     0.00000     0.00000     0.00000     0.00000
   -52.08284     0.00000     0.00000     0.00000     0.00000     0.00000     0.00000     0.00000     0.00000
   -52.05984     0.00000     0.00000     0.00000     0.00000     0.00000     0.00000     0.00000     0.00000
   -52.03684     0.00000     0.00000     0.00000     0.00000     0.00000     0.00000     0.00000     0.00000
   -52.01284     0.00000     0.00000     0.00000     0.00000     0.00000     0.00000     0.00000     0.00000
   -51.98984     0.00000     0.00000     0.00000     0.00000     0.00000     0.00000     0.00000     0.00000
   -51.96684     0.00000     0.00000     0.00000     0.00000     0.00000     0.00000     0.00000     0.00000
   -51.94384     0.00000     0.00000     0.00000     0.00000     0.00000     0.00000     0.00000     0.00000
   -51.92084     0.00000     0.00000     0.00000     0.00000     0.00000     0.00000     0.00000     0.00000
   -51.89684     0.00000     0.00000     0.00000     0.00000     0.00000     0.00000     0.00000     0.00000
   -51.87384     0.00000     0.00000     0.00000     0.00000     0.00000     0.00000     0.00000     0.00000
   -51.85084     0.00000     0.00000     0.00000     0.00000     0.00000     0.00000     0.00000     0.00000
   -51.82784     0.00000     0.00000     0.00000     0.00000     0.00000     0.00000     0.00000     0.00000
   -51.80484     0.00000     0.00000     0.00000     0.00000     0.00000     0.00000     0.00000     0.00000
   -51.78084     0.00000     0.00000     0.00000     0.00000     0.00000     0.00000     0.00000     0.00000
   -51.75784     0.00000     0.00000     0.00000     0.00000     0.00000     0.00000     0.00000     0.00000
   -51.73484     0.00000     0.00000     0.00000     0.00000     0.00000     0.00000     0.00000     0.00000
   -51.71184     0.00000     0.00000     0.00000     0.00000     0.00000     0.00000     0.00000     0.00000
   -51.68884     0.00000     0.00000     0.00000     0.00000     0.00000     0.00000     0.00000     0.00000
   -51.66484     0.00000     0.00000     0.00000     0.00000     0.00000     0.00000     0.00000     0.00000
   -51.64184     0.00000     0.00000     0.00000     0.00000     0.00000     0.00000     0.00000     0.00000
   -51.61884     0.00000     0.00000     0.00000     0.00000     0.00000     0.00000     0.00000     0.00000
   -51.59584     0.00000     0.00000     0.00000     0.00000     0.00000     0.00000     0.00000     0.00000
   -51.57284     0.00000     0.00000     0.00000     0.00000     0.00000     0.00000     0.00000     0.00000
   -51.54984     0.00000     0.00000     0.00000     0.00000     0.00000     0.00000     0.00000     0.00000
   -51.52584     0.00000     0.00000     0.00000     0.00000     0.00000     0.00000     0.00000     0.00000
   -51.50284     0.00000     0.00000     0.00000     0.00000     0.00000     0.00000     0.00000     0.00000
   -51.47984     0.00000     0.00000     0.00000     0.00000     0.00000     0.00000     0.00000     0.00000
   -51.45684     0.00000     0.00000     0.00000     0.00000     0.00000     0.00000     0.00000     0.00000
   -51.43384     0.00000     0.00000     0.00000     0.00000     0.00000     0.00000     0.00000     0.00000
   -51.40984     0.00000     0.00000     0.00000     0.00000     0.00000     0.00000     0.00000     0.00000
   -51.38684     0.00000     0.00000     0.00000     0.00000     0.00000     0.00000     0.00000     0.00000
   -51.36384     0.00000     0.00000     0.00000     0.00000     0.00000     0.00000     0.00000     0.00000
   -51.34084     0.00000     0.00000     0.00000     0.00000     0.00000     0.00000     0.00000     0.00000
   -51.31784     0.00000     0.00000     0.00000     0.00000     0.00000     0.00000     0.00000     0.00000
   -51.29384     0.00000     0.00000     0.00000     0.00000     0.00000     0.00000     0.00000     0.00000
   -51.27084     0.00000     0.00000     0.00000     0.00000     0.00000     0.00000     0.00000     0.00000
   -51.24784     0.00000     0.00000     0.00000     0.00000     0.00000     0.00000     0.00000     0.00000
   -51.22484     0.00000     0.00000     0.00000     0.00000     0.00000     0.00000     0.00000     0.00000
   -51.20184     0.00000     0.00000     0.00000     0.00000     0.00000     0.00000     0.00000     0.00000
   -51.17784     0.00000     0.00000     0.00000     0.00000     0.00000     0.00000     0.00000     0.00000
   -51.15484     0.00000     0.00000     0.00000     0.00000     0.00000     0.00000     0.00000     0.00000
   -51.13184     0.00000     0.00000     0.00000     0.00000     0.00000     0.00000     0.00000     0.00000
   -51.10884     0.00000     0.00000     0.00000     0.00000     0.00000     0.00000     0.00000     0.00000
   -51.08584     0.00000     0.00000     0.00000     0.00000     0.00000     0.00000     0.00000     0.00000
   -51.06184     0.00000     0.00000     0.00000     0.00000     0.00000     0.00000     0.00000     0.00000
   -51.03884     0.00000     0.00000     0.00000     0.00000     0.00000     0.00000     0.00000     0.00000
   -51.01584     0.00000     0.00000     0.00000     0.00000     0.00000     0.00000     0.00000     0.00000
   -50.99284     0.00000     0.00000     0.00000     0.00000     0.00000     0.00000     0.00000     0.00000
   -50.96984     0.00000     0.00000     0.00000     0.00000     0.00000     0.00000     0.00000     0.00000
   -50.94584     0.00000     0.00000     0.00000     0.00000     0.00000     0.00000     0.00000     0.00000
   -50.92284     0.00000     0.00000     0.00000     0.00000     0.00000     0.00000     0.00000     0.00000
   -50.89984     0.00000     0.00000     0.00000     0.00000     0.00000     0.00000     0.00000     0.00000
   -50.87684     0.00000     0.00000     0.00000     0.00000     0.00000     0.00000     0.00000     0.00000
   -50.85384     0.00000     0.00000     0.00000     0.00000     0.00000     0.00000     0.00000     0.00000
   -50.82984     0.00000     0.00000     0.00000     0.00000     0.00000     0.00000     0.00000     0.00000
   -50.80684     0.00000     0.00000     0.00000     0.00000     0.00000     0.00000     0.00000     0.00000
   -50.78384     0.00000     0.00000     0.00000     0.00000     0.00000     0.00000     0.00000     0.00000
   -50.76084     0.00000     0.00000     0.00000     0.00000     0.00000     0.00000     0.00000     0.00000
   -50.73784     0.00000     0.00000     0.00000     0.00000     0.00000     0.00000     0.00000     0.00000
   -50.71384     0.00000     0.00000     0.00000     0.00000     0.00000     0.00000     0.00000     0.00000
   -50.69084     0.00000     0.00000     0.00000     0.00000     0.00000     0.00000     0.00000     0.00000
   -50.66784     0.00000     0.00000     0.00000     0.00000     0.00000     0.00000     0.00000     0.00000
   -50.64484     0.00000     0.00000     0.00000     0.00000     0.00000     0.00000     0.00000     0.00000
   -50.62184     0.00000     0.00000     0.00000     0.00000     0.00000     0.00000     0.00000     0.00000
   -50.59784     0.00000     0.00000     0.00000     0.00000     0.00000     0.00000     0.00000     0.00000
   -50.57484     0.00000     0.00000     0.00000     0.00000     0.00000     0.00000     0.00000     0.00000
   -50.55184     0.00000     0.00000     0.00000     0.00000     0.00000     0.00000     0.00000     0.00000
   -50.52884     0.00000     0.00000     0.00000     0.00000     0.00000     0.00000     0.00000     0.00000
   -50.50584     0.00000     0.00000     0.00000     0.00000     0.00000     0.00000     0.00000     0.00000
   -50.48184     0.00000     0.00000     0.00000     0.00000     0.00000     0.00000     0.00000     0.00000
   -50.45884     0.00000     0.00000     0.00000     0.00000     0.00000     0.00000     0.00000     0.00000
   -50.43584     0.00000     0.00000     0.00000     0.00000     0.00000     0.00000     0.00000     0.00000
   -50.41284     0.00000     0.00000     0.00000     0.00000     0.00000     0.00000     0.00000     0.00000
   -50.38984     0.00000     0.00000     0.00000     0.00000     0.00000     0.00000     0.00000     0.00000
   -50.36584     0.00000     0.00000     0.00000     0.00000     0.00000     0.00000     0.00000     0.00000
   -50.34284     0.00000     0.00000     0.00000     0.00000     0.00000     0.00000     0.00000     0.00000
   -50.31984     0.00000     0.00000     0.00000     0.00000     0.00000     0.00000     0.00000     0.00000
   -50.29684     0.00000     0.00000     0.00000     0.00000     0.00000     0.00000     0.00000     0.00000
   -50.27384     0.00000     0.00000     0.00000     0.00000     0.00000     0.00000     0.00000     0.00000
   -50.24984     0.00000     0.00000     0.00000     0.00000     0.00000     0.00000     0.00000     0.00000
   -50.22684     0.00000     0.00000     0.00000     0.00000     0.00000     0.00000     0.00000     0.00000
   -50.20384     0.00000     0.00000     0.00000     0.00000     0.00000     0.00000     0.00000     0.00000
   -50.18084     0.00000     0.00000     0.00000     0.00000     0.00000     0.00000     0.00000     0.00000
   -50.15784     0.00000     0.00000     0.00000     0.00000     0.00000     0.00000     0.00000     0.00000
   -50.13384     0.00000     0.00000     0.00000     0.00000     0.00000     0.00000     0.00000     0.00000
   -50.11084     0.00000     0.00000     0.00000     0.00000     0.00000     0.00000     0.00000     0.00000
   -50.08784     0.00000     0.00000     0.00000     0.00000     0.00000     0.00000     0.00000     0.00000
   -50.06484     0.00000     0.00000     0.00000     0.00000     0.00000     0.00000     0.00000     0.00000
   -50.04184     0.00000     0.00000     0.00000     0.00000     0.00000     0.00000     0.00000     0.00000
   -50.01784     0.00000     0.00000     0.00000     0.00000     0.00000     0.00000     0.00000     0.00000
   -49.99484     0.00000     0.00000     0.00000     0.00000     0.00000     0.00000     0.00000     0.00000
   -49.97184     0.00000     0.00000     0.00000     0.00000     0.00000     0.00000     0.00000     0.00000
   -49.94884     0.00000     0.00000     0.00000     0.00000     0.00000     0.00000     0.00000     0.00000
   -49.92584     0.00000     0.00000     0.00000     0.00000     0.00000     0.00000     0.00000     0.00000
   -49.90184     0.00000     0.00000     0.00000     0.00000     0.00000     0.00000     0.00000     0.00000
   -49.87884     0.00000     0.00000     0.00000     0.00000     0.00000     0.00000     0.00000     0.00000
   -49.85584     0.00000     0.00000     0.00000     0.00000     0.00000     0.00000     0.00000     0.00000
   -49.83284     0.00000     0.00000     0.00000     0.00000     0.00000     0.00000     0.00000     0.00000
   -49.80984     0.00000     0.00000     0.00000     0.00000     0.00000     0.00000     0.00000     0.00000
   -49.78584     0.00000     0.00000     0.00000     0.00000     0.00000     0.00000     0.00000     0.00000
   -49.76284     0.00000     0.00000     0.00000     0.00000     0.00000     0.00000     0.00000     0.00000
   -49.73984     0.00000     0.00000     0.00000     0.00000     0.00000     0.00000     0.00000     0.00000
   -49.71684     0.00000     0.00000     0.00000     0.00000     0.00000     0.00000     0.00000     0.00000
   -49.69384     0.00000     0.00000     0.00000     0.00000     0.00000     0.00000     0.00000     0.00000
   -49.66984     0.00000     0.00000     0.00000     0.00000     0.00000     0.00000     0.00000     0.00000
   -49.64684     0.00000     0.00000     0.00000     0.00000     0.00000     0.00000     0.00000     0.00000
   -49.62384     0.00000     0.00000     0.00000     0.00000     0.00000     0.00000     0.00000     0.00000
   -49.60084     0.00000     0.00000     0.00000     0.00000     0.00000     0.00000     0.00000     0.00000
   -49.57784     0.00000     0.00000     0.00000     0.00000     0.00000     0.00000     0.00000     0.00000
   -49.55384     0.00000     0.00000     0.00000     0.00000     0.00000     0.00000     0.00000     0.00000
   -49.53084     0.00000     0.00000     0.00000     0.00000     0.00000     0.00000     0.00000     0.00000
   -49.50784     0.00000     0.00000     0.00000     0.00000     0.00000     0.00000     0.00000     0.00000
   -49.48484     0.00000     0.00000     0.00000     0.00000     0.00000     0.00000     0.00000     0.00000
   -49.46184     0.00000     0.00000     0.00000     0.00000     0.00000     0.00000     0.00000     0.00000
   -49.43784     0.00000     0.00000     0.00000     0.00000     0.00000     0.00000     0.00000     0.00000
   -49.41484     0.00000     0.00000     0.00000     0.00000     0.00000     0.00000     0.00000     0.00000
   -49.39184     0.00000     0.00000     0.00000     0.00000     0.00000     0.00000     0.00000     0.00000
   -49.36884     0.00000     0.00000     0.00000     0.00000     0.00000     0.00000     0.00000     0.00000
   -49.34584     0.00000     0.00000     0.00000     0.00000     0.00000     0.00000     0.00000     0.00000
   -49.32184     0.00000     0.00000     0.00000     0.00000     0.00000     0.00000     0.00000     0.00000
   -49.29884     0.00000     0.00000     0.00000     0.00000     0.00000     0.00000     0.00000     0.00000
   -49.27584     0.00000     0.00000     0.00000     0.00000     0.00000     0.00000     0.00000     0.00000
   -49.25284     0.00000     0.00000     0.00000     0.00000     0.00000     0.00000     0.00000     0.00000
   -49.22984     0.00000     0.00000     0.00000     0.00000     0.00000     0.00000     0.00000     0.00000
   -49.20584     0.00000     0.00000     0.00000     0.00000     0.00000     0.00000     0.00000     0.00000
   -49.18284     0.00000     0.00000     0.00000     0.00000     0.00000     0.00000     0.00000     0.00000
   -49.15984     0.00000     0.00000     0.00000     0.00000     0.00000     0.00000     0.00000     0.00000
   -49.13684     0.00000     0.00000     0.00000     0.00000     0.00000     0.00000     0.00000     0.00000
   -49.11384     0.00000     0.00000     0.00000     0.00000     0.00000     0.00000     0.00000     0.00000
   -49.08984     0.00000     0.00000     0.00000     0.00000     0.00000     0.00000     0.00000     0.00000
   -49.06684     0.00000     0.00000     0.00000     0.00000     0.00000     0.00000     0.00000     0.00000
   -49.04384     0.00000     0.00000     0.00000     0.00000     0.00000     0.00000     0.00000     0.00000
   -49.02084     0.00000     0.00000     0.00000     0.00000     0.00000     0.00000     0.00000     0.00000
   -48.99784     0.00000     0.00000     0.00000     0.00000     0.00000     0.00000     0.00000     0.00000
   -48.97384     0.00000     0.00000     0.00000     0.00000     0.00000     0.00000     0.00000     0.00000
   -48.95084     0.00000     0.00000     0.00000     0.00000     0.00000     0.00000     0.00000     0.00000
   -48.92784     0.00000     0.00000     0.00000     0.00000     0.00000     0.00000     0.00000     0.00000
   -48.90484     0.00000     0.00000     0.00000     0.00000     0.00000     0.00000     0.00000     0.00000
   -48.88184     0.00000     0.00000     0.00000     0.00000     0.00000     0.00000     0.00000     0.00000
   -48.85784     0.00000     0.00000     0.00000     0.00000     0.00000     0.00000     0.00000     0.00000
   -48.83484     0.00000     0.00000     0.00000     0.00000     0.00000     0.00000     0.00000     0.00000
   -48.81184     0.00000     0.00000     0.00000     0.00000     0.00000     0.00000     0.00000     0.00000
   -48.78884     0.00000     0.00000     0.00000     0.00000     0.00000     0.00000     0.00000     0.00000
   -48.76584     0.00000     0.00000     0.00000     0.00000     0.00000     0.00000     0.00000     0.00000
   -48.74184     0.00000     0.00000     0.00000     0.00000     0.00000     0.00000     0.00000     0.00000
   -48.71884     0.00000     0.00000     0.00000     0.00000     0.00000     0.00000     0.00000     0.00000
   -48.69584     0.00000     0.00000     0.00000     0.00000     0.00000     0.00000     0.00000     0.00000
   -48.67284     0.00000     0.00000     0.00000     0.00000     0.00000     0.00000     0.00000     0.00000
   -48.64984     0.00000     0.00000     0.00000     0.00000     0.00000     0.00000     0.00000     0.00000
   -48.62584     0.00000     0.00000     0.00000     0.00000     0.00000     0.00000     0.00000     0.00000
   -48.60284     0.00000     0.00000     0.00000     0.00000     0.00000     0.00000     0.00000     0.00000
   -48.57984     0.00000     0.00000     0.00000     0.00000     0.00000     0.00000     0.00000     0.00000
   -48.55684     0.00000     0.00000     0.00000     0.00000     0.00000     0.00000     0.00000     0.00000
   -48.53384     0.00000     0.00000     0.00000     0.00000     0.00000     0.00000     0.00000     0.00000
   -48.50984     0.00000     0.00000     0.00000     0.00000     0.00000     0.00000     0.00000     0.00000
   -48.48684     0.00000     0.00000     0.00000     0.00000     0.00000     0.00000     0.00000     0.00000
   -48.46384     0.00000     0.00000     0.00000     0.00000     0.00000     0.00000     0.00000     0.00000
   -48.44084     0.00000     0.00000     0.00000     0.00000     0.00000     0.00000     0.00000     0.00000
   -48.41784     0.00000     0.00000     0.00000     0.00000     0.00000     0.00000     0.00000     0.00000
   -48.39484     0.00000     0.00000     0.00000     0.00000     0.00000     0.00000     0.00000     0.00000
   -48.37084     0.00000     0.00000     0.00000     0.00000     0.00000     0.00000     0.00000     0.00000
   -48.34784     0.00000     0.00000     0.00000     0.00000     0.00000     0.00000     0.00000     0.00000
   -48.32484     0.00000     0.00000     0.00000     0.00000     0.00000     0.00000     0.00000     0.00000
   -48.30184     0.00000     0.00000     0.00000     0.00000     0.00000     0.00000     0.00000     0.00000
   -48.27884     0.00000     0.00000     0.00000     0.00000     0.00000     0.00000     0.00000     0.00000
   -48.25484     0.00000     0.00000     0.00000     0.00000     0.00000     0.00000     0.00000     0.00000
   -48.23184     0.00000     0.00000     0.00000     0.00000     0.00000     0.00000     0.00000     0.00000
   -48.20884     0.00000     0.00000     0.00000     0.00000     0.00000     0.00000     0.00000     0.00000
   -48.18584     0.00000     0.00000     0.00000     0.00000     0.00000     0.00000     0.00000     0.00000
   -48.16284     0.00000     0.00000     0.00000     0.00000     0.00000     0.00000     0.00000     0.00000
   -48.13884     0.00000     0.00000     0.00000     0.00000     0.00000     0.00000     0.00000     0.00000
   -48.11584     0.00000     0.00000     0.00000     0.00000     0.00000     0.00000     0.00000     0.00000
   -48.09284     0.00000     0.00000     0.00000     0.00000     0.00000     0.00000     0.00000     0.00000
   -48.06984     0.00000     0.00000     0.00000     0.00000     0.00000     0.00000     0.00000     0.00000
   -48.04684     0.00000     0.00000     0.00000     0.00000     0.00000     0.00000     0.00000     0.00000
   -48.02284     0.00000     0.00000     0.00000     0.00000     0.00000     0.00000     0.00000     0.00000
   -47.99984     0.00000     0.00000     0.00000     0.00000     0.00000     0.00000     0.00000     0.00000
   -47.97684     0.00000     0.00000     0.00000     0.00000     0.00000     0.00000     0.00000     0.00000
   -47.95384     0.00000     0.00000     0.00000     0.00000     0.00000     0.00000     0.00000     0.00000
   -47.93084     0.00000     0.00000     0.00000     0.00000     0.00000     0.00000     0.00000     0.00000
   -47.90684     0.00000     0.00000     0.00000     0.00000     0.00000     0.00000     0.00000     0.00000
   -47.88384     0.00000     0.00000     0.00000     0.00000     0.00000     0.00000     0.00000     0.00000
   -47.86084     0.00000     0.00000     0.00000     0.00000     0.00000     0.00000     0.00000     0.00000
   -47.83784     0.00000     0.00000     0.00000     0.00000     0.00000     0.00000     0.00000     0.00000
   -47.81484     0.00000     0.00000     0.00000     0.00000     0.00000     0.00000     0.00000     0.00000
   -47.79084     0.00000     0.00000     0.00000     0.00000     0.00000     0.00000     0.00000     0.00000
   -47.76784     0.00000     0.00000     0.00000     0.00000     0.00000     0.00000     0.00000     0.00000
   -47.74484     0.00000     0.00000     0.00000     0.00000     0.00000     0.00000     0.00000     0.00000
   -47.72184     0.00000     0.00000     0.00000     0.00000     0.00000     0.00000     0.00000     0.00000
   -47.69884     0.00000     0.00000     0.00000     0.00000     0.00000     0.00000     0.00000     0.00000
   -47.67484     0.00000     0.00000     0.00000     0.00000     0.00000     0.00000     0.00000     0.00000
   -47.65184     0.00000     0.00000     0.00000     0.00000     0.00000     0.00000     0.00000     0.00000
   -47.62884     0.00000     0.00000     0.00000     0.00000     0.00000     0.00000     0.00000     0.00000
   -47.60584     0.00000     0.00000     0.00000     0.00000     0.00000     0.00000     0.00000     0.00000
   -47.58284     0.00000     0.00000     0.00000     0.00000     0.00000     0.00000     0.00000     0.00000
   -47.55884     0.00000     0.00000     0.00000     0.00000     0.00000     0.00000     0.00000     0.00000
   -47.53584     0.00000     0.00000     0.00000     0.00000     0.00000     0.00000     0.00000     0.00000
   -47.51284     0.00000     0.00000     0.00000     0.00000     0.00000     0.00000     0.00000     0.00000
   -47.48984     0.00000     0.00000     0.00000     0.00000     0.00000     0.00000     0.00000     0.00000
   -47.46684     0.00000     0.00000     0.00000     0.00000     0.00000     0.00000     0.00000     0.00000
   -47.44284     0.00000     0.00000     0.00000     0.00000     0.00000     0.00000     0.00000     0.00000
   -47.41984     0.00000     0.00000     0.00000     0.00000     0.00000     0.00000     0.00000     0.00000
   -47.39684     0.00000     0.00000     0.00000     0.00000     0.00000     0.00000     0.00000     0.00000
   -47.37384     0.00000     0.00000     0.00000     0.00000     0.00000     0.00000     0.00000     0.00000
   -47.35084     0.00000     0.00000     0.00000     0.00000     0.00000     0.00000     0.00000     0.00000
   -47.32684     0.00000     0.00000     0.00000     0.00000     0.00000     0.00000     0.00000     0.00000
   -47.30384     0.00000     0.00000     0.00000     0.00000     0.00000     0.00000     0.00000     0.00000
   -47.28084     0.00000     0.00000     0.00000     0.00000     0.00000     0.00000     0.00000     0.00000
   -47.25784     0.00000     0.00000     0.00000     0.00000     0.00000     0.00000     0.00000     0.00000
   -47.23484     0.00000     0.00000     0.00000     0.00000     0.00000     0.00000     0.00000     0.00000
   -47.21084     0.00000     0.00000     0.00000     0.00000     0.00000     0.00000     0.00000     0.00000
   -47.18784     0.00000     0.00000     0.00000     0.00000     0.00000     0.00000     0.00000     0.00000
   -47.16484     0.00000     0.00000     0.00000     0.00000     0.00000     0.00000     0.00000     0.00000
   -47.14184     0.00000     0.00000     0.00000     0.00000     0.00000     0.00000     0.00000     0.00000
   -47.11884     0.00000     0.00000     0.00000     0.00000     0.00000     0.00000     0.00000     0.00000
   -47.09484     0.00000     0.00000     0.00000     0.00000     0.00000     0.00000     0.00000     0.00000
   -47.07184     0.00000     0.00000     0.00000     0.00000     0.00000     0.00000     0.00000     0.00000
   -47.04884     0.00000     0.00000     0.00000     0.00000     0.00000     0.00000     0.00000     0.00000
   -47.02584     0.00000     0.00000     0.00000     0.00000     0.00000     0.00000     0.00000     0.00000
   -47.00284     0.00000     0.00000     0.00000     0.00000     0.00000     0.00000     0.00000     0.00000
   -46.97884     0.00000     0.00000     0.00000     0.00000     0.00000     0.00000     0.00000     0.00000
   -46.95584     0.00000     0.00000     0.00000     0.00000     0.00000     0.00000     0.00000     0.00000
   -46.93284     0.00000     0.00000     0.00000     0.00000     0.00000     0.00000     0.00000     0.00000
   -46.90984     0.00000     0.00000     0.00000     0.00000     0.00000     0.00000     0.00000     0.00000
   -46.88684     0.00000     0.00000     0.00000     0.00000     0.00000     0.00000     0.00000     0.00000
   -46.86284     0.00000     0.00000     0.00000     0.00000     0.00000     0.00000     0.00000     0.00000
   -46.83984     0.00000     0.00000     0.00000     0.00000     0.00000     0.00000     0.00000     0.00000
   -46.81684     0.00000     0.00000     0.00000     0.00000     0.00000     0.00000     0.00000     0.00000
   -46.79384     0.00000     0.00000     0.00000     0.00000     0.00000     0.00000     0.00000     0.00000
   -46.77084     0.00000     0.00000     0.00000     0.00000     0.00000     0.00000     0.00000     0.00000
   -46.74684     0.00000     0.00000     0.00000     0.00000     0.00000     0.00000     0.00000     0.00000
   -46.72384     0.00000     0.00000     0.00000     0.00000     0.00000     0.00000     0.00000     0.00000
   -46.70084     0.00000     0.00000     0.00000     0.00000     0.00000     0.00000     0.00000     0.00000
   -46.67784     0.00000     0.00000     0.00000     0.00000     0.00000     0.00000     0.00000     0.00000
   -46.65484     0.00000     0.00000     0.00000     0.00000     0.00000     0.00000     0.00000     0.00000
   -46.63084     0.00000     0.00000     0.00000     0.00000     0.00000     0.00000     0.00000     0.00000
   -46.60784     0.00000     0.00000     0.00000     0.00000     0.00000     0.00000     0.00000     0.00000
   -46.58484     0.00000     0.00000     0.00000     0.00000     0.00000     0.00000     0.00000     0.00000
   -46.56184     0.00000     0.00000     0.00000     0.00000     0.00000     0.00000     0.00000     0.00000
   -46.53884     0.00000     0.00000     0.00000     0.00000     0.00000     0.00000     0.00000     0.00000
   -46.51484     0.00000     0.00000     0.00000     0.00000     0.00000     0.00000     0.00000     0.00000
   -46.49184     0.00000     0.00000     0.00000     0.00000     0.00000     0.00000     0.00000     0.00000
   -46.46884     0.00000     0.00000     0.00000     0.00000     0.00000     0.00000     0.00000     0.00000
   -46.44584     0.00000     0.00000     0.00000     0.00000     0.00000     0.00000     0.00000     0.00000
   -46.42284     0.00000     0.00000     0.00000     0.00000     0.00000     0.00000     0.00000     0.00000
   -46.39884     0.00000     0.00000     0.00000     0.00000     0.00000     0.00000     0.00000     0.00000
   -46.37584     0.00000     0.00000     0.00000     0.00000     0.00000     0.00000     0.00000     0.00000
   -46.35284     0.00000     0.00000     0.00000     0.00000     0.00000     0.00000     0.00000     0.00000
   -46.32984     0.00000     0.00000     0.00000     0.00000     0.00000     0.00000     0.00000     0.00000
   -46.30684     0.00000     0.00000     0.00000     0.00000     0.00000     0.00000     0.00000     0.00000
   -46.28284     0.00000     0.00000     0.00000     0.00000     0.00000     0.00000     0.00000     0.00000
   -46.25984     0.00000     0.00000     0.00000     0.00000     0.00000     0.00000     0.00000     0.00000
   -46.23684     0.00000     0.00000     0.00000     0.00000     0.00000     0.00000     0.00000     0.00000
   -46.21384     0.00000     0.00000     0.00000     0.00000     0.00000     0.00000     0.00000     0.00000
   -46.19084     0.00000     0.00000     0.00000     0.00000     0.00000     0.00000     0.00000     0.00000
   -46.16684     0.00000     0.00000     0.00000     0.00000     0.00000     0.00000     0.00000     0.00000
   -46.14384     0.00000     0.00000     0.00000     0.00000     0.00000     0.00000     0.00000     0.00000
   -46.12084     0.00000     0.00000     0.00000     0.00000     0.00000     0.00000     0.00000     0.00000
   -46.09784     0.00000     0.00000     0.00000     0.00000     0.00000     0.00000     0.00000     0.00000
   -46.07484     0.00000     0.00000     0.00000     0.00000     0.00000     0.00000     0.00000     0.00000
   -46.05084     0.00000     0.00000     0.00000     0.00000     0.00000     0.00000     0.00000     0.00000
   -46.02784     0.00000     0.00000     0.00000     0.00000     0.00000     0.00000     0.00000     0.00000
   -46.00484     0.00000     0.00000     0.00000     0.00000     0.00000     0.00000     0.00000     0.00000
   -45.98184     0.00000     0.00000     0.00000     0.00000     0.00000     0.00000     0.00000     0.00000
   -45.95884     0.00000     0.00000     0.00000     0.00000     0.00000     0.00000     0.00000     0.00000
   -45.93484     0.00000     0.00000     0.00000     0.00000     0.00000     0.00000     0.00000     0.00000
   -45.91184     0.00000     0.00000     0.00000     0.00000     0.00000     0.00000     0.00000     0.00000
   -45.88884     0.00000     0.00000     0.00000     0.00000     0.00000     0.00000     0.00000     0.00000
   -45.86584     0.00000     0.00000     0.00000     0.00000     0.00000     0.00000     0.00000     0.00000
   -45.84284     0.00000     0.00000     0.00000     0.00000     0.00000     0.00000     0.00000     0.00000
   -45.81884     0.00000     0.00000     0.00000     0.00000     0.00000     0.00000     0.00000     0.00000
   -45.79584     0.00000     0.00000     0.00000     0.00000     0.00000     0.00000     0.00000     0.00000
   -45.77284     0.00000     0.00000     0.00000     0.00000     0.00000     0.00000     0.00000     0.00000
   -45.74984     0.00000     0.00000     0.00000     0.00000     0.00000     0.00000     0.00000     0.00000
   -45.72684     0.00000     0.00000     0.00000     0.00000     0.00000     0.00000     0.00000     0.00000
   -45.70284     0.00000     0.00000     0.00000     0.00000     0.00000     0.00000     0.00000     0.00000
   -45.67984     0.00000     0.00000     0.00000     0.00000     0.00000     0.00000     0.00000     0.00000
   -45.65684     0.00000     0.00000     0.00000     0.00000     0.00000     0.00000     0.00000     0.00000
   -45.63384     0.00000     0.00000     0.00000     0.00000     0.00000     0.00000     0.00000     0.00000
   -45.61084     0.00000     0.00000     0.00000     0.00000     0.00000     0.00000     0.00000     0.00000
   -45.58684     0.00000     0.00000     0.00000     0.00000     0.00000     0.00000     0.00000     0.00000
   -45.56384     0.00000     0.00000     0.00000     0.00000     0.00000     0.00000     0.00000     0.00000
   -45.54084     0.00000     0.00000     0.00000     0.00000     0.00000     0.00000     0.00000     0.00000
   -45.51784     0.00000     0.00000     0.00000     0.00000     0.00000     0.00000     0.00000     0.00000
   -45.49484     0.00000     0.00000     0.00000     0.00000     0.00000     0.00000     0.00000     0.00000
   -45.47084     0.00000     0.00000     0.00000     0.00000     0.00000     0.00000     0.00000     0.00000
   -45.44784     0.00000     0.00000     0.00000     0.00000     0.00000     0.00000     0.00000     0.00000
   -45.42484     0.00000     0.00000     0.00000     0.00000     0.00000     0.00000     0.00000     0.00000
   -45.40184     0.00000     0.00000     0.00000     0.00000     0.00000     0.00000     0.00000     0.00000
   -45.37884     0.00000     0.00000     0.00000     0.00000     0.00000     0.00000     0.00000     0.00000
   -45.35484     0.00000     0.00000     0.00000     0.00000     0.00000     0.00000     0.00000     0.00000
   -45.33184     0.00000     0.00000     0.00000     0.00000     0.00000     0.00000     0.00000     0.00000
   -45.30884     0.00000     0.00000     0.00000     0.00000     0.00000     0.00000     0.00000     0.00000
   -45.28584     0.00000     0.00000     0.00000     0.00000     0.00000     0.00000     0.00000     0.00000
   -45.26284     0.00000     0.00000     0.00000     0.00000     0.00000     0.00000     0.00000     0.00000
   -45.23884     0.00000     0.00000     0.00000     0.00000     0.00000     0.00000     0.00000     0.00000
   -45.21584     0.00000     0.00000     0.00000     0.00000     0.00000     0.00000     0.00000     0.00000
   -45.19284     0.00000     0.00000     0.00000     0.00000     0.00000     0.00000     0.00000     0.00000
   -45.16984     0.00000     0.00000     0.00000     0.00000     0.00000     0.00000     0.00000     0.00000
   -45.14684     0.00000     0.00000     0.00000     0.00000     0.00000     0.00000     0.00000     0.00000
   -45.12384     0.00000     0.00000     0.00000     0.00000     0.00000     0.00000     0.00000     0.00000
   -45.09984     0.00000     0.00000     0.00000     0.00000     0.00000     0.00000     0.00000     0.00000
   -45.07684     0.00000     0.00000     0.00000     0.00000     0.00000     0.00000     0.00000     0.00000
   -45.05384     0.00000     0.00000     0.00000     0.00000     0.00000     0.00000     0.00000     0.00000
   -45.03084     0.00000     0.00000     0.00000     0.00000     0.00000     0.00000     0.00000     0.00000
   -45.00784     0.00000     0.00000     0.00000     0.00000     0.00000     0.00000     0.00000     0.00000
   -44.98384     0.00000     0.00000     0.00000     0.00000     0.00000     0.00000     0.00000     0.00000
   -44.96084     0.00000     0.00000     0.00000     0.00000     0.00000     0.00000     0.00000     0.00000
   -44.93784     0.00000     0.00000     0.00000     0.00000     0.00000     0.00000     0.00000     0.00000
   -44.91484     0.00000     0.00000     0.00000     0.00000     0.00000     0.00000     0.00000     0.00000
   -44.89184     0.00000     0.00000     0.00000     0.00000     0.00000     0.00000     0.00000     0.00000
   -44.86784     0.00000     0.00000     0.00000     0.00000     0.00000     0.00000     0.00000     0.00000
   -44.84484     0.00000     0.00000     0.00000     0.00000     0.00000     0.00000     0.00000     0.00000
   -44.82184     0.00000     0.00000     0.00000     0.00000     0.00000     0.00000     0.00000     0.00000
   -44.79884     0.00000     0.00000     0.00000     0.00000     0.00000     0.00000     0.00000     0.00000
   -44.77584     0.00000     0.00000     0.00000     0.00000     0.00000     0.00000     0.00000     0.00000
   -44.75184     0.00000     0.00000     0.00000     0.00000     0.00000     0.00000     0.00000     0.00000
   -44.72884     0.00000     0.00000     0.00000     0.00000     0.00000     0.00000     0.00000     0.00000
   -44.70584     0.00000     0.00000     0.00000     0.00000     0.00000     0.00000     0.00000     0.00000
   -44.68284     0.00000     0.00000     0.00000     0.00000     0.00000     0.00000     0.00000     0.00000
   -44.65984     0.00000     0.00000     0.00000     0.00000     0.00000     0.00000     0.00000     0.00000
   -44.63584     0.00000     0.00000     0.00000     0.00000     0.00000     0.00000     0.00000     0.00000
   -44.61284     0.00000     0.00000     0.00000     0.00000     0.00000     0.00000     0.00000     0.00000
   -44.58984     0.00000     0.00000     0.00000     0.00000     0.00000     0.00000     0.00000     0.00000
   -44.56684     0.00000     0.00000     0.00000     0.00000     0.00000     0.00000     0.00000     0.00000
   -44.54384     0.00000     0.00000     0.00000     0.00000     0.00000     0.00000     0.00000     0.00000
   -44.51984     0.00000     0.00000     0.00000     0.00000     0.00000     0.00000     0.00000     0.00000
   -44.49684     0.00000     0.00000     0.00000     0.00000     0.00000     0.00000     0.00000     0.00000
   -44.47384     0.00000     0.00000     0.00000     0.00000     0.00000     0.00000     0.00000     0.00000
   -44.45084     0.00000     0.00000     0.00000     0.00000     0.00000     0.00000     0.00000     0.00000
   -44.42784     0.00000     0.00000     0.00000     0.00000     0.00000     0.00000     0.00000     0.00000
   -44.40384     0.00000     0.00000     0.00000     0.00000     0.00000     0.00000     0.00000     0.00000
   -44.38084     0.00000     0.00000     0.00000     0.00000     0.00000     0.00000     0.00000     0.00000
   -44.35784     0.00000     0.00000     0.00000     0.00000     0.00000     0.00000     0.00000     0.00000
   -44.33484     0.00000     0.00000     0.00000     0.00000     0.00000     0.00000     0.00000     0.00000
   -44.31184     0.00000     0.00000     0.00000     0.00000     0.00000     0.00000     0.00000     0.00000
   -44.28784     0.00000     0.00000     0.00000     0.00000     0.00000     0.00000     0.00000     0.00000
   -44.26484     0.00000     0.00000     0.00000     0.00000     0.00000     0.00000     0.00000     0.00000
   -44.24184     0.00000     0.00000     0.00000     0.00000     0.00000     0.00000     0.00000     0.00000
   -44.21884     0.00000     0.00000     0.00000     0.00000     0.00000     0.00000     0.00000     0.00000
   -44.19584     0.00000     0.00000     0.00000     0.00000     0.00000     0.00000     0.00000     0.00000
   -44.17184     0.00000     0.00000     0.00000     0.00000     0.00000     0.00000     0.00000     0.00000
   -44.14884     0.00000     0.00000     0.00000     0.00000     0.00000     0.00000     0.00000     0.00000
   -44.12584     0.00000     0.00000     0.00000     0.00000     0.00000     0.00000     0.00000     0.00000
   -44.10284     0.00000     0.00000     0.00000     0.00000     0.00000     0.00000     0.00000     0.00000
   -44.07984     0.00000     0.00000     0.00000     0.00000     0.00000     0.00000     0.00000     0.00000
   -44.05584     0.00000     0.00000     0.00000     0.00000     0.00000     0.00000     0.00000     0.00000
   -44.03284     0.00000     0.00000     0.00000     0.00000     0.00000     0.00000     0.00000     0.00000
   -44.00984     0.00000     0.00000     0.00000     0.00000     0.00000     0.00000     0.00000     0.00000
   -43.98684     0.00000     0.00000     0.00000     0.00000     0.00000     0.00000     0.00000     0.00000
   -43.96384     0.00000     0.00000     0.00000     0.00000     0.00000     0.00000     0.00000     0.00000
   -43.93984     0.00000     0.00000     0.00000     0.00000     0.00000     0.00000     0.00000     0.00000
   -43.91684     0.00000     0.00000     0.00000     0.00000     0.00000     0.00000     0.00000     0.00000
   -43.89384     0.00000     0.00000     0.00000     0.00000     0.00000     0.00000     0.00000     0.00000
   -43.87084     0.00000     0.00000     0.00000     0.00000     0.00000     0.00000     0.00000     0.00000
   -43.84784     0.00000     0.00000     0.00000     0.00000     0.00000     0.00000     0.00000     0.00000
   -43.82384     0.00000     0.00000     0.00000     0.00000     0.00000     0.00000     0.00000     0.00000
   -43.80084     0.00000     0.00000     0.00000     0.00000     0.00000     0.00000     0.00000     0.00000
   -43.77784     0.00000     0.00000     0.00000     0.00000     0.00000     0.00000     0.00000     0.00000
   -43.75484     0.00000     0.00000     0.00000     0.00000     0.00000     0.00000     0.00000     0.00000
   -43.73184     0.00000     0.00000     0.00000     0.00000     0.00000     0.00000     0.00000     0.00000
   -43.70784     0.00000     0.00000     0.00000     0.00000     0.00000     0.00000     0.00000     0.00000
   -43.68484     0.00000     0.00000     0.00000     0.00000     0.00000     0.00000     0.00000     0.00000
   -43.66184     0.00000     0.00000     0.00000     0.00000     0.00000     0.00000     0.00000     0.00000
   -43.63884     0.00000     0.00000     0.00000     0.00000     0.00000     0.00000     0.00000     0.00000
   -43.61584     0.00000     0.00000     0.00000     0.00000     0.00000     0.00000     0.00000     0.00000
   -43.59184     0.00000     0.00000     0.00000     0.00000     0.00000     0.00000     0.00000     0.00000
   -43.56884     0.00000     0.00000     0.00000     0.00000     0.00000     0.00000     0.00000     0.00000
   -43.54584     0.00000     0.00000     0.00000     0.00000     0.00000     0.00000     0.00000     0.00000
   -43.52284     0.00000     0.00000     0.00000     0.00000     0.00000     0.00000     0.00000     0.00000
   -43.49984     0.00000     0.00000     0.00000     0.00000     0.00000     0.00000     0.00000     0.00000
   -43.47584     0.00000     0.00000     0.00000     0.00000     0.00000     0.00000     0.00000     0.00000
   -43.45284     0.00000     0.00000     0.00000     0.00000     0.00000     0.00000     0.00000     0.00000
   -43.42984     0.00000     0.00000     0.00000     0.00000     0.00000     0.00000     0.00000     0.00000
   -43.40684     0.00000     0.00000     0.00000     0.00000     0.00000     0.00000     0.00000     0.00000
   -43.38384     0.00000     0.00000     0.00000     0.00000     0.00000     0.00000     0.00000     0.00000
   -43.35984     0.00000     0.00000     0.00000     0.00000     0.00000     0.00000     0.00000     0.00000
   -43.33684     0.00000     0.00000     0.00000     0.00000     0.00000     0.00000     0.00000     0.00000
   -43.31384     0.00000     0.00000     0.00000     0.00000     0.00000     0.00000     0.00000     0.00000
   -43.29084     0.00000     0.00000     0.00000     0.00000     0.00000     0.00000     0.00000     0.00000
   -43.26784     0.00000     0.00000     0.00000     0.00000     0.00000     0.00000     0.00000     0.00000
   -43.24384     0.00000     0.00000     0.00000     0.00000     0.00000     0.00000     0.00000     0.00000
   -43.22084     0.00000     0.00000     0.00000     0.00000     0.00000     0.00000     0.00000     0.00000
   -43.19784     0.00000     0.00000     0.00000     0.00000     0.00000     0.00000     0.00000     0.00000
   -43.17484     0.00000     0.00000     0.00000     0.00000     0.00000     0.00000     0.00000     0.00000
   -43.15184     0.00000     0.00000     0.00000     0.00000     0.00000     0.00000     0.00000     0.00000
   -43.12784     0.00000     0.00000     0.00000     0.00000     0.00000     0.00000     0.00000     0.00000
   -43.10484     0.00000     0.00000     0.00000     0.00000     0.00000     0.00000     0.00000     0.00000
   -43.08184     0.00000     0.00000     0.00000     0.00000     0.00000     0.00000     0.00000     0.00000
   -43.05884     0.00000     0.00000     0.00000     0.00000     0.00000     0.00000     0.00000     0.00000
   -43.03584     0.00000     0.00000     0.00000     0.00000     0.00000     0.00000     0.00000     0.00000
   -43.01184     0.00000     0.00000     0.00000     0.00000     0.00000     0.00000     0.00000     0.00000
   -42.98884     0.00000     0.00000     0.00000     0.00000     0.00000     0.00000     0.00000     0.00000
   -42.96584     0.00000     0.00000     0.00000     0.00000     0.00000     0.00000     0.00000     0.00000
   -42.94284     0.00000     0.00000     0.00000     0.00000     0.00000     0.00000     0.00000     0.00000
   -42.91984     0.00000     0.00000     0.00000     0.00000     0.00000     0.00000     0.00000     0.00000
   -42.89584     0.00000     0.00000     0.00000     0.00000     0.00000     0.00000     0.00000     0.00000
   -42.87284     0.00000     0.00000     0.00000     0.00000     0.00000     0.00000     0.00000     0.00000
   -42.84984     0.00000     0.00000     0.00000     0.00000     0.00000     0.00000     0.00000     0.00000
   -42.82684     0.00000     0.00000     0.00000     0.00000     0.00000     0.00000     0.00000     0.00000
   -42.80384     0.00000     0.00000     0.00000     0.00000     0.00000     0.00000     0.00000     0.00000
   -42.77984     0.00000     0.00000     0.00000     0.00000     0.00000     0.00000     0.00000     0.00000
   -42.75684     0.00000     0.00000     0.00000     0.00000     0.00000     0.00000     0.00000     0.00000
   -42.73384     0.00000     0.00000     0.00000     0.00000     0.00000     0.00000     0.00000     0.00000
   -42.71084     0.00000     0.00000     0.00000     0.00000     0.00000     0.00000     0.00000     0.00000
   -42.68784     0.00000     0.00000     0.00000     0.00000     0.00000     0.00000     0.00000     0.00000
   -42.66384     0.00000     0.00000     0.00000     0.00000     0.00000     0.00000     0.00000     0.00000
   -42.64084     0.00000     0.00000     0.00000     0.00000     0.00000     0.00000     0.00000     0.00000
   -42.61784     0.00000     0.00000     0.00000     0.00000     0.00000     0.00000     0.00000     0.00000
   -42.59484     0.00000     0.00000     0.00000     0.00000     0.00000     0.00000     0.00000     0.00000
   -42.57184     0.00000     0.00000     0.00000     0.00000     0.00000     0.00000     0.00000     0.00000
   -42.54784     0.00000     0.00000     0.00000     0.00000     0.00000     0.00000     0.00000     0.00000
   -42.52484     0.00000     0.00000     0.00000     0.00000     0.00000     0.00000     0.00000     0.00000
   -42.50184     0.00000     0.00000     0.00000     0.00000     0.00000     0.00000     0.00000     0.00000
   -42.47884     0.00000     0.00000     0.00000     0.00000     0.00000     0.00000     0.00000     0.00000
   -42.45584     0.00000     0.00000     0.00000     0.00000     0.00000     0.00000     0.00000     0.00000
   -42.43184     0.00000     0.00000     0.00000     0.00000     0.00000     0.00000     0.00000     0.00000
   -42.40884     0.00000     0.00000     0.00000     0.00000     0.00000     0.00000     0.00000     0.00000
   -42.38584     0.00000     0.00000     0.00000     0.00000     0.00000     0.00000     0.00000     0.00000
   -42.36284     0.00000     0.00000     0.00000     0.00000     0.00000     0.00000     0.00000     0.00000
   -42.33984     0.00000     0.00000     0.00000     0.00000     0.00000     0.00000     0.00000     0.00000
   -42.31584     0.00000     0.00000     0.00000     0.00000     0.00000     0.00000     0.00000     0.00000
   -42.29284     0.00000     0.00000     0.00000     0.00000     0.00000     0.00000     0.00000     0.00000
   -42.26984     0.00000     0.00000     0.00000     0.00000     0.00000     0.00000     0.00000     0.00000
   -42.24684     0.00000     0.00000     0.00000     0.00000     0.00000     0.00000     0.00000     0.00000
   -42.22384     0.00000     0.00000     0.00000     0.00000     0.00000     0.00000     0.00000     0.00000
   -42.19984     0.00000     0.00000     0.00000     0.00000     0.00000     0.00000     0.00000     0.00000
   -42.17684     0.00000     0.00000     0.00000     0.00000     0.00000     0.00000     0.00000     0.00000
   -42.15384     0.00000     0.00000     0.00000     0.00000     0.00000     0.00000     0.00000     0.00000
   -42.13084     0.00000     0.00000     0.00000     0.00000     0.00000     0.00000     0.00000     0.00000
   -42.10784     0.00000     0.00000     0.00000     0.00000     0.00000     0.00000     0.00000     0.00000
   -42.08384     0.00000     0.00000     0.00000     0.00000     0.00000     0.00000     0.00000     0.00000
   -42.06084     0.00000     0.00000     0.00000     0.00000     0.00000     0.00000     0.00000     0.00000
   -42.03784     0.00000     0.00000     0.00000     0.00000     0.00000     0.00000     0.00000     0.00000
   -42.01484     0.00000     0.00000     0.00000     0.00000     0.00000     0.00000     0.00000     0.00000
   -41.99184     0.00000     0.00000     0.00000     0.00000     0.00000     0.00000     0.00000     0.00000
   -41.96884     0.00000     0.00000     0.00000     0.00000     0.00000     0.00000     0.00000     0.00000
   -41.94484     0.00000     0.00000     0.00000     0.00000     0.00000     0.00000     0.00000     0.00000
   -41.92184     0.00000     0.00000     0.00000     0.00000     0.00000     0.00000     0.00000     0.00000
   -41.89884     0.00000     0.00000     0.00000     0.00000     0.00000     0.00000     0.00000     0.00000
   -41.87584     0.00000     0.00000     0.00000     0.00000     0.00000     0.00000     0.00000     0.00000
   -41.85284     0.00000     0.00000     0.00000     0.00000     0.00000     0.00000     0.00000     0.00000
   -41.82884     0.00000     0.00000     0.00000     0.00000     0.00000     0.00000     0.00000     0.00000
   -41.80584     0.00000     0.00000     0.00000     0.00000     0.00000     0.00000     0.00000     0.00000
   -41.78284     0.00000     0.00000     0.00000     0.00000     0.00000     0.00000     0.00000     0.00000
   -41.75984     0.00000     0.00000     0.00000     0.00000     0.00000     0.00000     0.00000     0.00000
   -41.73684     0.00000     0.00000     0.00000     0.00000     0.00000     0.00000     0.00000     0.00000
   -41.71284     0.00000     0.00000     0.00000     0.00000     0.00000     0.00000     0.00000     0.00000
   -41.68984     0.00000     0.00000     0.00000     0.00000     0.00000     0.00000     0.00000     0.00000
   -41.66684     0.00000     0.00000     0.00000     0.00000     0.00000     0.00000     0.00000     0.00000
   -41.64384     0.00000     0.00000     0.00000     0.00000     0.00000     0.00000     0.00000     0.00000
   -41.62084     0.00000     0.00000     0.00000     0.00000     0.00000     0.00000     0.00000     0.00000
   -41.59684     0.00000     0.00000     0.00000     0.00000     0.00000     0.00000     0.00000     0.00000
   -41.57384     0.00000     0.00000     0.00000     0.00000     0.00000     0.00000     0.00000     0.00000
   -41.55084     0.00000     0.00000     0.00000     0.00000     0.00000     0.00000     0.00000     0.00000
   -41.52784     0.00000     0.00000     0.00000     0.00000     0.00000     0.00000     0.00000     0.00000
   -41.50484     0.00000     0.00000     0.00000     0.00000     0.00000     0.00000     0.00000     0.00000
   -41.48084     0.00000     0.00000     0.00000     0.00000     0.00000     0.00000     0.00000     0.00000
   -41.45784     0.00000     0.00000     0.00000     0.00000     0.00000     0.00000     0.00000     0.00000
   -41.43484     0.00000     0.00000     0.00000     0.00000     0.00000     0.00000     0.00000     0.00000
   -41.41184     0.00000     0.00000     0.00000     0.00000     0.00000     0.00000     0.00000     0.00000
   -41.38884     0.00000     0.00000     0.00000     0.00000     0.00000     0.00000     0.00000     0.00000
   -41.36484     0.00000     0.00000     0.00000     0.00000     0.00000     0.00000     0.00000     0.00000
   -41.34184     0.00000     0.00000     0.00000     0.00000     0.00000     0.00000     0.00000     0.00000
   -41.31884     0.00000     0.00000     0.00000     0.00000     0.00000     0.00000     0.00000     0.00000
   -41.29584     0.00000     0.00000     0.00000     0.00000     0.00000     0.00000     0.00000     0.00000
   -41.27284     0.00000     0.00000     0.00000     0.00000     0.00000     0.00000     0.00000     0.00000
   -41.24884     0.00000     0.00000     0.00000     0.00000     0.00000     0.00000     0.00000     0.00000
   -41.22584     0.00000     0.00000     0.00000     0.00000     0.00000     0.00000     0.00000     0.00000
   -41.20284     0.00000     0.00000     0.00000     0.00000     0.00000     0.00000     0.00000     0.00000
   -41.17984     0.00000     0.00000     0.00000     0.00000     0.00000     0.00000     0.00000     0.00000
   -41.15684     0.00000     0.00000     0.00000     0.00000     0.00000     0.00000     0.00000     0.00000
   -41.13284     0.00000     0.00000     0.00000     0.00000     0.00000     0.00000     0.00000     0.00000
   -41.10984     0.00000     0.00000     0.00000     0.00000     0.00000     0.00000     0.00000     0.00000
   -41.08684     0.00000     0.00000     0.00000     0.00000     0.00000     0.00000     0.00000     0.00000
   -41.06384     0.00000     0.00000     0.00000     0.00000     0.00000     0.00000     0.00000     0.00000
   -41.04084     0.00000     0.00000     0.00000     0.00000     0.00000     0.00000     0.00000     0.00000
   -41.01684     0.00000     0.00000     0.00000     0.00000     0.00000     0.00000     0.00000     0.00000
   -40.99384     0.00000     0.00000     0.00000     0.00000     0.00000     0.00000     0.00000     0.00000
   -40.97084     0.00000     0.00000     0.00000     0.00000     0.00000     0.00000     0.00000     0.00000
   -40.94784     0.00000     0.00000     0.00000     0.00000     0.00000     0.00000     0.00000     0.00000
   -40.92484     0.00000     0.00000     0.00000     0.00000     0.00000     0.00000     0.00000     0.00000
   -40.90084     0.00000     0.00000     0.00000     0.00000     0.00000     0.00000     0.00000     0.00000
   -40.87784     0.00000     0.00000     0.00000     0.00000     0.00000     0.00000     0.00000     0.00000
   -40.85484     0.00000     0.00000     0.00000     0.00000     0.00000     0.00000     0.00000     0.00000
   -40.83184     0.00000     0.00000     0.00000     0.00000     0.00000     0.00000     0.00000     0.00000
   -40.80884     0.00000     0.00000     0.00000     0.00000     0.00000     0.00000     0.00000     0.00000
   -40.78484     0.00000     0.00000     0.00000     0.00000     0.00000     0.00000     0.00000     0.00000
   -40.76184     0.00000     0.00000     0.00000     0.00000     0.00000     0.00000     0.00000     0.00000
   -40.73884     0.00000     0.00000     0.00000     0.00000     0.00000     0.00000     0.00000     0.00000
   -40.71584     0.00000     0.00000     0.00000     0.00000     0.00000     0.00000     0.00000     0.00000
   -40.69284     0.00000     0.00000     0.00000     0.00000     0.00000     0.00000     0.00000     0.00000
   -40.66884     0.00000     0.00000     0.00000     0.00000     0.00000     0.00000     0.00000     0.00000
   -40.64584     0.00000     0.00000     0.00000     0.00000     0.00000     0.00000     0.00000     0.00000
   -40.62284     0.00000     0.00000     0.00000     0.00000     0.00000     0.00000     0.00000     0.00000
   -40.59984     0.00000     0.00000     0.00000     0.00000     0.00000     0.00000     0.00000     0.00000
   -40.57684     0.00000     0.00000     0.00000     0.00000     0.00000     0.00000     0.00000     0.00000
   -40.55284     0.00000     0.00000     0.00000     0.00000     0.00000     0.00000     0.00000     0.00000
   -40.52984     0.00000     0.00000     0.00000     0.00000     0.00000     0.00000     0.00000     0.00000
   -40.50684     0.00000     0.00000     0.00000     0.00000     0.00000     0.00000     0.00000     0.00000
   -40.48384     0.00000     0.00000     0.00000     0.00000     0.00000     0.00000     0.00000     0.00000
   -40.46084     0.00000     0.00000     0.00000     0.00000     0.00000     0.00000     0.00000     0.00000
   -40.43684     0.00000     0.00000     0.00000     0.00000     0.00000     0.00000     0.00000     0.00000
   -40.41384     0.00000     0.00000     0.00000     0.00000     0.00000     0.00000     0.00000     0.00000
   -40.39084     0.00000     0.00000     0.00000     0.00000     0.00000     0.00000     0.00000     0.00000
   -40.36784     0.00000     0.00000     0.00000     0.00000     0.00000     0.00000     0.00000     0.00000
   -40.34484     0.00000     0.00000     0.00000     0.00000     0.00000     0.00000     0.00000     0.00000
   -40.32084     0.00000     0.00000     0.00000     0.00000     0.00000     0.00000     0.00000     0.00000
   -40.29784     0.00000     0.00000     0.00000     0.00000     0.00000     0.00000     0.00000     0.00000
   -40.27484     0.00000     0.00000     0.00000     0.00000     0.00000     0.00000     0.00000     0.00000
   -40.25184     0.00000     0.00000     0.00000     0.00000     0.00000     0.00000     0.00000     0.00000
   -40.22884     0.00000     0.00000     0.00000     0.00000     0.00000     0.00000     0.00000     0.00000
   -40.20484     0.00000     0.00000     0.00000     0.00000     0.00000     0.00000     0.00000     0.00000
   -40.18184     0.00000     0.00000     0.00000     0.00000     0.00000     0.00000     0.00000     0.00000
   -40.15884     0.00000     0.00000     0.00000     0.00000     0.00000     0.00000     0.00000     0.00000
   -40.13584     0.00000     0.00000     0.00000     0.00000     0.00000     0.00000     0.00000     0.00000
   -40.11284     0.00000     0.00000     0.00000     0.00000     0.00000     0.00000     0.00000     0.00000
   -40.08884     0.00000     0.00000     0.00000     0.00000     0.00000     0.00000     0.00000     0.00000
   -40.06584     0.00000     0.00000     0.00000     0.00000     0.00000     0.00000     0.00000     0.00000
   -40.04284     0.00000     0.00000     0.00000     0.00000     0.00000     0.00000     0.00000     0.00000
   -40.01984     0.00000     0.00000     0.00000     0.00000     0.00000     0.00000     0.00000     0.00000
   -39.99684     0.00000     0.00000     0.00000     0.00000     0.00000     0.00000     0.00000     0.00000
   -39.97284     0.00000     0.00000     0.00000     0.00000     0.00000     0.00000     0.00000     0.00000
   -39.94984     0.00000     0.00000     0.00000     0.00000     0.00000     0.00000     0.00000     0.00000
   -39.92684     0.00000     0.00000     0.00000     0.00000     0.00000     0.00000     0.00000     0.00000
   -39.90384     0.00000     0.00000     0.00000     0.00000     0.00000     0.00000     0.00000     0.00000
   -39.88084     0.00000     0.00000     0.00000     0.00000     0.00000     0.00000     0.00000     0.00000
   -39.85684     0.00000     0.00000     0.00000     0.00000     0.00000     0.00000     0.00000     0.00000
   -39.83384     0.00000     0.00000     0.00000     0.00000     0.00000     0.00000     0.00000     0.00000
   -39.81084     0.00000     0.00000     0.00000     0.00000     0.00000     0.00000     0.00000     0.00000
   -39.78784     0.00000     0.00000     0.00000     0.00000     0.00000     0.00000     0.00000     0.00000
   -39.76484     0.00000     0.00000     0.00000     0.00000     0.00000     0.00000     0.00000     0.00000
   -39.74084     0.00000     0.00000     0.00000     0.00000     0.00000     0.00000     0.00000     0.00000
   -39.71784     0.00000     0.00000     0.00000     0.00000     0.00000     0.00000     0.00000     0.00000
   -39.69484     0.00000     0.00000     0.00000     0.00000     0.00000     0.00000     0.00000     0.00000
   -39.67184     0.00000     0.00000     0.00000     0.00000     0.00000     0.00000     0.00000     0.00000
   -39.64884     0.00000     0.00000     0.00000     0.00000     0.00000     0.00000     0.00000     0.00000
   -39.62484     0.00000     0.00000     0.00000     0.00000     0.00000     0.00000     0.00000     0.00000
   -39.60184     0.00000     0.00000     0.00000     0.00000     0.00000     0.00000     0.00000     0.00000
   -39.57884     0.00000     0.00000     0.00000     0.00000     0.00000     0.00000     0.00000     0.00000
   -39.55584     0.00000     0.00000     0.00000     0.00000     0.00000     0.00000     0.00000     0.00000
   -39.53284     0.00000     0.00000     0.00000     0.00000     0.00000     0.00000     0.00000     0.00000
   -39.50884     0.00000     0.00000     0.00000     0.00000     0.00000     0.00000     0.00000     0.00000
   -39.48584     0.00000     0.00000     0.00000     0.00000     0.00000     0.00000     0.00000     0.00000
   -39.46284     0.00000     0.00000     0.00000     0.00000     0.00000     0.00000     0.00000     0.00000
   -39.43984     0.00000     0.00000     0.00000     0.00000     0.00000     0.00000     0.00000     0.00000
   -39.41684     0.00000     0.00000     0.00000     0.00000     0.00000     0.00000     0.00000     0.00000
   -39.39284     0.00000     0.00000     0.00000     0.00000     0.00000     0.00000     0.00000     0.00000
   -39.36984     0.00000     0.00000     0.00000     0.00000     0.00000     0.00000     0.00000     0.00000
   -39.34684     0.00000     0.00000     0.00000     0.00000     0.00000     0.00000     0.00000     0.00000
   -39.32384     0.00000     0.00000     0.00000     0.00000     0.00000     0.00000     0.00000     0.00000
   -39.30084     0.00000     0.00000     0.00000     0.00000     0.00000     0.00000     0.00000     0.00000
   -39.27684     0.00000     0.00000     0.00000     0.00000     0.00000     0.00000     0.00000     0.00000
   -39.25384     0.00000     0.00000     0.00000     0.00000     0.00000     0.00000     0.00000     0.00000
   -39.23084     0.00000     0.00000     0.00000     0.00000     0.00000     0.00000     0.00000     0.00000
   -39.20784     0.00000     0.00000     0.00000     0.00000     0.00000     0.00000     0.00000     0.00000
   -39.18484     0.00000     0.00000     0.00000     0.00000     0.00000     0.00000     0.00000     0.00000
   -39.16084     0.00000     0.00000     0.00000     0.00000     0.00000     0.00000     0.00000     0.00000
   -39.13784     0.00000     0.00000     0.00000     0.00000     0.00000     0.00000     0.00000     0.00000
   -39.11484     0.00000     0.00000     0.00000     0.00000     0.00000     0.00000     0.00000     0.00000
   -39.09184     0.00000     0.00000     0.00000     0.00000     0.00000     0.00000     0.00000     0.00000
   -39.06884     0.00000     0.00000     0.00000     0.00000     0.00000     0.00000     0.00000     0.00000
   -39.04484     0.00000     0.00000     0.00000     0.00000     0.00000     0.00000     0.00000     0.00000
   -39.02184     0.00000     0.00000     0.00000     0.00000     0.00000     0.00000     0.00000     0.00000
   -38.99884     0.00000     0.00000     0.00000     0.00000     0.00000     0.00000     0.00000     0.00000
   -38.97584     0.00000     0.00000     0.00000     0.00000     0.00000     0.00000     0.00000     0.00000
   -38.95284     0.00000     0.00000     0.00000     0.00000     0.00000     0.00000     0.00000     0.00000
   -38.92884     0.00000     0.00000     0.00000     0.00000     0.00000     0.00000     0.00000     0.00000
   -38.90584     0.00000     0.00000     0.00000     0.00000     0.00000     0.00000     0.00000     0.00000
   -38.88284     0.00000     0.00000     0.00000     0.00000     0.00000     0.00000     0.00000     0.00000
   -38.85984     0.00000     0.00000     0.00000     0.00000     0.00000     0.00000     0.00000     0.00000
   -38.83684     0.00000     0.00000     0.00000     0.00000     0.00000     0.00000     0.00000     0.00000
   -38.81384     0.00000     0.00000     0.00000     0.00000     0.00000     0.00000     0.00000     0.00000
   -38.78984     0.00000     0.00000     0.00000     0.00000     0.00000     0.00000     0.00000     0.00000
   -38.76684     0.00000     0.00000     0.00000     0.00000     0.00000     0.00000     0.00000     0.00000
   -38.74384     0.00000     0.00000     0.00000     0.00000     0.00000     0.00000     0.00000     0.00000
   -38.72084     0.00000     0.00000     0.00000     0.00000     0.00000     0.00000     0.00000     0.00000
   -38.69784     0.00000     0.00000     0.00000     0.00000     0.00000     0.00000     0.00000     0.00000
   -38.67384     0.00000     0.00000     0.00000     0.00000     0.00000     0.00000     0.00000     0.00000
   -38.65084     0.00000     0.00000     0.00000     0.00000     0.00000     0.00000     0.00000     0.00000
   -38.62784     0.00000     0.00000     0.00000     0.00000     0.00000     0.00000     0.00000     0.00000
   -38.60484     0.00000     0.00000     0.00000     0.00000     0.00000     0.00000     0.00000     0.00000
   -38.58184     0.00000     0.00000     0.00000     0.00000     0.00000     0.00000     0.00000     0.00000
   -38.55784     0.00000     0.00000     0.00000     0.00000     0.00000     0.00000     0.00000     0.00000
   -38.53484     0.00000     0.00000     0.00000     0.00000     0.00000     0.00000     0.00000     0.00000
   -38.51184     0.00000     0.00000     0.00000     0.00000     0.00000     0.00000     0.00000     0.00000
   -38.48884     0.00000     0.00000     0.00000     0.00000     0.00000     0.00000     0.00000     0.00000
   -38.46584     0.00000     0.00000     0.00000     0.00000     0.00000     0.00000     0.00000     0.00000
   -38.44184     0.00000     0.00000     0.00000     0.00000     0.00000     0.00000     0.00000     0.00000
   -38.41884     0.00000     0.00000     0.00000     0.00000     0.00000     0.00000     0.00000     0.00000
   -38.39584     0.00000     0.00000     0.00000     0.00000     0.00000     0.00000     0.00000     0.00000
   -38.37284     0.00000     0.00000     0.00000     0.00000     0.00000     0.00000     0.00000     0.00000
   -38.34984     0.00000     0.00000     0.00000     0.00000     0.00000     0.00000     0.00000     0.00000
   -38.32584     0.00000     0.00000     0.00000     0.00000     0.00000     0.00000     0.00000     0.00000
   -38.30284     0.00000     0.00000     0.00000     0.00000     0.00000     0.00000     0.00000     0.00000
   -38.27984     0.00000     0.00000     0.00000     0.00000     0.00000     0.00000     0.00000     0.00000
   -38.25684     0.00000     0.00000     0.00000     0.00000     0.00000     0.00000     0.00000     0.00000
   -38.23384     0.00000     0.00000     0.00000     0.00000     0.00000     0.00000     0.00000     0.00000
   -38.20984     0.00000     0.00000     0.00000     0.00000     0.00000     0.00000     0.00000     0.00000
   -38.18684     0.00000     0.00000     0.00000     0.00000     0.00000     0.00000     0.00000     0.00000
   -38.16384     0.00000     0.00000     0.00000     0.00000     0.00000     0.00000     0.00000     0.00000
   -38.14084     0.00000     0.00000     0.00000     0.00000     0.00000     0.00000     0.00000     0.00000
   -38.11784     0.00000     0.00000     0.00000     0.00000     0.00000     0.00000     0.00000     0.00000
   -38.09384     0.00000     0.00000     0.00000     0.00000     0.00000     0.00000     0.00000     0.00000
   -38.07084     0.00000     0.00000     0.00000     0.00000     0.00000     0.00000     0.00000     0.00000
   -38.04784     0.00000     0.00000     0.00000     0.00000     0.00000     0.00000     0.00000     0.00000
   -38.02484     0.00000     0.00000     0.00000     0.00000     0.00000     0.00000     0.00000     0.00000
   -38.00184     0.00000     0.00000     0.00000     0.00000     0.00000     0.00000     0.00000     0.00000
   -37.97784     0.00000     0.00000     0.00000     0.00000     0.00000     0.00000     0.00000     0.00000
   -37.95484     0.00000     0.00000     0.00000     0.00000     0.00000     0.00000     0.00000     0.00000
   -37.93184     0.00000     0.00000     0.00000     0.00000     0.00000     0.00000     0.00000     0.00000
   -37.90884     0.00000     0.00000     0.00000     0.00000     0.00000     0.00000     0.00000     0.00000
   -37.88584     0.00000     0.00000     0.00000     0.00000     0.00000     0.00000     0.00000     0.00000
   -37.86184     0.00000     0.00000     0.00000     0.00000     0.00000     0.00000     0.00000     0.00000
   -37.83884     0.00000     0.00000     0.00000     0.00000     0.00000     0.00000     0.00000     0.00000
   -37.81584     0.00000     0.00000     0.00000     0.00000     0.00000     0.00000     0.00000     0.00000
   -37.79284     0.00000     0.00000     0.00000     0.00000     0.00000     0.00000     0.00000     0.00000
   -37.76984     0.00000     0.00000     0.00000     0.00000     0.00000     0.00000     0.00000     0.00000
   -37.74584     0.00000     0.00000     0.00000     0.00000     0.00000     0.00000     0.00000     0.00000
   -37.72284     0.00000     0.00000     0.00000     0.00000     0.00000     0.00000     0.00000     0.00000
   -37.69984     0.00000     0.00000     0.00000     0.00000     0.00000     0.00000     0.00000     0.00000
   -37.67684     0.00000     0.00000     0.00000     0.00000     0.00000     0.00000     0.00000     0.00000
   -37.65384     0.00000     0.00000     0.00000     0.00000     0.00000     0.00000     0.00000     0.00000
   -37.62984     0.00000     0.00000     0.00000     0.00000     0.00000     0.00000     0.00000     0.00000
   -37.60684     0.00000     0.00000     0.00000     0.00000     0.00000     0.00000     0.00000     0.00000
   -37.58384     0.00000     0.00000     0.00000     0.00000     0.00000     0.00000     0.00000     0.00000
   -37.56084     0.00000     0.00000     0.00000     0.00000     0.00000     0.00000     0.00000     0.00000
   -37.53784     0.00000     0.00000     0.00000     0.00000     0.00000     0.00000     0.00000     0.00000
   -37.51384     0.00000     0.00000     0.00000     0.00000     0.00000     0.00000     0.00000     0.00000
   -37.49084     0.00000     0.00000     0.00000     0.00000     0.00000     0.00000     0.00000     0.00000
   -37.46784     0.00000     0.00000     0.00000     0.00000     0.00000     0.00000     0.00000     0.00000
   -37.44484     0.00000     0.00000     0.00000     0.00000     0.00000     0.00000     0.00000     0.00000
   -37.42184     0.00000     0.00000     0.00000     0.00000     0.00000     0.00000     0.00000     0.00000
   -37.39784     0.00000     0.00000     0.00000     0.00000     0.00000     0.00000     0.00000     0.00000
   -37.37484     0.00000     0.00000     0.00000     0.00000     0.00000     0.00000     0.00000     0.00000
   -37.35184     0.00000     0.00000     0.00000     0.00000     0.00000     0.00000     0.00000     0.00000
   -37.32884     0.00000     0.00000     0.00000     0.00000     0.00000     0.00000     0.00000     0.00000
   -37.30584     0.00000     0.00000     0.00000     0.00000     0.00000     0.00000     0.00000     0.00000
   -37.28184     0.00000     0.00000     0.00000     0.00000     0.00000     0.00000     0.00000     0.00000
   -37.25884     0.00000     0.00000     0.00000     0.00000     0.00000     0.00000     0.00000     0.00000
   -37.23584     0.00000     0.00000     0.00000     0.00000     0.00000     0.00000     0.00000     0.00000
   -37.21284     0.00000     0.00000     0.00000     0.00000     0.00000     0.00000     0.00000     0.00000
   -37.18984     0.00000     0.00000     0.00000     0.00000     0.00000     0.00000     0.00000     0.00000
   -37.16584     0.00000     0.00000     0.00000     0.00000     0.00000     0.00000     0.00000     0.00000
   -37.14284     0.00000     0.00000     0.00000     0.00000     0.00000     0.00000     0.00000     0.00000
   -37.11984     0.00000     0.00000     0.00000     0.00000     0.00000     0.00000     0.00000     0.00000
   -37.09684     0.00000     0.00000     0.00000     0.00000     0.00000     0.00000     0.00000     0.00000
   -37.07384     0.00000     0.00000     0.00000     0.00000     0.00000     0.00000     0.00000     0.00000
   -37.04984     0.00000     0.00000     0.00000     0.00000     0.00000     0.00000     0.00000     0.00000
   -37.02684     0.00000     0.00000     0.00000     0.00000     0.00000     0.00000     0.00000     0.00000
   -37.00384     0.00000     0.00000     0.00000     0.00000     0.00000     0.00000     0.00000     0.00000
   -36.98084     0.00000     0.00000     0.00000     0.00000     0.00000     0.00000     0.00000     0.00000
   -36.95784     0.00000     0.00000     0.00000     0.00000     0.00000     0.00000     0.00000     0.00000
   -36.93384     0.00000     0.00000     0.00000     0.00000     0.00000     0.00000     0.00000     0.00000
   -36.91084     0.00000     0.00000     0.00000     0.00000     0.00000     0.00000     0.00000     0.00000
   -36.88784     0.00000     0.00000     0.00000     0.00000     0.00000     0.00000     0.00000     0.00000
   -36.86484     0.00000     0.00000     0.00000     0.00000     0.00000     0.00000     0.00000     0.00000
   -36.84184     0.00000     0.00000     0.00000     0.00000     0.00000     0.00000     0.00000     0.00000
   -36.81784     0.00000     0.00000     0.00000     0.00000     0.00000     0.00000     0.00000     0.00000
   -36.79484     0.00000     0.00000     0.00000     0.00000     0.00000     0.00000     0.00000     0.00000
   -36.77184     0.00000     0.00000     0.00000     0.00000     0.00000     0.00000     0.00000     0.00000
   -36.74884     0.00000     0.00000     0.00000     0.00000     0.00000     0.00000     0.00000     0.00000
   -36.72584     0.00000     0.00000     0.00000     0.00000     0.00000     0.00000     0.00000     0.00000
   -36.70184     0.00000     0.00000     0.00000     0.00000     0.00000     0.00000     0.00000     0.00000
   -36.67884     0.00000     0.00000     0.00000     0.00000     0.00000     0.00000     0.00000     0.00000
   -36.65584     0.00000     0.00001     0.00000     0.00000     0.00000     0.00000     0.00000     0.00000
   -36.63284     0.00000     0.00002     0.00000     0.00000     0.00000     0.00000     0.00000     0.00000
   -36.60984     0.00000     0.00004     0.00000     0.00000     0.00000     0.00000     0.00000     0.00000
   -36.58584     0.00000     0.00010     0.00000     0.00000     0.00000     0.00000     0.00000     0.00000
   -36.56284     0.00000     0.00023     0.00000     0.00000     0.00000     0.00000     0.00000     0.00000
   -36.53984     0.00000     0.00050     0.00000     0.00000     0.00000     0.00000     0.00000     0.00000
   -36.51684     0.00000     0.00108     0.00000     0.00000     0.00000     0.00000     0.00000     0.00000
   -36.49384     0.00000     0.00225     0.00000     0.00000     0.00000     0.00000     0.00000     0.00000
   -36.46984     0.00000     0.00457     0.00000     0.00000     0.00000     0.00000     0.00000     0.00000
   -36.44684     0.00000     0.00908     0.00000     0.00000     0.00000     0.00000     0.00000     0.00000
   -36.42384     0.00000     0.01760     0.00001     0.00000     0.00000     0.00000     0.00000     0.00000
   -36.40084     0.00001     0.03329     0.00001     0.00000     0.00000     0.00000     0.00000     0.00000
   -36.37784     0.00001     0.06145     0.00002     0.00000     0.00000     0.00000     0.00000     0.00000
   -36.35384     0.00002     0.11074     0.00004     0.00000     0.00000     0.00000     0.00000     0.00000
   -36.33084     0.00003     0.19483     0.00008     0.00000     0.00000     0.00000     0.00000     0.00000
   -36.30784     0.00005     0.33477     0.00013     0.00000     0.00000     0.00000     0.00001     0.00000
   -36.28484     0.00009     0.56188     0.00023     0.00000     0.00000     0.00000     0.00001     0.00000
   -36.26184     0.00016     0.92140     0.00038     0.00000     0.00000     0.00000     0.00002     0.00000
   -36.23784     0.00026     1.47669     0.00063     0.00000     0.00000     0.00000     0.00004     0.00000
   -36.21484     0.00042     2.31346     0.00101     0.00001     0.00000     0.00000     0.00006     0.00000
   -36.19184     0.00065     3.54402     0.00158     0.00001     0.00001     0.00000     0.00009     0.00000
   -36.16884     0.00100     5.31065     0.00243     0.00002     0.00001     0.00000     0.00014     0.00000
   -36.14584     0.00152     7.78656     0.00366     0.00003     0.00001     0.00000     0.00021     0.00000
   -36.12184     0.00224    11.17518     0.00540     0.00004     0.00002     0.00001     0.00030     0.00001
   -36.09884     0.00324    15.70474     0.00780     0.00006     0.00003     0.00001     0.00042     0.00001
   -36.07584     0.00460    21.61931     0.01104     0.00009     0.00004     0.00001     0.00059     0.00001
   -36.05284     0.00641    29.16576     0.01532     0.00013     0.00006     0.00002     0.00081     0.00002
   -36.02984     0.00876    38.57560     0.02084     0.00018     0.00008     0.00002     0.00108     0.00003
   -36.00584     0.01175    50.04300     0.02780     0.00024     0.00011     0.00003     0.00143     0.00004
   -35.98284     0.01549    63.70663     0.03638     0.00032     0.00015     0.00004     0.00185     0.00005
   -35.95984     0.02006    79.62188     0.04673     0.00042     0.00020     0.00005     0.00236     0.00007
   -35.93684     0.02554    97.74640     0.05891     0.00054     0.00025     0.00007     0.00296     0.00009
   -35.91384     0.03196   117.92769     0.07293     0.00069     0.00032     0.00009     0.00367     0.00011
   -35.88984     0.03935   139.89359     0.08869     0.00086     0.00040     0.00011     0.00449     0.00014
   -35.86684     0.04765   163.26304     0.10600     0.00106     0.00050     0.00013     0.00544     0.00017
   -35.84384     0.05680   187.55246     0.12456     0.00128     0.00060     0.00017     0.00651     0.00021
   -35.82084     0.06666   212.21143     0.14399     0.00153     0.00072     0.00020     0.00773     0.00025
   -35.79784     0.07703   236.65189     0.16384     0.00180     0.00084     0.00025     0.00910     0.00029
   -35.77384     0.08770   260.25963     0.18362     0.00209     0.00098     0.00029     0.01063     0.00034
   -35.75084     0.09840   282.45080     0.20283     0.00238     0.00111     0.00035     0.01234     0.00039
   -35.72784     0.10885   302.75320     0.22104     0.00267     0.00125     0.00041     0.01424     0.00044
   -35.70484     0.11877   320.75870     0.23787     0.00296     0.00139     0.00047     0.01631     0.00050
   -35.68184     0.12792   336.18870     0.25304     0.00324     0.00152     0.00055     0.01858     0.00055
   -35.65784     0.13603   348.88920     0.26642     0.00349     0.00164     0.00062     0.02102     0.00061
   -35.63484     0.14296   358.86090     0.27800     0.00372     0.00174     0.00069     0.02360     0.00066
   -35.61184     0.14858   366.22490     0.28790     0.00392     0.00184     0.00077     0.02630     0.00071
   -35.58884     0.15283   371.19310     0.29637     0.00408     0.00191     0.00084     0.02907     0.00076
   -35.56584     0.15572   374.09530     0.30376     0.00422     0.00198     0.00091     0.03186     0.00080
   -35.54284     0.15730   375.32340     0.31047     0.00432     0.00203     0.00098     0.03461     0.00084
   -35.51884     0.15767   375.28090     0.31695     0.00441     0.00206     0.00103     0.03726     0.00088
   -35.49584     0.15695   374.42340     0.32363     0.00447     0.00209     0.00108     0.03977     0.00091
   -35.47284     0.15528   373.17910     0.33093     0.00452     0.00211     0.00112     0.04208     0.00094
   -35.44984     0.15283   371.96480     0.33922     0.00456     0.00213     0.00115     0.04416     0.00097
   -35.42684     0.14972   371.20120     0.34875     0.00460     0.00214     0.00116     0.04598     0.00100
   -35.40284     0.14612   371.19630     0.35968     0.00464     0.00215     0.00117     0.04754     0.00102
   -35.37984     0.14216   372.25860     0.37208     0.00468     0.00217     0.00117     0.04882     0.00105
   -35.35684     0.13798   374.62510     0.38589     0.00472     0.00218     0.00116     0.04986     0.00108
   -35.33384     0.13370   378.45480     0.40093     0.00477     0.00220     0.00114     0.05067     0.00110
   -35.31084     0.12947   383.82500     0.41692     0.00482     0.00221     0.00112     0.05128     0.00113
   -35.28684     0.12535   390.74830     0.43350     0.00487     0.00223     0.00110     0.05173     0.00116
   -35.26384     0.12147   399.13890     0.45025     0.00492     0.00224     0.00108     0.05206     0.00119
   -35.24084     0.11791   408.89310     0.46668     0.00496     0.00226     0.00106     0.05231     0.00122
   -35.21784     0.11471   419.75510     0.48234     0.00501     0.00227     0.00103     0.05252     0.00125
   -35.19484     0.11193   431.46590     0.49679     0.00505     0.00229     0.00101     0.05274     0.00128
   -35.17084     0.10956   443.74880     0.50961     0.00508     0.00230     0.00100     0.05298     0.00131
   -35.14784     0.10759   456.29760     0.52049     0.00511     0.00231     0.00098     0.05330     0.00135
   -35.12484     0.10601   468.81320     0.52913     0.00512     0.00231     0.00097     0.05370     0.00139
   -35.10184     0.10475   481.03660     0.53539     0.00511     0.00231     0.00097     0.05420     0.00143
   -35.07884     0.10377   492.81580     0.53917     0.00508     0.00229     0.00096     0.05483     0.00147
   -35.05484     0.10301   503.96060     0.54046     0.00503     0.00227     0.00096     0.05556     0.00151
   -35.03184     0.10239   514.47850     0.53935     0.00495     0.00224     0.00097     0.05642     0.00155
   -35.00884     0.10186   524.34480     0.53595     0.00484     0.00220     0.00097     0.05738     0.00160
   -34.98584     0.10136   533.58810     0.53041     0.00471     0.00214     0.00098     0.05842     0.00165
   -34.96284     0.10081   542.29140     0.52289     0.00456     0.00208     0.00098     0.05953     0.00169
   -34.93884     0.10018   550.46750     0.51354     0.00438     0.00201     0.00099     0.06067     0.00173
   -34.91584     0.09939   558.05470     0.50251     0.00419     0.00193     0.00100     0.06183     0.00177
   -34.89284     0.09837   564.90050     0.48990     0.00400     0.00185     0.00100     0.06294     0.00180
   -34.86984     0.09708   570.75910     0.47579     0.00380     0.00176     0.00101     0.06398     0.00183
   -34.84684     0.09543   575.20090     0.46021     0.00361     0.00168     0.00101     0.06492     0.00185
   -34.82284     0.09338   577.75810     0.44321     0.00342     0.00160     0.00102     0.06572     0.00187
   -34.79984     0.09087   577.83500     0.42476     0.00323     0.00152     0.00102     0.06635     0.00188
   -34.77684     0.08788   574.86300     0.40494     0.00306     0.00145     0.00102     0.06677     0.00189
   -34.75384     0.08437   568.27400     0.38378     0.00289     0.00137     0.00103     0.06696     0.00188
   -34.73084     0.08035   557.62700     0.36138     0.00273     0.00130     0.00102     0.06687     0.00188
   -34.70684     0.07586   542.67750     0.33789     0.00258     0.00123     0.00102     0.06648     0.00186
   -34.68384     0.07094   523.30520     0.31353     0.00243     0.00117     0.00101     0.06577     0.00184
   -34.66084     0.06568   499.69050     0.28855     0.00228     0.00110     0.00099     0.06466     0.00181
   -34.63784     0.06017   472.21930     0.26327     0.00214     0.00103     0.00097     0.06316     0.00177
   -34.61484     0.05451   441.43550     0.23801     0.00199     0.00096     0.00094     0.06124     0.00171
   -34.59084     0.04884   408.05340     0.21313     0.00184     0.00088     0.00090     0.05888     0.00165
   -34.56784     0.04324   372.88330     0.18896     0.00169     0.00081     0.00086     0.05607     0.00157
   -34.54484     0.03784   336.77840     0.16581     0.00153     0.00074     0.00080     0.05284     0.00149
   -34.52184     0.03272   300.56760     0.14396     0.00138     0.00066     0.00075     0.04923     0.00139
   -34.49884     0.02795   265.02790     0.12361     0.00123     0.00059     0.00068     0.04530     0.00128
   -34.47484     0.02358   230.82070     0.10494     0.00108     0.00052     0.00062     0.04113     0.00116
   -34.45184     0.01965   198.50800     0.08804     0.00094     0.00045     0.00055     0.03682     0.00104
   -34.42884     0.01616   168.51128     0.07296     0.00081     0.00038     0.00048     0.03247     0.00092
   -34.40584     0.01312   141.13742     0.05970     0.00068     0.00032     0.00042     0.02819     0.00080
   -34.38284     0.01052   116.58299     0.04820     0.00057     0.00027     0.00035     0.02407     0.00069
   -34.35884     0.00831    94.90445     0.03838     0.00047     0.00022     0.00030     0.02021     0.00058
   -34.33584     0.00648    76.09596     0.03012     0.00038     0.00018     0.00024     0.01666     0.00048
   -34.31284     0.00498    60.05565     0.02327     0.00030     0.00014     0.00020     0.01349     0.00038
   -34.28984     0.00376    46.61640     0.01770     0.00023     0.00011     0.00016     0.01072     0.00031
   -34.26684     0.00280    35.56524     0.01324     0.00018     0.00008     0.00012     0.00836     0.00024
   -34.24284     0.00205    26.64958     0.00974     0.00013     0.00006     0.00009     0.00638     0.00018
   -34.21984     0.00148    19.59870     0.00703     0.00010     0.00005     0.00007     0.00478     0.00014
   -34.19684     0.00104    14.13754     0.00498     0.00007     0.00003     0.00005     0.00351     0.00010
   -34.17384     0.00072     9.99670     0.00346     0.00005     0.00002     0.00004     0.00252     0.00007
   -34.15084     0.00049     6.92471     0.00236     0.00003     0.00002     0.00003     0.00177     0.00005
   -34.12684     0.00033     4.69681     0.00158     0.00002     0.00001     0.00002     0.00122     0.00003
   -34.10384     0.00022     3.11783     0.00103     0.00001     0.00001     0.00001     0.00082     0.00002
   -34.08084     0.00014     2.02466     0.00066     0.00001     0.00000     0.00001     0.00054     0.00002
   -34.05784     0.00009     1.28569     0.00041     0.00001     0.00000     0.00000     0.00035     0.00001
   -34.03484     0.00005     0.79809     0.00025     0.00000     0.00000     0.00000     0.00022     0.00001
   -34.01084     0.00003     0.48411     0.00015     0.00000     0.00000     0.00000     0.00013     0.00000
   -33.98784     0.00002     0.28689     0.00009     0.00000     0.00000     0.00000     0.00008     0.00000
   -33.96484     0.00001     0.16605     0.00005     0.00000     0.00000     0.00000     0.00005     0.00000
   -33.94184     0.00001     0.09385     0.00003     0.00000     0.00000     0.00000     0.00003     0.00000
   -33.91884     0.00000     0.05179     0.00002     0.00000     0.00000     0.00000     0.00001     0.00000
   -33.89484     0.00000     0.02789     0.00001     0.00000     0.00000     0.00000     0.00001     0.00000
   -33.87184     0.00000     0.01466     0.00000     0.00000     0.00000     0.00000     0.00000     0.00000
   -33.84884     0.00000     0.00752     0.00000     0.00000     0.00000     0.00000     0.00000     0.00000
   -33.82584     0.00000     0.00376     0.00000     0.00000     0.00000     0.00000     0.00000     0.00000
   -33.80284     0.00000     0.00184     0.00000     0.00000     0.00000     0.00000     0.00000     0.00000
   -33.77884     0.00000     0.00087     0.00000     0.00000     0.00000     0.00000     0.00000     0.00000
   -33.75584     0.00000     0.00041     0.00000     0.00000     0.00000     0.00000     0.00000     0.00000
   -33.73284     0.00000     0.00018     0.00000     0.00000     0.00000     0.00000     0.00000     0.00000
   -33.70984     0.00000     0.00008     0.00000     0.00000     0.00000     0.00000     0.00000     0.00000
   -33.68684     0.00000     0.00003     0.00000     0.00000     0.00000     0.00000     0.00000     0.00000
   -33.66284     0.00000     0.00001     0.00000     0.00000     0.00000     0.00000     0.00000     0.00000
   -33.63984     0.00000     0.00001     0.00000     0.00000     0.00000     0.00000     0.00000     0.00000
   -33.61684     0.00000     0.00000     0.00000     0.00000     0.00000     0.00000     0.00000     0.00000
   -33.59384     0.00000     0.00000     0.00000     0.00000     0.00000     0.00000     0.00000     0.00000
   -33.57084     0.00000     0.00000     0.00000     0.00000     0.00000     0.00000     0.00000     0.00000
   -33.54684     0.00000     0.00000     0.00000     0.00000     0.00000     0.00000     0.00000     0.00000
   -33.52384     0.00000     0.00000     0.00000     0.00000     0.00000     0.00000     0.00000     0.00000
   -33.50084     0.00000     0.00000     0.00000     0.00000     0.00000     0.00000     0.00000     0.00000
   -33.47784     0.00000     0.00000     0.00000     0.00000     0.00000     0.00000     0.00000     0.00000
   -33.45484     0.00000     0.00000     0.00000     0.00000     0.00000     0.00000     0.00000     0.00000
   -33.43084     0.00000     0.00000     0.00000     0.00000     0.00000     0.00000     0.00000     0.00000
   -33.40784     0.00000     0.00000     0.00000     0.00000     0.00000     0.00000     0.00000     0.00000
   -33.38484     0.00000     0.00000     0.00000     0.00000     0.00000     0.00000     0.00000     0.00000
   -33.36184     0.00000     0.00000     0.00000     0.00000     0.00000     0.00000     0.00000     0.00000
   -33.33884     0.00000     0.00000     0.00000     0.00000     0.00000     0.00000     0.00000     0.00000
   -33.31484     0.00000     0.00000     0.00000     0.00000     0.00000     0.00000     0.00000     0.00000
   -33.29184     0.00000     0.00000     0.00000     0.00000     0.00000     0.00000     0.00000     0.00000
   -33.26884     0.00000     0.00000     0.00000     0.00000     0.00000     0.00000     0.00000     0.00000
   -33.24584     0.00000     0.00000     0.00000     0.00000     0.00000     0.00000     0.00000     0.00000
   -33.22284     0.00000     0.00000     0.00000     0.00000     0.00000     0.00000     0.00000     0.00000
   -33.19884     0.00000     0.00000     0.00000     0.00000     0.00000     0.00000     0.00000     0.00000
   -33.17584     0.00000     0.00000     0.00000     0.00000     0.00000     0.00000     0.00000     0.00000
   -33.15284     0.00000     0.00000     0.00000     0.00000     0.00000     0.00000     0.00000     0.00000
   -33.12984     0.00000     0.00000     0.00000     0.00000     0.00000     0.00000     0.00000     0.00000
   -33.10684     0.00000     0.00000     0.00000     0.00000     0.00000     0.00000     0.00000     0.00000
   -33.08284     0.00000     0.00000     0.00000     0.00000     0.00000     0.00000     0.00000     0.00000
   -33.05984     0.00000     0.00000     0.00000     0.00000     0.00000     0.00000     0.00000     0.00000
   -33.03684     0.00000     0.00000     0.00000     0.00000     0.00000     0.00000     0.00000     0.00000
   -33.01384     0.00000     0.00000     0.00000     0.00000     0.00000     0.00000     0.00000     0.00000
   -32.99084     0.00000     0.00000     0.00000     0.00000     0.00000     0.00000     0.00000     0.00000
   -32.96684     0.00000     0.00000     0.00000     0.00000     0.00000     0.00000     0.00000     0.00000
   -32.94384     0.00000     0.00000     0.00000     0.00000     0.00000     0.00000     0.00000     0.00000
   -32.92084     0.00000     0.00000     0.00000     0.00000     0.00000     0.00000     0.00000     0.00000
   -32.89784     0.00000     0.00000     0.00000     0.00000     0.00000     0.00000     0.00000     0.00000
   -32.87484     0.00000     0.00000     0.00000     0.00000     0.00000     0.00000     0.00000     0.00000
   -32.85084     0.00000     0.00000     0.00000     0.00000     0.00000     0.00000     0.00000     0.00000
   -32.82784     0.00000     0.00000     0.00000     0.00000     0.00000     0.00000     0.00000     0.00000
   -32.80484     0.00000     0.00000     0.00000     0.00000     0.00000     0.00000     0.00000     0.00000
   -32.78184     0.00000     0.00000     0.00000     0.00000     0.00000     0.00000     0.00000     0.00000
   -32.75884     0.00000     0.00000     0.00000     0.00000     0.00000     0.00000     0.00000     0.00000
   -32.73484     0.00000     0.00000     0.00000     0.00000     0.00000     0.00000     0.00000     0.00000
   -32.71184     0.00000     0.00000     0.00000     0.00000     0.00000     0.00000     0.00000     0.00000
   -32.68884     0.00000     0.00000     0.00000     0.00000     0.00000     0.00000     0.00000     0.00000
   -32.66584     0.00000     0.00000     0.00000     0.00000     0.00000     0.00000     0.00000     0.00000
   -32.64284     0.00000     0.00000     0.00000     0.00000     0.00000     0.00000     0.00000     0.00000
   -32.61884     0.00000     0.00000     0.00000     0.00000     0.00000     0.00000     0.00000     0.00000
   -32.59584     0.00000     0.00000     0.00000     0.00000     0.00000     0.00000     0.00000     0.00000
   -32.57284     0.00000     0.00000     0.00000     0.00000     0.00000     0.00000     0.00000     0.00000
   -32.54984     0.00000     0.00000     0.00000     0.00000     0.00000     0.00000     0.00000     0.00000
   -32.52684     0.00000     0.00000     0.00000     0.00000     0.00000     0.00000     0.00000     0.00000
   -32.50284     0.00000     0.00000     0.00000     0.00000     0.00000     0.00000     0.00000     0.00000
   -32.47984     0.00000     0.00000     0.00000     0.00000     0.00000     0.00000     0.00000     0.00000
   -32.45684     0.00000     0.00000     0.00000     0.00000     0.00000     0.00000     0.00000     0.00000
   -32.43384     0.00000     0.00000     0.00000     0.00000     0.00000     0.00000     0.00000     0.00000
   -32.41084     0.00000     0.00000     0.00000     0.00000     0.00000     0.00000     0.00000     0.00000
   -32.38784     0.00000     0.00000     0.00000     0.00000     0.00000     0.00000     0.00000     0.00000
   -32.36384     0.00000     0.00000     0.00000     0.00000     0.00000     0.00000     0.00000     0.00000
   -32.34084     0.00000     0.00000     0.00000     0.00000     0.00000     0.00000     0.00000     0.00000
   -32.31784     0.00000     0.00000     0.00000     0.00000     0.00000     0.00000     0.00000     0.00000
   -32.29484     0.00000     0.00000     0.00000     0.00000     0.00000     0.00000     0.00000     0.00000
   -32.27184     0.00000     0.00000     0.00000     0.00000     0.00000     0.00000     0.00000     0.00000
   -32.24784     0.00000     0.00000     0.00000     0.00000     0.00000     0.00000     0.00000     0.00000
   -32.22484     0.00000     0.00000     0.00000     0.00000     0.00000     0.00000     0.00000     0.00000
   -32.20184     0.00000     0.00000     0.00000     0.00000     0.00000     0.00000     0.00001     0.00000
   -32.17884     0.00000     0.00000     0.00000     0.00000     0.00000     0.00000     0.00002     0.00000
   -32.15584     0.00000     0.00000     0.00000     0.00000     0.00000     0.00000     0.00004     0.00000
   -32.13184     0.00000     0.00000     0.00000     0.00000     0.00000     0.00000     0.00008     0.00000
   -32.10884     0.00000     0.00000     0.00000     0.00000     0.00000     0.00000     0.00017     0.00000
   -32.08584     0.00000     0.00000     0.00000     0.00000     0.00000     0.00000     0.00035     0.00000
   -32.06284     0.00000     0.00001     0.00000     0.00001     0.00000     0.00000     0.00071     0.00000
   -32.03984     0.00000     0.00001     0.00000     0.00002     0.00000     0.00000     0.00140     0.00000
   -32.01584     0.00000     0.00003     0.00000     0.00004     0.00001     0.00000     0.00269     0.00000
   -31.99284     0.00000     0.00005     0.00000     0.00007     0.00001     0.00000     0.00504     0.00000
   -31.96984     0.00000     0.00010     0.00001     0.00013     0.00002     0.00000     0.00917     0.00000
   -31.94684     0.00000     0.00017     0.00001     0.00022     0.00004     0.00000     0.01627     0.00000
   -31.92384     0.00001     0.00030     0.00002     0.00038     0.00007     0.00000     0.02810     0.00001
   -31.89984     0.00001     0.00050     0.00003     0.00064     0.00012     0.00001     0.04728     0.00001
   -31.87684     0.00002     0.00082     0.00006     0.00104     0.00019     0.00001     0.07749     0.00002
   -31.85384     0.00003     0.00131     0.00009     0.00166     0.00031     0.00002     0.12374     0.00003
   -31.83084     0.00005     0.00203     0.00014     0.00257     0.00048     0.00003     0.19251     0.00004
   -31.80784     0.00008     0.00308     0.00021     0.00388     0.00072     0.00004     0.29193     0.00006
   -31.78384     0.00011     0.00453     0.00031     0.00569     0.00106     0.00006     0.43152     0.00009
   -31.76084     0.00016     0.00651     0.00045     0.00813     0.00153     0.00008     0.62210     0.00013
   -31.73784     0.00023     0.00911     0.00063     0.01131     0.00214     0.00012     0.87490     0.00018
   -31.71484     0.00031     0.01243     0.00086     0.01530     0.00292     0.00016     1.20096     0.00024
   -31.69184     0.00041     0.01655     0.00115     0.02017     0.00389     0.00021     1.61002     0.00032
   -31.66784     0.00053     0.02150     0.00150     0.02588     0.00507     0.00027     2.10951     0.00042
   -31.64484     0.00068     0.02729     0.00191     0.03232     0.00643     0.00034     2.70330     0.00052
   -31.62184     0.00084     0.03385     0.00238     0.03929     0.00798     0.00041     3.39180     0.00064
   -31.59884     0.00101     0.04107     0.00291     0.04651     0.00968     0.00049     4.17210     0.00076
   -31.57584     0.00121     0.04882     0.00348     0.05360     0.01147     0.00057     5.03450     0.00088
   -31.55184     0.00141     0.05693     0.00410     0.06013     0.01332     0.00064     5.97650     0.00100
   -31.52884     0.00161     0.06524     0.00474     0.06568     0.01514     0.00071     6.98240     0.00110
   -31.50584     0.00182     0.07362     0.00541     0.06983     0.01687     0.00076     8.04420     0.00119
   -31.48284     0.00203     0.08195     0.00609     0.07229     0.01846     0.00079     9.15670     0.00125
   -31.45984     0.00224     0.09026     0.00680     0.07286     0.01983     0.00080    10.31280     0.00130
   -31.43584     0.00246     0.09855     0.00753     0.07150     0.02096     0.00080    11.51270     0.00131
   -31.41284     0.00268     0.10690     0.00828     0.06831     0.02179     0.00077    12.75000     0.00130
   -31.38984     0.00291     0.11546     0.00907     0.06355     0.02233     0.00073    14.02200     0.00127
   -31.36684     0.00315     0.12428     0.00991     0.05757     0.02255     0.00068    15.32000     0.00122
   -31.34384     0.00340     0.13340     0.01078     0.05079     0.02246     0.00061    16.62800     0.00115
   -31.31984     0.00365     0.14278     0.01169     0.04364     0.02210     0.00054    17.92400     0.00108
   -31.29684     0.00391     0.15223     0.01263     0.03654     0.02146     0.00047    19.17800     0.00101
   -31.27384     0.00416     0.16147     0.01356     0.02981     0.02060     0.00040    20.34400     0.00093
   -31.25084     0.00440     0.17008     0.01445     0.02371     0.01954     0.00034    21.38300     0.00086
   -31.22784     0.00459     0.17757     0.01525     0.01839     0.01832     0.00028    22.23400     0.00079
   -31.20384     0.00474     0.18339     0.01591     0.01393     0.01700     0.00022    22.84800     0.00073
   -31.18084     0.00483     0.18700     0.01639     0.01031     0.01559     0.00018    23.17700     0.00066
   -31.15784     0.00484     0.18796     0.01664     0.00747     0.01415     0.00014    23.18300     0.00061
   -31.13484     0.00477     0.18596     0.01663     0.00530     0.01272     0.00011    22.83900     0.00055
   -31.11184     0.00463     0.18083     0.01632     0.00370     0.01131     0.00009    22.13700     0.00050
   -31.08784     0.00440     0.17267     0.01573     0.00255     0.00995     0.00007    21.09200     0.00044
   -31.06484     0.00410     0.16171     0.01486     0.00174     0.00866     0.00005    19.73200     0.00039
   -31.04184     0.00374     0.14842     0.01376     0.00119     0.00746     0.00004    18.11600     0.00034
   -31.01884     0.00335     0.13344     0.01248     0.00081     0.00634     0.00003    16.30600     0.00030
   -30.99584     0.00293     0.11740     0.01107     0.00055     0.00532     0.00003    14.37930     0.00025
   -30.97184     0.00251     0.10105     0.00960     0.00038     0.00440     0.00002    12.41680     0.00021
   -30.94884     0.00210     0.08504     0.00814     0.00027     0.00358     0.00002    10.49060     0.00017
   -30.92584     0.00172     0.06996     0.00675     0.00019     0.00287     0.00001     8.66960     0.00014
   -30.90284     0.00137     0.05623     0.00546     0.00013     0.00226     0.00001     7.00490     0.00011
   -30.87984     0.00107     0.04414     0.00432     0.00009     0.00174     0.00001     5.53320     0.00008
   -30.85584     0.00082     0.03384     0.00334     0.00007     0.00132     0.00001     4.26730     0.00006
   -30.83284     0.00061     0.02533     0.00251     0.00005     0.00098     0.00000     3.21529     0.00005
   -30.80984     0.00044     0.01851     0.00185     0.00003     0.00071     0.00000     2.36520     0.00003
   -30.78684     0.00031     0.01320     0.00133     0.00002     0.00051     0.00000     1.69834     0.00002
   -30.76384     0.00022     0.00918     0.00093     0.00001     0.00035     0.00000     1.19023     0.00002
   -30.73984     0.00015     0.00624     0.00063     0.00001     0.00024     0.00000     0.81405     0.00001
   -30.71684     0.00010     0.00413     0.00042     0.00001     0.00016     0.00000     0.54302     0.00001
   -30.69384     0.00006     0.00267     0.00027     0.00000     0.00010     0.00000     0.35340     0.00000
   -30.67084     0.00004     0.00168     0.00017     0.00000     0.00006     0.00000     0.22431     0.00000
   -30.64784     0.00002     0.00103     0.00011     0.00000     0.00004     0.00000     0.13886     0.00000
   -30.62384     0.00001     0.00062     0.00006     0.00000     0.00002     0.00000     0.08382     0.00000
   -30.60084     0.00001     0.00036     0.00004     0.00000     0.00001     0.00000     0.04933     0.00000
   -30.57784     0.00000     0.00021     0.00002     0.00000     0.00001     0.00000     0.02831     0.00000
   -30.55484     0.00000     0.00011     0.00001     0.00000     0.00000     0.00000     0.01583     0.00000
   -30.53184     0.00000     0.00006     0.00001     0.00000     0.00000     0.00000     0.00863     0.00000
   -30.50784     0.00000     0.00003     0.00000     0.00000     0.00000     0.00000     0.00459     0.00000
   -30.48484     0.00000     0.00002     0.00000     0.00000     0.00000     0.00000     0.00238     0.00000
   -30.46184     0.00000     0.00001     0.00000     0.00000     0.00000     0.00000     0.00120     0.00000
   -30.43884     0.00000     0.00000     0.00000     0.00000     0.00000     0.00000     0.00059     0.00000
   -30.41584     0.00000     0.00000     0.00000     0.00000     0.00000     0.00000     0.00028     0.00000
   -30.39184     0.00000     0.00000     0.00000     0.00000     0.00000     0.00000     0.00013     0.00000
   -30.36884     0.00000     0.00000     0.00000     0.00000     0.00000     0.00000     0.00006     0.00000
   -30.34584     0.00000     0.00000     0.00000     0.00000     0.00000     0.00000     0.00003     0.00000
   -30.32284     0.00000     0.00000     0.00000     0.00000     0.00000     0.00000     0.00001     0.00000
   -30.29984     0.00000     0.00000     0.00000     0.00000     0.00000     0.00000     0.00000     0.00000
   -30.27584     0.00000     0.00000     0.00000     0.00000     0.00000     0.00000     0.00000     0.00000
   -30.25284     0.00000     0.00000     0.00000     0.00000     0.00000     0.00000     0.00000     0.00000
   -30.22984     0.00000     0.00000     0.00000     0.00000     0.00000     0.00000     0.00000     0.00000
   -30.20684     0.00000     0.00000     0.00000     0.00000     0.00000     0.00000     0.00000     0.00000
   -30.18384     0.00000     0.00000     0.00000     0.00000     0.00000     0.00000     0.00000     0.00000
   -30.15984     0.00000     0.00000     0.00000     0.00000     0.00000     0.00000     0.00000     0.00000
   -30.13684     0.00000     0.00000     0.00000     0.00000     0.00000     0.00000     0.00000     0.00000
   -30.11384     0.00000     0.00000     0.00000     0.00000     0.00000     0.00000     0.00000     0.00000
   -30.09084     0.00000     0.00000     0.00000     0.00000     0.00000     0.00000     0.00000     0.00000
   -30.06784     0.00000     0.00000     0.00000     0.00000     0.00000     0.00000     0.00000     0.00000
   -30.04384     0.00000     0.00000     0.00000     0.00000     0.00000     0.00000     0.00000     0.00000
   -30.02084     0.00000     0.00000     0.00000     0.00000     0.00000     0.00000     0.00000     0.00000
   -29.99784     0.00000     0.00000     0.00000     0.00000     0.00000     0.00000     0.00000     0.00000
   -29.97484     0.00000     0.00000     0.00000     0.00000     0.00000     0.00000     0.00000     0.00000
   -29.95184     0.00000     0.00000     0.00000     0.00000     0.00000     0.00000     0.00000     0.00000
   -29.92784     0.00000     0.00000     0.00000     0.00000     0.00000     0.00000     0.00000     0.00000
   -29.90484     0.00000     0.00000     0.00000     0.00000     0.00000     0.00000     0.00000     0.00000
   -29.88184     0.00000     0.00000     0.00000     0.00000     0.00000     0.00000     0.00000     0.00000
   -29.85884     0.00000     0.00000     0.00000     0.00000     0.00000     0.00000     0.00000     0.00000
   -29.83584     0.00000     0.00000     0.00000     0.00000     0.00000     0.00000     0.00000     0.00000
   -29.81184     0.00000     0.00000     0.00000     0.00000     0.00000     0.00000     0.00000     0.00000
   -29.78884     0.00000     0.00000     0.00000     0.00000     0.00000     0.00000     0.00000     0.00000
   -29.76584     0.00000     0.00000     0.00000     0.00000     0.00000     0.00000     0.00000     0.00000
   -29.74284     0.00000     0.00000     0.00000     0.00000     0.00000     0.00000     0.00000     0.00000
   -29.71984     0.00000     0.00000     0.00000     0.00000     0.00000     0.00000     0.00000     0.00000
   -29.69584     0.00000     0.00000     0.00000     0.00000     0.00000     0.00000     0.00000     0.00000
   -29.67284     0.00000     0.00000     0.00000     0.00000     0.00000     0.00000     0.00000     0.00000
   -29.64984     0.00000     0.00000     0.00000     0.00000     0.00000     0.00000     0.00000     0.00000
   -29.62684     0.00000     0.00000     0.00000     0.00000     0.00000     0.00000     0.00000     0.00000
   -29.60384     0.00000     0.00000     0.00000     0.00000     0.00000     0.00000     0.00000     0.00000
   -29.57984     0.00000     0.00000     0.00000     0.00000     0.00000     0.00000     0.00000     0.00000
   -29.55684     0.00000     0.00000     0.00000     0.00000     0.00000     0.00000     0.00000     0.00000
   -29.53384     0.00000     0.00000     0.00000     0.00000     0.00000     0.00000     0.00000     0.00000
   -29.51084     0.00000     0.00000     0.00000     0.00000     0.00000     0.00000     0.00000     0.00000
   -29.48784     0.00000     0.00000     0.00000     0.00000     0.00000     0.00000     0.00000     0.00000
   -29.46384     0.00000     0.00000     0.00000     0.00000     0.00000     0.00000     0.00000     0.00000
   -29.44084     0.00000     0.00000     0.00000     0.00000     0.00000     0.00000     0.00000     0.00000
   -29.41784     0.00000     0.00000     0.00000     0.00000     0.00000     0.00000     0.00000     0.00000
   -29.39484     0.00000     0.00000     0.00000     0.00000     0.00000     0.00000     0.00000     0.00000
   -29.37184     0.00000     0.00000     0.00000     0.00000     0.00000     0.00000     0.00000     0.00000
   -29.34784     0.00000     0.00000     0.00000     0.00000     0.00000     0.00000     0.00000     0.00000
   -29.32484     0.00000     0.00000     0.00000     0.00000     0.00000     0.00000     0.00000     0.00000
   -29.30184     0.00000     0.00000     0.00000     0.00000     0.00000     0.00000     0.00000     0.00000
   -29.27884     0.00000     0.00000     0.00000     0.00000     0.00000     0.00000     0.00000     0.00000
   -29.25584     0.00000     0.00000     0.00000     0.00000     0.00000     0.00000     0.00000     0.00000
   -29.23184     0.00000     0.00000     0.00000     0.00000     0.00000     0.00000     0.00000     0.00000
   -29.20884     0.00000     0.00000     0.00000     0.00000     0.00000     0.00000     0.00000     0.00000
   -29.18584     0.00000     0.00000     0.00000     0.00000     0.00000     0.00000     0.00000     0.00000
   -29.16284     0.00000     0.00000     0.00000     0.00000     0.00000     0.00000     0.00000     0.00000
   -29.13984     0.00000     0.00000     0.00000     0.00000     0.00000     0.00000     0.00000     0.00000
   -29.11684     0.00000     0.00000     0.00000     0.00000     0.00000     0.00000     0.00000     0.00000
   -29.09284     0.00000     0.00000     0.00000     0.00000     0.00000     0.00000     0.00000     0.00000
   -29.06984     0.00000     0.00000     0.00000     0.00000     0.00000     0.00000     0.00000     0.00000
   -29.04684     0.00000     0.00000     0.00000     0.00000     0.00000     0.00000     0.00000     0.00000
   -29.02384     0.00000     0.00000     0.00000     0.00000     0.00000     0.00000     0.00000     0.00000
   -29.00084     0.00000     0.00000     0.00000     0.00000     0.00000     0.00000     0.00000     0.00000
   -28.97684     0.00000     0.00000     0.00000     0.00000     0.00000     0.00000     0.00000     0.00000
   -28.95384     0.00000     0.00000     0.00000     0.00000     0.00000     0.00000     0.00000     0.00000
   -28.93084     0.00000     0.00000     0.00000     0.00000     0.00000     0.00000     0.00000     0.00000
   -28.90784     0.00000     0.00000     0.00000     0.00000     0.00000     0.00000     0.00000     0.00000
   -28.88484     0.00000     0.00000     0.00000     0.00000     0.00000     0.00000     0.00000     0.00000
   -28.86084     0.00000     0.00000     0.00000     0.00000     0.00000     0.00000     0.00000     0.00000
   -28.83784     0.00000     0.00000     0.00000     0.00000     0.00000     0.00000     0.00000     0.00000
   -28.81484     0.00000     0.00000     0.00000     0.00000     0.00000     0.00000     0.00000     0.00000
   -28.79184     0.00000     0.00000     0.00000     0.00000     0.00000     0.00000     0.00000     0.00000
   -28.76884     0.00000     0.00000     0.00000     0.00000     0.00000     0.00000     0.00000     0.00000
   -28.74484     0.00000     0.00000     0.00000     0.00000     0.00000     0.00000     0.00000     0.00000
   -28.72184     0.00000     0.00000     0.00000     0.00000     0.00000     0.00000     0.00000     0.00000
   -28.69884     0.00000     0.00000     0.00000     0.00000     0.00000     0.00000     0.00000     0.00000
   -28.67584     0.00000     0.00000     0.00000     0.00000     0.00000     0.00000     0.00000     0.00000
   -28.65284     0.00000     0.00000     0.00000     0.00000     0.00000     0.00000     0.00000     0.00000
   -28.62884     0.00000     0.00000     0.00000     0.00000     0.00000     0.00000     0.00000     0.00000
   -28.60584     0.00000     0.00000     0.00000     0.00000     0.00000     0.00000     0.00000     0.00000
   -28.58284     0.00000     0.00000     0.00000     0.00000     0.00000     0.00000     0.00000     0.00000
   -28.55984     0.00000     0.00000     0.00000     0.00000     0.00000     0.00000     0.00000     0.00000
   -28.53684     0.00000     0.00000     0.00000     0.00000     0.00000     0.00000     0.00000     0.00000
   -28.51284     0.00000     0.00000     0.00000     0.00000     0.00000     0.00000     0.00000     0.00000
   -28.48984     0.00000     0.00000     0.00000     0.00000     0.00000     0.00000     0.00000     0.00000
   -28.46684     0.00000     0.00000     0.00000     0.00000     0.00000     0.00000     0.00000     0.00000
   -28.44384     0.00000     0.00000     0.00000     0.00000     0.00000     0.00000     0.00000     0.00000
   -28.42084     0.00000     0.00000     0.00000     0.00000     0.00000     0.00000     0.00000     0.00000
   -28.39684     0.00000     0.00000     0.00000     0.00000     0.00000     0.00000     0.00000     0.00000
   -28.37384     0.00000     0.00000     0.00000     0.00000     0.00000     0.00000     0.00000     0.00000
   -28.35084     0.00000     0.00000     0.00000     0.00000     0.00000     0.00000     0.00000     0.00000
   -28.32784     0.00000     0.00000     0.00000     0.00000     0.00000     0.00000     0.00000     0.00000
   -28.30484     0.00000     0.00000     0.00000     0.00000     0.00000     0.00000     0.00000     0.00000
   -28.28084     0.00000     0.00000     0.00000     0.00000     0.00000     0.00000     0.00000     0.00000
   -28.25784     0.00000     0.00000     0.00000     0.00000     0.00000     0.00000     0.00000     0.00000
   -28.23484     0.00000     0.00000     0.00000     0.00000     0.00000     0.00000     0.00000     0.00000
   -28.21184     0.00000     0.00000     0.00000     0.00000     0.00000     0.00000     0.00000     0.00000
   -28.18884     0.00000     0.00000     0.00000     0.00000     0.00000     0.00000     0.00000     0.00000
   -28.16484     0.00000     0.00000     0.00000     0.00000     0.00000     0.00000     0.00000     0.00000
   -28.14184     0.00000     0.00000     0.00000     0.00000     0.00000     0.00000     0.00000     0.00000
   -28.11884     0.00000     0.00000     0.00000     0.00000     0.00000     0.00000     0.00000     0.00000
   -28.09584     0.00000     0.00000     0.00000     0.00000     0.00000     0.00000     0.00000     0.00000
   -28.07284     0.00000     0.00000     0.00000     0.00000     0.00000     0.00000     0.00000     0.00000
   -28.04884     0.00000     0.00000     0.00000     0.00000     0.00000     0.00000     0.00000     0.00000
   -28.02584     0.00000     0.00000     0.00000     0.00000     0.00000     0.00000     0.00000     0.00000
   -28.00284     0.00000     0.00000     0.00000     0.00000     0.00000     0.00000     0.00000     0.00000
   -27.97984     0.00000     0.00000     0.00000     0.00000     0.00000     0.00000     0.00000     0.00000
   -27.95684     0.00000     0.00000     0.00000     0.00000     0.00000     0.00000     0.00000     0.00000
   -27.93284     0.00000     0.00000     0.00000     0.00000     0.00000     0.00000     0.00000     0.00000
   -27.90984     0.00000     0.00000     0.00000     0.00000     0.00000     0.00000     0.00000     0.00000
   -27.88684     0.00000     0.00000     0.00000     0.00000     0.00000     0.00000     0.00000     0.00000
   -27.86384     0.00000     0.00000     0.00000     0.00000     0.00000     0.00000     0.00000     0.00000
   -27.84084     0.00000     0.00000     0.00000     0.00000     0.00000     0.00000     0.00000     0.00000
   -27.81684     0.00000     0.00000     0.00000     0.00000     0.00000     0.00000     0.00000     0.00000
   -27.79384     0.00000     0.00000     0.00000     0.00000     0.00000     0.00000     0.00000     0.00000
   -27.77084     0.00000     0.00000     0.00000     0.00000     0.00000     0.00000     0.00000     0.00000
   -27.74784     0.00000     0.00000     0.00000     0.00000     0.00000     0.00000     0.00000     0.00000
   -27.72484     0.00000     0.00000     0.00000     0.00000     0.00000     0.00000     0.00000     0.00000
   -27.70084     0.00000     0.00000     0.00000     0.00000     0.00000     0.00000     0.00000     0.00000
   -27.67784     0.00000     0.00000     0.00000     0.00000     0.00000     0.00000     0.00000     0.00000
   -27.65484     0.00000     0.00000     0.00000     0.00000     0.00000     0.00000     0.00000     0.00000
   -27.63184     0.00000     0.00000     0.00000     0.00000     0.00000     0.00000     0.00000     0.00000
   -27.60884     0.00000     0.00000     0.00000     0.00000     0.00000     0.00000     0.00000     0.00000
   -27.58484     0.00000     0.00000     0.00000     0.00000     0.00000     0.00000     0.00000     0.00000
   -27.56184     0.00000     0.00000     0.00000     0.00000     0.00000     0.00000     0.00000     0.00000
   -27.53884     0.00000     0.00000     0.00000     0.00000     0.00000     0.00000     0.00000     0.00000
   -27.51584     0.00000     0.00000     0.00000     0.00000     0.00000     0.00000     0.00000     0.00000
   -27.49284     0.00000     0.00000     0.00000     0.00000     0.00000     0.00000     0.00000     0.00000
   -27.46884     0.00000     0.00000     0.00000     0.00000     0.00000     0.00000     0.00000     0.00000
   -27.44584     0.00000     0.00000     0.00000     0.00000     0.00000     0.00000     0.00000     0.00000
   -27.42284     0.00000     0.00000     0.00000     0.00000     0.00000     0.00000     0.00000     0.00000
   -27.39984     0.00000     0.00000     0.00000     0.00000     0.00000     0.00000     0.00000     0.00000
   -27.37684     0.00000     0.00000     0.00000     0.00000     0.00000     0.00000     0.00000     0.00000
   -27.35284     0.00000     0.00000     0.00000     0.00000     0.00000     0.00000     0.00000     0.00000
   -27.32984     0.00000     0.00000     0.00000     0.00000     0.00000     0.00000     0.00000     0.00000
   -27.30684     0.00000     0.00000     0.00000     0.00000     0.00000     0.00000     0.00000     0.00000
   -27.28384     0.00000     0.00000     0.00000     0.00000     0.00000     0.00000     0.00000     0.00000
   -27.26084     0.00000     0.00000     0.00000     0.00000     0.00000     0.00000     0.00000     0.00000
   -27.23684     0.00000     0.00000     0.00000     0.00000     0.00000     0.00000     0.00000     0.00000
   -27.21384     0.00000     0.00000     0.00000     0.00000     0.00000     0.00000     0.00000     0.00000
   -27.19084     0.00000     0.00000     0.00000     0.00000     0.00000     0.00000     0.00000     0.00000
   -27.16784     0.00000     0.00000     0.00000     0.00000     0.00000     0.00000     0.00000     0.00000
   -27.14484     0.00000     0.00000     0.00000     0.00000     0.00000     0.00000     0.00000     0.00000
   -27.12084     0.00000     0.00000     0.00000     0.00000     0.00000     0.00000     0.00000     0.00000
   -27.09784     0.00000     0.00000     0.00000     0.00000     0.00000     0.00000     0.00000     0.00000
   -27.07484     0.00000     0.00000     0.00000     0.00000     0.00000     0.00000     0.00000     0.00000
   -27.05184     0.00000     0.00000     0.00000     0.00000     0.00000     0.00000     0.00000     0.00000
   -27.02884     0.00000     0.00000     0.00000     0.00000     0.00000     0.00000     0.00000     0.00000
   -27.00484     0.00000     0.00000     0.00000     0.00000     0.00000     0.00000     0.00000     0.00000
   -26.98184     0.00000     0.00000     0.00000     0.00000     0.00000     0.00000     0.00000     0.00000
   -26.95884     0.00000     0.00000     0.00000     0.00000     0.00000     0.00000     0.00000     0.00000
   -26.93584     0.00000     0.00000     0.00000     0.00000     0.00000     0.00000     0.00000     0.00000
   -26.91284     0.00000     0.00000     0.00000     0.00000     0.00000     0.00000     0.00000     0.00000
   -26.88884     0.00000     0.00000     0.00000     0.00000     0.00000     0.00000     0.00000     0.00000
   -26.86584     0.00000     0.00000     0.00000     0.00000     0.00000     0.00000     0.00000     0.00000
   -26.84284     0.00000     0.00000     0.00000     0.00000     0.00000     0.00000     0.00000     0.00000
   -26.81984     0.00000     0.00000     0.00000     0.00000     0.00000     0.00000     0.00000     0.00000
   -26.79684     0.00000     0.00000     0.00000     0.00000     0.00000     0.00000     0.00000     0.00000
   -26.77284     0.00000     0.00000     0.00000     0.00000     0.00000     0.00000     0.00000     0.00000
   -26.74984     0.00000     0.00000     0.00000     0.00000     0.00000     0.00000     0.00000     0.00000
   -26.72684     0.00000     0.00000     0.00000     0.00000     0.00000     0.00000     0.00000     0.00000
   -26.70384     0.00000     0.00000     0.00000     0.00000     0.00000     0.00000     0.00000     0.00000
   -26.68084     0.00000     0.00000     0.00000     0.00000     0.00000     0.00000     0.00000     0.00000
   -26.65684     0.00000     0.00000     0.00000     0.00000     0.00000     0.00000     0.00000     0.00000
   -26.63384     0.00000     0.00000     0.00000     0.00000     0.00000     0.00000     0.00000     0.00000
   -26.61084     0.00000     0.00000     0.00000     0.00000     0.00000     0.00000     0.00000     0.00000
   -26.58784     0.00000     0.00000     0.00000     0.00000     0.00000     0.00000     0.00000     0.00000
   -26.56484     0.00000     0.00000     0.00000     0.00000     0.00000     0.00000     0.00000     0.00000
   -26.54084     0.00000     0.00000     0.00000     0.00000     0.00000     0.00000     0.00000     0.00000
   -26.51784     0.00000     0.00000     0.00000     0.00000     0.00000     0.00000     0.00000     0.00000
   -26.49484     0.00000     0.00000     0.00000     0.00000     0.00000     0.00000     0.00000     0.00000
   -26.47184     0.00000     0.00000     0.00000     0.00000     0.00000     0.00000     0.00000     0.00000
   -26.44884     0.00000     0.00000     0.00000     0.00000     0.00000     0.00000     0.00000     0.00000
   -26.42484     0.00000     0.00000     0.00000     0.00000     0.00000     0.00000     0.00000     0.00000
   -26.40184     0.00000     0.00000     0.00000     0.00000     0.00000     0.00000     0.00000     0.00000
   -26.37884     0.00000     0.00000     0.00000     0.00000     0.00000     0.00000     0.00000     0.00000
   -26.35584     0.00000     0.00000     0.00000     0.00000     0.00000     0.00000     0.00000     0.00000
   -26.33284     0.00000     0.00000     0.00000     0.00000     0.00000     0.00000     0.00000     0.00000
   -26.30884     0.00000     0.00000     0.00000     0.00000     0.00000     0.00000     0.00000     0.00000
   -26.28584     0.00000     0.00000     0.00000     0.00000     0.00000     0.00000     0.00000     0.00000
   -26.26284     0.00000     0.00000     0.00000     0.00000     0.00000     0.00000     0.00000     0.00000
   -26.23984     0.00000     0.00000     0.00000     0.00000     0.00000     0.00000     0.00000     0.00000
   -26.21684     0.00000     0.00000     0.00000     0.00000     0.00000     0.00000     0.00000     0.00000
   -26.19284     0.00000     0.00000     0.00000     0.00000     0.00000     0.00000     0.00000     0.00000
   -26.16984     0.00000     0.00000     0.00000     0.00000     0.00000     0.00000     0.00000     0.00000
   -26.14684     0.00000     0.00000     0.00000     0.00000     0.00000     0.00000     0.00000     0.00000
   -26.12384     0.00000     0.00000     0.00000     0.00000     0.00000     0.00000     0.00000     0.00000
   -26.10084     0.00000     0.00000     0.00000     0.00000     0.00000     0.00000     0.00000     0.00000
   -26.07684     0.00000     0.00000     0.00000     0.00000     0.00000     0.00000     0.00000     0.00000
   -26.05384     0.00000     0.00000     0.00000     0.00000     0.00000     0.00000     0.00000     0.00000
   -26.03084     0.00000     0.00000     0.00000     0.00000     0.00000     0.00000     0.00000     0.00000
   -26.00784     0.00000     0.00000     0.00000     0.00000     0.00000     0.00000     0.00000     0.00000
   -25.98484     0.00000     0.00000     0.00000     0.00000     0.00000     0.00000     0.00000     0.00000
   -25.96184     0.00000     0.00000     0.00000     0.00000     0.00000     0.00000     0.00000     0.00000
   -25.93784     0.00000     0.00000     0.00000     0.00000     0.00000     0.00000     0.00000     0.00000
   -25.91484     0.00000     0.00000     0.00000     0.00000     0.00000     0.00000     0.00000     0.00000
   -25.89184     0.00000     0.00000     0.00000     0.00000     0.00000     0.00000     0.00000     0.00000
   -25.86884     0.00000     0.00000     0.00000     0.00000     0.00000     0.00000     0.00000     0.00000
   -25.84584     0.00000     0.00000     0.00000     0.00000     0.00000     0.00000     0.00000     0.00000
   -25.82184     0.00000     0.00000     0.00000     0.00000     0.00000     0.00000     0.00000     0.00000
   -25.79884     0.00000     0.00000     0.00000     0.00000     0.00000     0.00000     0.00000     0.00000
   -25.77584     0.00000     0.00000     0.00000     0.00000     0.00000     0.00000     0.00000     0.00000
   -25.75284     0.00000     0.00000     0.00000     0.00000     0.00000     0.00000     0.00000     0.00000
   -25.72984     0.00000     0.00000     0.00000     0.00000     0.00000     0.00000     0.00000     0.00000
   -25.70584     0.00000     0.00000     0.00000     0.00000     0.00000     0.00000     0.00000     0.00000
   -25.68284     0.00000     0.00000     0.00000     0.00000     0.00000     0.00000     0.00000     0.00000
   -25.65984     0.00000     0.00000     0.00000     0.00000     0.00000     0.00000     0.00000     0.00000
   -25.63684     0.00000     0.00000     0.00000     0.00000     0.00000     0.00000     0.00000     0.00000
   -25.61384     0.00000     0.00000     0.00000     0.00000     0.00000     0.00000     0.00000     0.00000
   -25.58984     0.00000     0.00000     0.00000     0.00000     0.00000     0.00000     0.00000     0.00000
   -25.56684     0.00000     0.00000     0.00000     0.00000     0.00000     0.00000     0.00000     0.00000
   -25.54384     0.00000     0.00000     0.00000     0.00000     0.00000     0.00000     0.00000     0.00000
   -25.52084     0.00000     0.00000     0.00000     0.00000     0.00000     0.00000     0.00000     0.00000
   -25.49784     0.00000     0.00000     0.00000     0.00000     0.00000     0.00000     0.00000     0.00000
   -25.47384     0.00000     0.00000     0.00000     0.00000     0.00000     0.00000     0.00000     0.00000
   -25.45084     0.00000     0.00000     0.00000     0.00000     0.00000     0.00000     0.00000     0.00000
   -25.42784     0.00000     0.00000     0.00000     0.00000     0.00000     0.00000     0.00000     0.00000
   -25.40484     0.00000     0.00000     0.00000     0.00000     0.00000     0.00000     0.00000     0.00000
   -25.38184     0.00000     0.00000     0.00000     0.00000     0.00000     0.00000     0.00000     0.00000
   -25.35784     0.00000     0.00000     0.00000     0.00000     0.00000     0.00000     0.00000     0.00000
   -25.33484     0.00000     0.00000     0.00000     0.00000     0.00000     0.00000     0.00000     0.00000
   -25.31184     0.00000     0.00000     0.00000     0.00000     0.00000     0.00000     0.00000     0.00000
   -25.28884     0.00000     0.00000     0.00000     0.00000     0.00000     0.00000     0.00000     0.00000
   -25.26584     0.00000     0.00000     0.00000     0.00000     0.00000     0.00000     0.00000     0.00000
   -25.24184     0.00000     0.00000     0.00000     0.00000     0.00000     0.00000     0.00000     0.00000
   -25.21884     0.00000     0.00000     0.00000     0.00000     0.00000     0.00000     0.00000     0.00000
   -25.19584     0.00000     0.00000     0.00000     0.00000     0.00000     0.00000     0.00000     0.00000
   -25.17284     0.00000     0.00000     0.00000     0.00000     0.00000     0.00000     0.00000     0.00000
   -25.14984     0.00000     0.00000     0.00000     0.00000     0.00000     0.00000     0.00000     0.00000
   -25.12584     0.00000     0.00000     0.00000     0.00000     0.00000     0.00000     0.00000     0.00000
   -25.10284     0.00000     0.00000     0.00000     0.00000     0.00000     0.00000     0.00000     0.00000
   -25.07984     0.00000     0.00000     0.00000     0.00000     0.00000     0.00000     0.00000     0.00000
   -25.05684     0.00000     0.00000     0.00000     0.00000     0.00000     0.00000     0.00000     0.00000
   -25.03384     0.00000     0.00000     0.00000     0.00000     0.00000     0.00000     0.00000     0.00000
   -25.00984     0.00000     0.00000     0.00000     0.00000     0.00000     0.00000     0.00000     0.00000
   -24.98684     0.00000     0.00000     0.00000     0.00000     0.00000     0.00000     0.00000     0.00000
   -24.96384     0.00000     0.00000     0.00000     0.00000     0.00000     0.00000     0.00000     0.00000
   -24.94084     0.00000     0.00000     0.00000     0.00000     0.00000     0.00000     0.00000     0.00000
   -24.91784     0.00000     0.00000     0.00000     0.00000     0.00000     0.00000     0.00000     0.00000
   -24.89384     0.00000     0.00000     0.00000     0.00000     0.00000     0.00000     0.00000     0.00000
   -24.87084     0.00000     0.00000     0.00000     0.00000     0.00000     0.00000     0.00000     0.00000
   -24.84784     0.00000     0.00000     0.00000     0.00000     0.00000     0.00000     0.00000     0.00000
   -24.82484     0.00000     0.00000     0.00000     0.00000     0.00000     0.00000     0.00000     0.00000
   -24.80184     0.00000     0.00000     0.00000     0.00000     0.00000     0.00000     0.00000     0.00000
   -24.77784     0.00000     0.00000     0.00000     0.00000     0.00000     0.00000     0.00000     0.00000
   -24.75484     0.00000     0.00000     0.00000     0.00000     0.00000     0.00000     0.00000     0.00000
   -24.73184     0.00000     0.00000     0.00000     0.00000     0.00000     0.00000     0.00000     0.00000
   -24.70884     0.00000     0.00000     0.00000     0.00000     0.00000     0.00000     0.00000     0.00000
   -24.68584     0.00000     0.00000     0.00000     0.00000     0.00000     0.00000     0.00000     0.00000
   -24.66184     0.00000     0.00000     0.00000     0.00000     0.00000     0.00000     0.00000     0.00000
   -24.63884     0.00000     0.00000     0.00000     0.00000     0.00000     0.00000     0.00000     0.00000
   -24.61584     0.00000     0.00000     0.00000     0.00000     0.00000     0.00000     0.00000     0.00000
   -24.59284     0.00000     0.00000     0.00000     0.00000     0.00000     0.00000     0.00000     0.00000
   -24.56984     0.00000     0.00000     0.00000     0.00000     0.00000     0.00000     0.00000     0.00000
   -24.54584     0.00000     0.00000     0.00000     0.00000     0.00000     0.00000     0.00000     0.00000
   -24.52284     0.00000     0.00000     0.00000     0.00000     0.00000     0.00000     0.00000     0.00000
   -24.49984     0.00000     0.00000     0.00000     0.00000     0.00000     0.00000     0.00000     0.00000
   -24.47684     0.00000     0.00000     0.00000     0.00000     0.00000     0.00000     0.00000     0.00000
   -24.45384     0.00000     0.00000     0.00000     0.00000     0.00000     0.00000     0.00000     0.00000
   -24.42984     0.00000     0.00000     0.00000     0.00000     0.00000     0.00000     0.00000     0.00000
   -24.40684     0.00000     0.00000     0.00000     0.00000     0.00000     0.00000     0.00000     0.00000
   -24.38384     0.00000     0.00000     0.00000     0.00000     0.00000     0.00000     0.00000     0.00000
   -24.36084     0.00000     0.00000     0.00000     0.00000     0.00000     0.00000     0.00000     0.00000
   -24.33784     0.00000     0.00000     0.00000     0.00000     0.00000     0.00000     0.00000     0.00000
   -24.31384     0.00000     0.00000     0.00000     0.00000     0.00000     0.00000     0.00000     0.00000
   -24.29084     0.00000     0.00000     0.00000     0.00000     0.00000     0.00000     0.00000     0.00000
   -24.26784     0.00000     0.00000     0.00000     0.00000     0.00000     0.00000     0.00000     0.00000
   -24.24484     0.00000     0.00000     0.00000     0.00000     0.00000     0.00000     0.00000     0.00000
   -24.22184     0.00000     0.00000     0.00000     0.00000     0.00000     0.00000     0.00000     0.00000
   -24.19784     0.00000     0.00000     0.00000     0.00000     0.00000     0.00000     0.00000     0.00000
   -24.17484     0.00000     0.00000     0.00000     0.00000     0.00000     0.00000     0.00000     0.00000
   -24.15184     0.00000     0.00000     0.00000     0.00000     0.00000     0.00000     0.00000     0.00000
   -24.12884     0.00000     0.00000     0.00000     0.00000     0.00000     0.00000     0.00000     0.00000
   -24.10584     0.00000     0.00000     0.00000     0.00000     0.00000     0.00000     0.00000     0.00000
   -24.08184     0.00000     0.00000     0.00000     0.00000     0.00000     0.00000     0.00000     0.00000
   -24.05884     0.00000     0.00000     0.00000     0.00000     0.00000     0.00000     0.00000     0.00000
   -24.03584     0.00000     0.00000     0.00000     0.00000     0.00000     0.00000     0.00000     0.00000
   -24.01284     0.00000     0.00000     0.00000     0.00000     0.00000     0.00000     0.00000     0.00000
   -23.98984     0.00000     0.00000     0.00000     0.00000     0.00000     0.00000     0.00000     0.00000
   -23.96584     0.00000     0.00000     0.00000     0.00000     0.00000     0.00000     0.00000     0.00000
   -23.94284     0.00000     0.00000     0.00000     0.00000     0.00000     0.00000     0.00000     0.00000
   -23.91984     0.00000     0.00000     0.00000     0.00000     0.00000     0.00000     0.00000     0.00000
   -23.89684     0.00000     0.00000     0.00000     0.00000     0.00000     0.00000     0.00000     0.00000
   -23.87384     0.00000     0.00000     0.00000     0.00000     0.00000     0.00000     0.00000     0.00000
   -23.84984     0.00000     0.00000     0.00000     0.00000     0.00000     0.00000     0.00000     0.00000
   -23.82684     0.00000     0.00000     0.00000     0.00000     0.00000     0.00000     0.00000     0.00000
   -23.80384     0.00000     0.00000     0.00000     0.00000     0.00000     0.00000     0.00000     0.00000
   -23.78084     0.00000     0.00000     0.00000     0.00000     0.00000     0.00000     0.00000     0.00000
   -23.75784     0.00000     0.00000     0.00000     0.00000     0.00000     0.00000     0.00000     0.00000
   -23.73384     0.00000     0.00000     0.00000     0.00000     0.00000     0.00000     0.00000     0.00000
   -23.71084     0.00000     0.00000     0.00000     0.00000     0.00000     0.00000     0.00000     0.00000
   -23.68784     0.00000     0.00000     0.00000     0.00000     0.00000     0.00000     0.00000     0.00000
   -23.66484     0.00000     0.00000     0.00000     0.00000     0.00000     0.00000     0.00000     0.00000
   -23.64184     0.00000     0.00000     0.00000     0.00000     0.00000     0.00000     0.00000     0.00000
   -23.61784     0.00000     0.00000     0.00000     0.00000     0.00000     0.00000     0.00000     0.00000
   -23.59484     0.00000     0.00000     0.00000     0.00000     0.00000     0.00000     0.00000     0.00000
   -23.57184     0.00000     0.00000     0.00000     0.00000     0.00000     0.00000     0.00000     0.00000
   -23.54884     0.00000     0.00000     0.00000     0.00000     0.00000     0.00000     0.00000     0.00000
   -23.52584     0.00000     0.00000     0.00000     0.00000     0.00000     0.00000     0.00000     0.00000
   -23.50184     0.00000     0.00000     0.00000     0.00000     0.00000     0.00000     0.00000     0.00000
   -23.47884     0.00000     0.00000     0.00000     0.00000     0.00000     0.00000     0.00000     0.00000
   -23.45584     0.00000     0.00000     0.00000     0.00000     0.00000     0.00000     0.00000     0.00000
   -23.43284     0.00000     0.00000     0.00000     0.00000     0.00000     0.00000     0.00000     0.00000
   -23.40984     0.00000     0.00000     0.00000     0.00000     0.00000     0.00000     0.00000     0.00000
   -23.38584     0.00000     0.00000     0.00000     0.00000     0.00000     0.00000     0.00000     0.00000
   -23.36284     0.00000     0.00000     0.00000     0.00000     0.00000     0.00000     0.00000     0.00000
   -23.33984     0.00000     0.00000     0.00000     0.00000     0.00000     0.00000     0.00000     0.00000
   -23.31684     0.00000     0.00000     0.00000     0.00000     0.00000     0.00000     0.00000     0.00000
   -23.29384     0.00000     0.00000     0.00000     0.00000     0.00000     0.00000     0.00000     0.00000
   -23.26984     0.00000     0.00000     0.00000     0.00000     0.00000     0.00000     0.00000     0.00000
   -23.24684     0.00000     0.00000     0.00000     0.00000     0.00000     0.00000     0.00000     0.00000
   -23.22384     0.00000     0.00000     0.00000     0.00000     0.00000     0.00000     0.00000     0.00000
   -23.20084     0.00000     0.00000     0.00000     0.00000     0.00000     0.00000     0.00000     0.00000
   -23.17784     0.00000     0.00000     0.00000     0.00000     0.00000     0.00000     0.00000     0.00000
   -23.15384     0.00000     0.00000     0.00000     0.00000     0.00000     0.00000     0.00000     0.00000
   -23.13084     0.00000     0.00000     0.00000     0.00000     0.00000     0.00000     0.00000     0.00000
   -23.10784     0.00000     0.00000     0.00000     0.00000     0.00000     0.00000     0.00000     0.00000
   -23.08484     0.00000     0.00000     0.00000     0.00000     0.00000     0.00000     0.00000     0.00000
   -23.06184     0.00000     0.00000     0.00000     0.00000     0.00000     0.00000     0.00000     0.00000
   -23.03784     0.00000     0.00000     0.00000     0.00000     0.00000     0.00000     0.00000     0.00000
   -23.01484     0.00000     0.00000     0.00000     0.00000     0.00000     0.00000     0.00000     0.00000
   -22.99184     0.00000     0.00000     0.00000     0.00000     0.00000     0.00000     0.00000     0.00000
   -22.96884     0.00000     0.00000     0.00000     0.00000     0.00000     0.00000     0.00000     0.00000
   -22.94584     0.00000     0.00000     0.00000     0.00000     0.00000     0.00000     0.00000     0.00000
   -22.92184     0.00000     0.00000     0.00000     0.00000     0.00000     0.00000     0.00000     0.00000
   -22.89884     0.00000     0.00000     0.00000     0.00000     0.00000     0.00000     0.00000     0.00000
   -22.87584     0.00000     0.00000     0.00000     0.00000     0.00000     0.00000     0.00000     0.00000
   -22.85284     0.00000     0.00000     0.00000     0.00000     0.00000     0.00000     0.00000     0.00000
   -22.82984     0.00000     0.00000     0.00000     0.00000     0.00000     0.00000     0.00000     0.00000
   -22.80584     0.00000     0.00000     0.00000     0.00000     0.00000     0.00000     0.00000     0.00000
   -22.78284     0.00000     0.00000     0.00000     0.00000     0.00000     0.00000     0.00000     0.00000
   -22.75984     0.00000     0.00000     0.00000     0.00000     0.00000     0.00000     0.00000     0.00000
   -22.73684     0.00000     0.00000     0.00000     0.00000     0.00000     0.00000     0.00000     0.00000
   -22.71384     0.00000     0.00000     0.00000     0.00000     0.00000     0.00000     0.00000     0.00000
   -22.69084     0.00000     0.00000     0.00000     0.00000     0.00000     0.00000     0.00000     0.00000
   -22.66684     0.00000     0.00000     0.00000     0.00000     0.00000     0.00000     0.00000     0.00000
   -22.64384     0.00000     0.00000     0.00000     0.00000     0.00000     0.00000     0.00000     0.00000
   -22.62084     0.00000     0.00000     0.00000     0.00000     0.00000     0.00000     0.00000     0.00000
   -22.59784     0.00000     0.00000     0.00000     0.00000     0.00000     0.00000     0.00000     0.00000
   -22.57484     0.00000     0.00000     0.00000     0.00000     0.00000     0.00000     0.00000     0.00000
   -22.55084     0.00000     0.00000     0.00000     0.00000     0.00000     0.00000     0.00000     0.00000
   -22.52784     0.00000     0.00000     0.00000     0.00000     0.00000     0.00000     0.00000     0.00000
   -22.50484     0.00000     0.00000     0.00000     0.00000     0.00000     0.00000     0.00000     0.00000
   -22.48184     0.00000     0.00000     0.00000     0.00000     0.00000     0.00000     0.00000     0.00000
   -22.45884     0.00000     0.00000     0.00000     0.00000     0.00000     0.00000     0.00000     0.00000
   -22.43484     0.00000     0.00000     0.00000     0.00000     0.00000     0.00000     0.00000     0.00000
   -22.41184     0.00000     0.00000     0.00000     0.00000     0.00000     0.00000     0.00000     0.00000
   -22.38884     0.00000     0.00000     0.00000     0.00000     0.00000     0.00000     0.00000     0.00000
   -22.36584     0.00000     0.00000     0.00000     0.00000     0.00000     0.00000     0.00000     0.00000
   -22.34284     0.00000     0.00000     0.00000     0.00000     0.00000     0.00000     0.00000     0.00000
   -22.31884     0.00000     0.00000     0.00000     0.00000     0.00000     0.00000     0.00000     0.00000
   -22.29584     0.00000     0.00000     0.00000     0.00000     0.00000     0.00000     0.00000     0.00000
   -22.27284     0.00000     0.00000     0.00000     0.00000     0.00000     0.00000     0.00000     0.00000
   -22.24984     0.00000     0.00000     0.00000     0.00000     0.00000     0.00000     0.00000     0.00000
   -22.22684     0.00000     0.00000     0.00000     0.00000     0.00000     0.00000     0.00000     0.00000
   -22.20284     0.00000     0.00000     0.00000     0.00000     0.00000     0.00000     0.00000     0.00000
   -22.17984     0.00000     0.00000     0.00000     0.00000     0.00000     0.00000     0.00000     0.00000
   -22.15684     0.00000     0.00000     0.00000     0.00000     0.00000     0.00000     0.00000     0.00000
   -22.13384     0.00000     0.00000     0.00000     0.00000     0.00000     0.00000     0.00000     0.00000
   -22.11084     0.00000     0.00000     0.00000     0.00000     0.00000     0.00000     0.00000     0.00000
   -22.08684     0.00000     0.00000     0.00000     0.00000     0.00000     0.00000     0.00000     0.00000
   -22.06384     0.00000     0.00000     0.00000     0.00000     0.00000     0.00000     0.00000     0.00000
   -22.04084     0.00000     0.00000     0.00000     0.00000     0.00000     0.00000     0.00000     0.00000
   -22.01784     0.00000     0.00000     0.00000     0.00000     0.00000     0.00000     0.00000     0.00000
   -21.99484     0.00000     0.00000     0.00000     0.00000     0.00000     0.00000     0.00000     0.00000
   -21.97084     0.00000     0.00000     0.00000     0.00000     0.00000     0.00000     0.00000     0.00000
   -21.94784     0.00000     0.00000     0.00000     0.00000     0.00000     0.00000     0.00000     0.00000
   -21.92484     0.00000     0.00000     0.00000     0.00000     0.00000     0.00000     0.00000     0.00000
   -21.90184     0.00000     0.00000     0.00000     0.00000     0.00000     0.00000     0.00000     0.00000
   -21.87884     0.00000     0.00000     0.00000     0.00000     0.00000     0.00000     0.00000     0.00000
   -21.85484     0.00000     0.00000     0.00000     0.00000     0.00000     0.00000     0.00000     0.00000
   -21.83184     0.00000     0.00000     0.00000     0.00000     0.00000     0.00000     0.00000     0.00000
   -21.80884     0.00000     0.00000     0.00000     0.00000     0.00000     0.00000     0.00000     0.00000
   -21.78584     0.00000     0.00000     0.00000     0.00000     0.00000     0.00000     0.00000     0.00000
   -21.76284     0.00000     0.00000     0.00000     0.00000     0.00000     0.00000     0.00000     0.00000
   -21.73884     0.00000     0.00000     0.00000     0.00000     0.00000     0.00000     0.00000     0.00000
   -21.71584     0.00000     0.00000     0.00000     0.00000     0.00000     0.00000     0.00000     0.00000
   -21.69284     0.00000     0.00000     0.00000     0.00000     0.00000     0.00000     0.00000     0.00000
   -21.66984     0.00000     0.00000     0.00000     0.00000     0.00000     0.00000     0.00000     0.00000
   -21.64684     0.00000     0.00000     0.00000     0.00000     0.00000     0.00000     0.00000     0.00000
   -21.62284     0.00000     0.00000     0.00000     0.00000     0.00000     0.00000     0.00000     0.00000
   -21.59984     0.00000     0.00000     0.00000     0.00000     0.00000     0.00000     0.00000     0.00000
   -21.57684     0.00000     0.00000     0.00000     0.00000     0.00000     0.00000     0.00000     0.00000
   -21.55384     0.00000     0.00000     0.00000     0.00000     0.00000     0.00000     0.00000     0.00000
   -21.53084     0.00000     0.00000     0.00000     0.00000     0.00000     0.00000     0.00000     0.00000
   -21.50684     0.00000     0.00000     0.00000     0.00000     0.00000     0.00000     0.00000     0.00000
   -21.48384     0.00000     0.00000     0.00000     0.00000     0.00000     0.00000     0.00000     0.00000
   -21.46084     0.00000     0.00000     0.00000     0.00000     0.00000     0.00000     0.00000     0.00000
   -21.43784     0.00000     0.00000     0.00000     0.00000     0.00000     0.00000     0.00000     0.00000
   -21.41484     0.00000     0.00000     0.00000     0.00000     0.00000     0.00000     0.00000     0.00000
   -21.39084     0.00000     0.00000     0.00000     0.00000     0.00000     0.00000     0.00000     0.00000
   -21.36784     0.00000     0.00000     0.00000     0.00000     0.00000     0.00000     0.00000     0.00000
   -21.34484     0.00000     0.00000     0.00000     0.00000     0.00000     0.00000     0.00000     0.00000
   -21.32184     0.00000     0.00000     0.00000     0.00000     0.00000     0.00000     0.00000     0.00000
   -21.29884     0.00000     0.00000     0.00000     0.00000     0.00000     0.00000     0.00000     0.00000
   -21.27484     0.00000     0.00000     0.00000     0.00000     0.00000     0.00000     0.00000     0.00000
   -21.25184     0.00000     0.00000     0.00000     0.00000     0.00000     0.00000     0.00000     0.00000
   -21.22884     0.00000     0.00000     0.00000     0.00000     0.00000     0.00000     0.00000     0.00000
   -21.20584     0.00000     0.00000     0.00000     0.00000     0.00000     0.00000     0.00000     0.00000
   -21.18284     0.00000     0.00000     0.00000     0.00000     0.00000     0.00000     0.00000     0.00000
   -21.15884     0.00000     0.00000     0.00000     0.00000     0.00000     0.00000     0.00000     0.00000
   -21.13584     0.00000     0.00000     0.00000     0.00000     0.00000     0.00000     0.00000     0.00000
   -21.11284     0.00000     0.00000     0.00000     0.00000     0.00000     0.00000     0.00000     0.00000
   -21.08984     0.00000     0.00000     0.00000     0.00000     0.00000     0.00000     0.00000     0.00000
   -21.06684     0.00000     0.00000     0.00000     0.00000     0.00000     0.00000     0.00000     0.00000
   -21.04284     0.00000     0.00000     0.00000     0.00000     0.00000     0.00000     0.00000     0.00000
   -21.01984     0.00000     0.00000     0.00000     0.00000     0.00000     0.00000     0.00000     0.00000
   -20.99684     0.00000     0.00000     0.00000     0.00000     0.00000     0.00000     0.00000     0.00000
   -20.97384     0.00000     0.00000     0.00000     0.00000     0.00000     0.00000     0.00000     0.00000
   -20.95084     0.00000     0.00000     0.00000     0.00000     0.00000     0.00000     0.00000     0.00000
   -20.92684     0.00000     0.00000     0.00000     0.00000     0.00000     0.00000     0.00000     0.00000
   -20.90384     0.00000     0.00000     0.00000     0.00000     0.00000     0.00000     0.00000     0.00000
   -20.88084     0.00000     0.00000     0.00000     0.00000     0.00000     0.00000     0.00000     0.00000
   -20.85784     0.00000     0.00000     0.00000     0.00000     0.00000     0.00000     0.00000     0.00000
   -20.83484     0.00000     0.00000     0.00000     0.00000     0.00000     0.00000     0.00000     0.00000
   -20.81084     0.00000     0.00000     0.00000     0.00000     0.00000     0.00000     0.00000     0.00000
   -20.78784     0.00000     0.00000     0.00000     0.00000     0.00000     0.00000     0.00000     0.00000
   -20.76484     0.00000     0.00000     0.00000     0.00000     0.00000     0.00000     0.00000     0.00000
   -20.74184     0.00000     0.00000     0.00000     0.00000     0.00000     0.00000     0.00000     0.00000
   -20.71884     0.00000     0.00000     0.00000     0.00000     0.00000     0.00000     0.00000     0.00000
   -20.69484     0.00000     0.00000     0.00000     0.00000     0.00000     0.00000     0.00000     0.00000
   -20.67184     0.00000     0.00000     0.00000     0.00000     0.00000     0.00000     0.00000     0.00000
   -20.64884     0.00000     0.00000     0.00000     0.00000     0.00000     0.00000     0.00000     0.00000
   -20.62584     0.00000     0.00000     0.00000     0.00000     0.00000     0.00000     0.00000     0.00000
   -20.60284     0.00000     0.00000     0.00000     0.00000     0.00000     0.00000     0.00000     0.00000
   -20.57884     0.00000     0.00000     0.00000     0.00000     0.00000     0.00000     0.00000     0.00000
   -20.55584     0.00000     0.00000     0.00000     0.00000     0.00000     0.00000     0.00000     0.00000
   -20.53284     0.00000     0.00000     0.00000     0.00000     0.00000     0.00000     0.00000     0.00000
   -20.50984     0.00000     0.00000     0.00000     0.00000     0.00000     0.00000     0.00000     0.00000
   -20.48684     0.00000     0.00000     0.00000     0.00000     0.00000     0.00000     0.00000     0.00000
   -20.46284     0.00000     0.00000     0.00000     0.00000     0.00000     0.00000     0.00000     0.00000
   -20.43984     0.00000     0.00000     0.00000     0.00000     0.00000     0.00000     0.00000     0.00000
   -20.41684     0.00000     0.00000     0.00000     0.00000     0.00000     0.00000     0.00000     0.00000
   -20.39384     0.00000     0.00000     0.00000     0.00000     0.00000     0.00000     0.00000     0.00000
   -20.37084     0.00000     0.00000     0.00000     0.00000     0.00000     0.00000     0.00000     0.00000
   -20.34684     0.00000     0.00000     0.00000     0.00000     0.00000     0.00000     0.00000     0.00000
   -20.32384     0.00000     0.00000     0.00000     0.00000     0.00000     0.00000     0.00000     0.00000
   -20.30084     0.00000     0.00000     0.00000     0.00000     0.00000     0.00000     0.00000     0.00000
   -20.27784     0.00000     0.00000     0.00000     0.00000     0.00000     0.00000     0.00000     0.00000
   -20.25484     0.00000     0.00000     0.00000     0.00000     0.00000     0.00000     0.00000     0.00000
   -20.23084     0.00000     0.00000     0.00000     0.00000     0.00000     0.00000     0.00000     0.00000
   -20.20784     0.00000     0.00000     0.00000     0.00000     0.00000     0.00000     0.00000     0.00000
   -20.18484     0.00000     0.00000     0.00000     0.00000     0.00000     0.00000     0.00000     0.00000
   -20.16184     0.00000     0.00000     0.00000     0.00000     0.00000     0.00000     0.00000     0.00000
   -20.13884     0.00000     0.00000     0.00000     0.00000     0.00000     0.00000     0.00000     0.00000
   -20.11484     0.00000     0.00000     0.00000     0.00000     0.00000     0.00000     0.00000     0.00000
   -20.09184     0.00000     0.00000     0.00000     0.00000     0.00000     0.00000     0.00000     0.00000
   -20.06884     0.00000     0.00000     0.00000     0.00000     0.00000     0.00000     0.00000     0.00000
   -20.04584     0.00000     0.00000     0.00000     0.00000     0.00000     0.00000     0.00000     0.00000
   -20.02284     0.00000     0.00000     0.00000     0.00000     0.00000     0.00000     0.00000     0.00000
   -19.99884     0.00000     0.00000     0.00000     0.00000     0.00000     0.00000     0.00000     0.00000
   -19.97584     0.00000     0.00000     0.00000     0.00000     0.00000     0.00000     0.00000     0.00000
   -19.95284     0.00000     0.00000     0.00000     0.00000     0.00000     0.00000     0.00000     0.00000
   -19.92984     0.00000     0.00000     0.00000     0.00000     0.00000     0.00000     0.00000     0.00000
   -19.90684     0.00000     0.00000     0.00000     0.00000     0.00000     0.00000     0.00000     0.00000
   -19.88284     0.00000     0.00000     0.00000     0.00000     0.00000     0.00000     0.00000     0.00000
   -19.85984     0.00000     0.00000     0.00000     0.00000     0.00000     0.00000     0.00000     0.00000
   -19.83684     0.00000     0.00000     0.00000     0.00000     0.00000     0.00000     0.00000     0.00000
   -19.81384     0.00000     0.00000     0.00000     0.00000     0.00000     0.00000     0.00000     0.00000
   -19.79084     0.00000     0.00000     0.00000     0.00000     0.00000     0.00000     0.00000     0.00000
   -19.76684     0.00000     0.00000     0.00000     0.00000     0.00000     0.00000     0.00000     0.00000
   -19.74384     0.00000     0.00000     0.00000     0.00000     0.00000     0.00000     0.00000     0.00000
   -19.72084     0.00000     0.00000     0.00000     0.00001     0.00000     0.00000     0.00000     0.00000
   -19.69784     0.00000     0.00000     0.00000     0.00002     0.00000     0.00000     0.00000     0.00000
   -19.67484     0.00000     0.00000     0.00000     0.00004     0.00000     0.00000     0.00000     0.00000
   -19.65084     0.00000     0.00000     0.00000     0.00008     0.00000     0.00000     0.00000     0.00000
   -19.62784     0.00000     0.00000     0.00000     0.00017     0.00000     0.00000     0.00001     0.00000
   -19.60484     0.00000     0.00000     0.00001     0.00035     0.00000     0.00000     0.00001     0.00001
   -19.58184     0.00000     0.00001     0.00001     0.00070     0.00001     0.00001     0.00003     0.00002
   -19.55884     0.00001     0.00001     0.00002     0.00137     0.00001     0.00001     0.00005     0.00003
   -19.53584     0.00001     0.00003     0.00004     0.00261     0.00002     0.00002     0.00010     0.00006
   -19.51184     0.00003     0.00005     0.00008     0.00483     0.00004     0.00004     0.00019     0.00012
   -19.48884     0.00005     0.00008     0.00014     0.00871     0.00007     0.00008     0.00035     0.00021
   -19.46584     0.00008     0.00015     0.00025     0.01530     0.00013     0.00014     0.00061     0.00037
   -19.44284     0.00014     0.00025     0.00042     0.02616     0.00022     0.00023     0.00105     0.00064
   -19.41984     0.00023     0.00042     0.00070     0.04353     0.00037     0.00039     0.00174     0.00106
   -19.39584     0.00037     0.00068     0.00114     0.07053     0.00060     0.00063     0.00283     0.00172
   -19.37284     0.00058     0.00108     0.00180     0.11130     0.00095     0.00099     0.00446     0.00271
   -19.34984     0.00090     0.00166     0.00276     0.17080     0.00145     0.00152     0.00684     0.00417
   -19.32684     0.00134     0.00248     0.00413     0.25540     0.00217     0.00228     0.01023     0.00623
   -19.30384     0.00195     0.00361     0.00601     0.37160     0.00316     0.00332     0.01489     0.00906
   -19.27984     0.00276     0.00511     0.00851     0.52650     0.00448     0.00470     0.02109     0.01284
   -19.25684     0.00381     0.00705     0.01173     0.72610     0.00618     0.00648     0.02909     0.01770
   -19.23384     0.00511     0.00946     0.01575     0.97490     0.00830     0.00870     0.03905     0.02377
   -19.21084     0.00668     0.01237     0.02059     1.27400     0.01085     0.01137     0.05104     0.03107
   -19.18784     0.00850     0.01574     0.02620     1.62100     0.01381     0.01447     0.06496     0.03953
   -19.16384     0.01053     0.01949     0.03245     2.00900     0.01711     0.01792     0.08045     0.04897
   -19.14084     0.01270     0.02351     0.03914     2.42200     0.02063     0.02162     0.09703     0.05905
   -19.11784     0.01491     0.02759     0.04595     2.84400     0.02422     0.02538     0.11390     0.06933
   -19.09484     0.01703     0.03154     0.05251     3.25000     0.02767     0.02900     0.13018     0.07923
   -19.07184     0.01896     0.03509     0.05842     3.61600     0.03080     0.03227     0.14484     0.08816
   -19.04784     0.02053     0.03800     0.06327     3.91600     0.03335     0.03495     0.15687     0.09549
   -19.02484     0.02164     0.04007     0.06672     4.13000     0.03517     0.03685     0.16541     0.10068
   -19.00184     0.02222     0.04114     0.06850     4.23900     0.03610     0.03783     0.16980     0.10335
   -18.97884     0.02220     0.04111     0.06844     4.23600     0.03607     0.03780     0.16968     0.10328
   -18.95584     0.02160     0.03999     0.06659     4.12100     0.03509     0.03677     0.16508     0.10047
   -18.93184     0.02046     0.03787     0.06306     3.90300     0.03324     0.03483     0.15635     0.09516
   -18.90884     0.01887     0.03492     0.05813     3.59800     0.03065     0.03211     0.14414     0.08773
   -18.88584     0.01693     0.03135     0.05218     3.23000     0.02750     0.02882     0.12937     0.07875
   -18.86284     0.01480     0.02738     0.04560     2.82200     0.02403     0.02518     0.11303     0.06880
   -18.83984     0.01259     0.02329     0.03878     2.40000     0.02045     0.02142     0.09615     0.05853
   -18.81584     0.01042     0.01929     0.03212     1.98800     0.01693     0.01774     0.07962     0.04846
   -18.79284     0.00840     0.01555     0.02589     1.60200     0.01365     0.01430     0.06418     0.03907
   -18.76984     0.00659     0.01220     0.02032     1.25800     0.01071     0.01122     0.05038     0.03066
   -18.74684     0.00504     0.00932     0.01553     0.96080     0.00818     0.00857     0.03849     0.02343
   -18.72384     0.00375     0.00693     0.01155     0.71460     0.00609     0.00638     0.02863     0.01742
   -18.69984     0.00271     0.00502     0.00836     0.51740     0.00441     0.00462     0.02073     0.01262
   -18.67684     0.00191     0.00354     0.00589     0.36470     0.00311     0.00326     0.01461     0.00889
   -18.65384     0.00131     0.00243     0.00404     0.25030     0.00213     0.00223     0.01003     0.00610
   -18.63084     0.00088     0.00162     0.00270     0.16720     0.00142     0.00149     0.00670     0.00408
   -18.60784     0.00057     0.00106     0.00176     0.10870     0.00093     0.00097     0.00435     0.00265
   -18.58384     0.00036     0.00067     0.00111     0.06884     0.00059     0.00061     0.00276     0.00168
   -18.56084     0.00022     0.00041     0.00069     0.04243     0.00036     0.00038     0.00170     0.00103
   -18.53784     0.00013     0.00025     0.00041     0.02546     0.00022     0.00023     0.00102     0.00062
   -18.51484     0.00008     0.00014     0.00024     0.01487     0.00013     0.00013     0.00060     0.00036
   -18.49184     0.00004     0.00008     0.00014     0.00846     0.00007     0.00008     0.00034     0.00021
   -18.46784     0.00002     0.00005     0.00008     0.00468     0.00004     0.00004     0.00019     0.00011
   -18.44484     0.00001     0.00002     0.00004     0.00252     0.00002     0.00002     0.00010     0.00006
   -18.42184     0.00001     0.00001     0.00002     0.00132     0.00001     0.00001     0.00005     0.00003
   -18.39884     0.00000     0.00001     0.00001     0.00068     0.00001     0.00001     0.00003     0.00002
   -18.37584     0.00000     0.00000     0.00001     0.00034     0.00000     0.00000     0.00001     0.00001
   -18.35184     0.00000     0.00000     0.00000     0.00016     0.00000     0.00000     0.00001     0.00000
   -18.32884     0.00000     0.00000     0.00000     0.00008     0.00000     0.00000     0.00000     0.00000
   -18.30584     0.00000     0.00000     0.00000     0.00004     0.00000     0.00000     0.00000     0.00000
   -18.28284     0.00000     0.00000     0.00000     0.00002     0.00000     0.00000     0.00000     0.00000
   -18.25984     0.00000     0.00000     0.00000     0.00001     0.00000     0.00000     0.00000     0.00000
   -18.23584     0.00000     0.00000     0.00000     0.00000     0.00000     0.00000     0.00000     0.00000
   -18.21284     0.00000     0.00000     0.00000     0.00000     0.00000     0.00000     0.00000     0.00000
   -18.18984     0.00000     0.00000     0.00000     0.00000     0.00000     0.00000     0.00000     0.00000
   -18.16684     0.00000     0.00000     0.00000     0.00000     0.00000     0.00000     0.00000     0.00000
   -18.14384     0.00000     0.00000     0.00000     0.00000     0.00000     0.00000     0.00000     0.00000
   -18.11984     0.00000     0.00000     0.00000     0.00000     0.00000     0.00000     0.00000     0.00000
   -18.09684     0.00000     0.00000     0.00000     0.00000     0.00000     0.00000     0.00000     0.00000
   -18.07384     0.00000     0.00000     0.00000     0.00000     0.00000     0.00000     0.00000     0.00000
   -18.05084     0.00000     0.00000     0.00000     0.00000     0.00000     0.00000     0.00000     0.00000
   -18.02784     0.00000     0.00000     0.00000     0.00000     0.00000     0.00000     0.00000     0.00000
   -18.00384     0.00000     0.00000     0.00000     0.00000     0.00000     0.00000     0.00000     0.00000
   -17.98084     0.00000     0.00000     0.00000     0.00000     0.00000     0.00000     0.00000     0.00000
   -17.95784     0.00000     0.00000     0.00000     0.00000     0.00000     0.00000     0.00000     0.00000
   -17.93484     0.00000     0.00000     0.00000     0.00000     0.00000     0.00000     0.00000     0.00000
   -17.91184     0.00000     0.00000     0.00000     0.00000     0.00000     0.00000     0.00000     0.00000
   -17.88784     0.00000     0.00000     0.00000     0.00000     0.00000     0.00000     0.00000     0.00000
   -17.86484     0.00000     0.00000     0.00000     0.00000     0.00000     0.00000     0.00000     0.00000
   -17.84184     0.00000     0.00000     0.00000     0.00000     0.00000     0.00000     0.00000     0.00000
   -17.81884     0.00000     0.00000     0.00000     0.00000     0.00000     0.00000     0.00000     0.00000
   -17.79584     0.00000     0.00000     0.00000     0.00000     0.00000     0.00000     0.00000     0.00000
   -17.77184     0.00000     0.00000     0.00000     0.00000     0.00000     0.00000     0.00000     0.00000
   -17.74884     0.00000     0.00000     0.00000     0.00000     0.00000     0.00000     0.00000     0.00000
   -17.72584     0.00000     0.00000     0.00000     0.00000     0.00000     0.00000     0.00000     0.00000
   -17.70284     0.00000     0.00000     0.00000     0.00000     0.00000     0.00000     0.00000     0.00000
   -17.67984     0.00000     0.00000     0.00000     0.00000     0.00000     0.00000     0.00000     0.00000
   -17.65584     0.00000     0.00000     0.00000     0.00000     0.00000     0.00000     0.00000     0.00000
   -17.63284     0.00000     0.00000     0.00000     0.00000     0.00000     0.00000     0.00000     0.00000
   -17.60984     0.00000     0.00000     0.00000     0.00000     0.00000     0.00000     0.00000     0.00000
   -17.58684     0.00000     0.00000     0.00000     0.00000     0.00000     0.00000     0.00000     0.00000
   -17.56384     0.00000     0.00000     0.00000     0.00000     0.00000     0.00000     0.00000     0.00000
   -17.53984     0.00000     0.00000     0.00000     0.00000     0.00000     0.00000     0.00000     0.00000
   -17.51684     0.00000     0.00000     0.00000     0.00000     0.00000     0.00000     0.00000     0.00000
   -17.49384     0.00000     0.00000     0.00000     0.00000     0.00000     0.00000     0.00000     0.00000
   -17.47084     0.00000     0.00000     0.00000     0.00000     0.00000     0.00000     0.00000     0.00000
   -17.44784     0.00000     0.00000     0.00000     0.00000     0.00000     0.00000     0.00000     0.00000
   -17.42384     0.00000     0.00000     0.00000     0.00000     0.00000     0.00000     0.00000     0.00000
   -17.40084     0.00000     0.00000     0.00000     0.00000     0.00000     0.00000     0.00000     0.00000
   -17.37784     0.00000     0.00000     0.00000     0.00000     0.00000     0.00000     0.00000     0.00000
   -17.35484     0.00000     0.00000     0.00000     0.00000     0.00000     0.00000     0.00000     0.00000
   -17.33184     0.00000     0.00000     0.00000     0.00000     0.00000     0.00000     0.00000     0.00000
   -17.30784     0.00000     0.00000     0.00000     0.00000     0.00000     0.00000     0.00000     0.00000
   -17.28484     0.00000     0.00000     0.00000     0.00000     0.00000     0.00000     0.00000     0.00000
   -17.26184     0.00000     0.00000     0.00000     0.00000     0.00000     0.00000     0.00000     0.00000
   -17.23884     0.00000     0.00000     0.00000     0.00000     0.00000     0.00000     0.00000     0.00000
   -17.21584     0.00000     0.00000     0.00000     0.00000     0.00000     0.00000     0.00000     0.00000
   -17.19184     0.00000     0.00000     0.00000     0.00000     0.00000     0.00000     0.00000     0.00000
   -17.16884     0.00000     0.00000     0.00000     0.00000     0.00000     0.00000     0.00000     0.00000
   -17.14584     0.00000     0.00000     0.00000     0.00000     0.00000     0.00000     0.00000     0.00000
   -17.12284     0.00000     0.00000     0.00000     0.00000     0.00000     0.00000     0.00000     0.00000
   -17.09984     0.00000     0.00000     0.00000     0.00000     0.00000     0.00000     0.00000     0.00000
   -17.07584     0.00000     0.00000     0.00000     0.00000     0.00000     0.00000     0.00000     0.00000
   -17.05284     0.00000     0.00000     0.00000     0.00000     0.00000     0.00000     0.00000     0.00000
   -17.02984     0.00000     0.00000     0.00000     0.00000     0.00000     0.00000     0.00000     0.00000
   -17.00684     0.00000     0.00000     0.00000     0.00000     0.00000     0.00000     0.00000     0.00000
   -16.98384     0.00000     0.00000     0.00000     0.00000     0.00000     0.00000     0.00000     0.00000
   -16.95984     0.00000     0.00000     0.00000     0.00000     0.00000     0.00000     0.00000     0.00000
   -16.93684     0.00000     0.00000     0.00000     0.00000     0.00000     0.00000     0.00000     0.00000
   -16.91384     0.00000     0.00000     0.00000     0.00000     0.00000     0.00000     0.00000     0.00000
   -16.89084     0.00000     0.00000     0.00000     0.00000     0.00000     0.00000     0.00000     0.00000
   -16.86784     0.00000     0.00000     0.00000     0.00000     0.00000     0.00000     0.00000     0.00000
   -16.84384     0.00000     0.00000     0.00000     0.00000     0.00000     0.00000     0.00000     0.00000
   -16.82084     0.00000     0.00000     0.00000     0.00000     0.00000     0.00000     0.00000     0.00000
   -16.79784     0.00000     0.00000     0.00000     0.00000     0.00000     0.00000     0.00000     0.00000
   -16.77484     0.00000     0.00000     0.00000     0.00000     0.00000     0.00000     0.00000     0.00000
   -16.75184     0.00000     0.00000     0.00000     0.00000     0.00000     0.00000     0.00000     0.00000
   -16.72784     0.00000     0.00000     0.00000     0.00000     0.00000     0.00000     0.00000     0.00000
   -16.70484     0.00000     0.00000     0.00000     0.00000     0.00000     0.00000     0.00000     0.00000
   -16.68184     0.00000     0.00000     0.00000     0.00000     0.00000     0.00000     0.00000     0.00000
   -16.65884     0.00000     0.00000     0.00000     0.00000     0.00000     0.00000     0.00000     0.00000
   -16.63584     0.00000     0.00000     0.00000     0.00000     0.00000     0.00000     0.00000     0.00000
   -16.61184     0.00000     0.00000     0.00000     0.00000     0.00000     0.00000     0.00000     0.00000
   -16.58884     0.00000     0.00000     0.00000     0.00000     0.00000     0.00000     0.00000     0.00000
   -16.56584     0.00000     0.00000     0.00000     0.00000     0.00000     0.00000     0.00000     0.00000
   -16.54284     0.00000     0.00000     0.00000     0.00000     0.00000     0.00000     0.00000     0.00000
   -16.51984     0.00000     0.00000     0.00000     0.00000     0.00000     0.00000     0.00000     0.00000
   -16.49584     0.00000     0.00000     0.00000     0.00000     0.00000     0.00000     0.00000     0.00000
   -16.47284     0.00000     0.00000     0.00000     0.00000     0.00000     0.00000     0.00000     0.00000
   -16.44984     0.00000     0.00000     0.00000     0.00000     0.00000     0.00000     0.00000     0.00000
   -16.42684     0.00000     0.00000     0.00000     0.00000     0.00000     0.00000     0.00000     0.00000
   -16.40384     0.00000     0.00000     0.00000     0.00000     0.00000     0.00000     0.00000     0.00000
   -16.37984     0.00000     0.00000     0.00000     0.00000     0.00000     0.00000     0.00000     0.00000
   -16.35684     0.00000     0.00000     0.00000     0.00000     0.00000     0.00000     0.00000     0.00000
   -16.33384     0.00000     0.00000     0.00000     0.00000     0.00000     0.00000     0.00000     0.00000
   -16.31084     0.00000     0.00000     0.00000     0.00000     0.00000     0.00000     0.00000     0.00000
   -16.28784     0.00000     0.00000     0.00000     0.00000     0.00000     0.00000     0.00000     0.00000
   -16.26484     0.00000     0.00000     0.00000     0.00000     0.00000     0.00000     0.00000     0.00000
   -16.24084     0.00000     0.00000     0.00000     0.00000     0.00000     0.00000     0.00000     0.00000
   -16.21784     0.00000     0.00000     0.00000     0.00000     0.00000     0.00000     0.00000     0.00000
   -16.19484     0.00000     0.00000     0.00000     0.00000     0.00000     0.00000     0.00000     0.00000
   -16.17184     0.00000     0.00000     0.00000     0.00000     0.00000     0.00000     0.00000     0.00000
   -16.14884     0.00000     0.00000     0.00000     0.00000     0.00000     0.00000     0.00000     0.00000
   -16.12484     0.00000     0.00000     0.00000     0.00000     0.00000     0.00000     0.00000     0.00000
   -16.10184     0.00000     0.00000     0.00000     0.00000     0.00000     0.00000     0.00000     0.00000
   -16.07884     0.00000     0.00000     0.00000     0.00000     0.00000     0.00000     0.00000     0.00000
   -16.05584     0.00000     0.00000     0.00000     0.00000     0.00000     0.00000     0.00000     0.00000
   -16.03284     0.00000     0.00000     0.00000     0.00000     0.00000     0.00000     0.00000     0.00000
   -16.00884     0.00000     0.00000     0.00000     0.00000     0.00000     0.00000     0.00000     0.00000
   -15.98584     0.00000     0.00000     0.00000     0.00000     0.00000     0.00000     0.00000     0.00000
   -15.96284     0.00000     0.00000     0.00000     0.00000     0.00000     0.00000     0.00000     0.00000
   -15.93984     0.00000     0.00000     0.00000     0.00000     0.00000     0.00000     0.00000     0.00000
   -15.91684     0.00000     0.00000     0.00000     0.00000     0.00000     0.00000     0.00000     0.00000
   -15.89284     0.00000     0.00000     0.00000     0.00000     0.00000     0.00000     0.00000     0.00000
   -15.86984     0.00000     0.00000     0.00000     0.00000     0.00000     0.00000     0.00000     0.00000
   -15.84684     0.00000     0.00000     0.00000     0.00000     0.00000     0.00000     0.00000     0.00000
   -15.82384     0.00000     0.00000     0.00000     0.00000     0.00000     0.00000     0.00000     0.00000
   -15.80084     0.00000     0.00000     0.00000     0.00000     0.00000     0.00000     0.00000     0.00000
   -15.77684     0.00000     0.00000     0.00000     0.00000     0.00000     0.00000     0.00000     0.00000
   -15.75384     0.00000     0.00000     0.00000     0.00000     0.00000     0.00000     0.00000     0.00000
   -15.73084     0.00000     0.00000     0.00000     0.00000     0.00000     0.00000     0.00000     0.00000
   -15.70784     0.00000     0.00000     0.00000     0.00000     0.00000     0.00000     0.00000     0.00000
   -15.68484     0.00000     0.00000     0.00000     0.00000     0.00000     0.00000     0.00000     0.00000
   -15.66084     0.00000     0.00000     0.00000     0.00000     0.00000     0.00000     0.00000     0.00000
   -15.63784     0.00000     0.00000     0.00000     0.00000     0.00000     0.00000     0.00000     0.00000
   -15.61484     0.00000     0.00000     0.00000     0.00000     0.00000     0.00000     0.00000     0.00000
   -15.59184     0.00000     0.00000     0.00000     0.00000     0.00000     0.00000     0.00000     0.00000
   -15.56884     0.00000     0.00000     0.00000     0.00000     0.00000     0.00000     0.00000     0.00000
   -15.54484     0.00000     0.00000     0.00000     0.00000     0.00000     0.00000     0.00000     0.00000
   -15.52184     0.00000     0.00000     0.00000     0.00000     0.00000     0.00000     0.00000     0.00000
   -15.49884     0.00000     0.00000     0.00000     0.00000     0.00000     0.00000     0.00000     0.00000
   -15.47584     0.00000     0.00000     0.00000     0.00000     0.00000     0.00000     0.00000     0.00000
   -15.45284     0.00000     0.00000     0.00000     0.00000     0.00000     0.00000     0.00000     0.00000
   -15.42884     0.00000     0.00000     0.00000     0.00000     0.00000     0.00000     0.00000     0.00000
   -15.40584     0.00000     0.00000     0.00000     0.00000     0.00000     0.00000     0.00000     0.00000
   -15.38284     0.00000     0.00000     0.00000     0.00000     0.00000     0.00000     0.00000     0.00000
   -15.35984     0.00000     0.00000     0.00000     0.00000     0.00000     0.00000     0.00000     0.00000
   -15.33684     0.00000     0.00000     0.00000     0.00000     0.00000     0.00000     0.00000     0.00000
   -15.31284     0.00000     0.00000     0.00000     0.00000     0.00000     0.00000     0.00000     0.00000
   -15.28984     0.00000     0.00000     0.00000     0.00000     0.00000     0.00000     0.00000     0.00000
   -15.26684     0.00000     0.00000     0.00000     0.00000     0.00000     0.00000     0.00000     0.00000
   -15.24384     0.00000     0.00000     0.00000     0.00000     0.00000     0.00000     0.00000     0.00000
   -15.22084     0.00000     0.00000     0.00000     0.00000     0.00000     0.00000     0.00000     0.00000
   -15.19684     0.00000     0.00000     0.00000     0.00000     0.00000     0.00000     0.00000     0.00000
   -15.17384     0.00000     0.00000     0.00000     0.00000     0.00000     0.00000     0.00000     0.00000
   -15.15084     0.00000     0.00000     0.00000     0.00000     0.00000     0.00000     0.00000     0.00000
   -15.12784     0.00000     0.00000     0.00000     0.00000     0.00000     0.00000     0.00000     0.00000
   -15.10484     0.00000     0.00000     0.00000     0.00000     0.00000     0.00000     0.00000     0.00000
   -15.08084     0.00000     0.00000     0.00000     0.00000     0.00000     0.00000     0.00000     0.00000
   -15.05784     0.00000     0.00000     0.00000     0.00000     0.00000     0.00000     0.00000     0.00000
   -15.03484     0.00000     0.00000     0.00000     0.00000     0.00000     0.00000     0.00000     0.00000
   -15.01184     0.00000     0.00000     0.00000     0.00000     0.00000     0.00000     0.00000     0.00000
   -14.98884     0.00000     0.00000     0.00000     0.00000     0.00000     0.00000     0.00000     0.00000
   -14.96484     0.00000     0.00000     0.00000     0.00000     0.00000     0.00000     0.00000     0.00000
   -14.94184     0.00000     0.00000     0.00000     0.00000     0.00000     0.00000     0.00000     0.00000
   -14.91884     0.00000     0.00000     0.00000     0.00000     0.00000     0.00000     0.00000     0.00000
   -14.89584     0.00000     0.00000     0.00000     0.00000     0.00000     0.00000     0.00000     0.00000
   -14.87284     0.00000     0.00000     0.00000     0.00000     0.00000     0.00000     0.00000     0.00000
   -14.84884     0.00000     0.00000     0.00000     0.00000     0.00000     0.00000     0.00000     0.00000
   -14.82584     0.00000     0.00000     0.00000     0.00000     0.00000     0.00000     0.00000     0.00000
   -14.80284     0.00000     0.00000     0.00000     0.00000     0.00000     0.00000     0.00000     0.00000
   -14.77984     0.00000     0.00000     0.00000     0.00000     0.00000     0.00000     0.00000     0.00000
   -14.75684     0.00000     0.00000     0.00000     0.00000     0.00000     0.00000     0.00000     0.00000
   -14.73284     0.00000     0.00000     0.00000     0.00000     0.00000     0.00000     0.00000     0.00000
   -14.70984     0.00000     0.00000     0.00000     0.00000     0.00000     0.00000     0.00000     0.00000
   -14.68684     0.00000     0.00000     0.00000     0.00000     0.00000     0.00000     0.00000     0.00000
   -14.66384     0.00000     0.00000     0.00000     0.00000     0.00000     0.00000     0.00000     0.00000
   -14.64084     0.00000     0.00000     0.00000     0.00000     0.00000     0.00000     0.00000     0.00000
   -14.61684     0.00000     0.00000     0.00000     0.00000     0.00000     0.00000     0.00000     0.00000
   -14.59384     0.00000     0.00000     0.00000     0.00000     0.00000     0.00000     0.00000     0.00000
   -14.57084     0.00000     0.00000     0.00000     0.00000     0.00000     0.00000     0.00000     0.00000
   -14.54784     0.00000     0.00000     0.00000     0.00000     0.00000     0.00000     0.00000     0.00000
   -14.52484     0.00000     0.00000     0.00000     0.00000     0.00000     0.00000     0.00000     0.00000
   -14.50084     0.00000     0.00000     0.00000     0.00000     0.00000     0.00000     0.00000     0.00000
   -14.47784     0.00000     0.00000     0.00000     0.00000     0.00000     0.00000     0.00000     0.00000
   -14.45484     0.00000     0.00000     0.00000     0.00000     0.00000     0.00000     0.00000     0.00000
   -14.43184     0.00000     0.00000     0.00000     0.00000     0.00000     0.00000     0.00000     0.00000
   -14.40884     0.00000     0.00000     0.00000     0.00000     0.00000     0.00000     0.00000     0.00000
   -14.38484     0.00000     0.00000     0.00000     0.00000     0.00000     0.00000     0.00000     0.00000
   -14.36184     0.00000     0.00000     0.00000     0.00000     0.00000     0.00000     0.00000     0.00000
   -14.33884     0.00000     0.00000     0.00000     0.00000     0.00000     0.00000     0.00000     0.00000
   -14.31584     0.00000     0.00000     0.00000     0.00000     0.00000     0.00000     0.00000     0.00000
   -14.29284     0.00000     0.00000     0.00000     0.00000     0.00000     0.00000     0.00000     0.00000
   -14.26884     0.00000     0.00000     0.00000     0.00000     0.00000     0.00000     0.00000     0.00000
   -14.24584     0.00000     0.00000     0.00000     0.00000     0.00000     0.00000     0.00000     0.00000
   -14.22284     0.00000     0.00000     0.00000     0.00000     0.00000     0.00000     0.00000     0.00000
   -14.19984     0.00000     0.00000     0.00000     0.00000     0.00000     0.00000     0.00000     0.00000
   -14.17684     0.00000     0.00000     0.00000     0.00000     0.00000     0.00000     0.00000     0.00000
   -14.15284     0.00000     0.00000     0.00000     0.00000     0.00000     0.00000     0.00000     0.00000
   -14.12984     0.00000     0.00000     0.00000     0.00000     0.00000     0.00000     0.00000     0.00000
   -14.10684     0.00000     0.00000     0.00000     0.00000     0.00000     0.00000     0.00000     0.00000
   -14.08384     0.00000     0.00000     0.00000     0.00000     0.00000     0.00000     0.00000     0.00000
   -14.06084     0.00000     0.00000     0.00000     0.00000     0.00000     0.00000     0.00000     0.00000
   -14.03684     0.00000     0.00000     0.00000     0.00000     0.00000     0.00000     0.00000     0.00000
   -14.01384     0.00000     0.00000     0.00000     0.00000     0.00000     0.00000     0.00000     0.00000
   -13.99084     0.00000     0.00000     0.00000     0.00000     0.00000     0.00000     0.00000     0.00000
   -13.96784     0.00000     0.00000     0.00000     0.00000     0.00000     0.00000     0.00000     0.00000
   -13.94484     0.00000     0.00000     0.00000     0.00000     0.00000     0.00000     0.00000     0.00000
   -13.92084     0.00000     0.00000     0.00000     0.00000     0.00000     0.00000     0.00000     0.00000
   -13.89784     0.00000     0.00000     0.00000     0.00000     0.00000     0.00000     0.00000     0.00000
   -13.87484     0.00000     0.00000     0.00000     0.00000     0.00000     0.00000     0.00000     0.00000
   -13.85184     0.00000     0.00000     0.00000     0.00000     0.00000     0.00000     0.00000     0.00000
   -13.82884     0.00000     0.00000     0.00000     0.00000     0.00000     0.00000     0.00000     0.00000
   -13.80484     0.00000     0.00000     0.00000     0.00000     0.00000     0.00000     0.00000     0.00000
   -13.78184     0.00000     0.00000     0.00000     0.00000     0.00000     0.00000     0.00000     0.00000
   -13.75884     0.00000     0.00000     0.00000     0.00000     0.00000     0.00000     0.00000     0.00000
   -13.73584     0.00000     0.00000     0.00000     0.00000     0.00000     0.00000     0.00000     0.00000
   -13.71284     0.00000     0.00000     0.00000     0.00000     0.00000     0.00000     0.00000     0.00000
   -13.68884     0.00000     0.00000     0.00000     0.00000     0.00000     0.00000     0.00000     0.00000
   -13.66584     0.00000     0.00000     0.00000     0.00000     0.00000     0.00000     0.00000     0.00000
   -13.64284     0.00000     0.00000     0.00000     0.00000     0.00000     0.00000     0.00000     0.00000
   -13.61984     0.00000     0.00000     0.00000     0.00000     0.00000     0.00000     0.00000     0.00000
   -13.59684     0.00000     0.00000     0.00000     0.00000     0.00000     0.00000     0.00000     0.00000
   -13.57284     0.00000     0.00000     0.00000     0.00000     0.00000     0.00000     0.00000     0.00000
   -13.54984     0.00000     0.00000     0.00000     0.00000     0.00000     0.00000     0.00000     0.00000
   -13.52684     0.00000     0.00000     0.00000     0.00000     0.00000     0.00000     0.00000     0.00000
   -13.50384     0.00000     0.00000     0.00000     0.00000     0.00000     0.00000     0.00000     0.00000
   -13.48084     0.00000     0.00000     0.00000     0.00000     0.00000     0.00000     0.00000     0.00000
   -13.45684     0.00000     0.00000     0.00000     0.00000     0.00000     0.00000     0.00000     0.00000
   -13.43384     0.00000     0.00000     0.00000     0.00000     0.00000     0.00000     0.00000     0.00000
   -13.41084     0.00000     0.00000     0.00000     0.00000     0.00000     0.00000     0.00000     0.00000
   -13.38784     0.00000     0.00000     0.00000     0.00000     0.00000     0.00000     0.00000     0.00000
   -13.36484     0.00000     0.00000     0.00000     0.00000     0.00000     0.00000     0.00000     0.00000
   -13.34084     0.00000     0.00000     0.00000     0.00000     0.00000     0.00000     0.00000     0.00000
   -13.31784     0.00000     0.00000     0.00000     0.00000     0.00000     0.00000     0.00000     0.00000
   -13.29484     0.00000     0.00000     0.00000     0.00000     0.00000     0.00000     0.00000     0.00000
   -13.27184     0.00000     0.00000     0.00000     0.00000     0.00000     0.00000     0.00000     0.00000
   -13.24884     0.00000     0.00000     0.00000     0.00000     0.00000     0.00000     0.00000     0.00000
   -13.22484     0.00000     0.00000     0.00000     0.00000     0.00000     0.00000     0.00000     0.00000
   -13.20184     0.00000     0.00000     0.00000     0.00000     0.00000     0.00000     0.00000     0.00000
   -13.17884     0.00000     0.00000     0.00000     0.00000     0.00000     0.00000     0.00000     0.00000
   -13.15584     0.00000     0.00000     0.00000     0.00000     0.00000     0.00000     0.00000     0.00000
   -13.13284     0.00000     0.00000     0.00000     0.00000     0.00000     0.00000     0.00000     0.00000
   -13.10984     0.00000     0.00000     0.00000     0.00000     0.00000     0.00000     0.00000     0.00000
   -13.08584     0.00000     0.00000     0.00000     0.00000     0.00000     0.00000     0.00000     0.00000
   -13.06284     0.00000     0.00000     0.00000     0.00000     0.00000     0.00000     0.00000     0.00000
   -13.03984     0.00000     0.00000     0.00000     0.00000     0.00000     0.00000     0.00000     0.00000
   -13.01684     0.00000     0.00000     0.00000     0.00000     0.00000     0.00000     0.00000     0.00000
   -12.99384     0.00000     0.00000     0.00000     0.00000     0.00000     0.00000     0.00000     0.00000
   -12.96984     0.00000     0.00000     0.00000     0.00000     0.00000     0.00000     0.00000     0.00000
   -12.94684     0.00000     0.00000     0.00000     0.00000     0.00000     0.00000     0.00000     0.00000
   -12.92384     0.00000     0.00000     0.00000     0.00000     0.00000     0.00000     0.00000     0.00000
   -12.90084     0.00000     0.00000     0.00000     0.00000     0.00000     0.00000     0.00000     0.00000
   -12.87784     0.00000     0.00000     0.00000     0.00000     0.00000     0.00000     0.00000     0.00000
   -12.85384     0.00000     0.00000     0.00000     0.00000     0.00000     0.00000     0.00000     0.00000
   -12.83084     0.00000     0.00000     0.00000     0.00000     0.00000     0.00000     0.00000     0.00000
   -12.80784     0.00000     0.00000     0.00000     0.00000     0.00000     0.00000     0.00000     0.00000
   -12.78484     0.00000     0.00000     0.00000     0.00000     0.00000     0.00000     0.00000     0.00000
   -12.76184     0.00000     0.00000     0.00000     0.00000     0.00000     0.00000     0.00000     0.00000
   -12.73784     0.00000     0.00000     0.00000     0.00000     0.00000     0.00000     0.00000     0.00000
   -12.71484     0.00000     0.00000     0.00000     0.00000     0.00000     0.00000     0.00000     0.00000
   -12.69184     0.00000     0.00000     0.00000     0.00000     0.00000     0.00000     0.00000     0.00000
   -12.66884     0.00000     0.00000     0.00000     0.00000     0.00000     0.00000     0.00000     0.00000
   -12.64584     0.00000     0.00000     0.00000     0.00000     0.00000     0.00000     0.00000     0.00000
   -12.62184     0.00000     0.00000     0.00000     0.00000     0.00000     0.00000     0.00000     0.00000
   -12.59884     0.00000     0.00000     0.00000     0.00000     0.00000     0.00000     0.00000     0.00000
   -12.57584     0.00000     0.00000     0.00000     0.00000     0.00000     0.00000     0.00000     0.00000
   -12.55284     0.00000     0.00000     0.00000     0.00000     0.00000     0.00000     0.00000     0.00000
   -12.52984     0.00000     0.00000     0.00000     0.00000     0.00000     0.00000     0.00000     0.00000
   -12.50584     0.00000     0.00000     0.00000     0.00000     0.00000     0.00000     0.00000     0.00000
   -12.48284     0.00000     0.00000     0.00000     0.00000     0.00000     0.00000     0.00000     0.00000
   -12.45984     0.00000     0.00000     0.00000     0.00000     0.00000     0.00000     0.00000     0.00000
   -12.43684     0.00000     0.00000     0.00000     0.00000     0.00000     0.00000     0.00000     0.00000
   -12.41384     0.00000     0.00000     0.00000     0.00000     0.00000     0.00000     0.00000     0.00000
   -12.38984     0.00000     0.00000     0.00000     0.00000     0.00000     0.00000     0.00000     0.00000
   -12.36684     0.00000     0.00000     0.00000     0.00000     0.00000     0.00000     0.00000     0.00000
   -12.34384     0.00000     0.00000     0.00000     0.00000     0.00000     0.00000     0.00000     0.00000
   -12.32084     0.00000     0.00000     0.00000     0.00000     0.00000     0.00000     0.00000     0.00000
   -12.29784     0.00000     0.00000     0.00000     0.00000     0.00000     0.00000     0.00000     0.00000
   -12.27384     0.00000     0.00000     0.00000     0.00000     0.00000     0.00000     0.00000     0.00000
   -12.25084     0.00000     0.00000     0.00000     0.00000     0.00000     0.00000     0.00000     0.00000
   -12.22784     0.00000     0.00000     0.00000     0.00000     0.00000     0.00000     0.00000     0.00000
   -12.20484     0.00000     0.00000     0.00000     0.00000     0.00000     0.00000     0.00000     0.00000
   -12.18184     0.00000     0.00000     0.00000     0.00000     0.00000     0.00000     0.00000     0.00000
   -12.15784     0.00000     0.00000     0.00000     0.00000     0.00000     0.00000     0.00000     0.00000
   -12.13484     0.00000     0.00000     0.00000     0.00000     0.00000     0.00000     0.00000     0.00000
   -12.11184     0.00000     0.00000     0.00000     0.00000     0.00000     0.00000     0.00000     0.00000
   -12.08884     0.00000     0.00000     0.00000     0.00000     0.00000     0.00000     0.00000     0.00000
   -12.06584     0.00000     0.00000     0.00000     0.00000     0.00000     0.00000     0.00000     0.00000
   -12.04184     0.00000     0.00000     0.00000     0.00000     0.00000     0.00000     0.00000     0.00000
   -12.01884     0.00000     0.00000     0.00000     0.00000     0.00000     0.00000     0.00000     0.00000
   -11.99584     0.00000     0.00000     0.00000     0.00000     0.00000     0.00000     0.00000     0.00000
   -11.97284     0.00000     0.00000     0.00000     0.00000     0.00000     0.00000     0.00000     0.00000
   -11.94984     0.00000     0.00000     0.00000     0.00000     0.00000     0.00000     0.00000     0.00000
   -11.92584     0.00000     0.00000     0.00000     0.00000     0.00000     0.00000     0.00000     0.00000
   -11.90284     0.00000     0.00000     0.00000     0.00000     0.00000     0.00000     0.00000     0.00000
   -11.87984     0.00000     0.00000     0.00000     0.00000     0.00000     0.00000     0.00000     0.00000
   -11.85684     0.00000     0.00000     0.00000     0.00000     0.00000     0.00000     0.00000     0.00000
   -11.83384     0.00000     0.00000     0.00000     0.00000     0.00000     0.00000     0.00000     0.00000
   -11.80984     0.00000     0.00000     0.00000     0.00000     0.00000     0.00000     0.00000     0.00000
   -11.78684     0.00000     0.00000     0.00000     0.00000     0.00000     0.00000     0.00000     0.00000
   -11.76384     0.00000     0.00000     0.00000     0.00000     0.00000     0.00000     0.00000     0.00000
   -11.74084     0.00000     0.00000     0.00000     0.00000     0.00000     0.00000     0.00000     0.00000
   -11.71784     0.00000     0.00000     0.00000     0.00000     0.00000     0.00000     0.00000     0.00000
   -11.69384     0.00000     0.00000     0.00000     0.00000     0.00000     0.00000     0.00000     0.00000
   -11.67084     0.00000     0.00000     0.00000     0.00000     0.00000     0.00000     0.00000     0.00000
   -11.64784     0.00000     0.00000     0.00000     0.00000     0.00000     0.00000     0.00000     0.00000
   -11.62484     0.00000     0.00000     0.00000     0.00000     0.00000     0.00000     0.00000     0.00000
   -11.60184     0.00000     0.00000     0.00000     0.00000     0.00000     0.00000     0.00000     0.00000
   -11.57784     0.00000     0.00000     0.00000     0.00000     0.00000     0.00000     0.00000     0.00000
   -11.55484     0.00000     0.00000     0.00000     0.00000     0.00000     0.00000     0.00000     0.00000
   -11.53184     0.00000     0.00000     0.00000     0.00000     0.00000     0.00000     0.00000     0.00000
   -11.50884     0.00000     0.00000     0.00000     0.00000     0.00000     0.00000     0.00000     0.00000
   -11.48584     0.00000     0.00000     0.00000     0.00000     0.00000     0.00000     0.00000     0.00000
   -11.46184     0.00000     0.00000     0.00000     0.00000     0.00000     0.00000     0.00000     0.00000
   -11.43884     0.00000     0.00000     0.00000     0.00000     0.00000     0.00000     0.00000     0.00000
   -11.41584     0.00000     0.00000     0.00000     0.00000     0.00000     0.00000     0.00000     0.00000
   -11.39284     0.00000     0.00000     0.00000     0.00000     0.00000     0.00000     0.00000     0.00000
   -11.36984     0.00000     0.00000     0.00000     0.00000     0.00000     0.00000     0.00000     0.00000
   -11.34584     0.00000     0.00000     0.00000     0.00000     0.00000     0.00000     0.00000     0.00000
   -11.32284     0.00000     0.00000     0.00000     0.00000     0.00000     0.00000     0.00000     0.00000
   -11.29984     0.00000     0.00000     0.00000     0.00000     0.00000     0.00000     0.00000     0.00000
   -11.27684     0.00000     0.00000     0.00000     0.00000     0.00000     0.00000     0.00000     0.00000
   -11.25384     0.00000     0.00000     0.00000     0.00000     0.00000     0.00000     0.00000     0.00000
   -11.22984     0.00000     0.00000     0.00000     0.00000     0.00000     0.00000     0.00000     0.00000
   -11.20684     0.00000     0.00000     0.00000     0.00000     0.00000     0.00000     0.00000     0.00000
   -11.18384     0.00000     0.00000     0.00000     0.00000     0.00000     0.00000     0.00000     0.00000
   -11.16084     0.00000     0.00000     0.00000     0.00000     0.00000     0.00000     0.00000     0.00000
   -11.13784     0.00000     0.00000     0.00000     0.00000     0.00000     0.00000     0.00000     0.00000
   -11.11384     0.00000     0.00000     0.00000     0.00000     0.00000     0.00000     0.00000     0.00000
   -11.09084     0.00000     0.00000     0.00000     0.00000     0.00000     0.00000     0.00000     0.00000
   -11.06784     0.00000     0.00000     0.00000     0.00000     0.00000     0.00000     0.00000     0.00000
   -11.04484     0.00000     0.00000     0.00000     0.00000     0.00000     0.00000     0.00000     0.00000
   -11.02184     0.00000     0.00000     0.00000     0.00000     0.00000     0.00000     0.00000     0.00000
   -10.99784     0.00000     0.00000     0.00000     0.00000     0.00000     0.00000     0.00000     0.00000
   -10.97484     0.00000     0.00000     0.00000     0.00000     0.00000     0.00000     0.00000     0.00000
   -10.95184     0.00000     0.00000     0.00000     0.00000     0.00000     0.00000     0.00000     0.00000
   -10.92884     0.00000     0.00000     0.00000     0.00000     0.00000     0.00000     0.00000     0.00000
   -10.90584     0.00000     0.00000     0.00000     0.00000     0.00000     0.00000     0.00000     0.00000
   -10.88184     0.00000     0.00000     0.00000     0.00000     0.00000     0.00000     0.00000     0.00000
   -10.85884     0.00000     0.00000     0.00000     0.00000     0.00000     0.00000     0.00000     0.00000
   -10.83584     0.00000     0.00000     0.00000     0.00000     0.00000     0.00000     0.00000     0.00000
   -10.81284     0.00000     0.00000     0.00000     0.00000     0.00000     0.00000     0.00000     0.00000
   -10.78984     0.00000     0.00000     0.00000     0.00000     0.00000     0.00000     0.00000     0.00000
   -10.76584     0.00000     0.00000     0.00000     0.00000     0.00000     0.00000     0.00000     0.00000
   -10.74284     0.00000     0.00000     0.00000     0.00000     0.00000     0.00000     0.00000     0.00000
   -10.71984     0.00000     0.00000     0.00000     0.00000     0.00000     0.00000     0.00000     0.00000
   -10.69684     0.00000     0.00000     0.00000     0.00000     0.00000     0.00000     0.00000     0.00000
   -10.67384     0.00000     0.00000     0.00000     0.00000     0.00000     0.00000     0.00000     0.00000
   -10.64984     0.00000     0.00000     0.00000     0.00000     0.00000     0.00000     0.00000     0.00000
   -10.62684     0.00000     0.00000     0.00000     0.00000     0.00000     0.00000     0.00000     0.00000
   -10.60384     0.00000     0.00000     0.00000     0.00000     0.00000     0.00000     0.00000     0.00000
   -10.58084     0.00000     0.00000     0.00000     0.00000     0.00000     0.00000     0.00000     0.00000
   -10.55784     0.00000     0.00000     0.00000     0.00000     0.00000     0.00000     0.00000     0.00000
   -10.53384     0.00000     0.00000     0.00000     0.00000     0.00000     0.00000     0.00000     0.00000
   -10.51084     0.00000     0.00000     0.00000     0.00000     0.00000     0.00000     0.00000     0.00000
   -10.48784     0.00000     0.00000     0.00000     0.00000     0.00000     0.00000     0.00000     0.00000
   -10.46484     0.00000     0.00000     0.00000     0.00000     0.00000     0.00000     0.00000     0.00000
   -10.44184     0.00000     0.00000     0.00000     0.00000     0.00000     0.00000     0.00000     0.00000
   -10.41784     0.00000     0.00000     0.00000     0.00000     0.00000     0.00000     0.00000     0.00000
   -10.39484     0.00000     0.00000     0.00000     0.00000     0.00000     0.00000     0.00000     0.00000
   -10.37184     0.00000     0.00000     0.00000     0.00000     0.00000     0.00000     0.00000     0.00000
   -10.34884     0.00000     0.00000     0.00000     0.00000     0.00000     0.00000     0.00000     0.00000
   -10.32584     0.00000     0.00000     0.00000     0.00000     0.00000     0.00000     0.00000     0.00000
   -10.30184     0.00000     0.00000     0.00000     0.00000     0.00000     0.00000     0.00000     0.00000
   -10.27884     0.00000     0.00000     0.00000     0.00000     0.00000     0.00000     0.00000     0.00000
   -10.25584     0.00000     0.00000     0.00000     0.00000     0.00000     0.00000     0.00000     0.00000
   -10.23284     0.00000     0.00000     0.00000     0.00000     0.00000     0.00000     0.00000     0.00000
   -10.20984     0.00000     0.00000     0.00000     0.00000     0.00000     0.00000     0.00000     0.00000
   -10.18584     0.00000     0.00000     0.00000     0.00000     0.00000     0.00000     0.00000     0.00000
   -10.16284     0.00000     0.00000     0.00000     0.00000     0.00000     0.00000     0.00000     0.00000
   -10.13984     0.00000     0.00000     0.00000     0.00000     0.00000     0.00000     0.00000     0.00000
   -10.11684     0.00000     0.00000     0.00000     0.00000     0.00000     0.00000     0.00000     0.00000
   -10.09384     0.00000     0.00000     0.00000     0.00000     0.00000     0.00000     0.00000     0.00000
   -10.06984     0.00000     0.00000     0.00000     0.00000     0.00000     0.00000     0.00000     0.00000
   -10.04684     0.00000     0.00000     0.00000     0.00000     0.00000     0.00000     0.00000     0.00000
   -10.02384     0.00000     0.00000     0.00000     0.00000     0.00000     0.00000     0.00000     0.00000
   -10.00084     0.00000     0.00000     0.00000     0.00000     0.00000     0.00000     0.00000     0.00000
    -9.97784     0.00000     0.00000     0.00000     0.00000     0.00000     0.00000     0.00000     0.00000
    -9.95484     0.00000     0.00000     0.00000     0.00000     0.00000     0.00000     0.00000     0.00000
    -9.93084     0.00000     0.00000     0.00000     0.00000     0.00000     0.00000     0.00000     0.00000
    -9.90784     0.00000     0.00000     0.00000     0.00000     0.00000     0.00000     0.00000     0.00000
    -9.88484     0.00000     0.00000     0.00000     0.00000     0.00000     0.00000     0.00000     0.00000
    -9.86184     0.00000     0.00000     0.00000     0.00000     0.00000     0.00000     0.00000     0.00000
    -9.83884     0.00000     0.00000     0.00000     0.00000     0.00000     0.00000     0.00000     0.00000
    -9.81484     0.00000     0.00000     0.00000     0.00000     0.00000     0.00000     0.00000     0.00000
    -9.79184     0.00000     0.00000     0.00000     0.00000     0.00000     0.00000     0.00000     0.00000
    -9.76884     0.00000     0.00000     0.00000     0.00000     0.00000     0.00000     0.00000     0.00000
    -9.74584     0.00000     0.00000     0.00000     0.00000     0.00000     0.00000     0.00000     0.00000
    -9.72284     0.00000     0.00000     0.00000     0.00000     0.00000     0.00000     0.00000     0.00000
    -9.69884     0.00000     0.00000     0.00000     0.00000     0.00000     0.00000     0.00000     0.00000
    -9.67584     0.00000     0.00000     0.00000     0.00000     0.00000     0.00000     0.00000     0.00000
    -9.65284     0.00000     0.00000     0.00000     0.00000     0.00000     0.00000     0.00000     0.00000
    -9.62984     0.00000     0.00000     0.00000     0.00000     0.00000     0.00000     0.00000     0.00000
    -9.60684     0.00000     0.00000     0.00000     0.00000     0.00000     0.00000     0.00000     0.00000
    -9.58284     0.00000     0.00000     0.00000     0.00000     0.00000     0.00000     0.00000     0.00000
    -9.55984     0.00000     0.00000     0.00000     0.00000     0.00000     0.00000     0.00000     0.00000
    -9.53684     0.00000     0.00000     0.00000     0.00000     0.00000     0.00000     0.00000     0.00000
    -9.51384     0.00000     0.00000     0.00000     0.00000     0.00000     0.00000     0.00000     0.00000
    -9.49084     0.00000     0.00000     0.00000     0.00000     0.00000     0.00000     0.00000     0.00000
    -9.46684     0.00000     0.00000     0.00000     0.00000     0.00000     0.00000     0.00000     0.00000
    -9.44384     0.00000     0.00000     0.00000     0.00000     0.00000     0.00000     0.00000     0.00000
    -9.42084     0.00000     0.00000     0.00000     0.00000     0.00000     0.00000     0.00000     0.00000
    -9.39784     0.00000     0.00000     0.00000     0.00000     0.00000     0.00000     0.00000     0.00000
    -9.37484     0.00000     0.00000     0.00000     0.00000     0.00000     0.00000     0.00000     0.00000
    -9.35084     0.00000     0.00000     0.00000     0.00000     0.00000     0.00000     0.00000     0.00000
    -9.32784     0.00000     0.00000     0.00000     0.00000     0.00000     0.00000     0.00000     0.00000
    -9.30484     0.00000     0.00000     0.00000     0.00000     0.00000     0.00000     0.00000     0.00000
    -9.28184     0.00000     0.00000     0.00000     0.00000     0.00000     0.00000     0.00000     0.00000
    -9.25884     0.00000     0.00000     0.00000     0.00000     0.00000     0.00000     0.00000     0.00000
    -9.23484     0.00000     0.00000     0.00000     0.00000     0.00000     0.00000     0.00000     0.00000
    -9.21184     0.00000     0.00000     0.00000     0.00000     0.00000     0.00000     0.00000     0.00000
    -9.18884     0.00000     0.00000     0.00000     0.00000     0.00000     0.00000     0.00000     0.00000
    -9.16584     0.00000     0.00000     0.00000     0.00000     0.00000     0.00000     0.00000     0.00000
    -9.14284     0.00000     0.00000     0.00000     0.00000     0.00000     0.00000     0.00000     0.00000
    -9.11884     0.00000     0.00000     0.00000     0.00000     0.00000     0.00000     0.00000     0.00000
    -9.09584     0.00000     0.00000     0.00000     0.00000     0.00000     0.00000     0.00000     0.00000
    -9.07284     0.00000     0.00000     0.00000     0.00000     0.00000     0.00000     0.00000     0.00000
    -9.04984     0.00000     0.00000     0.00000     0.00000     0.00000     0.00000     0.00000     0.00000
    -9.02684     0.00000     0.00000     0.00000     0.00000     0.00000     0.00000     0.00000     0.00000
    -9.00284     0.00000     0.00000     0.00000     0.00000     0.00000     0.00000     0.00000     0.00000
    -8.97984     0.00000     0.00000     0.00000     0.00000     0.00000     0.00000     0.00000     0.00000
    -8.95684     0.00000     0.00000     0.00000     0.00000     0.00000     0.00000     0.00000     0.00000
    -8.93384     0.00000     0.00000     0.00000     0.00000     0.00000     0.00000     0.00000     0.00000
    -8.91084     0.00000     0.00000     0.00000     0.00000     0.00000     0.00000     0.00000     0.00000
    -8.88684     0.00000     0.00000     0.00000     0.00000     0.00000     0.00000     0.00000     0.00000
    -8.86384     0.00000     0.00000     0.00000     0.00000     0.00000     0.00000     0.00000     0.00000
    -8.84084     0.00000     0.00000     0.00000     0.00000     0.00000     0.00000     0.00000     0.00000
    -8.81784     0.00000     0.00000     0.00000     0.00000     0.00000     0.00000     0.00000     0.00000
    -8.79484     0.00000     0.00000     0.00000     0.00000     0.00000     0.00000     0.00000     0.00000
    -8.77084     0.00000     0.00000     0.00000     0.00000     0.00000     0.00000     0.00000     0.00000
    -8.74784     0.00000     0.00000     0.00000     0.00000     0.00000     0.00000     0.00000     0.00000
    -8.72484     0.00000     0.00000     0.00000     0.00000     0.00000     0.00000     0.00000     0.00000
    -8.70184     0.00000     0.00000     0.00000     0.00000     0.00000     0.00000     0.00000     0.00000
    -8.67884     0.00000     0.00000     0.00000     0.00000     0.00000     0.00000     0.00000     0.00000
    -8.65484     0.00000     0.00000     0.00000     0.00000     0.00000     0.00000     0.00000     0.00000
    -8.63184     0.00000     0.00000     0.00000     0.00000     0.00000     0.00000     0.00000     0.00000
    -8.60884     0.00000     0.00000     0.00000     0.00000     0.00000     0.00000     0.00000     0.00000
    -8.58584     0.00000     0.00000     0.00000     0.00000     0.00000     0.00000     0.00000     0.00000
    -8.56284     0.00000     0.00000     0.00000     0.00000     0.00000     0.00000     0.00000     0.00000
    -8.53884     0.00000     0.00000     0.00000     0.00000     0.00000     0.00000     0.00000     0.00000
    -8.51584     0.00000     0.00000     0.00000     0.00000     0.00000     0.00000     0.00000     0.00000
    -8.49284     0.00000     0.00000     0.00000     0.00000     0.00000     0.00000     0.00000     0.00000
    -8.46984     0.00000     0.00000     0.00000     0.00000     0.00000     0.00000     0.00000     0.00000
    -8.44684     0.00000     0.00000     0.00000     0.00000     0.00000     0.00000     0.00000     0.00000
    -8.42284     0.00000     0.00000     0.00000     0.00000     0.00000     0.00000     0.00000     0.00000
    -8.39984     0.00000     0.00000     0.00000     0.00000     0.00000     0.00000     0.00000     0.00000
    -8.37684     0.00000     0.00000     0.00000     0.00000     0.00000     0.00000     0.00000     0.00000
    -8.35384     0.00000     0.00000     0.00000     0.00000     0.00000     0.00000     0.00000     0.00000
    -8.33084     0.00000     0.00000     0.00000     0.00000     0.00000     0.00000     0.00000     0.00000
    -8.30684     0.00000     0.00000     0.00000     0.00000     0.00000     0.00000     0.00000     0.00000
    -8.28384     0.00000     0.00000     0.00000     0.00000     0.00000     0.00000     0.00000     0.00000
    -8.26084     0.00000     0.00000     0.00000     0.00000     0.00000     0.00000     0.00000     0.00000
    -8.23784     0.00000     0.00000     0.00000     0.00000     0.00000     0.00000     0.00000     0.00000
    -8.21484     0.00000     0.00000     0.00000     0.00000     0.00000     0.00000     0.00000     0.00000
    -8.19084     0.00000     0.00000     0.00000     0.00000     0.00000     0.00000     0.00000     0.00000
    -8.16784     0.00000     0.00000     0.00000     0.00000     0.00000     0.00000     0.00000     0.00000
    -8.14484     0.00000     0.00000     0.00000     0.00000     0.00000     0.00000     0.00000     0.00000
    -8.12184     0.00000     0.00000     0.00000     0.00000     0.00000     0.00000     0.00000     0.00000
    -8.09884     0.00000     0.00000     0.00000     0.00000     0.00000     0.00000     0.00000     0.00000
    -8.07484     0.00000     0.00000     0.00000     0.00000     0.00000     0.00000     0.00000     0.00000
    -8.05184     0.00000     0.00000     0.00000     0.00000     0.00000     0.00000     0.00000     0.00000
    -8.02884     0.00000     0.00000     0.00000     0.00000     0.00000     0.00000     0.00000     0.00000
    -8.00584     0.00000     0.00000     0.00000     0.00000     0.00000     0.00000     0.00000     0.00000
    -7.98284     0.00000     0.00000     0.00000     0.00000     0.00000     0.00000     0.00000     0.00000
    -7.95884     0.00000     0.00000     0.00000     0.00000     0.00000     0.00000     0.00000     0.00000
    -7.93584     0.00000     0.00000     0.00000     0.00000     0.00000     0.00000     0.00000     0.00000
    -7.91284     0.00000     0.00000     0.00000     0.00000     0.00000     0.00000     0.00000     0.00000
    -7.88984     0.00000     0.00000     0.00000     0.00000     0.00000     0.00000     0.00000     0.00000
    -7.86684     0.00000     0.00000     0.00000     0.00000     0.00000     0.00000     0.00000     0.00000
    -7.84284     0.00000     0.00000     0.00000     0.00000     0.00000     0.00000     0.00000     0.00000
    -7.81984     0.00000     0.00000     0.00000     0.00000     0.00000     0.00000     0.00000     0.00000
    -7.79684     0.00000     0.00000     0.00000     0.00000     0.00000     0.00000     0.00000     0.00000
    -7.77384     0.00000     0.00000     0.00000     0.00000     0.00000     0.00000     0.00000     0.00000
    -7.75084     0.00000     0.00000     0.00000     0.00000     0.00000     0.00000     0.00000     0.00000
    -7.72684     0.00000     0.00000     0.00000     0.00000     0.00000     0.00000     0.00000     0.00000
    -7.70384     0.00000     0.00000     0.00000     0.00000     0.00000     0.00000     0.00000     0.00000
    -7.68084     0.00000     0.00000     0.00000     0.00000     0.00000     0.00000     0.00000     0.00000
    -7.65784     0.00000     0.00000     0.00000     0.00000     0.00000     0.00000     0.00000     0.00000
    -7.63484     0.00000     0.00000     0.00000     0.00000     0.00000     0.00000     0.00000     0.00000
    -7.61084     0.00000     0.00000     0.00000     0.00000     0.00000     0.00000     0.00000     0.00000
    -7.58784     0.00001     0.00000     0.00000     0.00000     0.00000     0.00000     0.00000     0.00000
    -7.56484     0.00002     0.00000     0.00000     0.00000     0.00000     0.00000     0.00000     0.00000
    -7.54184     0.00004     0.00000     0.00000     0.00000     0.00000     0.00000     0.00000     0.00000
    -7.51884     0.00009     0.00000     0.00000     0.00000     0.00000     0.00000     0.00000     0.00000
    -7.49484     0.00016     0.00000     0.00000     0.00000     0.00000     0.00000     0.00000     0.00000
    -7.47184     0.00031     0.00000     0.00000     0.00000     0.00000     0.00000     0.00000     0.00000
    -7.44884     0.00057     0.00001     0.00000     0.00000     0.00000     0.00000     0.00000     0.00000
    -7.42584     0.00102     0.00001     0.00000     0.00000     0.00000     0.00000     0.00000     0.00000
    -7.40284     0.00179     0.00002     0.00000     0.00000     0.00000     0.00000     0.00000     0.00000
    -7.37884     0.00304     0.00004     0.00001     0.00000     0.00000     0.00001     0.00000     0.00000
    -7.35584     0.00503     0.00006     0.00001     0.00000     0.00000     0.00001     0.00000     0.00000
    -7.33284     0.00814     0.00011     0.00002     0.00000     0.00001     0.00002     0.00000     0.00000
    -7.30984     0.01282     0.00017     0.00003     0.00000     0.00001     0.00003     0.00001     0.00000
    -7.28684     0.01971     0.00026     0.00005     0.00001     0.00001     0.00004     0.00001     0.00000
    -7.26284     0.02957     0.00039     0.00007     0.00001     0.00002     0.00006     0.00001     0.00000
    -7.23984     0.04330     0.00058     0.00011     0.00001     0.00003     0.00009     0.00002     0.00000
    -7.21684     0.06193     0.00085     0.00016     0.00002     0.00004     0.00012     0.00002     0.00000
    -7.19384     0.08653     0.00120     0.00022     0.00002     0.00006     0.00017     0.00003     0.00001
    -7.17084     0.11818     0.00168     0.00031     0.00003     0.00008     0.00023     0.00005     0.00001
    -7.14684     0.15790     0.00228     0.00042     0.00004     0.00011     0.00031     0.00006     0.00001
    -7.12384     0.20648     0.00306     0.00056     0.00005     0.00015     0.00041     0.00008     0.00002
    -7.10084     0.26450     0.00402     0.00073     0.00007     0.00019     0.00052     0.00010     0.00002
    -7.07784     0.33213     0.00519     0.00094     0.00008     0.00025     0.00066     0.00013     0.00003
    -7.05484     0.40919     0.00659     0.00119     0.00010     0.00031     0.00081     0.00016     0.00004
    -7.03084     0.49503     0.00824     0.00147     0.00012     0.00039     0.00098     0.00020     0.00005
    -7.00784     0.58864     0.01014     0.00180     0.00015     0.00048     0.00116     0.00023     0.00007
    -6.98484     0.68868     0.01232     0.00217     0.00017     0.00058     0.00136     0.00027     0.00008
    -6.96184     0.79363     0.01477     0.00258     0.00019     0.00069     0.00157     0.00032     0.00010
    -6.93884     0.90180     0.01750     0.00303     0.00022     0.00082     0.00178     0.00036     0.00013
    -6.91484     1.01155     0.02050     0.00353     0.00024     0.00096     0.00199     0.00040     0.00015
    -6.89184     1.12142     0.02378     0.00408     0.00027     0.00111     0.00220     0.00045     0.00018
    -6.86884     1.23048     0.02735     0.00469     0.00029     0.00127     0.00240     0.00050     0.00021
    -6.84584     1.33785     0.03121     0.00537     0.00031     0.00145     0.00261     0.00054     0.00024
    -6.82284     1.44349     0.03539     0.00612     0.00034     0.00164     0.00281     0.00059     0.00027
    -6.79884     1.54750     0.03989     0.00698     0.00036     0.00186     0.00300     0.00064     0.00031
    -6.77584     1.65049     0.04474     0.00795     0.00038     0.00210     0.00320     0.00069     0.00036
    -6.75284     1.75311     0.04993     0.00905     0.00040     0.00237     0.00340     0.00074     0.00041
    -6.72984     1.85565     0.05548     0.01030     0.00042     0.00267     0.00362     0.00079     0.00047
    -6.70684     1.95842     0.06133     0.01171     0.00044     0.00301     0.00384     0.00085     0.00054
    -6.68384     2.06071     0.06742     0.01327     0.00046     0.00339     0.00408     0.00091     0.00062
    -6.65984     2.16125     0.07365     0.01498     0.00049     0.00381     0.00434     0.00096     0.00071
    -6.63684     2.25772     0.07989     0.01681     0.00051     0.00426     0.00460     0.00102     0.00082
    -6.61384     2.34714     0.08597     0.01875     0.00054     0.00474     0.00488     0.00107     0.00094
    -6.59084     2.42632     0.09173     0.02077     0.00057     0.00526     0.00516     0.00112     0.00107
    -6.56784     2.49178     0.09698     0.02284     0.00060     0.00581     0.00545     0.00116     0.00121
    -6.54384     2.54091     0.10161     0.02497     0.00063     0.00640     0.00573     0.00120     0.00137
    -6.52084     2.57214     0.10553     0.02718     0.00066     0.00703     0.00601     0.00123     0.00154
    -6.49784     2.58529     0.10875     0.02949     0.00070     0.00773     0.00629     0.00125     0.00172
    -6.47484     2.58212     0.11135     0.03200     0.00074     0.00851     0.00657     0.00127     0.00192
    -6.45184     2.56621     0.11352     0.03479     0.00078     0.00944     0.00686     0.00129     0.00215
    -6.42784     2.54280     0.11551     0.03800     0.00083     0.01054     0.00719     0.00130     0.00241
    -6.40484     2.51820     0.11766     0.04176     0.00089     0.01190     0.00756     0.00133     0.00273
    -6.38184     2.49928     0.12031     0.04619     0.00096     0.01358     0.00799     0.00136     0.00311
    -6.35884     2.49273     0.12381     0.05142     0.00105     0.01569     0.00850     0.00141     0.00358
    -6.33584     2.50388     0.12843     0.05751     0.00114     0.01833     0.00911     0.00148     0.00415
    -6.31184     2.53665     0.13437     0.06449     0.00125     0.02164     0.00982     0.00156     0.00486
    -6.28884     2.59241     0.14170     0.07234     0.00137     0.02583     0.01064     0.00168     0.00574
    -6.26584     2.67026     0.15038     0.08099     0.00151     0.03115     0.01160     0.00183     0.00686
    -6.24284     2.76717     0.16025     0.09038     0.00165     0.03803     0.01268     0.00201     0.00829
    -6.21984     2.87846     0.17107     0.10043     0.00182     0.04707     0.01393     0.00224     0.01017
    -6.19584     2.99846     0.18257     0.11119     0.00200     0.05915     0.01537     0.00253     0.01270
    -6.17284     3.12205     0.19455     0.12278     0.00220     0.07551     0.01706     0.00288     0.01613
    -6.14984     3.24517     0.20684     0.13555     0.00244     0.09789     0.01909     0.00332     0.02088
    -6.12684     3.36527     0.21948     0.15006     0.00270     0.12861     0.02159     0.00389     0.02744
    -6.10384     3.48258     0.23259     0.16714     0.00302     0.17062     0.02470     0.00462     0.03650
    -6.07984     3.59922     0.24651     0.18785     0.00340     0.22761     0.02864     0.00557     0.04888
    -6.05684     3.71914     0.26160     0.21355     0.00385     0.30395     0.03360     0.00679     0.06556
    -6.03384     3.84672     0.27829     0.24572     0.00440     0.40468     0.03980     0.00835     0.08765
    -6.01084     3.98617     0.29692     0.28593     0.00507     0.53484     0.04746     0.01032     0.11632
    -5.98784     4.14012     0.31773     0.33570     0.00586     0.69972     0.05676     0.01278     0.15271
    -5.96384     4.30912     0.34075     0.39633     0.00679     0.90387     0.06782     0.01580     0.19779
    -5.94084     4.49076     0.36571     0.46874     0.00788     1.15040     0.08064     0.01940     0.25219
    -5.91784     4.68021     0.39217     0.55321     0.00911     1.44030     0.09515     0.02362     0.31612
    -5.89484     4.87042     0.41949     0.64934     0.01049     1.77130     0.11110     0.02842     0.38908
    -5.87184     5.05315     0.44680     0.75584     0.01200     2.13820     0.12810     0.03373     0.46972
    -5.84784     5.21990     0.47329     0.87029     0.01362     2.53110     0.14562     0.03942     0.55597
    -5.82484     5.36327     0.49810     0.98955     0.01532     2.93640     0.16301     0.04530     0.64476
    -5.80184     5.47760     0.52053     1.10979     0.01708     3.33840     0.17956     0.05116     0.73262
    -5.77884     5.55966     0.54006     1.22653     0.01889     3.71660     0.19450     0.05675     0.81531
    -5.75584     5.60924     0.55637     1.33531     0.02073     4.05400     0.20720     0.06180     0.88885
    -5.73184     5.62786     0.56939     1.43228     0.02263     4.33210     0.21700     0.06613     0.94963
    -5.70884     5.61982     0.57922     1.51400     0.02462     4.53570     0.22360     0.06952     0.99449
    -5.68584     5.59008     0.58618     1.57882     0.02677     4.65850     0.22700     0.07190     1.02251
    -5.66284     5.54400     0.59058     1.62628     0.02916     4.69720     0.22740     0.07327     1.03275
    -5.63984     5.48627     0.59282     1.65785     0.03189     4.65690     0.22500     0.07371     1.02716
    -5.61584     5.42062     0.59325     1.67631     0.03503     4.54850     0.22040     0.07335     1.00803
    -5.59284     5.34896     0.59215     1.68584     0.03864     4.38820     0.21440     0.07245     0.97873
    -5.56984     5.27240     0.58972     1.69183     0.04273     4.19220     0.20760     0.07120     0.94322
    -5.54684     5.19111     0.58616     1.70014     0.04724     3.97900     0.20080     0.06982     0.90515
    -5.52384     5.10535     0.58167     1.71759     0.05204     3.76500     0.19408     0.06846     0.86774
    -5.49984     5.01660     0.57660     1.75097     0.05692     3.55800     0.18788     0.06721     0.83284
    -5.47684     4.92799     0.57152     1.80825     0.06160     3.36760     0.18210     0.06609     0.80166
    -5.45384     4.84584     0.56732     1.89831     0.06578     3.19430     0.17652     0.06505     0.77354
    -5.43084     4.77886     0.56511     2.03148     0.06914     3.03390     0.17077     0.06395     0.74768
    -5.40784     4.73909     0.56640     2.21993     0.07138     2.88260     0.16447     0.06268     0.72227
    -5.38384     4.74018     0.57284     2.47820     0.07229     2.73300     0.15723     0.06109     0.69525
    -5.36084     4.79702     0.58623     2.82326     0.07171     2.57710     0.14881     0.05909     0.66516
    -5.33784     4.92399     0.60829     3.27413     0.06965     2.41210     0.13911     0.05661     0.63079
    -5.31484     5.13357     0.64048     3.85061     0.06618     2.23400     0.12821     0.05367     0.59166
    -5.29184     5.43463     0.68393     4.57343     0.06151     2.04510     0.11637     0.05034     0.54816
    -5.26784     5.83194     0.73917     5.46185     0.05591     1.84610     0.10395     0.04673     0.50134
    -5.24484     6.32502     0.80610     6.53233     0.04970     1.64459     0.09141     0.04301     0.45300
    -5.22184     6.90772     0.88401     7.79703     0.04323     1.44469     0.07919     0.03933     0.40445
    -5.19884     7.56919     0.97153     9.26213     0.03681     1.25399     0.06774     0.03583     0.35779
    -5.17584     8.29393     1.06674    10.92690     0.03071     1.07658     0.05737     0.03265     0.31449
    -5.15184     9.06358     1.16733    12.78288     0.02513     0.91684     0.04833     0.02985     0.27566
    -5.12884     9.85579     1.27060    14.81280     0.02022     0.77741     0.04072     0.02751     0.24204
    -5.10584    10.64843     1.37379    16.99223     0.01603     0.65900     0.03456     0.02563     0.21394
    -5.08284    11.42134     1.47415    19.28883     0.01256     0.56114     0.02976     0.02417     0.19125
    -5.05984    12.14982     1.56906    21.66334     0.00978     0.48228     0.02618     0.02310     0.17357
    -5.03584    12.81898     1.65620    24.07114     0.00762     0.41993     0.02362     0.02235     0.16024
    -5.01284    13.41037     1.73368    26.46476     0.00597     0.37146     0.02192     0.02186     0.15062
    -4.98984    13.91317     1.80009    28.79404     0.00475     0.33439     0.02088     0.02157     0.14394
    -4.96684    14.31692     1.85459    31.00914     0.00386     0.30599     0.02034     0.02141     0.13954
    -4.94384    14.61891     1.89702    33.06490     0.00323     0.28432     0.02016     0.02135     0.13682
    -4.91984    14.81720     1.92787    34.92113     0.00278     0.26737     0.02023     0.02134     0.13526
    -4.89684    14.91722     1.94832    36.55016     0.00247     0.25387     0.02046     0.02136     0.13446
    -4.87384    14.92678     1.96026    37.93512     0.00225     0.24275     0.02080     0.02139     0.13419
    -4.85084    14.85776     1.96624    39.07828     0.00209     0.23329     0.02122     0.02142     0.13421
    -4.82784    14.72842     1.96934    40.00087     0.00198     0.22486     0.02168     0.02145     0.13440
    -4.80384    14.55715     1.97316    40.73884     0.00189     0.21713     0.02217     0.02149     0.13477
    -4.78084    14.36799     1.98162    41.35003     0.00183     0.20988     0.02270     0.02154     0.13535
    -4.75784    14.18643     1.99879    41.90599     0.00177     0.20301     0.02330     0.02163     0.13628
    -4.73484    14.03804     2.02871    42.48140     0.00172     0.19648     0.02395     0.02177     0.13764
    -4.71184    13.94900     2.07506    43.15658     0.00169     0.19033     0.02470     0.02199     0.13964
    -4.68784    13.94014     2.14096    44.00391     0.00165     0.18468     0.02558     0.02232     0.14248
    -4.66484    14.02982     2.22871    45.08051     0.00163     0.17964     0.02664     0.02280     0.14638
    -4.64184    14.22774     2.33943    46.42243     0.00161     0.17537     0.02789     0.02345     0.15147
    -4.61884    14.53837     2.47311    48.04239     0.00160     0.17200     0.02940     0.02429     0.15786
    -4.59584    14.95374     2.62807    49.92276     0.00159     0.16969     0.03118     0.02535     0.16561
    -4.57184    15.45804     2.80148    52.02265     0.00160     0.16848     0.03328     0.02663     0.17474
    -4.54884    16.02929     2.98906    54.28291     0.00160     0.16842     0.03568     0.02812     0.18509
    -4.52584    16.63650     3.18539    56.62833     0.00161     0.16951     0.03839     0.02981     0.19652
    -4.50284    17.24502     3.38450    58.98172     0.00162     0.17166     0.04138     0.03168     0.20884
    -4.47984    17.82024     3.58012    61.26867     0.00163     0.17474     0.04458     0.03369     0.22173
    -4.45584    18.32721     3.76584    63.42806     0.00163     0.17858     0.04792     0.03580     0.23493
    -4.43284    18.73634     3.93587    65.41672     0.00164     0.18295     0.05130     0.03794     0.24803
    -4.40984    19.02363     4.08566    67.20829     0.00163     0.18760     0.05461     0.04008     0.26074
    -4.38684    19.17348     4.21127    68.79456     0.00162     0.19228     0.05774     0.04216     0.27276
    -4.36384    19.17890     4.31085    70.17809     0.00161     0.19673     0.06055     0.04412     0.28379
    -4.33984    19.04083     4.38312    71.37392     0.00158     0.20064     0.06295     0.04593     0.29355
    -4.31684    18.76841     4.42868    72.39409     0.00155     0.20380     0.06485     0.04756     0.30193
    -4.29384    18.37725     4.44915    73.25713     0.00152     0.20598     0.06617     0.04897     0.30880
    -4.27084    17.88695     4.44734    73.97443     0.00148     0.20698     0.06689     0.05017     0.31415
    -4.24784    17.32127     4.42640    74.55133     0.00144     0.20668     0.06701     0.05113     0.31803
    -4.22384    16.70580     4.39082    74.99514     0.00139     0.20504     0.06658     0.05188     0.32071
    -4.20084    16.06423     4.34537    75.31187     0.00135     0.20206     0.06568     0.05245     0.32242
    -4.17784    15.42338     4.29513    75.51065     0.00131     0.19785     0.06443     0.05287     0.32363
    -4.15484    14.80467     4.24489    75.60901     0.00127     0.19264     0.06297     0.05319     0.32480
    -4.13184    14.23141     4.19972    75.62741     0.00123     0.18666     0.06147     0.05348     0.32647
    -4.10784    13.72001     4.16455    75.59794     0.00120     0.18026     0.06011     0.05379     0.32921
    -4.08484    13.28665     4.14303    75.55319     0.00118     0.17381     0.05905     0.05420     0.33357
    -4.06184    12.94120     4.13825    75.53202     0.00116     0.16770     0.05846     0.05477     0.34006
    -4.03884    12.69199     4.15225    75.56848     0.00114     0.16229     0.05851     0.05556     0.34908
    -4.01584    12.54312     4.18617    75.69681     0.00113     0.15797     0.05931     0.05662     0.36087
    -3.99184    12.49065     4.23945    75.94758     0.00113     0.15503     0.06097     0.05800     0.37561
    -3.96884    12.53106     4.31040    76.34169     0.00114     0.15370     0.06357     0.05969     0.39319
    -3.94584    12.65295     4.39674    76.88904     0.00115     0.15416     0.06712     0.06172     0.41343
    -3.92284    12.84143     4.49419    77.58885     0.00117     0.15651     0.07162     0.06407     0.43587
    -3.89984    13.07635     4.59841    78.42931     0.00119     0.16074     0.07702     0.06668     0.45994
    -3.87584    13.33436     4.70399    79.37681     0.00121     0.16678     0.08320     0.06951     0.48492
    -3.85284    13.59063     4.80611    80.39333     0.00124     0.17445     0.09002     0.07244     0.51002
    -3.82984    13.81791     4.89949    81.41728     0.00126     0.18349     0.09726     0.07542     0.53434
    -3.80684    13.99128     4.97986    82.39150     0.00129     0.19356     0.10470     0.07830     0.55709
    -3.78384    14.08858     5.04389    83.24246     0.00131     0.20429     0.11209     0.08102     0.57751
    -3.75984    14.08967     5.08977    83.91267     0.00133     0.21523     0.11917     0.08343     0.59506
    -3.73684    13.98446     5.11705    84.34707     0.00134     0.22599     0.12573     0.08547     0.60934
    -3.71384    13.76635     5.12703    84.51360     0.00134     0.23615     0.13155     0.08708     0.62026
    -3.69084    13.43799     5.12136    84.39663     0.00134     0.24541     0.13651     0.08823     0.62789
    -3.66784    13.00805     5.10335    84.00720     0.00133     0.25360     0.14051     0.08893     0.63254
    -3.64384    12.49040     5.07608    83.37700     0.00132     0.26046     0.14354     0.08922     0.63469
    -3.62084    11.90334     5.04223    82.55649     0.00131     0.26627     0.14562     0.08915     0.63484
    -3.59784    11.26495     5.00410    81.60795     0.00130     0.27102     0.14682     0.08879     0.63337
    -3.57484    10.59558     4.96275    80.60311     0.00128     0.27510     0.14726     0.08822     0.63071
    -3.55184     9.91286     4.91871    79.61902     0.00126     0.27863     0.14702     0.08754     0.62707
    -3.52884     9.23127     4.87122    78.72751     0.00124     0.28212     0.14621     0.08675     0.62253
    -3.50484     8.56380     4.82005    78.00164     0.00122     0.28574     0.14492     0.08591     0.61705
    -3.48184     7.91782     4.76415    77.51089     0.00120     0.28958     0.14319     0.08504     0.61048
    -3.45884     7.30034     4.70371    77.31736     0.00117     0.29382     0.14105     0.08410     0.60271
    -3.43584     6.71504     4.64004    77.48207     0.00114     0.29812     0.13850     0.08312     0.59366
    -3.41284     6.16403     4.57494    78.05462     0.00111     0.30235     0.13551     0.08202     0.58344
    -3.38884     5.64843     4.51168    79.07399     0.00107     0.30606     0.13207     0.08082     0.57221
    -3.36584     5.17016     4.45393    80.57163     0.00103     0.30871     0.12813     0.07944     0.56040
    -3.34284     4.72914     4.40594    82.55305     0.00099     0.30982     0.12369     0.07793     0.54849
    -3.31984     4.32651     4.37124    85.00699     0.00096     0.30914     0.11877     0.07628     0.53714
    -3.29684     3.96232     4.35337    87.89540     0.00093     0.30608     0.11339     0.07450     0.52694
    -3.27284     3.63659     4.35417    91.15576     0.00091     0.30073     0.10763     0.07264     0.51858
    -3.24984     3.34837     4.37439    94.70540     0.00091     0.29319     0.10160     0.07076     0.51258
    -3.22684     3.09632     4.41331    98.44351     0.00091     0.28350     0.09543     0.06892     0.50935
    -3.20384     2.87797     4.46886   102.25787     0.00093     0.27222     0.08928     0.06716     0.50922
    -3.18084     2.69037     4.53795   106.03725     0.00095     0.26004     0.08331     0.06552     0.51229
    -3.15684     2.53007     4.61632   109.67189     0.00099     0.24733     0.07766     0.06405     0.51863
    -3.13384     2.39311     4.69960   113.06665     0.00104     0.23487     0.07245     0.06277     0.52802
    -3.11084     2.27600     4.78316   116.14452     0.00109     0.22300     0.06777     0.06168     0.54029
    -3.08784     2.17492     4.86314   118.85586     0.00114     0.21228     0.06366     0.06078     0.55513
    -3.06484     2.08719     4.93643   121.17434     0.00120     0.20290     0.06011     0.05999     0.57211
    -3.04084     2.01022     5.00106   123.10435     0.00126     0.19496     0.05711     0.05934     0.59094
    -3.01784     1.94272     5.05622   124.67507     0.00131     0.18842     0.05455     0.05873     0.61121
    -2.99484     1.88366     5.10284   125.93955     0.00136     0.18312     0.05235     0.05815     0.63263
    -2.97184     1.83313     5.14261   126.96776     0.00141     0.17885     0.05043     0.05755     0.65500
    -2.94884     1.79118     5.17848   127.82589     0.00146     0.17531     0.04870     0.05691     0.67812
    -2.92484     1.75861     5.21336   128.58819     0.00150     0.17228     0.04708     0.05622     0.70192
    -2.90184     1.73579     5.25065   129.30947     0.00155     0.16954     0.04554     0.05545     0.72638
    -2.87884     1.72296     5.29256   130.03066     0.00159     0.16691     0.04404     0.05464     0.75154
    -2.85584     1.72014     5.34074   130.76252     0.00164     0.16434     0.04256     0.05380     0.77743
    -2.83284     1.72671     5.39537   131.49436     0.00169     0.16174     0.04112     0.05293     0.80412
    -2.80884     1.74182     5.45524   132.19258     0.00174     0.15917     0.03976     0.05206     0.83157
    -2.78584     1.76394     5.51806   132.80323     0.00180     0.15670     0.03846     0.05121     0.85976
    -2.76284     1.79136     5.58043   133.26372     0.00188     0.15439     0.03726     0.05039     0.88865
    -2.73984     1.82208     5.63779   133.50585     0.00196     0.15232     0.03619     0.04963     0.91768
    -2.71684     1.85427     5.68601   133.46799     0.00205     0.15058     0.03524     0.04893     0.94701
    -2.69284     1.88623     5.72096   133.09709     0.00216     0.14918     0.03444     0.04828     0.97583
    -2.66984     1.91620     5.73898   132.35514     0.00227     0.14813     0.03376     0.04771     1.00377
    -2.64684     1.94302     5.73728   131.22255     0.00239     0.14741     0.03322     0.04721     1.02996
    -2.62384     1.96597     5.71481   129.69674     0.00251     0.14696     0.03281     0.04678     1.05444
    -2.60084     1.98450     5.67135   127.79240     0.00264     0.14670     0.03251     0.04640     1.07557
    -2.57684     1.99851     5.60821   125.54487     0.00275     0.14660     0.03231     0.04607     1.09365
    -2.55384     2.00811     5.52776   122.99416     0.00286     0.14657     0.03220     0.04578     1.10744
    -2.53084     2.01394     5.43321   120.19794     0.00295     0.14658     0.03220     0.04551     1.11708
    -2.50784     2.01658     5.32869   117.22090     0.00302     0.14663     0.03228     0.04525     1.12182
    -2.48484     2.01697     5.21845   114.13334     0.00307     0.14673     0.03246     0.04498     1.12237
    -2.46084     2.01628     5.10730   111.00804     0.00309     0.14694     0.03275     0.04471     1.11879
    -2.43784     2.01586     4.99974   107.92223     0.00309     0.14731     0.03315     0.04442     1.11171
    -2.41484     2.01703     4.90023   104.94777     0.00306     0.14791     0.03367     0.04411     1.10157
    -2.39184     2.02155     4.81259   102.15552     0.00301     0.14882     0.03432     0.04380     1.08977
    -2.36884     2.03080     4.74059    99.60179     0.00295     0.15008     0.03509     0.04347     1.07676
    -2.34484     2.04627     4.68671    97.33820     0.00286     0.15169     0.03597     0.04314     1.06354
    -2.32184     2.06895     4.65321    95.39491     0.00277     0.15363     0.03692     0.04279     1.05095
    -2.29884     2.09962     4.64080    93.78379     0.00268     0.15584     0.03793     0.04245     1.03953
    -2.27584     2.13823     4.64956    92.49859     0.00258     0.15822     0.03893     0.04211     1.02957
    -2.25284     2.18431     4.67858    91.51389     0.00249     0.16065     0.03988     0.04177     1.02135
    -2.22884     2.23679     4.72633    90.79192     0.00241     0.16302     0.04071     0.04145     1.01475
    -2.20584     2.29398     4.79075    90.28553     0.00233     0.16516     0.04138     0.04115     1.00946
    -2.18284     2.35429     4.86951    89.94800     0.00226     0.16692     0.04186     0.04087     1.00573
    -2.15984     2.41555     4.96089    89.73471     0.00221     0.16819     0.04212     0.04066     1.00294
    -2.13684     2.47624     5.06312    89.62047     0.00216     0.16887     0.04216     0.04050     1.00106
    -2.11284     2.53490     5.17555    89.58935     0.00212     0.16886     0.04198     0.04042     1.00011
    -2.08984     2.59084     5.29821    89.64956     0.00209     0.16812     0.04162     0.04042     0.99990
    -2.06684     2.64368     5.43169    89.82679     0.00205     0.16664     0.04112     0.04055     1.00070
    -2.04384     2.69425     5.57741    90.16040     0.00203     0.16443     0.04052     0.04076     1.00248
    -2.02084     2.74349     5.73680    90.69362     0.00200     0.16156     0.03986     0.04110     1.00538
    -1.99684     2.79318     5.91141    91.47068     0.00198     0.15812     0.03922     0.04151     1.01006
    -1.97384     2.84502     6.10251    92.51769     0.00195     0.15424     0.03862     0.04200     1.01624
    -1.95084     2.90090     6.30996    93.84875     0.00193     0.15005     0.03812     0.04255     1.02400
    -1.92784     2.96228     6.53284    95.44768     0.00190     0.14570     0.03772     0.04311     1.03317
    -1.90484     3.03045     6.76923    97.27785     0.00187     0.14139     0.03744     0.04369     1.04405
    -1.88084     3.10577     7.01528    99.27332     0.00184     0.13723     0.03734     0.04423     1.05640
    -1.85784     3.18808     7.26663   101.34981     0.00182     0.13336     0.03740     0.04473     1.07008
    -1.83484     3.27662     7.51750   103.41560     0.00180     0.12986     0.03766     0.04520     1.08453
    -1.81184     3.36983     7.76253   105.37408     0.00178     0.12681     0.03810     0.04563     1.10030
    -1.78884     3.46588     7.99584   107.13552     0.00177     0.12421     0.03878     0.04602     1.11672
    -1.76484     3.56265     8.21237   108.62829     0.00177     0.12205     0.03968     0.04641     1.13421
    -1.74184     3.65779     8.40816   109.80445     0.00177     0.12029     0.04080     0.04682     1.15284
    -1.71884     3.74923     8.58046   110.64156     0.00179     0.11890     0.04212     0.04726     1.17268
    -1.69584     3.83485     8.72781   111.13555     0.00181     0.11784     0.04362     0.04779     1.19412
    -1.67284     3.91292     8.85025   111.31681     0.00185     0.11705     0.04527     0.04840     1.21736
    -1.64884     3.98187     8.94843   111.21638     0.00191     0.11653     0.04700     0.04910     1.24256
    -1.62584     4.04048     9.02415   110.88258     0.00197     0.11628     0.04875     0.04990     1.26995
    -1.60284     4.08775     9.07968   110.36819     0.00203     0.11631     0.05046     0.05076     1.29983
    -1.57984     4.12295     9.11713   109.70873     0.00211     0.11663     0.05208     0.05170     1.33173
    -1.55684     4.14551     9.13902   108.93897     0.00218     0.11727     0.05355     0.05267     1.36528
    -1.53284     4.15544     9.14688   108.07094     0.00226     0.11822     0.05486     0.05365     1.40009
    -1.50984     4.15296     9.14216   107.11111     0.00233     0.11947     0.05599     0.05462     1.43538
    -1.48684     4.13863     9.12551   106.04433     0.00238     0.12098     0.05693     0.05558     1.46991
    -1.46384     4.11347     9.09736   104.84834     0.00243     0.12267     0.05769     0.05649     1.50266
    -1.44084     4.07883     9.05742   103.49770     0.00245     0.12449     0.05828     0.05734     1.53238
    -1.41684     4.03655     9.00528   101.96364     0.00246     0.12630     0.05873     0.05812     1.55737
    -1.39384     3.98860     8.94086   100.23046     0.00245     0.12804     0.05903     0.05880     1.57740
    -1.37084     3.93731     8.86377    98.28889     0.00243     0.12961     0.05919     0.05939     1.59087
    -1.34784     3.88523     8.77452    96.14178     0.00240     0.13096     0.05921     0.05988     1.59726
    -1.32484     3.83446     8.67425    93.81024     0.00237     0.13207     0.05911     0.06025     1.59674
    -1.30084     3.78733     8.56423    91.33359     0.00233     0.13293     0.05889     0.06053     1.58903
    -1.27784     3.74537     8.44642    88.75080     0.00230     0.13361     0.05856     0.06073     1.57505
    -1.25484     3.70947     8.32274    86.11739     0.00228     0.13416     0.05817     0.06084     1.55577
    -1.23184     3.67922     8.19466    83.48660     0.00227     0.13468     0.05774     0.06094     1.53227
    -1.20884     3.65359     8.06313    80.90821     0.00228     0.13523     0.05733     0.06104     1.50555
    -1.18484     3.62991     7.92763    78.42584     0.00230     0.13591     0.05701     0.06116     1.47735
    -1.16184     3.60479     7.78718    76.06566     0.00235     0.13675     0.05682     0.06135     1.44850
    -1.13884     3.57394     7.63899    73.84813     0.00241     0.13779     0.05681     0.06164     1.42031
    -1.11584     3.53297     7.48003    71.76948     0.00249     0.13897     0.05701     0.06202     1.39314
    -1.09284     3.47794     7.30692    69.82433     0.00259     0.14025     0.05743     0.06248     1.36763
    -1.06884     3.40577     7.11718    67.99865     0.00269     0.14151     0.05805     0.06300     1.34365
    -1.04584     3.31504     6.90939    66.26941     0.00282     0.14265     0.05884     0.06359     1.32113
    -1.02284     3.20622     6.68448    64.61896     0.00295     0.14354     0.05974     0.06417     1.30023
    -0.99984     3.08183     6.44556    63.03490     0.00309     0.14403     0.06068     0.06471     1.27987
    -0.97684     2.94632     6.19795    61.50529     0.00323     0.14403     0.06157     0.06522     1.26060
    -0.95284     2.80545     5.94960    60.03194     0.00337     0.14347     0.06234     0.06565     1.24208
    -0.92984     2.66584     5.70958    58.62097     0.00351     0.14234     0.06294     0.06599     1.22448
    -0.90684     2.53388     5.48709    57.28688     0.00363     0.14063     0.06332     0.06631     1.20841
    -0.88384     2.41546     5.29148    56.04404     0.00374     0.13846     0.06344     0.06660     1.19437
    -0.86084     2.31486     5.13042    54.90895     0.00382     0.13591     0.06330     0.06692     1.18283
    -0.83684     2.23458     5.00921    53.89666     0.00388     0.13309     0.06291     0.06732     1.17422
    -0.81384     2.17490     4.93033    53.01739     0.00392     0.13016     0.06230     0.06791     1.16946
    -0.79084     2.13426     4.89372    52.27368     0.00393     0.12720     0.06148     0.06865     1.16833
    -0.76784     2.10964     4.89649    51.66368     0.00391     0.12432     0.06048     0.06961     1.17051
    -0.74484     2.09669     4.93321    51.17811     0.00386     0.12157     0.05932     0.07081     1.17589
    -0.72084     2.09074     4.99758    50.80155     0.00379     0.11897     0.05800     0.07218     1.18287
    -0.69784     2.08745     5.08166    50.51434     0.00369     0.11653     0.05655     0.07372     1.19075
    -0.67484     2.08318     5.17839    50.29496     0.00358     0.11421     0.05496     0.07535     1.19797
    -0.65184     2.07529     5.28015    50.12218     0.00345     0.11196     0.05327     0.07696     1.20318
    -0.62884     2.06287     5.38118    49.97676     0.00330     0.10977     0.05149     0.07851     1.20519
    -0.60484     2.04608     5.47603    49.84304     0.00315     0.10754     0.04968     0.07988     1.20323
    -0.58184     2.02638     5.56117    49.71321     0.00299     0.10530     0.04789     0.08101     1.19628
    -0.55884     2.00582     5.63391    49.58094     0.00282     0.10300     0.04620     0.08184     1.18435
    -0.53584     1.98697     5.69282    49.45111     0.00266     0.10065     0.04466     0.08238     1.16772
    -0.51284     1.97246     5.73699    49.32956     0.00251     0.09825     0.04336     0.08255     1.14675
    -0.48884     1.96426     5.76676    49.22514     0.00237     0.09584     0.04238     0.08246     1.12259
    -0.46584     1.96380     5.78259    49.14496     0.00225     0.09343     0.04172     0.08212     1.09642
    -0.44284     1.97156     5.78508    49.09801     0.00214     0.09109     0.04144     0.08159     1.06941
    -0.41984     1.98723     5.77569    49.08726     0.00206     0.08887     0.04152     0.08099     1.04288
    -0.39684     2.00958     5.75532    49.11253     0.00201     0.08683     0.04194     0.08036     1.01832
    -0.37284     2.03682     5.72555    49.17250     0.00199     0.08502     0.04266     0.07982     0.99647
    -0.34984     2.06676     5.68726    49.26005     0.00199     0.08354     0.04364     0.07942     0.97856
    -0.32684     2.09682     5.64197    49.37309     0.00203     0.08243     0.04482     0.07926     0.96505
    -0.30384     2.12448     5.59058    49.50597     0.00208     0.08173     0.04609     0.07937     0.95611
    -0.28084     2.14742     5.53371    49.65712     0.00216     0.08150     0.04740     0.07971     0.95181
    -0.25784     2.16326     5.47185    49.82423     0.00225     0.08172     0.04868     0.08030     0.95171
    -0.23384     2.17011     5.40511    50.01238     0.00236     0.08240     0.04984     0.08106     0.95522
    -0.21084     2.16657     5.33292    50.22234     0.00246     0.08348     0.05082     0.08195     0.96141
    -0.18784     2.15144     5.25450    50.46177     0.00257     0.08487     0.05154     0.08285     0.96910
    -0.16484     2.12422     5.16864    50.73476     0.00268     0.08649     0.05194     0.08364     0.97743
    -0.14184     2.08507     5.07436    51.05127     0.00278     0.08823     0.05200     0.08424     0.98529
    -0.11784     2.03496     4.97087    51.41874     0.00288     0.08994     0.05166     0.08457     0.99158
    -0.09484     1.97557     4.85843    51.85514     0.00297     0.09151     0.05094     0.08453     0.99585
    -0.07184     1.90965     4.73807    52.37743     0.00306     0.09282     0.04984     0.08413     0.99762
    -0.04884     1.84032     4.61238    53.01023     0.00313     0.09377     0.04838     0.08338     0.99681
    -0.02584     1.77139     4.48532    53.78409     0.00321     0.09429     0.04664     0.08230     0.99388
    -0.00184     1.70687     4.36185    54.72788     0.00327     0.09434     0.04468     0.08092     0.98923
     0.02116     1.65068     4.24813    55.87595     0.00333     0.09394     0.04258     0.07942     0.98381
     0.04416     1.60615     4.15058    57.24976     0.00337     0.09312     0.04040     0.07785     0.97861
     0.06716     1.57611     4.07533    58.86983     0.00341     0.09194     0.03826     0.07628     0.97469
     0.09016     1.56235     4.02740    60.73778     0.00344     0.09051     0.03620     0.07490     0.97283
     0.11416     1.56548     4.01045    62.84310     0.00345     0.08891     0.03432     0.07370     0.97386
     0.13716     1.58510     4.02593    65.15681     0.00346     0.08727     0.03264     0.07282     0.97836
     0.16016     1.61980     4.07355    67.63903     0.00345     0.08565     0.03120     0.07222     0.98646
     0.18316     1.66744     4.15019    70.23269     0.00345     0.08414     0.03004     0.07201     0.99830
     0.20616     1.72501     4.25095    72.86987     0.00344     0.08280     0.02914     0.07207     1.01344
     0.23016     1.78899     4.36894    75.48563     0.00344     0.08164     0.02850     0.07242     1.03134
     0.25316     1.85602     4.49652    78.01038     0.00345     0.08066     0.02808     0.07299     1.05121
     0.27616     1.92248     4.62501    80.38058     0.00347     0.07987     0.02786     0.07370     1.07255
     0.29916     1.98512     4.74604    82.54598     0.00350     0.07923     0.02782     0.07449     1.09444
     0.32216     2.04103     4.85198    84.46759     0.00356     0.07878     0.02788     0.07526     1.11609
     0.34616     2.08812     4.93612    86.11898     0.00362     0.07850     0.02802     0.07596     1.13708
     0.36916     2.12485     4.99384    87.49640     0.00370     0.07839     0.02820     0.07653     1.15651
     0.39216     2.15008     5.02176    88.60280     0.00379     0.07848     0.02838     0.07687     1.17460
     0.41516     2.16376     5.01858    89.46377     0.00388     0.07881     0.02854     0.07703     1.19079
     0.43816     2.16613     4.98502    90.10881     0.00396     0.07937     0.02866     0.07692     1.20497
     0.46216     2.15777     4.92286    90.58212     0.00403     0.08019     0.02869     0.07650     1.21739
     0.48516     2.13988     4.83609    90.93240     0.00408     0.08127     0.02864     0.07583     1.22759
     0.50816     2.11385     4.72956    91.21000     0.00410     0.08255     0.02849     0.07490     1.23629
     0.53116     2.08098     4.60838    91.46310     0.00410     0.08404     0.02824     0.07368     1.24337
     0.55416     2.04266     4.47919    91.74430     0.00407     0.08567     0.02790     0.07223     1.24888
     0.57816     2.00046     4.34787    92.09380     0.00402     0.08735     0.02748     0.07056     1.25345
     0.60116     1.95567     4.22113    92.55060     0.00396     0.08902     0.02700     0.06875     1.25714
     0.62416     1.90957     4.10457    93.14219     0.00389     0.09062     0.02648     0.06685     1.26075
     0.64716     1.86347     4.00368    93.89481     0.00382     0.09206     0.02596     0.06494     1.26443
     0.67016     1.81837     3.92242    94.81847     0.00376     0.09331     0.02548     0.06309     1.26895
     0.69416     1.77538     3.86467    95.91706     0.00372     0.09432     0.02505     0.06142     1.27501
     0.71716     1.73531     3.83193    97.18272     0.00370     0.09508     0.02471     0.05996     1.28286
     0.74016     1.69892     3.82472    98.59694     0.00371     0.09560     0.02447     0.05884     1.29317
     0.76316     1.66688     3.84208   100.13215     0.00376     0.09589     0.02434     0.05808     1.30594
     0.78616     1.63941     3.88146   101.75042     0.00383     0.09601     0.02431     0.05772     1.32159
     0.81016     1.61661     3.93873   103.40743     0.00393     0.09603     0.02440     0.05776     1.33975
     0.83316     1.59847     4.00861   105.05508     0.00405     0.09600     0.02458     0.05823     1.35990
     0.85616     1.58475     4.08491   106.64374     0.00418     0.09600     0.02484     0.05903     1.38188
     0.87916     1.57505     4.16136   108.12999     0.00431     0.09609     0.02516     0.06012     1.40510
     0.90216     1.56883     4.23097   109.47590     0.00445     0.09633     0.02555     0.06142     1.42830
     0.92616     1.56553     4.28820   110.65870     0.00457     0.09675     0.02598     0.06283     1.45130
     0.94916     1.56459     4.32810   111.66940     0.00469     0.09737     0.02644     0.06421     1.47340
     0.97216     1.56547     4.34750   112.51930     0.00479     0.09819     0.02691     0.06549     1.49390
     0.99516     1.56801     4.34413   113.23710     0.00488     0.09918     0.02738     0.06658     1.51260
     1.01816     1.57174     4.31888   113.88090     0.00495     0.10028     0.02784     0.06741     1.52910
     1.04216     1.57664     4.27323   114.51070     0.00501     0.10144     0.02826     0.06788     1.54380
     1.06516     1.58263     4.20999   115.20430     0.00505     0.10260     0.02864     0.06801     1.55670
     1.08816     1.58949     4.13319   116.03350     0.00507     0.10370     0.02896     0.06775     1.56840
     1.11116     1.59701     4.04726   117.06500     0.00509     0.10469     0.02920     0.06713     1.57910
     1.13416     1.60495     3.95605   118.34830     0.00510     0.10554     0.02935     0.06615     1.58970
     1.15816     1.61235     3.86314   119.90340     0.00511     0.10627     0.02942     0.06489     1.60100
     1.18116     1.61875     3.77102   121.71840     0.00511     0.10689     0.02941     0.06337     1.61350
     1.20416     1.62301     3.68139   123.75660     0.00512     0.10746     0.02933     0.06164     1.62780
     1.22716     1.62405     3.59542   125.94980     0.00513     0.10806     0.02920     0.05978     1.64430
     1.25016     1.62065     3.51331   128.20450     0.00516     0.10876     0.02902     0.05783     1.66340
     1.27416     1.61204     3.43492   130.42460     0.00520     0.10963     0.02882     0.05584     1.68480
     1.29716     1.59765     3.36006   132.51010     0.00526     0.11074     0.02860     0.05388     1.70780
     1.32016     1.57720     3.28894   134.37460     0.00533     0.11210     0.02838     0.05202     1.73230
     1.34316     1.55095     3.22140   135.95280     0.00542     0.11371     0.02816     0.05028     1.75720
     1.36616     1.51945     3.15784   137.20720     0.00551     0.11553     0.02794     0.04870     1.78120
     1.39016     1.48406     3.09892   138.13200     0.00562     0.11746     0.02770     0.04730     1.80400
     1.41316     1.44602     3.04481   138.75540     0.00572     0.11937     0.02746     0.04611     1.82460
     1.43616     1.40684     2.99604   139.13410     0.00581     0.12115     0.02718     0.04512     1.84250
     1.45916     1.36812     2.95253   139.34870     0.00589     0.12265     0.02688     0.04434     1.85860
     1.48216     1.33135     2.91386   139.49190     0.00596     0.12373     0.02652     0.04375     1.87260
     1.50616     1.29756     2.87934   139.66030     0.00600     0.12430     0.02614     0.04333     1.88620
     1.52916     1.26757     2.84790   139.94750     0.00601     0.12430     0.02571     0.04305     1.90090
     1.55216     1.24188     2.81834   140.42660     0.00601     0.12372     0.02526     0.04288     1.91790
     1.57516     1.22011     2.78958   141.14660     0.00598     0.12258     0.02480     0.04281     1.93900
     1.59816     1.20225     2.76072   142.12590     0.00594     0.12099     0.02434     0.04280     1.96570
     1.62216     1.18742     2.73102   143.35370     0.00588     0.11907     0.02392     0.04283     1.99860
     1.64516     1.17493     2.70044   144.78260     0.00582     0.11694     0.02354     0.04290     2.03750
     1.66816     1.16370     2.66902   146.34270     0.00576     0.11478     0.02322     0.04297     2.08210
     1.69116     1.15298     2.63707   147.94600     0.00571     0.11275     0.02298     0.04305     2.13130
     1.71416     1.14204     2.60516   149.48890     0.00566     0.11098     0.02284     0.04311     2.18350
     1.73816     1.13024     2.57354   150.86950     0.00563     0.10957     0.02279     0.04313     2.23610
     1.76116     1.11732     2.54256   151.98500     0.00560     0.10861     0.02282     0.04309     2.28740
     1.78416     1.10297     2.51165   152.74480     0.00557     0.10812     0.02292     0.04297     2.33430
     1.80716     1.08708     2.48013   153.05420     0.00555     0.10805     0.02308     0.04274     2.37470
     1.83016     1.06970     2.44668   152.83430     0.00552     0.10831     0.02326     0.04237     2.40650
     1.85416     1.05066     2.40955   152.00740     0.00548     0.10877     0.02343     0.04184     2.42730
     1.87716     1.02993     2.36671   150.49095     0.00542     0.10926     0.02356     0.04112     2.43550
     1.90016     1.00717     2.31591   148.21429     0.00533     0.10954     0.02362     0.04018     2.42920
     1.92316     0.98198     2.25512   145.10614     0.00521     0.10943     0.02359     0.03902     2.40710
     1.94616     0.95380     2.18266   141.10160     0.00506     0.10868     0.02340     0.03763     2.36780
     1.97016     0.92197     2.09718   136.15286     0.00488     0.10712     0.02306     0.03600     2.31010
     1.99316     0.88594     1.99817   130.24111     0.00465     0.10459     0.02252     0.03415     2.23315
     2.01616     0.84518     1.88576   123.37612     0.00440     0.10102     0.02179     0.03209     2.13744
     2.03916     0.79943     1.76089   115.61790     0.00411     0.09638     0.02084     0.02985     2.02293
     2.06216     0.74864     1.62533   107.06559     0.00379     0.09072     0.01969     0.02745     1.89156
     2.08616     0.69319     1.48151    97.87291     0.00346     0.08415     0.01835     0.02495     1.74519
     2.10916     0.63381     1.33236    88.23071     0.00311     0.07685     0.01686     0.02239     1.58740
     2.13216     0.57156     1.18119    78.36007     0.00276     0.06903     0.01526     0.01981     1.42222
     2.15516     0.50779     1.03147    68.50445     0.00241     0.06095     0.01358     0.01727     1.25339
     2.17816     0.44398     0.88651    58.90214     0.00207     0.05286     0.01189     0.01482     1.08609
     2.20216     0.38169     0.74935    49.77261     0.00175     0.04501     0.01021     0.01251     0.92432
     2.22516     0.32238     0.62252    41.30620     0.00146     0.03759     0.00861     0.01038     0.77220
     2.24816     0.26731     0.50791    33.64576     0.00119     0.03079     0.00712     0.00845     0.63267
     2.27116     0.21744     0.40676    26.88278     0.00095     0.02472     0.00578     0.00676     0.50821
     2.29416     0.17342     0.31955    21.05938     0.00075     0.01944     0.00459     0.00530     0.39998
     2.31816     0.13554     0.24613    16.16719     0.00058     0.01497     0.00357     0.00407     0.30830
     2.34116     0.10375     0.18577    12.15811     0.00044     0.01128     0.00271     0.00306     0.23260
     2.36416     0.07776     0.13733     8.95273     0.00032     0.00832     0.00202     0.00225     0.17173
     2.38716     0.05704     0.09939     6.45295     0.00024     0.00601     0.00147     0.00162     0.12403
     2.41016     0.04093     0.07039     4.55137     0.00017     0.00424     0.00105     0.00115     0.08762
     2.43416     0.02872     0.04877     3.14019     0.00012     0.00292     0.00073     0.00079     0.06050
     2.45716     0.01970     0.03305     2.11887     0.00008     0.00197     0.00049     0.00053     0.04084
     2.48016     0.01321     0.02189     1.39783     0.00005     0.00130     0.00033     0.00035     0.02693
     2.50316     0.00866     0.01417     0.90142     0.00003     0.00084     0.00021     0.00023     0.01736
     2.52616     0.00554     0.00896     0.56807     0.00002     0.00053     0.00013     0.00014     0.01093
     2.55016     0.00346     0.00554     0.34978     0.00001     0.00032     0.00008     0.00009     0.00672
     2.57316     0.00212     0.00334     0.21039     0.00001     0.00019     0.00005     0.00005     0.00403
     2.59616     0.00126     0.00197     0.12360     0.00000     0.00011     0.00003     0.00003     0.00236
     2.61916     0.00073     0.00113     0.07091     0.00000     0.00006     0.00002     0.00002     0.00135
     2.64216     0.00042     0.00064     0.03972     0.00000     0.00004     0.00001     0.00001     0.00076
     2.66616     0.00023     0.00035     0.02172     0.00000     0.00002     0.00001     0.00001     0.00041
     2.68916     0.00012     0.00019     0.01159     0.00000     0.00001     0.00000     0.00000     0.00022
     2.71216     0.00007     0.00010     0.00604     0.00000     0.00001     0.00000     0.00000     0.00011
     2.73516     0.00003     0.00005     0.00307     0.00000     0.00000     0.00000     0.00000     0.00006
     2.75816     0.00002     0.00002     0.00152     0.00000     0.00000     0.00000     0.00000     0.00003
     2.78216     0.00001     0.00001     0.00074     0.00000     0.00000     0.00000     0.00000     0.00001
     2.80516     0.00000     0.00001     0.00035     0.00000     0.00000     0.00000     0.00000     0.00001
     2.82816     0.00000     0.00000     0.00016     0.00000     0.00000     0.00000     0.00000     0.00000
     2.85116     0.00000     0.00000     0.00007     0.00000     0.00000     0.00000     0.00000     0.00000
     2.87416     0.00000     0.00000     0.00003     0.00000     0.00000     0.00000     0.00000     0.00000
     2.89716     0.00000     0.00000     0.00001     0.00000     0.00000     0.00000     0.00000     0.00000
     2.92116     0.00000     0.00000     0.00001     0.00000     0.00000     0.00000     0.00000     0.00000
     2.94416     0.00000     0.00000     0.00000     0.00000     0.00000     0.00000     0.00000     0.00000
     2.96716     0.00000     0.00000     0.00000     0.00000     0.00000     0.00000     0.00000     0.00000
     2.99016     0.00000     0.00000     0.00000     0.00000     0.00000     0.00000     0.00000     0.00000
     3.01316     0.00000     0.00000     0.00000     0.00000     0.00000     0.00000     0.00000     0.00000
     3.03716     0.00000     0.00000     0.00000     0.00000     0.00000     0.00000     0.00000     0.00000
     3.06016     0.00000     0.00000     0.00000     0.00000     0.00000     0.00000     0.00000     0.00000
     3.08316     0.00000     0.00000     0.00000     0.00000     0.00000     0.00000     0.00000     0.00000
     3.10616     0.00000     0.00000     0.00000     0.00000     0.00000     0.00000     0.00000     0.00000
     3.12916     0.00000     0.00000     0.00000     0.00000     0.00000     0.00000     0.00000     0.00000
     3.15316     0.00000     0.00000     0.00000     0.00000     0.00000     0.00000     0.00000     0.00000
     3.17616     0.00000     0.00000     0.00000     0.00000     0.00000     0.00000     0.00000     0.00000
     3.19916     0.00000     0.00000     0.00000     0.00000     0.00000     0.00000     0.00000     0.00000
     3.22216     0.00000     0.00000     0.00000     0.00000     0.00000     0.00000     0.00000     0.00000
     3.24516     0.00000     0.00000     0.00000     0.00000     0.00000     0.00000     0.00000     0.00000
     3.26916     0.00000     0.00000     0.00000     0.00000     0.00000     0.00000     0.00000     0.00000
     3.29216     0.00000     0.00000     0.00000     0.00000     0.00000     0.00000     0.00000     0.00000
     3.31516     0.00000     0.00000     0.00000     0.00000     0.00000     0.00000     0.00000     0.00000
     3.33816     0.00000     0.00000     0.00000     0.00000     0.00000     0.00000     0.00000     0.00000
     3.36116     0.00000     0.00000     0.00000     0.00000     0.00000     0.00000     0.00000     0.00000
     3.38516     0.00000     0.00000     0.00000     0.00000     0.00000     0.00000     0.00000     0.00000
     3.40816     0.00000     0.00000     0.00000     0.00000     0.00000     0.00000     0.00000     0.00000
     3.43116     0.00000     0.00000     0.00000     0.00000     0.00000     0.00000     0.00000     0.00000
     3.45416     0.00000     0.00000     0.00000     0.00000     0.00000     0.00000     0.00000     0.00000
     3.47716     0.00000     0.00000     0.00000     0.00000     0.00000     0.00000     0.00000     0.00000
     3.50116     0.00000     0.00000     0.00000     0.00000     0.00000     0.00000     0.00000     0.00000
     3.52416     0.00000     0.00000     0.00000     0.00000     0.00000     0.00000     0.00000     0.00000
     3.54716     0.00000     0.00000     0.00000     0.00000     0.00000     0.00000     0.00000     0.00000
     3.57016     0.00000     0.00000     0.00000     0.00000     0.00000     0.00000     0.00000     0.00000
     3.59316     0.00000     0.00000     0.00000     0.00000     0.00000     0.00000     0.00000     0.00000
     3.61716     0.00000     0.00000     0.00000     0.00000     0.00000     0.00000     0.00000     0.00000
     3.64016     0.00000     0.00000     0.00000     0.00000     0.00000     0.00000     0.00000     0.00000
     3.66316     0.00000     0.00000     0.00000     0.00000     0.00000     0.00000     0.00000     0.00000
     3.68616     0.00000     0.00000     0.00000     0.00000     0.00000     0.00000     0.00000     0.00000
     3.70916     0.00000     0.00000     0.00000     0.00000     0.00000     0.00000     0.00000     0.00000
     3.73316     0.00000     0.00000     0.00000     0.00000     0.00000     0.00000     0.00000     0.00000
     3.75616     0.00000     0.00000     0.00000     0.00000     0.00000     0.00000     0.00000     0.00000
     3.77916     0.00000     0.00000     0.00000     0.00000     0.00000     0.00000     0.00000     0.00000
     3.80216     0.00000     0.00000     0.00000     0.00000     0.00000     0.00000     0.00000     0.00000
     3.82516     0.00000     0.00000     0.00000     0.00000     0.00000     0.00000     0.00000     0.00000
     3.84916     0.00000     0.00000     0.00000     0.00000     0.00000     0.00000     0.00000     0.00000
     3.87216     0.00000     0.00000     0.00000     0.00000     0.00000     0.00000     0.00000     0.00000
     3.89516     0.00000     0.00000     0.00000     0.00000     0.00000     0.00000     0.00000     0.00000
     3.91816     0.00000     0.00000     0.00000     0.00000     0.00000     0.00000     0.00000     0.00000
     3.94116     0.00000     0.00000     0.00000     0.00000     0.00000     0.00000     0.00000     0.00000
     3.96516     0.00000     0.00000     0.00000     0.00000     0.00000     0.00000     0.00000     0.00000
     3.98816     0.00000     0.00000     0.00000     0.00000     0.00000     0.00000     0.00000     0.00000
     4.01116     0.00000     0.00000     0.00000     0.00000     0.00000     0.00000     0.00000     0.00000
     4.03416     0.00000     0.00000     0.00000     0.00000     0.00000     0.00000     0.00000     0.00000
     4.05716     0.00000     0.00000     0.00000     0.00000     0.00000     0.00000     0.00000     0.00000
     4.08116     0.00000     0.00000     0.00000     0.00000     0.00000     0.00000     0.00000     0.00000
     4.10416     0.00000     0.00000     0.00000     0.00000     0.00000     0.00000     0.00000     0.00000
     4.12716     0.00000     0.00000     0.00000     0.00000     0.00000     0.00000     0.00000     0.00000
     4.15016     0.00000     0.00000     0.00000     0.00000     0.00000     0.00000     0.00000     0.00000
     4.17316     0.00000     0.00000     0.00000     0.00000     0.00000     0.00000     0.00000     0.00000
     4.19716     0.00000     0.00000     0.00000     0.00000     0.00000     0.00000     0.00000     0.00000
     4.22016     0.00000     0.00000     0.00000     0.00000     0.00000     0.00000     0.00000     0.00000
     4.24316     0.00000     0.00000     0.00000     0.00000     0.00000     0.00000     0.00000     0.00000
     4.26616     0.00000     0.00000     0.00000     0.00000     0.00000     0.00000     0.00000     0.00000
     4.28916     0.00000     0.00000     0.00000     0.00000     0.00000     0.00000     0.00000     0.00000
     4.31316     0.00000     0.00000     0.00000     0.00000     0.00000     0.00000     0.00000     0.00000
     4.33616     0.00000     0.00000     0.00000     0.00000     0.00000     0.00000     0.00000     0.00000
     4.35916     0.00000     0.00000     0.00000     0.00000     0.00000     0.00000     0.00000     0.00000
     4.38216     0.00000     0.00000     0.00000     0.00000     0.00000     0.00000     0.00000     0.00000
     4.40516     0.00000     0.00000     0.00000     0.00000     0.00000     0.00000     0.00000     0.00000
     4.42916     0.00000     0.00000     0.00000     0.00000     0.00000     0.00000     0.00000     0.00000
     4.45216     0.00000     0.00000     0.00000     0.00000     0.00000     0.00000     0.00000     0.00000
     4.47516     0.00000     0.00000     0.00000     0.00000     0.00000     0.00000     0.00000     0.00000
     4.49816     0.00000     0.00000     0.00000     0.00000     0.00000     0.00000     0.00000     0.00000
     4.52116     0.00000     0.00000     0.00000     0.00000     0.00000     0.00000     0.00000     0.00000
     4.54516     0.00000     0.00000     0.00000     0.00000     0.00000     0.00000     0.00000     0.00000
     4.56816     0.00000     0.00000     0.00000     0.00000     0.00000     0.00000     0.00000     0.00000
     4.59116     0.00000     0.00000     0.00000     0.00000     0.00000     0.00000     0.00000     0.00000
     4.61416     0.00000     0.00000     0.00000     0.00000     0.00000     0.00000     0.00000     0.00000
     4.63716     0.00000     0.00000     0.00000     0.00000     0.00000     0.00000     0.00000     0.00000
     4.66116     0.00000     0.00000     0.00000     0.00000     0.00000     0.00000     0.00000     0.00000
     4.68416     0.00000     0.00000     0.00000     0.00000     0.00000     0.00000     0.00000     0.00000
     4.70716     0.00000     0.00000     0.00000     0.00000     0.00000     0.00000     0.00000     0.00000
     4.73016     0.00000     0.00000     0.00000     0.00000     0.00000     0.00000     0.00000     0.00000
     4.75316     0.00000     0.00000     0.00000     0.00000     0.00000     0.00000     0.00000     0.00000
     4.77716     0.00000     0.00000     0.00000     0.00000     0.00000     0.00000     0.00000     0.00000
     4.80016     0.00000     0.00000     0.00000     0.00000     0.00000     0.00000     0.00000     0.00000
     4.82316     0.00000     0.00000     0.00000     0.00000     0.00000     0.00000     0.00000     0.00000
     4.84616     0.00000     0.00000     0.00000     0.00000     0.00000     0.00000     0.00000     0.00000
     4.86916     0.00000     0.00000     0.00000     0.00000     0.00000     0.00000     0.00000     0.00000
     4.89316     0.00000     0.00000     0.00000     0.00000     0.00000     0.00000     0.00000     0.00000
     4.91616     0.00000     0.00000     0.00000     0.00000     0.00000     0.00000     0.00000     0.00000
     4.93916     0.00000     0.00000     0.00000     0.00000     0.00000     0.00000     0.00000     0.00000
     4.96216     0.00000     0.00000     0.00000     0.00000     0.00000     0.00000     0.00000     0.00000
     4.98516     0.00000     0.00000     0.00000     0.00000     0.00000     0.00000     0.00000     0.00000
     5.00916     0.00000     0.00000     0.00000     0.00000     0.00000     0.00000     0.00000     0.00000
     5.03216     0.00000     0.00000     0.00000     0.00000     0.00000     0.00000     0.00000     0.00000
     5.05516     0.00000     0.00000     0.00000     0.00000     0.00000     0.00000     0.00000     0.00000
     5.07816     0.00000     0.00000     0.00000     0.00000     0.00000     0.00000     0.00000     0.00000
     5.10116     0.00000     0.00000     0.00000     0.00000     0.00000     0.00000     0.00000     0.00000
     5.12516     0.00000     0.00000     0.00000     0.00000     0.00000     0.00000     0.00000     0.00000
     5.14816     0.00000     0.00000     0.00000     0.00000     0.00000     0.00000     0.00000     0.00000
     5.17116     0.00000     0.00000     0.00000     0.00000     0.00000     0.00000     0.00000     0.00000
     5.19416     0.00000     0.00000     0.00000     0.00000     0.00000     0.00000     0.00000     0.00000
     5.21716     0.00000     0.00000     0.00000     0.00000     0.00000     0.00000     0.00000     0.00000
     5.24116     0.00000     0.00000     0.00000     0.00000     0.00000     0.00000     0.00000     0.00000
     5.26416     0.00000     0.00000     0.00000     0.00000     0.00000     0.00000     0.00000     0.00000
     5.28716     0.00000     0.00000     0.00000     0.00000     0.00000     0.00000     0.00000     0.00000
     5.31016     0.00000     0.00000     0.00000     0.00000     0.00000     0.00000     0.00000     0.00000
     5.33316     0.00000     0.00000     0.00000     0.00000     0.00000     0.00000     0.00000     0.00000
     5.35716     0.00000     0.00000     0.00000     0.00000     0.00000     0.00000     0.00000     0.00000
