Tue Jun 02 09:03:20 2020

Number of Points = 3026
Depth (nm)	Load (µN)	Time (s)	Depth (V)	Load (V)
1.081209	-0.025521	0.000000	-0.000016	0.485655

0.998604	-0.003334	0.005005	-0.000001	0.485630
1.105348	-0.031722	0.010010	-0.000020	0.485661
0.959789	0.011417	0.015014	0.000006	0.485632
1.178065	-0.063920	0.020019	-0.000033	0.485636
1.019365	-0.007079	0.025024	-0.000004	0.485638
1.098458	-0.078229	0.030029	-0.000018	0.485489
0.899856	-0.056886	0.035034	0.000018	0.485321
0.893210	-0.051325	0.040038	0.000019	0.485331
0.817035	-0.041113	0.045043	0.000033	0.485273
1.013925	-0.178942	0.050048	-0.000002	0.485037
0.917415	-0.153814	0.055053	0.000015	0.485006
1.102505	-0.283478	0.060058	-0.000018	0.484783
1.038191	-0.287105	0.065062	-0.000006	0.484692
1.076897	-0.382774	0.070067	-0.000013	0.484409
0.896575	-0.346807	0.075072	0.000020	0.484314
0.997398	-0.448513	0.080077	0.000002	0.484085
0.949390	-0.486317	0.085082	0.000011	0.483896
0.979260	-0.541248	0.090086	0.000005	0.483742
0.855682	-0.572794	0.095091	0.000028	0.483483
1.007063	-0.704586	0.100096	0.000001	0.483212
0.838811	-0.726164	0.105101	0.000031	0.482932
1.066626	-0.872445	0.110106	-0.000010	0.482704
0.869090	-0.887047	0.115110	0.000026	0.482413
0.910643	-0.986896	0.120115	0.000019	0.482118
0.842063	-1.047846	0.125120	0.000031	0.481823
0.980723	-1.185643	0.130125	0.000006	0.481515
0.985428	-1.286292	0.135130	0.000006	0.481171
0.931274	-1.364537	0.140134	0.000016	0.480834
0.923314	-1.469647	0.145139	0.000017	0.480459
0.971654	-1.580296	0.150144	0.000009	0.480134
0.887063	-1.675128	0.155149	0.000024	0.479701
0.928876	-1.797457	0.160154	0.000017	0.479327
0.937627	-1.899732	0.165158	0.000016	0.478981
0.861108	-1.981509	0.170163	0.000030	0.478602
0.818959	-2.101130	0.175168	0.000037	0.478134
0.881608	-2.232401	0.180173	0.000026	0.477753
0.776492	-2.333499	0.185178	0.000045	0.477270
0.813736	-2.467759	0.190182	0.000039	0.476847
0.676115	-2.556489	0.195187	0.000064	0.476367
0.721193	-2.710635	0.200192	0.000056	0.475883
0.828777	-2.891468	0.205197	0.000037	0.475382
0.749693	-2.999168	0.210202	0.000051	0.474906
0.646182	-3.116946	0.215206	0.000070	0.474365
0.716413	-3.270802	0.220211	0.000057	0.473911
0.621016	-3.389082	0.225216	0.000075	0.473376
0.572489	-3.528149	0.230221	0.000084	0.472826
0.445833	-3.642186	0.235226	0.000107	0.472266
0.409572	-3.770896	0.240230	0.000114	0.471767
0.397648	-3.926577	0.245235	0.000116	0.471202
0.556527	-4.145731	0.250240	0.000087	0.470624
0.296502	-4.220835	0.255245	0.000135	0.470033
0.327034	-4.390023	0.260250	0.000129	0.469471
0.330268	-4.549057	0.265254	0.000129	0.468911
0.249981	-4.688612	0.270259	0.000144	0.468314
0.104181	-4.811970	0.275264	0.000170	0.467692
0.263016	-5.037555	0.280269	0.000142	0.467087
-0.043486	-5.108986	0.285274	0.000197	0.466446
-0.118399	-5.254839	0.290278	0.000211	0.465830
-0.490494	-5.296064	0.295283	0.000278	0.465213
-2.599681	-4.698562	0.300288	0.000660	0.464690
-2.608834	-4.797251	0.305293	0.000661	0.464323
-2.997436	-4.752393	0.310298	0.000732	0.463992
-3.217280	-4.798476	0.315302	0.000772	0.463548
-3.576764	-4.766812	0.320307	0.000837	0.463205
-3.917839	-4.742032	0.325312	0.000899	0.462861
-4.177716	-4.737376	0.330317	0.000946	0.462547
-4.671736	-4.646886	0.335322	0.001035	0.462245
-4.790907	-4.679027	0.340326	0.001057	0.461977
-4.984619	-4.688462	0.345331	0.001092	0.461696
-4.905999	-4.794711	0.350336	0.001078	0.461412
-5.419139	-4.700058	0.355341	0.001171	0.461099
-5.486451	-4.744470	0.360346	0.001183	0.460852
-5.635922	-4.767300	0.365350	0.001210	0.460578
-5.710323	-4.804846	0.370355	0.001224	0.460347
-6.075227	-4.740525	0.375360	0.001290	0.460113
-6.391149	-4.700519	0.380365	0.001347	0.459854
-6.503146	-4.732157	0.385370	0.001368	0.459595
-6.486193	-4.785878	0.390374	0.001365	0.459421
-6.719584	-4.758852	0.395379	0.001407	0.459220
-6.914706	-4.749323	0.400384	0.001443	0.459004
-7.126833	-4.737094	0.405389	0.001481	0.458776
-7.121288	-4.783102	0.410394	0.001480	0.458615
-7.591900	-4.688580	0.415398	0.001566	0.458355
-7.652944	-4.723794	0.420403	0.001577	0.458148
-7.838997	-4.690760	0.425408	0.001611	0.458028
-7.875261	-4.755053	0.430413	0.001617	0.457747
-7.901515	-4.789469	0.435418	0.001622	0.457587
-8.263242	-4.708304	0.440422	0.001688	0.457417
-8.480341	-4.708192	0.445427	0.001727	0.457138
-8.333411	-4.782816	0.450432	0.001701	0.457054
-8.766891	-4.703889	0.455437	0.001779	0.456783
-8.746227	-4.747138	0.460442	0.001776	0.456651
-8.913423	-4.733944	0.465446	0.001806	0.456483
-8.948076	-4.786233	0.470451	0.001812	0.456247
-9.189069	-4.733237	0.475456	0.001856	0.456129
-9.393437	-4.733779	0.480461	0.001893	0.455863
-9.484643	-4.730729	0.485466	0.001910	0.455756
-9.690048	-4.716066	0.490470	0.001947	0.455544
-9.511798	-4.828587	0.495475	0.001915	0.455361
-9.931826	-4.719302	0.500480	0.001991	0.455218
-10.234546	-4.676263	0.505485	0.002046	0.454984
-10.103514	-4.745621	0.510490	0.002023	0.454898
-10.297108	-4.747458	0.515494	0.002058	0.454640
-10.073928	-4.846830	0.520499	0.002018	0.454564
-10.665597	-4.714495	0.525504	0.002125	0.454283
-10.602931	-4.753519	0.530509	0.002114	0.454220
-10.866554	-4.714111	0.535514	0.002161	0.454022
-10.856503	-4.762756	0.540518	0.002160	0.453856
-11.292193	-4.654602	0.545523	0.002239	0.453688
-11.181272	-4.741006	0.550528	0.002219	0.453513
-11.390317	-4.704775	0.555533	0.002257	0.453375
-11.444148	-4.738810	0.560538	0.002267	0.453179
-11.663355	-4.696863	0.565542	0.002306	0.453048
-11.751865	-4.715623	0.570547	0.002323	0.452863
-11.757252	-4.747195	0.575552	0.002324	0.452739
-11.978957	-4.737950	0.580557	0.002364	0.452484
-12.150597	-4.695466	0.585562	0.002395	0.452417
-12.423584	-4.675447	0.590566	0.002445	0.452135
-12.250037	-4.739217	0.595571	0.002413	0.452124
-12.604413	-4.699464	0.600576	0.002478	0.451809
-12.543734	-4.724712	0.605581	0.002467	0.451794
-12.827463	-4.699219	0.610586	0.002518	0.451518
-12.920816	-4.681041	0.615590	0.002535	0.451463
-13.039859	-4.712013	0.620595	0.002557	0.451193
-13.094330	-4.712764	0.625600	0.002567	0.451118
-13.388790	-4.676613	0.630605	0.002620	0.450867
-13.178040	-4.776328	0.635610	0.002582	0.450772
-13.781352	-4.625920	0.640614	0.002692	0.450541
-13.572574	-4.715326	0.645619	0.002654	0.450481
-13.906986	-4.660468	0.650624	0.002715	0.450247
-13.890661	-4.689288	0.655629	0.002712	0.450160
-14.088209	-4.678862	0.660634	0.002748	0.449940
-14.183424	-4.674883	0.665638	0.002765	0.449829
-14.320254	-4.679677	0.670643	0.002790	0.449632
-14.307503	-4.715862	0.675648	0.002788	0.449514
-14.529800	-4.689633	0.680653	0.002828	0.449319
-14.541445	-4.715570	0.685658	0.002831	0.449207
-14.922233	-4.620317	0.690662	0.002899	0.449061
-14.670544	-4.757333	0.695667	0.002854	0.448881
-14.809658	-4.748683	0.700672	0.002879	0.448730
-15.109995	-4.716171	0.705677	0.002934	0.448456
-14.915738	-4.800048	0.710682	0.002899	0.448398
-15.601766	-4.642616	0.715686	0.003023	0.448083
-15.252338	-4.775647	0.720691	0.002960	0.448046
-15.694229	-4.691226	0.725696	0.003040	0.447779
-15.513478	-4.784923	0.730701	0.003008	0.447667
-15.891642	-4.708308	0.735706	0.003076	0.447454
-15.935440	-4.738451	0.740710	0.003084	0.447284
-16.128030	-4.707730	0.745715	0.003119	0.447144
-16.260970	-4.714044	0.750720	0.003143	0.446945
-16.596723	-4.626094	0.755725	0.003204	0.446830
-16.450331	-4.724550	0.760730	0.003178	0.446654
-16.717541	-4.663980	0.765734	0.003226	0.446528
-16.744677	-4.716244	0.770739	0.003232	0.446296
-16.982079	-4.656259	0.775744	0.003275	0.446206
-17.147690	-4.662462	0.780749	0.003305	0.445964
-17.181451	-4.668991	0.785754	0.003311	0.445894
-17.126540	-4.748891	0.790758	0.003301	0.445667
-17.333169	-4.699348	0.795763	0.003339	0.445579
-17.356116	-4.768706	0.800768	0.003343	0.445288
-17.429992	-4.767458	0.805773	0.003357	0.445194
-17.791532	-4.704562	0.810778	0.003422	0.444951
-17.832054	-4.726379	0.815782	0.003430	0.444815
-18.059095	-4.688050	0.820787	0.003471	0.444658
-18.063558	-4.731672	0.825792	0.003472	0.444487
-18.153276	-4.734545	0.830797	0.003488	0.444357
-18.250318	-4.755972	0.835802	0.003506	0.444147
-18.408809	-4.713670	0.840806	0.003535	0.444095
-18.703959	-4.696320	0.845811	0.003588	0.443768
-18.544122	-4.764714	0.850816	0.003559	0.443722
-18.910517	-4.709598	0.855821	0.003626	0.443443
-18.960138	-4.713348	0.860826	0.003635	0.443362
-19.349610	-4.640210	0.865830	0.003705	0.443120
-19.075547	-4.757947	0.870835	0.003656	0.443039
-19.411118	-4.698425	0.875840	0.003717	0.442817
-19.394392	-4.741846	0.880845	0.003714	0.442675
-19.522156	-4.746223	0.885850	0.003737	0.442488
-19.657270	-4.755465	0.890854	0.003762	0.442272
-19.795935	-4.727976	0.895859	0.003787	0.442190
-20.178091	-4.671297	0.900864	0.003856	0.441895
-19.980028	-4.749445	0.905869	0.003821	0.441863
-20.213097	-4.741483	0.910874	0.003863	0.441582
-20.386804	-4.706527	0.915878	0.003895	0.441481
-20.721713	-4.648908	0.920883	0.003955	0.441252
-20.814174	-4.632367	0.925888	0.003972	0.441190
-20.954214	-4.649969	0.930893	0.003998	0.440936
-20.800066	-4.719671	0.935898	0.003970	0.440877
-21.053400	-4.696621	0.940902	0.004016	0.440625
-20.984345	-4.747185	0.945907	0.004004	0.440525
-21.341998	-4.677340	0.950912	0.004068	0.440311
-21.350154	-4.715545	0.955917	0.004070	0.440155
-21.447712	-4.723314	0.960922	0.004088	0.439994
-21.641022	-4.713381	0.965926	0.004123	0.439772
-21.627317	-4.738832	0.970931	0.004121	0.439693
-22.025183	-4.669088	0.975936	0.004193	0.439425
-21.906014	-4.722988	0.980941	0.004171	0.439378
-22.215581	-4.671735	0.985946	0.004227	0.439158
-22.087006	-4.729955	0.990950	0.004204	0.439108
-22.356188	-4.715273	0.995955	0.004253	0.438802
-22.499382	-4.714898	1.000960	0.004279	0.438611

-22.752341	-4.693787	1.010957	0.004325	0.438350
-22.892207	-4.688611	1.020954	0.004351	0.438179
-23.009457	-4.712034	1.030950	0.004372	0.437931
-23.146757	-4.676428	1.040947	0.004398	0.437880
-23.147143	-4.710539	1.050944	0.004398	0.437747
-23.408709	-4.671010	1.060941	0.004446	0.437544
-23.349105	-4.691158	1.070938	0.004435	0.437545
-23.329697	-4.697219	1.080934	0.004432	0.437545
-23.331766	-4.694625	1.090931	0.004433	0.437550
-23.368773	-4.681730	1.100928	0.004440	0.437547
-23.263205	-4.718196	1.110925	0.004421	0.437547
-23.306912	-4.703451	1.120922	0.004429	0.437542
-23.329657	-4.693307	1.130918	0.004434	0.437548
-23.398268	-4.668359	1.140915	0.004446	0.437548
-23.379050	-4.652736	1.150912	0.004443	0.437631
-23.272477	-4.626376	1.160909	0.004424	0.437872
-23.187648	-4.656533	1.170906	0.004409	0.437868
-23.138773	-4.671899	1.180902	0.004401	0.437873
-23.143502	-4.667297	1.190899	0.004402	0.437881
-23.006952	-4.705725	1.200896	0.004378	0.437916
-22.946177	-4.659412	1.210893	0.004367	0.438171
-22.933764	-4.662975	1.220890	0.004365	0.438172
-22.856748	-4.688565	1.230886	0.004351	0.438175
-22.855434	-4.687965	1.240883	0.004352	0.438177
-22.719218	-4.701450	1.250880	0.004327	0.438305
-22.633886	-4.681295	1.260877	0.004312	0.438494
-22.681381	-4.663807	1.270874	0.004321	0.438494
-22.645629	-4.676148	1.280870	0.004315	0.438493
-22.560882	-4.705062	1.290867	0.004300	0.438494
-22.481519	-4.650865	1.300864	0.004286	0.438803
-22.470122	-4.654697	1.310861	0.004284	0.438801
-22.359418	-4.692953	1.320858	0.004265	0.438802
-22.383009	-4.666493	1.330854	0.004269	0.438868
-22.119598	-4.686275	1.340851	0.004222	0.439143
-22.078334	-4.701777	1.350848	0.004215	0.439137
-22.143040	-4.676022	1.360845	0.004227	0.439146
-22.099319	-4.693402	1.370842	0.004219	0.439136
-21.918670	-4.698377	1.380838	0.004187	0.439356
-21.874616	-4.706354	1.390835	0.004179	0.439382
-21.871677	-4.705965	1.400832	0.004179	0.439385
-21.830255	-4.720874	1.410829	0.004172	0.439381
-21.847760	-4.654380	1.420826	0.004175	0.439607
-21.703279	-4.684357	1.430822	0.004150	0.439684
-21.679093	-4.692464	1.440819	0.004146	0.439683
-21.638129	-4.679592	1.450816	0.004139	0.439784
-21.421661	-4.700762	1.460813	0.004100	0.439991
-21.463645	-4.686500	1.470810	0.004108	0.439986
-21.374029	-4.717098	1.480806	0.004092	0.439988
-21.277607	-4.722643	1.490803	0.004075	0.440093
-21.089944	-4.729468	1.500800	0.004041	0.440315
-21.151824	-4.706689	1.510797	0.004053	0.440316
-21.117579	-4.717145	1.520794	0.004047	0.440320
-21.069663	-4.732402	1.530790	0.004039	0.440323
-20.844143	-4.743311	1.540787	0.003998	0.440580
-20.893684	-4.714694	1.550784	0.004007	0.440620
-20.813978	-4.743223	1.560781	0.003993	0.440616
-20.982431	-4.682355	1.570778	0.004024	0.440619
-20.693364	-4.719266	1.580774	0.003972	0.440862
-20.648474	-4.715048	1.590771	0.003964	0.440935
-20.704671	-4.693559	1.600768	0.003975	0.440939
-20.804133	-4.648950	1.610765	0.003993	0.440972
-20.436177	-4.706051	1.620762	0.003927	0.441244
-20.425471	-4.707518	1.630758	0.003925	0.441251
-20.385515	-4.721997	1.640755	0.003919	0.441247
-20.498454	-4.646637	1.650752	0.003939	0.441378
-20.270633	-4.671963	1.660749	0.003898	0.441583
-20.379927	-4.632791	1.670746	0.003919	0.441583
-20.192798	-4.651860	1.680742	0.003885	0.441757
-20.041885	-4.673233	1.690739	0.003858	0.441875
-20.032063	-4.675465	1.700736	0.003857	0.441877
-20.107576	-4.645189	1.710733	0.003871	0.441888
-19.860547	-4.651810	1.720730	0.003826	0.442189
-19.690162	-4.712369	1.730726	0.003796	0.442185
-19.746562	-4.691367	1.740723	0.003806	0.442187
-19.680909	-4.713665	1.750720	0.003795	0.442187
-19.554963	-4.683610	1.760717	0.003772	0.442465
-19.521100	-4.686528	1.770714	0.003767	0.442497
-19.549625	-4.678080	1.780710	0.003772	0.442488
-19.484027	-4.699704	1.790707	0.003761	0.442491
-19.398792	-4.647013	1.800704	0.003746	0.442800
-19.330412	-4.664471	1.810701	0.003734	0.442822
-19.382273	-4.645994	1.820698	0.003743	0.442821
-19.121420	-4.693691	1.830694	0.003696	0.442985
-19.094759	-4.664053	1.840691	0.003692	0.443129
-19.032403	-4.687622	1.850688	0.003681	0.443121
-19.043831	-4.683699	1.860685	0.003683	0.443118
-18.903236	-4.696588	1.870682	0.003658	0.443253
-18.740648	-4.702178	1.880678	0.003629	0.443445
-18.806468	-4.678446	1.890675	0.003642	0.443444
-18.682078	-4.721554	1.900672	0.003619	0.443445
-18.835280	-4.643059	1.910669	0.003647	0.443534
-18.610877	-4.662874	1.920666	0.003607	0.443754
-18.596980	-4.667145	1.930662	0.003605	0.443754
-18.523130	-4.692812	1.940659	0.003592	0.443753
-18.393619	-4.685342	1.950656	0.003569	0.443950
-18.318553	-4.673776	1.960653	0.003556	0.444090
-18.360049	-4.656612	1.970650	0.003564	0.444097
-18.409939	-4.640115	1.980646	0.003573	0.444091
-18.212772	-4.647181	1.990643	0.003538	0.444322
-18.161372	-4.658440	2.000640	0.003529	0.444345
-18.124950	-4.670416	2.010637	0.003522	0.444346
-18.025295	-4.677604	2.020634	0.003505	0.444449
-17.829783	-4.692316	2.030630	0.003470	0.444649
-17.690354	-4.739787	2.040627	0.003445	0.444653
-17.656605	-4.750767	2.050624	0.003439	0.444654
-17.740003	-4.721432	2.060621	0.003454	0.444651
-17.673129	-4.704045	2.070618	0.003443	0.444802
-17.430779	-4.746508	2.080614	0.003399	0.444961
-17.536965	-4.707829	2.090611	0.003419	0.444963
-17.419900	-4.748843	2.100608	0.003398	0.444961
-17.472251	-4.730573	2.110605	0.003408	0.444958
-17.346733	-4.696625	2.120602	0.003385	0.445248
-17.260195	-4.718852	2.130598	0.003370	0.445277
-17.276358	-4.711789	2.140595	0.003373	0.445279
-17.326989	-4.686901	2.150592	0.003383	0.445303
-17.129202	-4.682901	2.160589	0.003347	0.445576
-16.953588	-4.742316	2.170586	0.003316	0.445583
-17.004868	-4.724959	2.180582	0.003326	0.445578
-16.798528	-4.797293	2.190579	0.003289	0.445577
-16.808217	-4.720605	2.200576	0.003291	0.445849
-16.753761	-4.725998	2.210573	0.003281	0.445898
-16.784707	-4.714201	2.220570	0.003287	0.445899
-16.680767	-4.750377	2.230566	0.003269	0.445898
-16.661926	-4.693075	2.240563	0.003266	0.446134
-16.515201	-4.723920	2.250560	0.003239	0.446210
-16.642069	-4.679141	2.260557	0.003263	0.446207
-16.446467	-4.740624	2.270554	0.003228	0.446233
-16.305867	-4.707333	2.280550	0.003203	0.446539
-16.242529	-4.729210	2.290547	0.003192	0.446539
-16.309927	-4.705186	2.300544	0.003204	0.446537
-16.212708	-4.730402	2.310541	0.003187	0.446569
-16.146850	-4.680017	2.320538	0.003175	0.446840
-16.002022	-4.729700	2.330534	0.003149	0.446843
-16.165193	-4.671972	2.340531	0.003179	0.446841
-15.986531	-4.669737	2.350528	0.003147	0.447082
-15.963331	-4.657612	2.360525	0.003143	0.447155
-15.856945	-4.693904	2.370522	0.003125	0.447157
-15.824852	-4.668526	2.380518	0.003119	0.447291
-15.557678	-4.717662	2.390515	0.003071	0.447456
-15.684192	-4.670867	2.400512	0.003094	0.447462
-15.599992	-4.699375	2.410509	0.003079	0.447464
-15.527057	-4.683867	2.420506	0.003067	0.447615
-15.355391	-4.696604	2.430502	0.003036	0.447790
-15.419710	-4.673720	2.440499	0.003048	0.447789
-15.283956	-4.722009	2.450496	0.003024	0.447785
-15.194496	-4.709101	2.460493	0.003008	0.447947
-15.065157	-4.715946	2.470490	0.002985	0.448089
-15.133769	-4.690286	2.480486	0.002997	0.448092
-15.059239	-4.717414	2.490483	0.002984	0.448086
-15.042301	-4.694467	2.500480	0.002982	0.448191
-14.836344	-4.706926	2.510477	0.002945	0.448412
-14.774971	-4.730615	2.520474	0.002934	0.448402
-14.947743	-4.667219	2.530470	0.002966	0.448409
-14.737453	-4.698960	2.540467	0.002928	0.448564
-14.792088	-4.638138	2.550464	0.002938	0.448716
-14.664432	-4.680474	2.560461	0.002915	0.448723
-14.660407	-4.676394	2.570458	0.002915	0.448741
-14.443997	-4.667726	2.580454	0.002876	0.449054
-14.405393	-4.680120	2.590451	0.002870	0.449056
-14.384275	-4.688709	2.600448	0.002866	0.449049
-14.367382	-4.683606	2.610445	0.002863	0.449088
-14.202729	-4.682874	2.620442	0.002834	0.449303
-14.167377	-4.693498	2.630438	0.002828	0.449308
-14.180057	-4.691308	2.640435	0.002830	0.449297
-14.159516	-4.643367	2.650432	0.002827	0.449499
-13.904213	-4.701650	2.660429	0.002781	0.449614
-13.866894	-4.712280	2.670426	0.002775	0.449621
-13.825890	-4.728064	2.680422	0.002768	0.449613
-13.799402	-4.709888	2.690419	0.002763	0.449713
-13.734076	-4.677088	2.700416	0.002752	0.449917
-13.691770	-4.688450	2.710413	0.002745	0.449928
-13.567666	-4.735127	2.720410	0.002722	0.449915
-13.548657	-4.711748	2.730406	0.002719	0.450023
-13.322858	-4.732912	2.740403	0.002679	0.450237
-13.394687	-4.705004	2.750400	0.002692	0.450244
-13.169509	-4.783617	2.760397	0.002652	0.450245
-13.232437	-4.760435	2.770394	0.002664	0.450246
-13.362427	-4.692282	2.780390	0.002687	0.450326
-12.986076	-4.764014	2.790387	0.002620	0.450549
-13.034324	-4.747352	2.800384	0.002629	0.450545
-13.050879	-4.741084	2.810381	0.002632	0.450544
-13.124377	-4.704841	2.820378	0.002646	0.450580
-12.758146	-4.756779	2.830374	0.002580	0.450863
-12.792610	-4.743020	2.840371	0.002586	0.450866
-12.816719	-4.734215	2.850368	0.002591	0.450865
-12.626359	-4.801078	2.860365	0.002557	0.450863
-12.681026	-4.727618	2.870362	0.002567	0.451061
-12.491255	-4.762328	2.880358	0.002533	0.451177
-12.593490	-4.725867	2.890355	0.002552	0.451176
-12.392691	-4.796643	2.900352	0.002516	0.451174
-12.499049	-4.738105	2.910349	0.002536	0.451249
-12.114828	-4.804202	2.920346	0.002467	0.451503
-12.312699	-4.732774	2.930342	0.002503	0.451506
-12.270202	-4.748042	2.940339	0.002495	0.451503
-12.375586	-4.689186	2.950336	0.002515	0.451581
-12.108491	-4.720145	2.960333	0.002467	0.451811
-12.134409	-4.709473	2.970330	0.002472	0.451814
-11.969684	-4.769162	2.980326	0.002442	0.451806
-11.844132	-4.754919	2.990323	0.002420	0.452019
-11.722365	-4.769359	3.000320	0.002398	0.452122
-11.894653	-4.708449	3.010317	0.002430	0.452120
-11.753742	-4.759391	3.020314	0.002405	0.452113
-11.778665	-4.703729	3.030310	0.002410	0.452283
-11.669472	-4.702635	3.040307	0.002390	0.452426
-11.571054	-4.736297	3.050304	0.002373	0.452427
-11.608712	-4.710964	3.060301	0.002380	0.452469
-11.473276	-4.680247	3.070298	0.002356	0.452755
-11.321960	-4.731585	3.080294	0.002329	0.452760
-11.390726	-4.707417	3.090291	0.002341	0.452758
-11.157386	-4.736477	3.100288	0.002300	0.452951
-11.160155	-4.706026	3.110285	0.002300	0.453057
-11.055171	-4.742354	3.120282	0.002282	0.453057
-11.186939	-4.693000	3.130278	0.002306	0.453065
-10.856932	-4.752876	3.140275	0.002247	0.453270
-10.979093	-4.680003	3.150272	0.002269	0.453377
-10.829674	-4.734056	3.160269	0.002242	0.453370
-10.761813	-4.754918	3.170266	0.002230	0.453379
-10.717491	-4.756414	3.180262	0.002223	0.453428
-10.608686	-4.721584	3.190259	0.002203	0.453694
-10.544164	-4.746733	3.200256	0.002192	0.453683
-10.560537	-4.737708	3.210253	0.002195	0.453693
-10.517620	-4.740788	3.220250	0.002188	0.453734
-10.342165	-4.721894	3.230246	0.002157	0.454028
-10.310076	-4.732590	3.240243	0.002151	0.454028
-10.346040	-4.718531	3.250240	0.002158	0.454031
-10.446718	-4.652301	3.260237	0.002176	0.454141
-10.266605	-4.673417	3.270234	0.002144	0.454294
-10.260908	-4.675852	3.280230	0.002144	0.454290
-10.065359	-4.719240	3.290227	0.002109	0.454381
-9.902241	-4.716521	3.300224	0.002079	0.454599
-9.895112	-4.718426	3.310221	0.002078	0.454599
-9.905060	-4.715783	3.320218	0.002081	0.454593
-9.811957	-4.726232	3.330214	0.002064	0.454673
-9.381931	-4.814452	3.340211	0.001987	0.454902
-9.563379	-4.751997	3.350208	0.002020	0.454894
-9.521085	-4.765405	3.360205	0.002013	0.454898
-9.465871	-4.782930	3.370202	0.002003	0.454902
-9.539103	-4.758442	3.380198	0.002016	0.454895
-9.372104	-4.732894	3.390195	0.001987	0.455201
-9.226457	-4.777218	3.400192	0.001961	0.455225
-9.456002	-4.696457	3.410189	0.002002	0.455222
-9.270791	-4.759897	3.420186	0.001969	0.455226
-9.174121	-4.711830	3.430182	0.001952	0.455524
-9.024866	-4.763617	3.440179	0.001926	0.455525
-9.157282	-4.715566	3.450176	0.001950	0.455527
-9.009625	-4.732010	3.460173	0.001923	0.455655
-8.971427	-4.694269	3.470170	0.001917	0.455839
-8.780580	-4.759683	3.480166	0.001883	0.455844
-8.951757	-4.698489	3.490163	0.001914	0.455845
-8.635642	-4.749000	3.500160	0.001857	0.456065
-8.476485	-4.780986	3.510157	0.001829	0.456150
-8.513431	-4.766803	3.520154	0.001836	0.456152
-8.583092	-4.741673	3.530150	0.001849	0.456152
-8.563938	-4.748291	3.540147	0.001846	0.456150
-8.481831	-4.686708	3.550144	0.001831	0.456478
-8.199004	-4.784403	3.560141	0.001780	0.456483
-8.269793	-4.757632	3.570138	0.001793	0.456487
-8.233104	-4.770979	3.580134	0.001787	0.456483
-8.302464	-4.673956	3.590131	0.001800	0.456745
-8.153104	-4.715081	3.600128	0.001773	0.456785
-8.143553	-4.716242	3.610125	0.001772	0.456790
-8.038668	-4.691229	3.620122	0.001753	0.457014
-7.900822	-4.716692	3.630118	0.001729	0.457095
-7.896093	-4.715764	3.640115	0.001728	0.457103
-7.822168	-4.742490	3.650112	0.001715	0.457098
-7.581250	-4.747030	3.660109	0.001672	0.457388
-7.542006	-4.755930	3.670106	0.001665	0.457404
-7.586840	-4.738675	3.680102	0.001674	0.457406
-7.487917	-4.770788	3.690099	0.001656	0.457414
-7.431921	-4.768164	3.700096	0.001646	0.457493
-7.305325	-4.744291	3.710093	0.001624	0.457740
-7.226301	-4.772870	3.720090	0.001610	0.457735
-7.309029	-4.741575	3.730086	0.001625	0.457740
-7.268460	-4.755895	3.740083	0.001618	0.457738
-7.212838	-4.712371	3.750080	0.001608	0.457965
-7.042123	-4.751269	3.760077	0.001578	0.458040
-7.058205	-4.743785	3.770074	0.001581	0.458044
-7.074724	-4.740246	3.780070	0.001584	0.458033
-6.891263	-4.722972	3.790067	0.001552	0.458329
-6.881646	-4.717357	3.800064	0.001550	0.458359
-6.807216	-4.744382	3.810061	0.001537	0.458354
-6.836041	-4.698117	3.820058	0.001543	0.458482
-6.602187	-4.727021	3.830054	0.001501	0.458674
-6.635584	-4.715812	3.840051	0.001507	0.458670
-6.650824	-4.709614	3.850048	0.001510	0.458670
-6.460843	-4.718607	3.860045	0.001476	0.458878
-6.329437	-4.729619	3.870042	0.001453	0.459004
-6.212380	-4.770338	3.880038	0.001432	0.459004
-6.367274	-4.712699	3.890035	0.001460	0.459012
-6.358330	-4.684069	3.900032	0.001459	0.459125
-6.259135	-4.687965	3.910029	0.001441	0.459235
-6.181081	-4.713843	3.920026	0.001428	0.459239
-6.085946	-4.728514	3.930022	0.001411	0.459305
-5.813524	-4.755958	3.940019	0.001362	0.459551
-6.002786	-4.689189	3.950016	0.001396	0.459549
-5.942648	-4.709224	3.960013	0.001386	0.459551
-5.861091	-4.709129	3.970010	0.001371	0.459653
-5.659972	-4.724754	3.980006	0.001335	0.459850
-5.687614	-4.714453	3.990003	0.001341	0.459850
-5.689371	-4.712145	4.000000	0.001341	0.459854
-5.467768	-4.732288	4.009997	0.001302	0.460061
-5.257057	-4.772878	4.019994	0.001264	0.460181
-5.325228	-4.748871	4.029990	0.001277	0.460178
-5.179690	-4.799265	4.039987	0.001251	0.460179
-5.283853	-4.761260	4.049984	0.001270	0.460181
-5.241680	-4.751023	4.059981	0.001263	0.460270
-5.110943	-4.736510	4.069978	0.001239	0.460486
-4.955521	-4.791470	4.079974	0.001212	0.460483
-5.012554	-4.769195	4.089971	0.001222	0.460489
-4.873973	-4.817751	4.099968	0.001197	0.460488
-4.852679	-4.782283	4.109965	0.001194	0.460641
-4.847580	-4.740798	4.119962	0.001193	0.460794
-4.681340	-4.795015	4.129958	0.001164	0.460808
-4.758844	-4.767037	4.139955	0.001178	0.460808
-4.677270	-4.776364	4.149952	0.001164	0.460876
-4.515197	-4.768064	4.159949	0.001135	0.461110
-4.588836	-4.741189	4.169946	0.001148	0.461110
-4.433809	-4.795132	4.179942	0.001121	0.461111
-4.505787	-4.731163	4.189939	0.001134	0.461248
-4.374117	-4.724655	4.199936	0.001110	0.461436
-4.229082	-4.774945	4.209933	0.001085	0.461437
-4.308645	-4.745081	4.219930	0.001099	0.461441
-4.299414	-4.695447	4.229926	0.001098	0.461629
-4.102371	-4.732099	4.239923	0.001063	0.461745
-4.114482	-4.728306	4.249920	0.001065	0.461741
-3.970523	-4.766728	4.259917	0.001040	0.461783
-3.726772	-4.776296	4.269914	0.000996	0.462056
-3.868640	-4.726136	4.279910	0.001022	0.462054
-3.806356	-4.748291	4.289907	0.001011	0.462051
-3.823244	-4.737018	4.299904	0.001014	0.462068
-3.556253	-4.749399	4.309901	0.000966	0.462360
-3.506782	-4.765853	4.319898	0.000958	0.462361
-3.462192	-4.780227	4.329894	0.000950	0.462363
-3.404609	-4.799976	4.339891	0.000940	0.462363
-3.461465	-4.764104	4.349888	0.000951	0.462418
-3.252764	-4.759925	4.359885	0.000913	0.462695
-3.253807	-4.759743	4.369882	0.000914	0.462692
-3.291704	-4.746263	4.379878	0.000921	0.462690
-3.203285	-4.752750	4.389875	0.000905	0.462776
-3.068309	-4.737366	4.399872	0.000881	0.463000
-2.966431	-4.773993	4.409869	0.000863	0.462995
-3.252212	-4.673270	4.419866	0.000915	0.462993
-2.861643	-4.733593	4.429862	0.000845	0.463268
-2.988330	-4.676315	4.439859	0.000868	0.463311
-2.797154	-4.742434	4.449856	0.000834	0.463314
-2.935285	-4.645847	4.459853	0.000859	0.463483
-2.722387	-4.678992	4.469850	0.000821	0.463631
-2.807109	-4.649430	4.479846	0.000837	0.463628
-2.510581	-4.723344	4.489843	0.000783	0.463735
-2.495873	-4.664250	4.499840	0.000781	0.463963
-2.450525	-4.678137	4.509837	0.000773	0.463969
-2.434830	-4.684087	4.519834	0.000771	0.463965
-2.283441	-4.676857	4.529830	0.000744	0.464180
-2.283495	-4.667462	4.539827	0.000744	0.464211
-2.254479	-4.678687	4.549824	0.000739	0.464205
-2.240453	-4.639297	4.559821	0.000737	0.464362
-1.975031	-4.686306	4.569818	0.000689	0.464526
-2.123977	-4.634257	4.579814	0.000716	0.464522
-2.013677	-4.666413	4.589811	0.000697	0.464544
-1.920291	-4.620935	4.599808	0.000680	0.464822
-1.694461	-4.697957	4.609805	0.000640	0.464829
-1.829839	-4.651686	4.619802	0.000665	0.464821
-1.681639	-4.645119	4.629798	0.000638	0.465030
-1.581988	-4.648820	4.639795	0.000621	0.465140
-1.590579	-4.639687	4.649792	0.000622	0.465159
-1.619520	-4.629663	4.659789	0.000628	0.465156
-1.556021	-4.570428	4.669786	0.000617	0.465446
-1.443418	-4.608381	4.679782	0.000597	0.465449
-1.396424	-4.624265	4.689779	0.000589	0.465450
-1.272830	-4.582379	4.699776	0.000567	0.465753
-1.453587	-4.513440	4.709773	0.000600	0.465769
-1.359576	-4.520039	4.719770	0.000583	0.465861
-1.208813	-4.511090	4.729766	0.000556	0.466081
-1.232214	-4.502408	4.739763	0.000561	0.466080
-1.262302	-4.415562	4.749760	0.000566	0.466350
-1.261373	-4.398266	4.759757	0.000567	0.466410
-1.243431	-4.335097	4.769754	0.000564	0.466655
-1.340859	-4.271887	4.779750	0.000582	0.466756
-1.325103	-4.199931	4.789747	0.000579	0.467030
-1.149794	-4.204870	4.799744	0.000548	0.467230
-1.185133	-4.156904	4.809741	0.000554	0.467354
-1.184825	-4.067724	4.819738	0.000555	0.467669
-1.112794	-4.036572	4.829734	0.000542	0.467868
-1.031364	-4.020036	4.839731	0.000528	0.468027
-1.089508	-3.924525	4.849728	0.000538	0.468291
-1.045862	-3.862565	4.859725	0.000531	0.468563
-0.888447	-3.856582	4.869722	0.000503	0.468779
-0.938360	-3.777990	4.879718	0.000512	0.468993
-0.975242	-3.707646	4.889715	0.000519	0.469194
-0.874127	-3.657734	4.899712	0.000501	0.469495
-1.000038	-3.540342	4.909709	0.000524	0.469751
-0.936867	-3.479194	4.919706	0.000513	0.470044
-0.975118	-3.380475	4.929702	0.000520	0.470343
-0.835190	-3.336749	4.939699	0.000495	0.470670
-0.745263	-3.288168	4.949696	0.000480	0.470951
-0.707564	-3.213578	4.959693	0.000473	0.471259
-0.760316	-3.105873	4.969690	0.000483	0.471571
-0.729121	-3.026059	4.979686	0.000478	0.471889
-0.761454	-2.919242	4.989683	0.000484	0.472223
-0.681517	-2.844062	4.999680	0.000470	0.472585
-0.596408	-2.779747	5.009677	0.000455	0.472914
-0.559585	-2.689051	5.019674	0.000448	0.473276
-0.501325	-2.607245	5.029670	0.000438	0.473634
-0.470106	-2.517079	5.039667	0.000433	0.473986
-0.402063	-2.451228	5.049664	0.000421	0.474299
-0.365791	-2.365878	5.059661	0.000415	0.474641
-0.332163	-2.275654	5.069658	0.000409	0.474996
-0.369617	-2.158804	5.079654	0.000416	0.475357
-0.322630	-2.053229	5.089651	0.000408	0.475782
-0.400090	-1.915217	5.099648	0.000422	0.476166
-0.285253	-1.841993	5.109645	0.000402	0.476561
-0.241876	-1.741897	5.119642	0.000394	0.476961
-0.395047	-1.553521	5.129638	0.000422	0.477427
-0.253709	-1.488079	5.139635	0.000397	0.477826
-0.402687	-1.294074	5.149632	0.000424	0.478316
-0.185355	-1.242289	5.159629	0.000385	0.478760
-0.124057	-1.146245	5.169626	0.000374	0.479166
-0.033453	-1.056227	5.179622	0.000358	0.479587
-0.134219	-0.894643	5.189619	0.000377	0.480022
-0.045165	-0.786398	5.199616	0.000361	0.480503
-0.012170	-0.663105	5.209613	0.000356	0.480968
0.099076	-0.559013	5.219610	0.000336	0.481461
0.037739	-0.408458	5.229606	0.000347	0.481904
-0.002269	-0.246704	5.239603	0.000355	0.482411
-0.037989	-0.081690	5.249600	0.000361	0.482934
0.103040	0.020556	5.259597	0.000336	0.483455
0.000000	0.162600	5.269594	0.000355	0.483816

0.231295	0.196182	5.274598	0.000314	0.484210
-0.043028	0.558096	5.279603	0.000363	0.485119
0.065504	0.947639	5.284608	0.000344	0.486583
0.050956	1.493916	5.289613	0.000347	0.488428
0.104995	2.143084	5.294618	0.000337	0.490697
0.311063	2.869694	5.299622	0.000300	0.493397
0.376748	3.762926	5.304627	0.000288	0.496475
0.346970	4.797888	5.309632	0.000293	0.499894
0.547402	5.870188	5.314637	0.000257	0.503681
0.618516	7.090077	5.319642	0.000245	0.507774
0.729947	8.408657	5.324646	0.000224	0.512201
1.001960	9.765547	5.329651	0.000175	0.516896
1.090650	11.289721	5.334656	0.000159	0.521875
1.037358	12.949746	5.339661	0.000169	0.527078
1.428982	14.557098	5.344666	0.000098	0.532556
1.268877	16.441903	5.349670	0.000127	0.538234
1.677899	18.217106	5.354675	0.000053	0.544131
1.730039	20.201736	5.359680	0.000044	0.550218
1.734506	22.290411	5.364685	0.000043	0.556499
1.945410	24.366858	5.369690	0.000005	0.562888
1.989368	26.597929	5.374694	-0.000003	0.569486
2.147846	28.851450	5.379699	-0.000032	0.576189
2.413668	31.146427	5.384704	-0.000080	0.583041
2.382996	33.607728	5.389709	-0.000074	0.589989
2.659872	36.035829	5.394714	-0.000124	0.597064
2.814470	38.551896	5.399718	-0.000152	0.604180
3.060115	41.108507	5.404723	-0.000197	0.611411
3.181894	43.763489	5.409728	-0.000219	0.618704
3.389705	46.447701	5.414733	-0.000256	0.626070
3.402796	49.249031	5.419738	-0.000259	0.633479
3.842200	51.944306	5.424742	-0.000338	0.640915
3.910441	54.817487	5.429747	-0.000351	0.648387
4.242341	57.651442	5.434752	-0.000411	0.655910
4.154077	60.666637	5.439757	-0.000395	0.663432
4.403673	63.614252	5.444762	-0.000440	0.670996
4.577546	66.615210	5.449766	-0.000472	0.678541
4.884864	69.603306	5.454771	-0.000527	0.686086
5.113289	72.645798	5.459776	-0.000569	0.693612
5.222048	75.762277	5.464781	-0.000588	0.701133
5.443032	78.866553	5.469786	-0.000628	0.708638
5.517054	82.047073	5.474790	-0.000642	0.716122
5.886080	85.135133	5.479795	-0.000709	0.723554
6.131405	88.310726	5.484800	-0.000753	0.731010
6.264357	91.523505	5.489805	-0.000777	0.738386
6.346271	94.790968	5.494810	-0.000792	0.745771
6.544541	98.020562	5.499814	-0.000828	0.753090
6.848469	101.226961	5.504819	-0.000883	0.760369
7.017061	104.491156	5.509824	-0.000914	0.767601
7.235812	107.757025	5.514829	-0.000953	0.774807
7.676821	110.944474	5.519834	-0.001033	0.781944
8.091935	114.172610	5.524838	-0.001108	0.789084
8.256396	117.481471	5.529843	-0.001138	0.796145
8.613532	120.739780	5.534848	-0.001203	0.803178
8.671701	124.087999	5.539853	-0.001214	0.810121
8.898114	127.405671	5.544858	-0.001255	0.817062
9.208941	130.677140	5.549862	-0.001311	0.823911
9.499056	133.973724	5.554867	-0.001363	0.830739
9.759869	137.280187	5.559872	-0.001411	0.837510
10.056773	140.562592	5.564877	-0.001464	0.844205
10.141706	143.923252	5.569882	-0.001480	0.850855
10.513863	147.189367	5.574886	-0.001547	0.857464
10.935665	150.423501	5.579891	-0.001624	0.863995
11.340716	153.690256	5.584896	-0.001697	0.870527
11.582795	156.993413	5.589901	-0.001741	0.876972
11.717197	160.342746	5.594906	-0.001765	0.883387
11.990830	163.625803	5.599910	-0.001815	0.889721
12.126752	166.964588	5.604915	-0.001839	0.896026
12.545416	170.199924	5.609920	-0.001915	0.902276
12.767226	173.509050	5.614925	-0.001955	0.908494
12.907074	176.832489	5.619930	-0.001981	0.914643
13.064902	180.140902	5.624934	-0.002009	0.920736
13.385041	183.370220	5.629939	-0.002067	0.926747
14.070465	186.517012	5.634944	-0.002191	0.932799
14.467312	189.731059	5.639949	-0.002263	0.938753
15.050729	192.895952	5.644954	-0.002369	0.944696
15.399241	196.153693	5.649958	-0.002432	0.950623
15.832215	199.372681	5.654963	-0.002510	0.956496
16.044920	202.651774	5.659968	-0.002549	0.962305
16.276692	205.936784	5.664973	-0.002591	0.968100
16.340410	209.252415	5.669978	-0.002602	0.973814
16.588026	212.504348	5.674982	-0.002647	0.979495
16.950465	215.708290	5.679987	-0.002713	0.985129
17.313275	218.927173	5.684992	-0.002779	0.990756
17.647307	222.146637	5.689997	-0.002839	0.996335
18.149191	225.292315	5.695002	-0.002930	1.001857
18.319130	228.548020	5.700006	-0.002961	1.007341
18.691541	231.747919	5.705011	-0.003028	1.012819
18.846430	234.980670	5.710016	-0.003056	1.018197
19.008409	238.244504	5.715021	-0.003086	1.023602
19.247870	241.446184	5.720026	-0.003129	1.028921
19.708142	244.590099	5.725030	-0.003212	1.034243
19.831211	247.826677	5.730035	-0.003235	1.039499
20.024364	251.039966	5.735040	-0.003270	1.044730
20.238130	254.244402	5.740045	-0.003308	1.049933
20.627552	257.389812	5.745050	-0.003379	1.055112
20.732190	260.608105	5.750054	-0.003398	1.060225
21.102795	263.761374	5.755059	-0.003465	1.065356
21.363174	266.922443	5.760064	-0.003512	1.070416
22.068246	269.961965	5.765069	-0.003640	1.075500
22.437121	273.090802	5.770074	-0.003706	1.080520
22.681305	276.280504	5.775078	-0.003751	1.085543
22.884231	279.475160	5.780083	-0.003787	1.090530
23.154139	282.637531	5.785088	-0.003836	1.095479
23.480516	285.775937	5.790093	-0.003895	1.100400
23.698948	288.968332	5.795098	-0.003935	1.105324
23.839621	292.151626	5.800102	-0.003960	1.110172
24.200616	295.289943	5.805107	-0.004026	1.115045
24.342676	298.452018	5.810112	-0.004052	1.119820
24.442868	301.660658	5.815117	-0.004070	1.124623
24.485021	304.857358	5.820122	-0.004077	1.129358
24.493133	308.067690	5.825126	-0.004079	1.134076
24.674955	311.205949	5.830131	-0.004112	1.138757
24.979886	314.308829	5.835136	-0.004167	1.143428
25.096608	317.468613	5.840141	-0.004188	1.148069
25.464410	320.568669	5.845146	-0.004255	1.152729
25.587886	323.679400	5.850150	-0.004277	1.157266
25.783123	326.823875	5.855155	-0.004313	1.161868
25.860572	329.971053	5.860160	-0.004327	1.166399
25.969225	333.132991	5.865165	-0.004347	1.170948
26.184137	336.226776	5.870170	-0.004386	1.175434
26.097560	339.426611	5.875174	-0.004370	1.179907
26.320345	342.518799	5.880179	-0.004410	1.184361
26.452122	345.655348	5.885184	-0.004434	1.188817
26.619035	348.754799	5.890189	-0.004465	1.193221
26.860932	351.829102	5.895194	-0.004508	1.197610
27.001395	354.934776	5.900198	-0.004534	1.201978
27.243402	358.019382	5.905203	-0.004578	1.206349
27.512266	361.097305	5.910208	-0.004626	1.210707
27.813833	364.160407	5.915213	-0.004681	1.215045
27.783540	367.331103	5.920218	-0.004676	1.219359
28.032731	370.419530	5.925222	-0.004721	1.223676
28.117793	373.545282	5.930227	-0.004736	1.227953
28.383779	376.630118	5.935232	-0.004784	1.232243
28.485805	379.722401	5.940237	-0.004803	1.236452
28.459828	382.897659	5.945242	-0.004798	1.240700
28.637449	385.971217	5.950246	-0.004830	1.244891
28.872362	389.045161	5.955251	-0.004873	1.249094
28.764758	392.215903	5.960256	-0.004854	1.253256
28.950452	395.290451	5.965261	-0.004887	1.257409
28.954035	398.412356	5.970266	-0.004888	1.261530
29.260682	401.448825	5.975270	-0.004944	1.265660
29.455770	404.521927	5.980275	-0.004979	1.269775
29.747661	407.560202	5.985280	-0.005032	1.273874
29.898858	410.637574	5.990285	-0.005059	1.277949
29.867052	413.795683	5.995290	-0.005054	1.282034
29.974680	416.872106	6.000294	-0.005073	1.286063
30.139768	419.969124	6.005299	-0.005103	1.290130
30.407800	422.996014	6.010304	-0.005152	1.294140
30.757427	426.022381	6.015309	-0.005215	1.298171
31.068733	429.059327	6.020314	-0.005271	1.302188
31.175742	432.166013	6.025318	-0.005291	1.306192
31.269003	435.283285	6.030323	-0.005308	1.310191
31.514972	438.352591	6.035328	-0.005352	1.314183
31.587189	441.463166	6.040333	-0.005365	1.318141
31.691248	444.563366	6.045338	-0.005384	1.322088
31.960859	447.569808	6.050342	-0.005433	1.325975
32.148330	450.669234	6.055347	-0.005467	1.329933
32.101287	453.790379	6.060352	-0.005459	1.333806
32.355512	456.838612	6.065357	-0.005505	1.337705
32.530958	459.894326	6.070362	-0.005536	1.341568
32.845756	462.911759	6.075366	-0.005593	1.345432
32.719519	466.099530	6.080371	-0.005571	1.349310
32.724897	469.206169	6.085376	-0.005572	1.353132
33.016085	472.205427	6.090381	-0.005625	1.356931
33.213926	475.266375	6.095386	-0.005660	1.360755
33.086368	478.407337	6.100390	-0.005637	1.364532
33.246187	481.487505	6.105395	-0.005666	1.368343
33.140199	484.610813	6.110400	-0.005647	1.372086
33.392911	487.617462	6.115405	-0.005693	1.375825
33.561727	490.660032	6.120410	-0.005724	1.379563
33.616795	493.752354	6.125414	-0.005734	1.383305
33.697613	496.840107	6.130419	-0.005748	1.387041
34.027030	499.838560	6.135424	-0.005808	1.390761
34.083289	502.908848	6.140429	-0.005818	1.394447
34.574984	505.877314	6.145434	-0.005907	1.398176
34.784896	508.904724	6.150438	-0.005945	1.401853
35.024191	511.957989	6.155443	-0.005989	1.405562
35.215413	515.010776	6.160448	-0.006023	1.409242
35.457924	518.064134	6.165453	-0.006067	1.412933
35.370858	521.213732	6.170458	-0.006052	1.416597
35.673740	524.214160	6.175462	-0.006106	1.420231
35.822866	527.288466	6.180467	-0.006133	1.423881
35.865206	530.404390	6.185472	-0.006141	1.427528
35.862698	533.504445	6.190477	-0.006141	1.431131
36.149900	536.512437	6.195482	-0.006193	1.434730
36.089776	539.620234	6.200486	-0.006182	1.438301
36.366840	542.647921	6.205491	-0.006232	1.441901
36.738476	545.619171	6.210496	-0.006300	1.445464
37.053199	548.643554	6.215501	-0.006356	1.449057
37.394877	551.664103	6.220506	-0.006418	1.452647
37.511039	554.744639	6.225510	-0.006439	1.456210
37.619698	557.815062	6.230515	-0.006459	1.459750
37.900028	560.862431	6.235520	-0.006510	1.463321
37.709064	564.039644	6.240525	-0.006475	1.466851
38.035613	567.059036	6.245530	-0.006535	1.470390
38.200687	570.086386	6.250534	-0.006565	1.473869
38.317196	573.161231	6.255539	-0.006586	1.477375
38.313684	576.259571	6.260544	-0.006585	1.480853
38.513785	579.278175	6.265549	-0.006621	1.484310
38.836467	582.282874	6.270554	-0.006680	1.487790
38.979474	585.361070	6.275558	-0.006706	1.491277
39.055605	588.401336	6.280563	-0.006720	1.494688
39.210241	591.482268	6.285568	-0.006748	1.498165
39.152476	594.595837	6.290573	-0.006737	1.501592
39.351804	597.616465	6.295578	-0.006773	1.505004
39.544807	600.663262	6.300582	-0.006808	1.508434
39.661602	603.724086	6.305587	-0.006830	1.511844
39.864639	606.721197	6.310592	-0.006866	1.515208
40.208607	609.714515	6.315597	-0.006929	1.518612
40.479247	612.726391	6.320602	-0.006978	1.522001
40.705162	615.790581	6.325606	-0.007019	1.525424
40.693170	618.884828	6.330611	-0.007016	1.528786
41.056580	621.890736	6.335616	-0.007082	1.532180
41.185747	624.946013	6.340621	-0.007106	1.535535
41.428389	627.972918	6.345626	-0.007150	1.538893
41.545244	631.049838	6.350630	-0.007171	1.542253
41.740882	634.110600	6.355635	-0.007206	1.545616
41.840725	637.172058	6.360640	-0.007224	1.548939
42.184963	640.179598	6.365645	-0.007287	1.552283
42.136452	643.274137	6.370650	-0.007278	1.555574
42.271234	646.336442	6.375654	-0.007303	1.558888
42.365593	649.387012	6.380659	-0.007320	1.562168
42.447371	652.471074	6.385664	-0.007335	1.565473
42.786316	655.441641	6.390669	-0.007396	1.568741
42.930408	658.494868	6.395674	-0.007422	1.572022
43.068527	661.534827	6.400678	-0.007447	1.575279
43.454287	664.521104	6.405683	-0.007517	1.578559
43.520082	667.597742	6.410688	-0.007529	1.581816
43.886306	670.603543	6.415693	-0.007595	1.585097
43.911326	673.686471	6.420698	-0.007600	1.588333
44.436939	676.634255	6.425702	-0.007695	1.591595
44.700083	679.638236	6.430707	-0.007742	1.594818
44.926433	682.688237	6.435712	-0.007783	1.598069
45.071022	685.761896	6.440717	-0.007810	1.601310
45.173653	688.843337	6.445722	-0.007828	1.604538
45.072315	691.977548	6.450726	-0.007810	1.607745
45.578534	694.934247	6.455731	-0.007902	1.610969
45.701363	697.964717	6.460736	-0.007924	1.614133
45.797442	701.059970	6.465741	-0.007941	1.617347
46.115712	704.055565	6.470746	-0.007999	1.620529
46.463231	707.045466	6.475750	-0.008062	1.623708
46.363419	710.192382	6.480755	-0.008044	1.626890
46.512450	713.267888	6.485760	-0.008071	1.630077
46.834052	716.239353	6.490765	-0.008129	1.633210
46.986939	719.308090	6.495770	-0.008157	1.636379
46.998766	722.368788	6.500774	-0.008159	1.639486
47.160525	725.408316	6.505779	-0.008189	1.642616
47.597627	728.367819	6.510784	-0.008268	1.645752
47.667481	731.451223	6.515789	-0.008280	1.648884
47.860678	734.465860	6.520794	-0.008315	1.651981
47.993633	737.532383	6.525798	-0.008339	1.655106
48.172620	740.541570	6.530803	-0.008372	1.658181
48.291475	743.628218	6.535808	-0.008394	1.661309
48.272805	746.706816	6.540813	-0.008390	1.664378
48.371281	749.764728	6.545818	-0.008408	1.667458
48.336895	752.855961	6.550822	-0.008402	1.670523
48.485020	755.843294	6.555827	-0.008429	1.673539
48.652470	758.871503	6.560832	-0.008459	1.676596
48.784015	761.921332	6.565837	-0.008483	1.679657
48.938477	764.929404	6.570842	-0.008511	1.682679
49.024649	768.003887	6.575846	-0.008527	1.685738
49.059138	771.040128	6.580851	-0.008533	1.688738
49.034877	774.141089	6.585856	-0.008529	1.691777
49.087295	777.179780	6.590861	-0.008538	1.694774
49.234087	780.181437	6.595866	-0.008565	1.697760
49.481848	783.192287	6.600870	-0.008610	1.700782
49.586827	786.219069	6.605875	-0.008629	1.703769
49.793797	789.232391	6.610880	-0.008666	1.706769
49.959308	792.284435	6.615885	-0.008696	1.709789
50.083974	795.263045	6.620890	-0.008719	1.712720
50.422993	798.262224	6.625894	-0.008780	1.715733
50.450058	801.308550	6.630899	-0.008785	1.718688
50.545214	804.371713	6.635904	-0.008803	1.721675
50.733175	807.404708	6.640909	-0.008837	1.724657
50.633264	810.491333	6.645914	-0.008819	1.727595
50.721046	813.557693	6.650918	-0.008835	1.730568
50.865566	816.540675	6.655923	-0.008861	1.733473
51.001162	819.564829	6.660928	-0.008886	1.736411
51.294413	822.567909	6.665933	-0.008939	1.739372
51.486739	825.554445	6.670938	-0.008973	1.742281
51.738315	828.595718	6.675942	-0.009019	1.745256
52.073136	831.561300	6.680947	-0.009080	1.748180
52.450444	834.531641	6.685952	-0.009148	1.751116
52.670497	837.563456	6.690957	-0.009188	1.754057
52.532187	840.687682	6.695962	-0.009163	1.756969
52.750571	843.724004	6.700966	-0.009202	1.759904
52.888351	846.761654	6.705971	-0.009227	1.762811
52.904212	849.832258	6.710976	-0.009230	1.765705
52.985403	852.916928	6.715981	-0.009245	1.768629
53.018439	855.936109	6.720986	-0.009251	1.771471
53.304985	858.955193	6.725990	-0.009303	1.774387
53.373411	861.976351	6.730995	-0.009316	1.777233
53.505948	865.027262	6.736000	-0.009340	1.780121
53.601880	868.069388	6.741005	-0.009357	1.782986
53.651271	871.122969	6.746010	-0.009366	1.785842
53.855133	874.131624	6.751014	-0.009403	1.788699
54.162404	877.109901	6.756019	-0.009459	1.791555
54.226098	880.141897	6.761024	-0.009470	1.794382
54.634954	883.106128	6.766029	-0.009544	1.797247
54.729347	886.157128	6.771034	-0.009561	1.800091
54.943246	889.166018	6.776038	-0.009600	1.802929
55.294367	892.151283	6.781043	-0.009664	1.805782
55.216838	895.271072	6.786048	-0.009650	1.808625
55.466803	898.257670	6.791053	-0.009695	1.811439
55.520134	901.342063	6.796058	-0.009705	1.814280
55.604364	904.356506	6.801062	-0.009720	1.817062
55.948197	907.364875	6.806067	-0.009782	1.819911
55.957419	910.405375	6.811072	-0.009784	1.822685
56.102322	913.484374	6.816077	-0.009810	1.825531
56.202877	916.512082	6.821082	-0.009829	1.828312
56.470150	919.488093	6.826086	-0.009877	1.831092
56.609804	922.514156	6.831091	-0.009902	1.833875
56.959957	925.478275	6.836096	-0.009966	1.836659
57.051977	928.552414	6.841101	-0.009982	1.839463
57.239864	931.565125	6.846106	-0.010016	1.842236
57.210411	934.663781	6.851110	-0.010011	1.845018
57.386521	937.699543	6.856115	-0.010043	1.847799
57.579740	940.688503	6.861120	-0.010078	1.850539
57.708711	943.723636	6.866125	-0.010102	1.853297
57.708314	946.791455	6.871130	-0.010102	1.856044
58.013141	949.789646	6.876134	-0.010157	1.858812
58.051042	952.816195	6.881139	-0.010164	1.861524
58.273684	955.860809	6.886144	-0.010204	1.864302
58.288019	958.918926	6.891149	-0.010207	1.867028
58.373641	961.981061	6.896154	-0.010222	1.869773
58.388831	964.980470	6.901158	-0.010225	1.872439
58.595251	967.993709	6.906163	-0.010262	1.875168
58.880640	970.968208	6.911168	-0.010314	1.877881
58.999230	974.002679	6.916173	-0.010336	1.880596
59.206431	976.998195	6.921178	-0.010373	1.883298
59.283147	980.069146	6.926182	-0.010387	1.886025
59.333549	983.132870	6.931187	-0.010396	1.888734
59.521401	986.104944	6.936192	-0.010430	1.891398
59.537255	989.170131	6.941197	-0.010433	1.894091
59.811053	992.161375	6.946202	-0.010483	1.896789
59.884087	995.213974	6.951206	-0.010496	1.899479
60.128719	998.197911	6.956211	-0.010541	1.902155
59.976982	1001.327280	6.961216	-0.010513	1.904841
60.282056	1004.293192	6.966221	-0.010568	1.907510
60.491302	1007.281671	6.971226	-0.010606	1.910168
60.785735	1010.253029	6.976230	-0.010660	1.912831
60.689846	1013.347598	6.981235	-0.010642	1.915488
60.957834	1016.358283	6.986240	-0.010691	1.918171
61.217383	1019.322435	6.991245	-0.010738	1.920807
61.275359	1022.407967	6.996250	-0.010748	1.923488
61.339833	1025.432899	7.001254	-0.010760	1.926115
61.706564	1028.436847	7.006259	-0.010827	1.928804
61.754999	1031.428559	7.011264	-0.010835	1.931390
61.983334	1034.484868	7.016269	-0.010877	1.934079
61.951631	1037.526869	7.021274	-0.010871	1.936679
62.055870	1040.603891	7.026278	-0.010890	1.939344
62.165061	1043.593411	7.031283	-0.010910	1.941931
62.474269	1046.607945	7.036288	-0.010966	1.944591
62.537757	1049.660327	7.041293	-0.010977	1.947213
62.659369	1052.703832	7.046298	-0.011000	1.949839
62.771653	1055.721654	7.051302	-0.011020	1.952437
62.996565	1058.704202	7.056307	-0.011061	1.955033
63.017659	1061.754194	7.061312	-0.011065	1.957627
63.168497	1064.770025	7.066317	-0.011092	1.960223
63.350671	1067.761967	7.071322	-0.011125	1.962805
63.642888	1070.760475	7.076326	-0.011178	1.965419
63.776462	1073.801536	7.081331	-0.011202	1.968022
63.894624	1076.797732	7.086336	-0.011224	1.970579
63.985984	1079.868093	7.091341	-0.011240	1.973188
64.138775	1082.870089	7.096346	-0.011268	1.975753
64.156787	1085.939049	7.101350	-0.011271	1.978335
64.327816	1088.925118	7.106355	-0.011302	1.980885
64.350738	1092.003860	7.111360	-0.011306	1.983469
64.534489	1095.001627	7.116365	-0.011340	1.986026
64.568984	1098.067855	7.121370	-0.011346	1.988596
64.770663	1101.012588	7.126374	-0.011383	1.991107
64.891867	1104.061176	7.131379	-0.011405	1.993679
64.987906	1107.077156	7.136384	-0.011422	1.996214
64.945752	1110.150491	7.141389	-0.011414	1.998757
65.057200	1113.166491	7.146394	-0.011435	2.001289
65.300225	1116.138983	7.151398	-0.011479	2.003818
65.641794	1119.111193	7.156403	-0.011541	2.006369
65.687583	1122.176147	7.161408	-0.011549	2.008915
65.722067	1125.187347	7.166413	-0.011555	2.011410
65.863235	1128.245462	7.171418	-0.011581	2.013970
66.160152	1131.195188	7.176422	-0.011635	2.016477
66.586534	1134.154658	7.181427	-0.011712	2.019024
66.669358	1137.205243	7.186432	-0.011727	2.021552
66.733124	1140.269396	7.191437	-0.011738	2.024083
67.078297	1143.261290	7.196442	-0.011801	2.026625
67.288556	1146.262994	7.201446	-0.011839	2.029137
67.366609	1149.304802	7.206451	-0.011853	2.031644
67.576746	1152.335052	7.211456	-0.011891	2.034173
67.616569	1155.364904	7.216461	-0.011899	2.036654
67.911425	1158.370846	7.221466	-0.011952	2.039179
68.034271	1161.393079	7.226470	-0.011974	2.041669
67.912832	1164.496533	7.231475	-0.011952	2.044159
68.314378	1167.462874	7.236480	-0.012025	2.046670
68.276549	1170.509048	7.241485	-0.012018	2.049129
68.484607	1173.526289	7.246490	-0.012056	2.051625
68.549258	1176.554143	7.251494	-0.012068	2.054090
68.621561	1179.590195	7.256499	-0.012081	2.056560
68.709515	1182.636382	7.261504	-0.012097	2.059039
68.876729	1185.619202	7.266509	-0.012127	2.061485
69.101049	1188.639903	7.271514	-0.012168	2.063973
69.305343	1191.654414	7.276518	-0.012205	2.066448
69.291441	1194.684404	7.281523	-0.012202	2.068876
69.593834	1197.660695	7.286528	-0.012257	2.071340
69.516945	1200.730938	7.291533	-0.012243	2.073779
69.805875	1203.717681	7.296538	-0.012296	2.076241
69.952301	1206.744764	7.301542	-0.012322	2.078697
69.977128	1209.776911	7.306547	-0.012327	2.081122
70.079597	1212.845974	7.311552	-0.012345	2.083594
70.279625	1215.827563	7.316557	-0.012382	2.086018
70.334811	1218.864157	7.321562	-0.012392	2.088447
70.520378	1221.851772	7.326566	-0.012425	2.090866
70.635557	1224.882972	7.331571	-0.012446	2.093300
70.909746	1227.869547	7.336576	-0.012496	2.095735
70.910023	1230.937431	7.341581	-0.012496	2.098163
71.040583	1233.931259	7.346586	-0.012520	2.100563
71.282590	1236.951247	7.351590	-0.012564	2.103008
71.446738	1239.946651	7.356595	-0.012593	2.105411
71.607546	1243.004508	7.361600	-0.012622	2.107861
71.753183	1245.974349	7.366605	-0.012649	2.110234
71.775942	1249.035545	7.371610	-0.012653	2.112645
72.046216	1251.986190	7.376614	-0.012702	2.115029
72.069741	1255.083815	7.381619	-0.012706	2.117464
72.220229	1258.061161	7.386624	-0.012734	2.119834
72.208939	1261.132939	7.391629	-0.012732	2.122234
72.468426	1264.127072	7.396634	-0.012779	2.124638
72.654280	1267.143378	7.401638	-0.012812	2.127039
72.852039	1270.105155	7.406643	-0.012848	2.129397
73.069786	1273.120552	7.411648	-0.012888	2.131799
73.162247	1276.166943	7.416653	-0.012904	2.134192
73.164584	1279.218494	7.421658	-0.012905	2.136564
73.372674	1282.219230	7.426662	-0.012943	2.138945
73.485417	1285.243397	7.431667	-0.012963	2.141317
73.733747	1288.242165	7.436672	-0.013008	2.143701
73.804232	1291.291541	7.441677	-0.013021	2.146077
74.184084	1294.247308	7.446682	-0.013090	2.148454
74.432365	1297.208925	7.451686	-0.013135	2.150800
74.488811	1300.304561	7.456691	-0.013145	2.153201
74.755488	1303.256629	7.461696	-0.013193	2.155540
74.877652	1306.316361	7.466701	-0.013215	2.157924
74.928761	1309.355964	7.471706	-0.013225	2.160272
75.109092	1312.398547	7.476710	-0.013257	2.162652
75.198532	1315.418973	7.481715	-0.013274	2.164989
75.273513	1318.493325	7.486720	-0.013287	2.167363
75.168066	1321.492459	7.491725	-0.013268	2.169632
75.476349	1324.521029	7.496730	-0.013324	2.172021
75.524094	1327.510135	7.501734	-0.013333	2.174315
75.525481	1330.602142	7.506739	-0.013333	2.176674
75.943930	1333.507189	7.511744	-0.013409	2.178988
76.085722	1336.536180	7.516749	-0.013435	2.181327
76.099195	1339.599906	7.521754	-0.013437	2.183660
76.397500	1342.581719	7.526758	-0.013491	2.185995
76.411459	1345.621418	7.531763	-0.013494	2.188305
76.565885	1348.619081	7.536768	-0.013522	2.190613
76.791812	1351.610578	7.541773	-0.013563	2.192932
76.998220	1354.620139	7.546778	-0.013600	2.195257
77.143892	1357.664207	7.551782	-0.013626	2.197591
77.142277	1360.683604	7.556787	-0.013626	2.199869
77.267352	1363.745200	7.561792	-0.013649	2.202207
77.477891	1366.710380	7.566797	-0.013687	2.204490
77.685701	1369.724013	7.571802	-0.013725	2.206806
77.940644	1372.687942	7.576806	-0.013771	2.209093
78.029422	1375.717617	7.581811	-0.013787	2.211388
78.156718	1378.778428	7.586816	-0.013810	2.213713
78.121458	1381.835768	7.591821	-0.013804	2.215996
78.226087	1384.866949	7.596826	-0.013823	2.218289
78.424128	1387.860662	7.601830	-0.013859	2.220573
78.420702	1390.926923	7.606835	-0.013858	2.222862
78.614637	1393.913613	7.611840	-0.013893	2.225136
78.654161	1396.970899	7.616845	-0.013901	2.227423
78.847798	1399.875054	7.621850	-0.013936	2.229631
78.983989	1402.946217	7.626854	-0.013960	2.231947
79.448120	1405.838547	7.631859	-0.014044	2.234203
79.550538	1408.919961	7.636864	-0.014063	2.236514
79.676724	1411.915491	7.641869	-0.014086	2.238764
79.873585	1414.951534	7.646874	-0.014122	2.241059
80.055665	1417.963942	7.651878	-0.014155	2.243330
80.040345	1421.052342	7.656883	-0.014152	2.245609
80.249306	1424.030940	7.661888	-0.014190	2.247857
80.552197	1426.990383	7.666893	-0.014245	2.250110
80.644062	1430.027468	7.671898	-0.014261	2.252369
80.827800	1433.043110	7.676902	-0.014295	2.254632
80.941780	1436.108181	7.681907	-0.014315	2.256912
80.992661	1439.122478	7.686912	-0.014325	2.259139
81.100548	1442.169077	7.691917	-0.014344	2.261400
81.175614	1445.200008	7.696922	-0.014358	2.263639
81.410527	1448.207580	7.701926	-0.014400	2.265896
81.535573	1451.218224	7.706931	-0.014423	2.268128
81.592312	1454.216351	7.711936	-0.014433	2.270333
81.535647	1457.315455	7.716941	-0.014423	2.272584
81.675079	1460.270112	7.721946	-0.014448	2.274771
81.796592	1463.329844	7.726950	-0.014471	2.277029
81.910399	1466.301782	7.731955	-0.014491	2.279219
82.065833	1469.323614	7.736960	-0.014519	2.281453
82.164522	1472.328676	7.741965	-0.014537	2.283659
82.348645	1475.346144	7.746970	-0.014571	2.285892
82.473758	1478.327013	7.751974	-0.014593	2.288082
82.624732	1481.362476	7.756979	-0.014621	2.290316
82.422151	1484.431871	7.761984	-0.014584	2.292493
82.773327	1487.389339	7.766989	-0.014648	2.294711
82.821716	1490.448231	7.771994	-0.014657	2.296932
82.955827	1493.411572	7.776998	-0.014681	2.299102
83.108142	1496.464162	7.782003	-0.014709	2.301337
83.318979	1499.426504	7.787008	-0.014747	2.303519
83.518215	1502.448483	7.792013	-0.014783	2.305739
83.680746	1505.432038	7.797018	-0.014812	2.307920
83.772425	1508.434497	7.802022	-0.014829	2.310098
84.178382	1511.419837	7.807027	-0.014902	2.312331
84.183261	1514.447743	7.812032	-0.014903	2.314503
84.323038	1517.515565	7.817037	-0.014929	2.316732
84.461828	1520.499221	7.822042	-0.014954	2.318898
84.546127	1523.553631	7.827046	-0.014969	2.321101
84.736564	1526.547445	7.832051	-0.015004	2.323282
85.020577	1529.542236	7.837056	-0.015055	2.325482
85.011574	1532.584705	7.842061	-0.015054	2.327649
85.369475	1535.547261	7.847066	-0.015118	2.329838
85.309780	1538.632559	7.852070	-0.015108	2.332021
85.540815	1541.623988	7.857075	-0.015150	2.334198
85.742749	1544.647053	7.862080	-0.015186	2.336390
85.654625	1547.688346	7.867085	-0.015170	2.338529
85.932601	1550.707007	7.872090	-0.015221	2.340730
86.235931	1553.651182	7.877094	-0.015276	2.342882
86.412361	1556.695676	7.882099	-0.015308	2.345075
86.761867	1559.657895	7.887104	-0.015371	2.347245
86.907403	1562.646100	7.892109	-0.015397	2.349388
87.091250	1565.704102	7.897114	-0.015430	2.351586
87.165536	1568.698358	7.902118	-0.015444	2.353713
87.372903	1571.750272	7.907123	-0.015482	2.355908
87.548725	1574.727163	7.912128	-0.015513	2.358041
87.589514	1577.790443	7.917133	-0.015521	2.360204
87.841818	1580.796800	7.922138	-0.015567	2.362370
88.029094	1583.796819	7.927142	-0.015601	2.364516
88.328705	1586.784593	7.932147	-0.015655	2.366676
88.426585	1589.802267	7.937152	-0.015673	2.368811
88.533814	1592.858662	7.942157	-0.015692	2.370973
88.666248	1595.856584	7.947162	-0.015716	2.373098
88.740437	1598.926933	7.952166	-0.015730	2.375259
88.993001	1601.913977	7.957171	-0.015775	2.377398
89.020829	1604.943475	7.962176	-0.015780	2.379517
89.218264	1607.977592	7.967181	-0.015816	2.381673
89.298454	1610.989161	7.972186	-0.015831	2.383787
89.480748	1614.034863	7.977190	-0.015864	2.385944
89.801987	1616.908358	7.982195	-0.015922	2.388009
89.796714	1620.014008	7.987200	-0.015921	2.390164
90.012725	1622.981031	7.992205	-0.015960	2.392268
90.119233	1626.019797	7.997210	-0.015980	2.394396
90.296887	1629.043879	8.002214	-0.016012	2.396528
90.387362	1632.054450	8.007219	-0.016028	2.398630
90.572815	1635.083229	8.012224	-0.016062	2.400762
90.651281	1638.113721	8.017229	-0.016076	2.402872
90.905183	1641.095228	8.022234	-0.016122	2.404982
91.048305	1644.109835	8.027238	-0.016148	2.407091
91.132487	1647.125611	8.032243	-0.016163	2.409186
91.392302	1650.132972	8.037248	-0.016210	2.411310
91.564155	1653.124921	8.042253	-0.016241	2.413403
91.635150	1656.200258	8.047258	-0.016254	2.415530
91.877784	1659.150785	8.052262	-0.016298	2.417606
91.911788	1662.235978	8.057267	-0.016305	2.419729
91.944417	1665.259814	8.062272	-0.016311	2.421808
92.142128	1668.253619	8.067277	-0.016346	2.423898
92.311383	1671.288196	8.072282	-0.016377	2.426009
92.396131	1674.235783	8.077286	-0.016392	2.428041
92.566792	1677.278000	8.082291	-0.016423	2.430154
92.858399	1680.239045	8.087296	-0.016476	2.432234
93.070525	1683.245445	8.092301	-0.016515	2.434327
92.993151	1686.342646	8.097306	-0.016501	2.436421
93.220445	1689.267848	8.102310	-0.016542	2.438458
93.509176	1692.331754	8.107315	-0.016594	2.440601
93.426752	1695.348080	8.112320	-0.016579	2.442633
93.465135	1698.419742	8.117325	-0.016586	2.444725
93.450643	1701.453896	8.122330	-0.016584	2.446780
93.603956	1704.410005	8.127334	-0.016612	2.448814
93.790769	1707.445902	8.132339	-0.016646	2.450908
94.028460	1710.402809	8.137344	-0.016689	2.452957
94.202855	1713.426971	8.142349	-0.016720	2.455036
94.222300	1716.475243	8.147354	-0.016724	2.457099
94.139264	1719.529558	8.152358	-0.016709	2.459143
94.268289	1722.558350	8.157363	-0.016732	2.461211
94.457432	1725.518702	8.162368	-0.016767	2.463243
94.444045	1728.600361	8.167373	-0.016764	2.465315
94.583964	1731.537481	8.172378	-0.016790	2.467318
94.902646	1734.496922	8.177382	-0.016847	2.469371
95.049272	1737.522341	8.182387	-0.016874	2.471432
95.166602	1740.536847	8.187392	-0.016895	2.473478
95.213934	1743.592274	8.192397	-0.016904	2.475535
95.392346	1746.555895	8.197402	-0.016936	2.477556
95.505705	1749.590415	8.202406	-0.016957	2.479609
95.763215	1752.578169	8.207411	-0.017003	2.481659
95.963937	1755.597081	8.212416	-0.017040	2.483716
95.919374	1758.677800	8.217421	-0.017032	2.485763
96.069337	1761.637075	8.222426	-0.017059	2.487767
96.171180	1764.666960	8.227430	-0.017077	2.489806
96.187869	1767.693128	8.232435	-0.017081	2.491825
96.301338	1770.737907	8.237440	-0.017101	2.493873
96.535075	1773.708386	8.242445	-0.017143	2.495894
96.609884	1776.710634	8.247450	-0.017157	2.497903
96.609647	1779.782380	8.252454	-0.017157	2.499942
96.754298	1782.787377	8.257459	-0.017183	2.501963
96.932127	1785.785122	8.262464	-0.017216	2.503985
97.001652	1788.803301	8.267469	-0.017228	2.505997
97.316315	1791.699264	8.272474	-0.017285	2.507975
97.383325	1794.782381	8.277478	-0.017297	2.510026
97.511900	1797.748831	8.282483	-0.017321	2.512011
97.594237	1800.828343	8.287488	-0.017336	2.514060
97.589130	1803.867501	8.292493	-0.017335	2.516062
97.842426	1806.816591	8.297498	-0.017381	2.518056
97.964771	1809.872166	8.302502	-0.017403	2.520091
98.053870	1812.851688	8.307507	-0.017419	2.522069
98.153228	1815.911756	8.312512	-0.017437	2.524100
98.149875	1818.924043	8.317517	-0.017437	2.526077
98.252018	1821.917778	8.322522	-0.017455	2.528062
98.696871	1824.877429	8.327526	-0.017536	2.530090
98.783694	1827.860600	8.332531	-0.017552	2.532061
98.780019	1830.980322	8.337536	-0.017551	2.534103
98.845627	1834.004476	8.342541	-0.017563	2.536094
99.192337	1836.915134	8.347546	-0.017626	2.538064
99.237591	1839.997519	8.352550	-0.017634	2.540086
99.188164	1843.031495	8.357555	-0.017625	2.542057
99.390013	1846.036492	8.362560	-0.017662	2.544056
99.662663	1848.988022	8.367565	-0.017711	2.546032
99.863918	1851.936666	8.372570	-0.017747	2.547991
99.951502	1855.035868	8.377574	-0.017763	2.550024
100.040389	1858.006994	8.382579	-0.017780	2.551972
100.259688	1861.028511	8.387584	-0.017819	2.553978
100.372952	1864.065134	8.392589	-0.017840	2.555970
100.413728	1867.098111	8.397594	-0.017847	2.557945
100.545315	1870.117925	8.402598	-0.017871	2.559927
100.680142	1873.119872	8.407603	-0.017896	2.561897
100.740552	1876.148542	8.412608	-0.017907	2.563869
100.778420	1879.181694	8.417613	-0.017914	2.565837
101.066737	1882.107518	8.422618	-0.017966	2.567782
101.133155	1885.186918	8.427622	-0.017978	2.569783
101.291742	1888.147370	8.432627	-0.018007	2.571723
101.308759	1891.208711	8.437632	-0.018010	2.573699
101.337207	1894.240399	8.442637	-0.018015	2.575657
101.476321	1897.210664	8.447642	-0.018040	2.577596
101.542737	1900.265788	8.452646	-0.018052	2.579573
101.527733	1903.328781	8.457651	-0.018050	2.581538
101.798001	1906.263822	8.462656	-0.018099	2.583474
101.952689	1909.335302	8.467661	-0.018127	2.585474
102.021827	1912.399565	8.472666	-0.018139	2.587452
102.197699	1915.383066	8.477670	-0.018171	2.589397
102.348734	1918.345030	8.482675	-0.018199	2.591321
102.497494	1921.325309	8.487680	-0.018226	2.593256
102.527421	1924.383931	8.492685	-0.018231	2.595217
102.716532	1927.326508	8.497690	-0.018265	2.597132
102.661171	1930.380044	8.502694	-0.018255	2.599070
102.576016	1933.448587	8.507699	-0.018240	2.601011
102.809471	1936.401183	8.512704	-0.018282	2.602937
102.850351	1939.459218	8.517709	-0.018290	2.604892
102.969063	1942.391726	8.522714	-0.018311	2.606780
103.131831	1945.416252	8.527718	-0.018341	2.608734
103.141008	1948.430336	8.532723	-0.018343	2.610650
103.454508	1951.387309	8.537728	-0.018399	2.612587
103.480634	1954.450823	8.542733	-0.018404	2.614535
103.478972	1957.452684	8.547738	-0.018404	2.616438
103.600159	1960.473394	8.552742	-0.018426	2.618374
103.831167	1963.450107	8.557747	-0.018468	2.620302
104.083100	1966.444147	8.562752	-0.018513	2.622243
104.161619	1969.504830	8.567757	-0.018528	2.624192
104.137702	1972.493500	8.572762	-0.018523	2.626075
104.382123	1975.460241	8.577767	-0.018568	2.627993
104.435250	1978.492147	8.582771	-0.018577	2.629915
104.580384	1981.488237	8.587776	-0.018604	2.631830
104.778068	1984.510485	8.592781	-0.018640	2.633770
104.807571	1987.537990	8.597786	-0.018645	2.635681
104.913565	1990.551357	8.602791	-0.018664	2.637595
105.073043	1993.567838	8.607795	-0.018693	2.639520
105.250473	1996.539017	8.612800	-0.018725	2.641419
105.221084	1999.640515	8.617805	-0.018720	2.643360
105.295416	2002.622339	8.622810	-0.018734	2.645243
105.609554	2005.573845	8.627815	-0.018790	2.647150
105.705070	2008.595683	8.632819	-0.018808	2.649060
105.832460	2011.613105	8.637824	-0.018831	2.650971
106.036672	2014.603162	8.642829	-0.018868	2.652878
106.037969	2017.670362	8.647834	-0.018868	2.654794
106.246937	2020.646464	8.652839	-0.018906	2.656691
106.357698	2023.683167	8.657843	-0.018926	2.658605
106.660924	2026.647020	8.662848	-0.018981	2.660509
106.970089	2029.637434	8.667853	-0.019037	2.662428
106.899517	2032.722058	8.672858	-0.019024	2.664335
107.243306	2035.643557	8.677863	-0.019087	2.666215
107.363409	2038.659515	8.682867	-0.019108	2.668112
107.432805	2041.706112	8.687872	-0.019121	2.670017
107.445222	2044.733385	8.692877	-0.019123	2.671898
107.752915	2047.697873	8.697882	-0.019179	2.673793
107.660763	2050.779759	8.702887	-0.019163	2.675687
107.823770	2053.755750	8.707891	-0.019192	2.677559
107.769225	2056.825866	8.712896	-0.019182	2.679450
107.838145	2059.836223	8.717901	-0.019195	2.681324
107.841013	2062.850870	8.722906	-0.019195	2.683188
108.124679	2065.821835	8.727911	-0.019247	2.685074
108.227046	2068.799974	8.732915	-0.019265	2.686931
108.007768	2071.902643	8.737920	-0.019226	2.688805
108.227431	2074.853203	8.742925	-0.019266	2.690663
108.427028	2077.841155	8.747930	-0.019302	2.692540
108.621995	2080.857479	8.752935	-0.019337	2.694431
108.673267	2083.872789	8.757939	-0.019347	2.696295
108.659912	2086.915175	8.762944	-0.019344	2.698163
109.035371	2089.878677	8.767949	-0.019412	2.700050
109.152442	2092.883691	8.772954	-0.019433	2.701916
109.176174	2095.942499	8.777959	-0.019438	2.703796
109.311910	2098.908103	8.782963	-0.019462	2.705638
109.387932	2101.912055	8.787968	-0.019476	2.707492
109.574424	2104.942517	8.792973	-0.019510	2.709380
109.865098	2107.849837	8.797978	-0.019563	2.711210
109.902042	2110.926649	8.802983	-0.019569	2.713097
110.098842	2113.947805	8.807987	-0.019605	2.714978
110.213416	2116.924982	8.812992	-0.019626	2.716815
110.314015	2119.988661	8.817997	-0.019644	2.718702
110.305751	2123.024196	8.823002	-0.019643	2.720551
110.464186	2126.022008	8.828007	-0.019671	2.722405
110.565503	2129.077010	8.833011	-0.019690	2.724282
110.728941	2131.998020	8.838016	-0.019719	2.726088
110.725259	2135.077481	8.843021	-0.019719	2.727959
110.826593	2138.098207	8.848026	-0.019737	2.729812
110.921420	2141.064784	8.853031	-0.019755	2.731630
111.016752	2144.135145	8.858035	-0.019772	2.733509
111.188869	2147.095731	8.863040	-0.019803	2.735335
111.241701	2150.122874	8.868045	-0.019813	2.737178
111.577270	2153.103050	8.873050	-0.019873	2.739041
111.545302	2156.120242	8.878055	-0.019868	2.740861
111.658118	2159.163038	8.883059	-0.019888	2.742720
111.826181	2162.150059	8.888064	-0.019919	2.744554
111.895103	2165.114081	8.893069	-0.019931	2.746356
111.943423	2168.192137	8.898074	-0.019940	2.748222
112.152724	2171.150064	8.903079	-0.019978	2.750042
112.220875	2174.175770	8.908083	-0.019990	2.751877
112.252090	2177.235473	8.913088	-0.019996	2.753725
112.537949	2180.137412	8.918093	-0.020048	2.755521
112.560352	2183.195451	8.923098	-0.020052	2.757364
112.556592	2186.269344	8.928103	-0.020051	2.759211
112.671478	2189.228837	8.933107	-0.020072	2.761008
112.815974	2192.277477	8.938112	-0.020098	2.762863
112.971877	2195.235368	8.943117	-0.020127	2.764664
113.178759	2198.228449	8.948122	-0.020164	2.766494
112.921192	2201.344669	8.953127	-0.020118	2.768316
113.245713	2204.271856	8.958131	-0.020176	2.770124
113.337659	2207.281764	8.963136	-0.020193	2.771940
113.315881	2210.354697	8.968141	-0.020189	2.773774
113.620495	2213.251356	8.973146	-0.020244	2.775557
113.882551	2216.287270	8.978151	-0.020292	2.777414
113.882044	2219.344464	8.983155	-0.020292	2.779238
114.079603	2222.316736	8.988160	-0.020328	2.781044
114.245479	2225.346782	8.993165	-0.020358	2.782878
114.575714	2228.262850	8.998170	-0.020418	2.784671
114.743674	2231.266468	9.003175	-0.020448	2.786487
114.804297	2234.329780	9.008179	-0.020459	2.788319
114.836663	2237.353336	9.013184	-0.020465	2.790121
114.943041	2240.381230	9.018189	-0.020484	2.791938
115.179624	2243.369484	9.023194	-0.020527	2.793752
115.264003	2246.369294	9.028199	-0.020543	2.795545
115.437796	2249.395941	9.033203	-0.020574	2.797369
115.669971	2252.403108	9.038208	-0.020616	2.799190
115.938579	2255.367034	9.043213	-0.020665	2.800990
115.977244	2258.455464	9.048218	-0.020672	2.802823
116.293307	2261.373342	9.053223	-0.020729	2.804602
116.463025	2264.370059	9.058227	-0.020760	2.806401
116.363533	2267.489882	9.063232	-0.020742	2.808226
116.451501	2270.491784	9.068237	-0.020758	2.810012
116.450029	2273.549334	9.073242	-0.020758	2.811815
116.717177	2276.546699	9.078247	-0.020806	2.813626
116.695611	2279.529117	9.083251	-0.020802	2.815379
116.854600	2282.552933	9.088256	-0.020831	2.817185
116.940516	2285.569935	9.093261	-0.020847	2.818974
117.036382	2288.596661	9.098266	-0.020864	2.820769
117.232930	2291.593878	9.103271	-0.020900	2.822563
117.241082	2294.592706	9.108275	-0.020901	2.824325
117.223905	2297.599054	9.113280	-0.020898	2.826086
117.454253	2300.600950	9.118285	-0.020940	2.827884
117.553355	2303.602376	9.123290	-0.020958	2.829659
117.540812	2306.626422	9.128295	-0.020956	2.831428
117.738267	2309.662809	9.133299	-0.020992	2.833238
117.830966	2312.620587	9.138304	-0.021008	2.834983
117.851732	2315.657923	9.143309	-0.021012	2.836762
118.131809	2318.657386	9.148314	-0.021063	2.838560
118.123360	2321.643263	9.153319	-0.021062	2.840302
118.414459	2324.650991	9.158323	-0.021114	2.842105
118.491791	2327.669186	9.163328	-0.021128	2.843877
118.525635	2330.649694	9.168333	-0.021135	2.845619
118.774115	2333.680288	9.173338	-0.021180	2.847425
118.854530	2336.671682	9.178343	-0.021194	2.849179
119.102954	2339.652006	9.183347	-0.021239	2.850953
119.168745	2342.743223	9.188352	-0.021251	2.852760
119.220133	2345.698038	9.193357	-0.021260	2.854485
119.417002	2348.703649	9.198362	-0.021296	2.856262
119.505611	2351.775907	9.203367	-0.021312	2.858059
119.723965	2354.726509	9.208371	-0.021352	2.859805
119.934965	2357.759236	9.213376	-0.021390	2.861597
119.779843	2360.833254	9.218381	-0.021362	2.863351
119.897119	2363.748609	9.223386	-0.021383	2.865057
120.107543	2366.756467	9.228391	-0.021421	2.866831
120.193662	2369.788043	9.233395	-0.021437	2.868597
120.303034	2372.821405	9.238400	-0.021457	2.870367
120.286205	2375.845955	9.243405	-0.021454	2.872110
120.486769	2378.856688	9.248410	-0.021490	2.873880
120.588052	2381.828162	9.253415	-0.021509	2.875609
120.797965	2384.819987	9.258419	-0.021547	2.877367
120.909031	2387.879689	9.263424	-0.021567	2.879147
120.925596	2390.869327	9.268429	-0.021570	2.880870
121.093569	2393.902044	9.273434	-0.021600	2.882642
121.194231	2396.889454	9.278439	-0.021619	2.884375
121.183082	2399.890769	9.283443	-0.021617	2.886097
121.333951	2402.960633	9.288448	-0.021644	2.887884
121.305946	2405.931182	9.293453	-0.021639	2.889583
121.527638	2408.930895	9.298458	-0.021679	2.891339
121.668668	2411.999997	9.303463	-0.021705	2.893121
121.641162	2414.929445	9.308467	-0.021700	2.894794
121.814693	2417.997478	9.313472	-0.021732	2.896578
122.039621	2420.973234	9.318477	-0.021772	2.898316
122.077756	2423.954972	9.323482	-0.021779	2.900026
122.389908	2427.009274	9.328487	-0.021836	2.901822
122.393986	2429.990056	9.333491	-0.021837	2.903524
122.656975	2432.977814	9.338496	-0.021884	2.905271
122.918492	2435.981017	9.343501	-0.021932	2.907026
123.001573	2438.956974	9.348506	-0.021947	2.908735
123.005458	2442.017886	9.353511	-0.021947	2.910479
123.139835	2445.016988	9.358515	-0.021972	2.912208
123.282423	2448.031522	9.363520	-0.021998	2.913945
123.497900	2451.015846	9.368525	-0.022037	2.915676
123.592624	2454.029960	9.373530	-0.022054	2.917404
123.650613	2457.081524	9.378535	-0.022065	2.919146
123.919795	2460.030400	9.383539	-0.022113	2.920863
124.175133	2463.072536	9.388544	-0.022159	2.922629
124.181772	2466.045482	9.393549	-0.022161	2.924315
124.287786	2469.072695	9.398554	-0.022180	2.926047
124.312731	2472.149885	9.403559	-0.022185	2.927793
124.393294	2475.113407	9.408563	-0.022199	2.929483
124.511981	2478.141955	9.413568	-0.022221	2.931214
124.736799	2481.149726	9.418573	-0.022262	2.932950
124.676165	2484.153208	9.423578	-0.022251	2.934636
124.729515	2487.197228	9.428583	-0.022260	2.936363
125.040052	2490.170379	9.433587	-0.022317	2.938090
125.041387	2493.171146	9.438592	-0.022317	2.939782
125.109561	2496.234705	9.443597	-0.022329	2.941519
125.404895	2499.162153	9.448602	-0.022383	2.943214
125.547745	2502.137978	9.453607	-0.022409	2.944912
125.457321	2505.232511	9.458611	-0.022392	2.946638
125.675199	2508.233085	9.463616	-0.022432	2.948359
125.745796	2511.210562	9.468621	-0.022445	2.950043
125.865984	2514.260971	9.473626	-0.022467	2.951775
125.970747	2517.221821	9.478631	-0.022486	2.953453
126.068068	2520.251606	9.483635	-0.022503	2.955168
126.138374	2523.273464	9.488640	-0.022516	2.956873
126.369881	2526.264312	9.493645	-0.022558	2.958584
126.316984	2529.301269	9.498650	-0.022549	2.960276
126.372794	2532.351443	9.503655	-0.022559	2.961992
126.425350	2535.306042	9.508659	-0.022568	2.963653
126.576902	2538.316813	9.513664	-0.022596	2.965359
126.604723	2541.334817	9.518669	-0.022601	2.967049
126.583085	2544.368342	9.523674	-0.022597	2.968740
126.634665	2547.375340	9.528679	-0.022607	2.970425
126.775289	2550.376044	9.533683	-0.022632	2.972121
126.936772	2553.363170	9.538688	-0.022661	2.973811
126.887621	2556.385490	9.543693	-0.022653	2.975487
127.030839	2559.438385	9.548698	-0.022678	2.977208
127.133025	2562.399004	9.553703	-0.022697	2.978871
127.326632	2565.410555	9.558707	-0.022732	2.980576
127.598689	2568.428479	9.563712	-0.022781	2.982295
127.636204	2571.339179	9.568717	-0.022788	2.983918
127.718685	2574.398723	9.573722	-0.022803	2.985629
127.833520	2577.438111	9.578727	-0.022824	2.987333
127.923492	2580.383687	9.583731	-0.022840	2.988980
128.074048	2583.432415	9.588736	-0.022868	2.990693
128.157896	2586.471017	9.593741	-0.022883	2.992389
128.213955	2589.422057	9.598746	-0.022893	2.994031
128.361063	2592.469125	9.603751	-0.022920	2.995739
128.481979	2595.493621	9.608755	-0.022942	2.997430
128.555253	2598.474308	9.613760	-0.022955	2.999089
128.719342	2601.501032	9.618765	-0.022985	3.000785
128.748327	2604.539813	9.623770	-0.022990	3.002467
128.744768	2607.502156	9.628775	-0.022990	3.004101
128.788070	2610.545440	9.633779	-0.022998	3.005786
129.149967	2613.505064	9.638784	-0.023063	3.007472
129.044662	2616.545327	9.643789	-0.023044	3.009130
129.100332	2619.579562	9.648794	-0.023054	3.010809
129.282376	2622.581116	9.653799	-0.023087	3.012488
129.290918	2625.554579	9.658803	-0.023089	3.014124
129.366754	2628.597994	9.663808	-0.023103	3.015808
129.309940	2631.655915	9.668813	-0.023093	3.017479
129.556613	2634.585017	9.673818	-0.023137	3.019124
129.727483	2637.599909	9.678823	-0.023168	3.020804
129.918271	2640.590534	9.683827	-0.023203	3.022473
130.061199	2643.502635	9.688832	-0.023229	3.024090
130.072176	2646.592426	9.693837	-0.023231	3.025784
130.246088	2649.610484	9.698842	-0.023262	3.027463
130.329386	2652.597044	9.703847	-0.023277	3.029109
130.288362	2655.658360	9.708851	-0.023270	3.030777
130.578885	2658.627690	9.713856	-0.023323	3.032444
130.612043	2661.603908	9.718861	-0.023329	3.034074
130.708905	2664.663719	9.723866	-0.023346	3.035759
130.916364	2667.677640	9.728871	-0.023384	3.037435
131.028265	2670.670919	9.733875	-0.023404	3.039084
131.160964	2673.693941	9.738880	-0.023428	3.040751
131.126831	2676.750795	9.743885	-0.023422	3.042411
131.194008	2679.682220	9.748890	-0.023434	3.044017
131.270940	2682.731898	9.753895	-0.023448	3.045688
131.447472	2685.760497	9.758899	-0.023480	3.047362
131.462041	2688.718111	9.763904	-0.023483	3.048971
131.548536	2691.780549	9.768909	-0.023499	3.050648
131.811422	2694.772690	9.773914	-0.023547	3.052312
131.948784	2697.695692	9.778919	-0.023571	3.053918
132.039428	2700.773577	9.783923	-0.023588	3.055601
132.196389	2703.777390	9.788928	-0.023616	3.057252
132.316163	2706.774629	9.793933	-0.023638	3.058894
132.388564	2709.830906	9.798938	-0.023651	3.060560
132.616031	2712.789831	9.803943	-0.023692	3.062195
132.748633	2715.746952	9.808947	-0.023717	3.063814
132.765627	2718.783549	9.813952	-0.023720	3.065458
132.929005	2721.803089	9.818957	-0.023749	3.067113
133.121470	2724.773560	9.823962	-0.023784	3.068746
133.189518	2727.802855	9.828967	-0.023797	3.070391
133.378028	2730.846001	9.833971	-0.023831	3.072060
133.383655	2733.818077	9.838976	-0.023832	3.073663
133.456328	2736.856246	9.843981	-0.023845	3.075311
133.587583	2739.878321	9.848986	-0.023869	3.076958
133.791889	2742.824088	9.853991	-0.023906	3.078574
133.996837	2745.869385	9.858995	-0.023943	3.080242
133.938211	2748.948857	9.864000	-0.023933	3.081889
133.953653	2751.857509	9.869005	-0.023935	3.083454
134.213018	2754.902826	9.874010	-0.023982	3.085128
134.399595	2757.895857	9.879015	-0.024016	3.086762
134.505789	2760.885095	9.884019	-0.024035	3.088382
134.482656	2763.942043	9.889024	-0.024031	3.090018
134.597707	2766.980431	9.894029	-0.024052	3.091663
134.710994	2769.926522	9.899034	-0.024073	3.093258
134.771832	2772.960767	9.904039	-0.024084	3.094891
134.893804	2776.005084	9.909043	-0.024106	3.096538
134.975142	2778.986802	9.914048	-0.024121	3.098144
135.231009	2781.979275	9.919053	-0.024167	3.099781
135.352694	2785.031525	9.924058	-0.024189	3.101430
135.470467	2787.909319	9.929063	-0.024211	3.102984
135.488920	2790.987588	9.934067	-0.024214	3.104629
135.668105	2794.027924	9.939072	-0.024247	3.106277
135.820301	2796.975937	9.944077	-0.024274	3.107871
135.958161	2799.987415	9.949082	-0.024299	3.109495
135.975043	2803.047418	9.954087	-0.024302	3.111128
136.047953	2806.011705	9.959091	-0.024316	3.112716
136.128697	2809.049939	9.964096	-0.024330	3.114344
136.276765	2812.050979	9.969101	-0.024357	3.115961
136.436095	2815.066433	9.974106	-0.024386	3.117587
136.475271	2818.074924	9.979111	-0.024393	3.119191
136.594366	2821.123312	9.984115	-0.024415	3.120826
136.704548	2824.071597	9.989120	-0.024435	3.122407
136.837698	2827.080539	9.994125	-0.024459	3.124022
136.753494	2830.166398	9.999130	-0.024444	3.125646
136.948317	2833.131194	10.004135	-0.024479	3.127244
136.932430	2836.133329	10.009139	-0.024476	3.128832
137.148573	2839.163328	10.014144	-0.024515	3.130466
137.291121	2842.136957	10.019149	-0.024541	3.132060
137.370474	2845.117997	10.024154	-0.024556	3.133648
137.313892	2848.185153	10.029159	-0.024546	3.135260
137.511658	2851.205285	10.034163	-0.024581	3.136884
137.545466	2854.177258	10.039168	-0.024588	3.138458
137.723122	2857.227309	10.044173	-0.024620	3.140092
137.847101	2860.223618	10.049178	-0.024642	3.141690
137.855035	2863.169261	10.054183	-0.024644	3.143244
137.933995	2866.211601	10.059187	-0.024658	3.144858
138.072734	2869.219253	10.064192	-0.024683	3.146461
138.006023	2872.214423	10.069197	-0.024671	3.148028
138.135637	2875.253750	10.074202	-0.024695	3.149646
138.323346	2878.249340	10.079207	-0.024729	3.151247
138.359676	2881.224276	10.084211	-0.024736	3.152816
138.548805	2884.215467	10.089216	-0.024770	3.154414
138.600865	2887.290310	10.094221	-0.024779	3.156035
138.654658	2890.268686	10.099226	-0.024789	3.157605
138.762882	2893.274415	10.104231	-0.024809	3.159197
138.634880	2896.391044	10.109235	-0.024786	3.160813
138.729003	2899.279097	10.114240	-0.024803	3.162339
138.834760	2902.307959	10.119245	-0.024822	3.163940
138.876462	2905.366323	10.124250	-0.024830	3.165547
139.092037	2908.285873	10.129255	-0.024869	3.167104
139.154244	2911.337057	10.134259	-0.024880	3.168708
139.160087	2914.367281	10.139264	-0.024881	3.170293
139.328308	2917.333363	10.144269	-0.024912	3.171866
139.364257	2920.343600	10.149274	-0.024918	3.173442
139.545163	2923.341633	10.154279	-0.024951	3.175032
139.541935	2926.403721	10.159283	-0.024951	3.176628
139.639394	2929.398454	10.164288	-0.024968	3.178203
139.602781	2932.449171	10.169293	-0.024962	3.179788
139.824073	2935.436573	10.174298	-0.025002	3.181374
139.923966	2938.308039	10.179303	-0.025020	3.182883
139.779122	2941.451613	10.184307	-0.024994	3.184498
139.924705	2944.456636	10.189312	-0.025020	3.186081
140.006313	2947.379364	10.194317	-0.025035	3.187611
140.243076	2950.415938	10.199322	-0.025078	3.189222
140.230949	2953.458657	10.204327	-0.025076	3.190800
140.298624	2956.418995	10.209331	-0.025088	3.192346
140.300062	2959.489365	10.214336	-0.025089	3.193938
140.411696	2962.475850	10.219341	-0.025109	3.195502
140.534278	2965.486820	10.224346	-0.025131	3.197079
140.685124	2968.462839	10.229351	-0.025158	3.198642
140.609573	2971.545346	10.234355	-0.025145	3.200227
140.770097	2974.490407	10.239360	-0.025174	3.201773
140.821748	2977.461718	10.244365	-0.025183	3.203317
140.764073	2980.556012	10.249370	-0.025173	3.204908
140.989489	2983.526898	10.254375	-0.025214	3.206474
140.990469	2986.510063	10.259379	-0.025214	3.208015
141.238349	2989.440462	10.264384	-0.025259	3.209562
141.212243	2991.622170	10.269389	-0.025254	3.210684

141.348583	2993.174261	10.274394	-0.025279	3.211503
141.411965	2994.262428	10.279399	-0.025290	3.212073
141.367665	2995.054878	10.284403	-0.025282	3.212475
141.522579	2995.604917	10.289408	-0.025310	3.212780
141.630616	2995.936143	10.294413	-0.025330	3.212965
141.641378	2996.365929	10.299418	-0.025331	3.213188
141.748839	2996.516872	10.304423	-0.025351	3.213281
141.715986	2996.508289	10.309427	-0.025344	3.213272
141.873248	2996.490344	10.314432	-0.025373	3.213284
141.871495	2996.985284	10.319437	-0.025372	3.213539
141.943904	2996.998382	10.324442	-0.025385	3.213555
142.069807	2996.937900	10.329447	-0.025408	3.213541
142.111660	2997.009396	10.334451	-0.025415	3.213584
142.271284	2996.934498	10.339456	-0.025444	3.213567
142.164270	2997.009227	10.344461	-0.025424	3.213590
142.150668	2996.932530	10.349466	-0.025422	3.213549
142.334646	2996.957156	10.354471	-0.025455	3.213587
142.262100	2996.951854	10.359475	-0.025442	3.213574
142.291814	2996.948440	10.364480	-0.025447	3.213576
142.389905	2996.935329	10.369485	-0.025464	3.213583
142.465377	2996.894311	10.374490	-0.025478	3.213572
142.578016	2996.883995	10.379495	-0.025498	3.213582
142.499550	2996.895409	10.384499	-0.025484	3.213577
142.455568	2996.905531	10.389504	-0.025476	3.213576
142.597397	2996.901386	10.394509	-0.025501	3.213593
142.619303	2996.855831	10.399514	-0.025505	3.213572
142.683681	2996.869854	10.404519	-0.025516	3.213588
142.761040	2996.833785	10.409523	-0.025530	3.213580
142.781024	2996.828719	10.414528	-0.025533	3.213580
142.929779	2996.819705	10.419533	-0.025560	3.213596
143.011914	2996.786607	10.424538	-0.025575	3.213590
142.908113	2996.801727	10.429543	-0.025556	3.213583
143.041663	2996.809476	10.434547	-0.025580	3.213605
143.006234	2996.769471	10.439552	-0.025573	3.213580
143.109695	2996.933019	10.444557	-0.025592	3.213678
143.114567	2996.976189	10.449562	-0.025593	3.213701
143.168171	2996.941589	10.454567	-0.025602	3.213690
143.224737	2996.951028	10.459571	-0.025612	3.213703
143.157934	2996.985993	10.464576	-0.025600	3.213712
143.200762	2996.964556	10.469581	-0.025608	3.213706
143.108762	2996.942011	10.474586	-0.025591	3.213682
143.142171	2996.973355	10.479591	-0.025597	3.213703
143.292729	2996.976585	10.484595	-0.025624	3.213725
143.213392	2996.944615	10.489600	-0.025609	3.213697
143.424625	2996.957764	10.494605	-0.025647	3.213733
143.481408	2996.935646	10.499610	-0.025657	3.213729
143.418018	2996.975156	10.504615	-0.025646	3.213741
143.374204	2996.971905	10.509619	-0.025638	3.213733
143.550533	2996.988276	10.514624	-0.025669	3.213765
143.501597	2996.943378	10.519629	-0.025660	3.213735
143.324918	2996.953034	10.524634	-0.025628	3.213716
143.440343	2996.989229	10.529639	-0.025649	3.213750
143.461659	2996.965636	10.534643	-0.025652	3.213741
143.324019	2996.930386	10.539648	-0.025627	3.213704
143.373964	2996.985199	10.544653	-0.025636	3.213739
143.470116	2996.963519	10.549658	-0.025654	3.213741
143.704572	2996.957170	10.554663	-0.025696	3.213769
143.582064	2996.947579	10.559667	-0.025673	3.213747
143.607328	2996.991993	10.564672	-0.025678	3.213774
143.611548	2996.960828	10.569677	-0.025678	3.213758
143.598140	2996.988263	10.574682	-0.025676	3.213770
143.384696	2996.973164	10.579687	-0.025637	3.213733
143.464078	2996.938375	10.584691	-0.025651	3.213726
143.506071	2996.940178	10.589696	-0.025659	3.213733
143.545246	2996.966962	10.594701	-0.025666	3.213752
143.667158	2996.983867	10.599706	-0.025687	3.213777
143.677755	2996.964940	10.604711	-0.025689	3.213768
143.628176	2996.966250	10.609715	-0.025680	3.213762
143.630957	2996.950612	10.614720	-0.025680	3.213754
143.640416	2996.971363	10.619725	-0.025682	3.213766
143.553547	2996.998336	10.624730	-0.025666	3.213768
143.625975	2996.972665	10.629735	-0.025679	3.213765
143.579425	2996.933189	10.634739	-0.025670	3.213738
143.667764	2996.965682	10.639744	-0.025686	3.213767
143.648529	2996.957715	10.644749	-0.025683	3.213760
143.598275	2996.957993	10.649754	-0.025673	3.213753
143.668438	2996.955943	10.654759	-0.025686	3.213761
143.627392	2996.977398	10.659763	-0.025678	3.213767
143.529766	2996.977548	10.664768	-0.025660	3.213753
143.736849	2996.975446	10.669773	-0.025698	3.213780
143.768536	2996.967269	10.674778	-0.025703	3.213780
143.723635	2996.952191	10.679783	-0.025695	3.213766
143.713934	2996.960468	10.684787	-0.025693	3.213769
143.754360	2996.994794	10.689792	-0.025700	3.213792
143.761109	2997.008390	10.694797	-0.025701	3.213800
143.758298	2996.917912	10.699802	-0.025701	3.213753
143.642475	2996.983476	10.704807	-0.025679	3.213771
143.831389	2996.988628	10.709811	-0.025713	3.213799
143.926575	2996.953272	10.714816	-0.025730	3.213794
143.850562	2996.972513	10.719821	-0.025717	3.213793
143.990338	2996.971950	10.724826	-0.025742	3.213812
143.912280	2996.947512	10.729831	-0.025727	3.213788
143.796131	2996.990144	10.734835	-0.025706	3.213794
143.836046	2996.962211	10.739840	-0.025713	3.213785
144.008665	2996.948070	10.744845	-0.025744	3.213801
143.853886	2996.998548	10.749850	-0.025716	3.213806
143.746861	2996.953945	10.754855	-0.025697	3.213768
143.863803	2996.920076	10.759859	-0.025718	3.213767
143.991606	2996.979637	10.764864	-0.025741	3.213815
144.010281	2997.003997	10.769869	-0.025744	3.213830
144.013515	2996.972488	10.774874	-0.025744	3.213814
143.904727	2996.974392	10.779879	-0.025724	3.213800
143.987609	2996.959269	10.784883	-0.025739	3.213803
143.933782	2996.982305	10.789888	-0.025729	3.213808
143.896012	2996.983504	10.794893	-0.025722	3.213803
144.093042	2996.921682	10.799898	-0.025758	3.213798
144.131475	2996.973501	10.804903	-0.025765	3.213830
144.172140	2996.988380	10.809907	-0.025772	3.213843
144.056044	2996.974659	10.814912	-0.025751	3.213820
144.175400	2996.973466	10.819917	-0.025772	3.213836
144.239575	2996.962105	10.824922	-0.025783	3.213838
144.071031	2996.979288	10.829927	-0.025753	3.213824
144.072289	2996.959814	10.834931	-0.025753	3.213814
144.110699	2996.975898	10.839936	-0.025760	3.213827
144.061903	2996.977000	10.844941	-0.025751	3.213821
144.186513	2996.968353	10.849946	-0.025773	3.213834
144.091407	2996.977524	10.854951	-0.025756	3.213825
144.232822	2996.963198	10.859955	-0.025781	3.213837
144.244862	2996.975994	10.864960	-0.025783	3.213845
144.221095	2996.962566	10.869965	-0.025779	3.213835
144.126470	2997.009169	10.874970	-0.025761	3.213846
144.166769	2996.942970	10.879975	-0.025768	3.213817
144.221264	2996.992943	10.884979	-0.025778	3.213850
144.335932	2996.945745	10.889984	-0.025799	3.213841
144.340744	2996.945317	10.894989	-0.025799	3.213842
144.200833	2996.976697	10.899994	-0.025774	3.213839
144.304428	2996.941530	10.904999	-0.025792	3.213835
144.264306	2997.008174	10.910003	-0.025785	3.213863
144.213436	2996.971056	10.915008	-0.025776	3.213837
144.193916	2996.937720	10.920013	-0.025772	3.213817
144.262453	2996.976085	10.925018	-0.025784	3.213846
144.355510	2996.935238	10.930023	-0.025801	3.213838
144.327448	2996.984743	10.935027	-0.025796	3.213859
144.383652	2996.988222	10.940032	-0.025806	3.213869
144.357505	2996.956042	10.945037	-0.025801	3.213848
144.408047	2996.976777	10.950042	-0.025810	3.213866
144.225118	2996.960830	10.955047	-0.025776	3.213832
144.118823	2996.942687	10.960051	-0.025757	3.213808
144.494972	2996.976217	10.965056	-0.025825	3.213877
144.410059	2996.949965	10.970061	-0.025809	3.213852
144.389428	2996.953272	10.975066	-0.025805	3.213851
144.290252	2996.978064	10.980071	-0.025787	3.213850
144.436455	2997.000631	10.985075	-0.025814	3.213881
144.496251	2996.972260	10.990080	-0.025824	3.213875
144.386502	2997.007738	10.995085	-0.025804	3.213878
144.262478	2996.951295	11.000090	-0.025782	3.213831
144.456748	2996.959266	11.005095	-0.025817	3.213862
144.507733	2996.982913	11.010099	-0.025826	3.213881
144.543661	2996.968762	11.015104	-0.025832	3.213879
144.364434	2997.001506	11.020109	-0.025799	3.213871
144.629529	2996.962179	11.025114	-0.025847	3.213887
144.542815	2996.975177	11.030119	-0.025831	3.213881
144.538625	2996.976537	11.035123	-0.025830	3.213881
144.567013	2996.951062	11.040128	-0.025835	3.213872
144.776260	2996.910224	11.045133	-0.025873	3.213880
144.679191	2996.989585	11.050138	-0.025855	3.213907
144.551182	2996.968124	11.055143	-0.025832	3.213878
144.598841	2996.947826	11.060147	-0.025840	3.213874
144.650344	2996.989509	11.065152	-0.025850	3.213903
144.639929	2996.939213	11.070157	-0.025848	3.213875
144.636101	2997.000451	11.075162	-0.025847	3.213906
144.632521	2996.966512	11.080167	-0.025846	3.213888
144.594215	2996.930293	11.085171	-0.025839	3.213864
144.717114	2996.971778	11.090176	-0.025861	3.213902
144.206130	2996.982455	11.095181	-0.025768	3.213837
143.775395	2996.964537	11.100186	-0.025690	3.213769
143.763521	2997.003680	11.105191	-0.025688	3.213787
143.797834	2996.950583	11.110195	-0.025694	3.213765
143.692003	2996.977750	11.115200	-0.025675	3.213764
143.717419	2996.960336	11.120205	-0.025679	3.213758
143.826481	2996.951580	11.125210	-0.025699	3.213769
143.784355	2997.002400	11.130215	-0.025691	3.213789
143.893452	2996.977279	11.135219	-0.025710	3.213791
143.813307	2996.942493	11.140224	-0.025696	3.213762
143.868705	2996.939522	11.145229	-0.025706	3.213768
144.026436	2997.012330	11.150234	-0.025734	3.213827
143.928020	2996.943025	11.155239	-0.025716	3.213777
143.940311	2996.967869	11.160243	-0.025718	3.213792
143.933321	2997.009349	11.165248	-0.025717	3.213812
143.838616	2996.940269	11.170253	-0.025699	3.213763
143.887216	2996.985750	11.175258	-0.025708	3.213793
143.759187	2996.976414	11.180263	-0.025685	3.213771
143.851994	2996.980460	11.185267	-0.025701	3.213786
143.908002	2996.970058	11.190272	-0.025711	3.213788
143.848974	2996.974485	11.195277	-0.025700	3.213782
143.851545	2996.976471	11.200282	-0.025701	3.213783
143.946227	2996.952153	11.205287	-0.025718	3.213783
143.889662	2996.941993	11.210291	-0.025707	3.213770
143.922375	2996.991092	11.215296	-0.025713	3.213800
143.706387	2996.960917	11.220301	-0.025674	3.213755
143.769812	2996.991552	11.225306	-0.025685	3.213779
143.867448	2996.943430	11.230311	-0.025703	3.213767
143.992611	2996.990972	11.235315	-0.025725	3.213809
144.040851	2996.942048	11.240320	-0.025734	3.213790
144.000884	2996.937773	11.245325	-0.025726	3.213782
144.022455	2997.000738	11.250330	-0.025730	3.213818
144.038435	2996.930706	11.255335	-0.025733	3.213784
143.972075	2996.998266	11.260339	-0.025721	3.213809
144.014972	2996.973176	11.265344	-0.025728	3.213802
144.116147	2996.976816	11.270349	-0.025746	3.213818
144.009153	2996.951589	11.275354	-0.025727	3.213790
144.086275	2996.958594	11.280359	-0.025740	3.213804
143.997885	2996.950836	11.285363	-0.025724	3.213788
143.991087	2997.014073	11.290368	-0.025723	3.213819
144.044270	2996.955959	11.295373	-0.025732	3.213797
144.033694	2996.960228	11.300378	-0.025730	3.213797
144.165004	2996.967366	11.305383	-0.025754	3.213819
144.156692	2996.978303	11.310387	-0.025752	3.213823
144.032398	2996.977060	11.315392	-0.025730	3.213805
144.093273	2996.952037	11.320397	-0.025740	3.213801
144.015427	2997.021439	11.325402	-0.025726	3.213826
144.026990	2996.930167	11.330407	-0.025728	3.213780
144.202879	2996.992698	11.335411	-0.025760	3.213836
144.129481	2996.932491	11.340416	-0.025746	3.213795
144.217858	2996.998900	11.345421	-0.025762	3.213841
144.129267	2996.986348	11.350426	-0.025746	3.213822
144.138921	2996.936171	11.355431	-0.025747	3.213798
144.105600	2996.977381	11.360435	-0.025741	3.213814
144.243679	2996.997866	11.365440	-0.025766	3.213844
144.362808	2996.962204	11.370445	-0.025787	3.213841
144.159047	2996.989960	11.375450	-0.025750	3.213828
144.226324	2996.982620	11.380455	-0.025762	3.213833
144.235158	2996.982335	11.385459	-0.025764	3.213834
144.228785	2996.973371	11.390464	-0.025763	3.213828
144.267080	2996.977370	11.395469	-0.025769	3.213836
144.104519	2996.929962	11.400474	-0.025740	3.213789
144.235158	2997.014820	11.405479	-0.025763	3.213850
144.277606	2996.967434	11.410483	-0.025771	3.213831
144.216333	2996.953679	11.415488	-0.025759	3.213816
144.324807	2996.962042	11.420493	-0.025779	3.213835
144.353161	2996.979588	11.425498	-0.025784	3.213848
144.189677	2996.999667	11.430503	-0.025754	3.213836
144.160767	2996.960347	11.435507	-0.025749	3.213811
145.067276	2996.865011	11.440512	-0.025912	3.213886
145.125642	2996.892755	11.445517	-0.025923	3.213908
145.176340	2996.867408	11.450522	-0.025932	3.213902
145.162937	2996.885151	11.455527	-0.025929	3.213909
145.031295	2996.897369	11.460531	-0.025905	3.213897
145.185842	2996.883795	11.465536	-0.025933	3.213911
145.032827	2996.912599	11.470541	-0.025905	3.213905
145.248323	2996.871313	11.475546	-0.025944	3.213913
145.170025	2996.871168	11.480551	-0.025930	3.213902
145.209845	2996.874157	11.485555	-0.025937	3.213909
145.168466	2996.886008	11.490560	-0.025929	3.213910
145.147750	2996.900242	11.495565	-0.025925	3.213914
145.149553	2996.869112	11.500570	-0.025925	3.213898
145.044979	2996.921994	11.505575	-0.025906	3.213911
145.292015	2996.854150	11.510579	-0.025951	3.213910
145.351409	2996.876774	11.515584	-0.025961	3.213929
145.124058	2996.902317	11.520589	-0.025920	3.213911
145.376332	2996.860948	11.525594	-0.025965	3.213924
145.244285	2996.873273	11.530599	-0.025941	3.213912
145.243205	2996.888346	11.535603	-0.025941	3.213920
145.257701	2996.873834	11.540608	-0.025943	3.213914
145.322851	2996.853126	11.545613	-0.025955	3.213912
145.282961	2996.857918	11.550618	-0.025948	3.213909
145.225616	2996.955193	11.555623	-0.025937	3.213951
145.308113	2996.954714	11.560627	-0.025952	3.213962
145.217361	2997.005134	11.565632	-0.025935	3.213976
145.221349	2996.920109	11.570637	-0.025936	3.213932
145.300740	2996.981645	11.575642	-0.025950	3.213975
145.213014	2996.937356	11.580647	-0.025934	3.213940
145.137973	2996.956338	11.585651	-0.025920	3.213939
145.145064	2996.958940	11.590656	-0.025921	3.213941
145.182559	2996.998291	11.595661	-0.025928	3.213967
145.268527	2996.936306	11.600666	-0.025943	3.213946
145.457325	2996.957249	11.605671	-0.025977	3.213983
145.323657	2996.971821	11.610675	-0.025953	3.213972
145.331442	2996.936677	11.615680	-0.025954	3.213955
145.311517	2996.960394	11.620685	-0.025951	3.213964
145.289240	2996.992007	11.625690	-0.025946	3.213977
145.379674	2996.932470	11.630695	-0.025963	3.213959
145.387772	2996.947526	11.635699	-0.025964	3.213968
145.279451	2996.989288	11.640704	-0.025944	3.213974
145.355830	2996.969231	11.645709	-0.025958	3.213974
145.414236	2996.911543	11.650714	-0.025968	3.213952
145.435552	2996.972765	11.655719	-0.025972	3.213987
145.308536	2996.964365	11.660723	-0.025949	3.213965
145.295852	2996.944961	11.665728	-0.025946	3.213953
145.384930	2996.956061	11.670733	-0.025962	3.213971
145.145061	2996.938281	11.675738	-0.025919	3.213929
145.258239	2996.985988	11.680743	-0.025939	3.213969
145.430594	2996.959806	11.685747	-0.025970	3.213979
145.401385	2996.925408	11.690752	-0.025964	3.213957
145.311756	2996.966442	11.695757	-0.025948	3.213965
145.340099	2996.951884	11.700762	-0.025953	3.213962
145.369957	2996.959339	11.705767	-0.025958	3.213969
145.484080	2996.951665	11.710771	-0.025979	3.213981
145.374324	2996.972604	11.715776	-0.025959	3.213977
145.402568	2996.968371	11.720781	-0.025964	3.213978
145.341985	2996.922320	11.725786	-0.025953	3.213946
145.374867	2996.984102	11.730791	-0.025958	3.213982
145.542344	2996.939830	11.735795	-0.025988	3.213982
145.518690	2996.973020	11.740800	-0.025984	3.213996
145.522037	2996.931179	11.745805	-0.025984	3.213975
145.526076	2996.967308	11.750810	-0.025985	3.213994
145.486645	2996.971371	11.755815	-0.025978	3.213990
145.338887	2996.957579	11.760819	-0.025951	3.213963
145.509754	2996.939063	11.765824	-0.025982	3.213977
145.554611	2996.992816	11.770829	-0.025989	3.214010
145.704479	2996.970189	11.775834	-0.026016	3.214019
145.370865	2996.951274	11.780839	-0.025956	3.213964
145.542342	2996.981669	11.785843	-0.025987	3.214003
145.576837	2996.914585	11.790848	-0.025993	3.213973
145.638673	2996.968065	11.795853	-0.026004	3.214008
145.617858	2996.990808	11.800858	-0.026000	3.214017
145.638229	2996.909909	11.805863	-0.026003	3.213978
145.637110	2996.980124	11.810867	-0.026003	3.214014
145.613393	2996.946688	11.815872	-0.025999	3.213994
145.484341	2996.930953	11.820877	-0.025975	3.213968
145.540782	2997.005861	11.825882	-0.025985	3.214014
145.576096	2996.976727	11.830887	-0.025991	3.214003
145.635227	2996.956408	11.835891	-0.026002	3.214001
145.610678	2996.940157	11.840896	-0.025997	3.213989
145.585447	2996.939840	11.845901	-0.025993	3.213985
145.486697	2996.950583	11.850906	-0.025974	3.213977
145.664279	2996.971479	11.855911	-0.026006	3.214012
145.571002	2996.937753	11.860915	-0.025989	3.213982
145.711805	2996.990842	11.865920	-0.026015	3.214028
145.766774	2996.924980	11.870925	-0.026024	3.214002
145.677860	2997.024591	11.875930	-0.026008	3.214041
145.750392	2996.892264	11.880935	-0.026021	3.213983
145.833906	2996.966640	11.885939	-0.026036	3.214032
145.785998	2996.974168	11.890944	-0.026027	3.214029
145.752212	2996.970066	11.895949	-0.026021	3.214023
145.773781	2996.953673	11.900954	-0.026025	3.214017
145.949882	2996.938008	11.905959	-0.026056	3.214033
145.878433	2996.953005	11.910963	-0.026043	3.214031
145.882032	2996.975922	11.915968	-0.026044	3.214043
145.554504	2996.988103	11.920973	-0.025984	3.214004
145.736348	2996.930925	11.925978	-0.026017	3.213999
145.641762	2996.980547	11.930983	-0.026000	3.214012
145.696173	2996.925132	11.935987	-0.026010	3.213991
145.801189	2996.995005	11.940992	-0.026028	3.214041
145.729942	2996.980867	11.945997	-0.026015	3.214024
145.808649	2996.919600	11.951002	-0.026029	3.214003
145.813855	2996.970565	11.956007	-0.026030	3.214030
145.827544	2996.948997	11.961011	-0.026032	3.214020
145.827620	2996.974668	11.966016	-0.026032	3.214033
145.817544	2996.947905	11.971021	-0.026030	3.214018
145.940492	2996.972421	11.976026	-0.026052	3.214048
145.789621	2996.977630	11.981031	-0.026025	3.214029
145.846054	2996.981051	11.986035	-0.026035	3.214039
145.939647	2996.977018	11.991040	-0.026052	3.214049
145.748637	2996.928071	11.996045	-0.026017	3.213998
145.798068	2996.984244	12.001050	-0.026026	3.214033
145.793405	2996.926962	12.006055	-0.026025	3.214003
145.820907	2996.978059	12.011059	-0.026030	3.214033
145.857209	2996.972897	12.016064	-0.026036	3.214035
145.802938	2996.934859	12.021069	-0.026026	3.214008
145.971464	2996.986034	12.026074	-0.026056	3.214058
146.065945	2996.930873	12.031079	-0.026073	3.214042
145.980326	2996.941154	12.036083	-0.026058	3.214035
145.940107	2996.956332	12.041088	-0.026050	3.214038
145.860609	2996.980132	12.046093	-0.026036	3.214039
145.912185	2996.981815	12.051098	-0.026045	3.214047
145.934495	2996.910699	12.056103	-0.026049	3.214013
145.977177	2996.968667	12.061107	-0.026056	3.214048
146.059324	2996.966465	12.066112	-0.026071	3.214058
145.937138	2996.960414	12.071117	-0.026049	3.214038
145.981220	2996.970753	12.076122	-0.026056	3.214050
145.839314	2996.995390	12.081127	-0.026031	3.214043
145.907103	2996.961259	12.086131	-0.026043	3.214034
145.920640	2996.947607	12.091136	-0.026045	3.214029
145.981433	2996.950475	12.096141	-0.026056	3.214039
145.915585	2996.936113	12.101146	-0.026044	3.214022
145.864592	2996.988083	12.106151	-0.026034	3.214042
146.059249	2996.977179	12.111155	-0.026069	3.214063
145.987337	2996.969882	12.116160	-0.026056	3.214049
145.843281	2996.976309	12.121165	-0.026030	3.214033
145.887028	2996.979467	12.126170	-0.026038	3.214040
146.016792	2996.973696	12.131175	-0.026061	3.214055
146.063528	2996.936679	12.136179	-0.026069	3.214042
146.042725	2996.962447	12.141184	-0.026065	3.214052
146.022635	2996.964398	12.146189	-0.026061	3.214050
145.916279	2996.960804	12.151194	-0.026042	3.214034
145.967087	2996.931187	12.156199	-0.026051	3.214025
146.010286	2996.981141	12.161203	-0.026059	3.214057
145.970001	2996.936962	12.166208	-0.026051	3.214028
145.882303	2996.977483	12.171213	-0.026035	3.214037
146.007856	2996.970407	12.176218	-0.026058	3.214051
145.854923	2996.968894	12.181223	-0.026030	3.214029
145.758072	2996.958534	12.186227	-0.026012	3.214010
145.776547	2996.919335	12.191232	-0.026016	3.213992
145.911824	2996.986618	12.196237	-0.026040	3.214045
145.890841	2996.993653	12.201242	-0.026036	3.214046
145.698470	2996.938404	12.206247	-0.026001	3.213991
145.827866	2996.995737	12.211251	-0.026024	3.214038
145.945133	2996.960571	12.216256	-0.026045	3.214036
145.746347	2996.942167	12.221261	-0.026009	3.213999
145.875236	2996.960255	12.226266	-0.026032	3.214026
145.925009	2996.978775	12.231271	-0.026041	3.214042
146.036627	2996.960863	12.236275	-0.026061	3.214048
146.009810	2996.973690	12.241280	-0.026056	3.214051
145.851066	2996.960999	12.246285	-0.026027	3.214023
145.959344	2996.896718	12.251290	-0.026047	3.214004
145.906577	2996.990357	12.256295	-0.026037	3.214045
145.912729	2996.952616	12.261299	-0.026038	3.214026
146.024814	2996.973960	12.266304	-0.026058	3.214053
145.814675	2996.733201	12.271309	-0.026020	3.213900

145.883466	2996.123297	12.276314	-0.026032	3.213595
145.882151	2994.616316	12.281319	-0.026031	3.212817
145.777525	2992.760578	12.286323	-0.026012	3.211846
145.869404	2990.509378	12.291328	-0.026028	3.210698
145.933735	2988.009170	12.296333	-0.026040	3.209416
145.973328	2985.307896	12.301338	-0.026046	3.208027
145.965138	2982.674903	12.306343	-0.026045	3.206666
145.725501	2979.867214	12.311347	-0.026001	3.205183
145.837726	2976.976224	12.316352	-0.026021	3.203704
145.627855	2974.098721	12.321357	-0.025982	3.202187
145.796837	2971.198888	12.326362	-0.026012	3.200710
145.821503	2968.185045	12.331367	-0.026016	3.199153
145.891813	2965.171939	12.336371	-0.026029	3.197603
145.840087	2962.247657	12.341376	-0.026019	3.196080
145.954695	2959.229809	12.346381	-0.026039	3.194532
145.877057	2956.188275	12.351386	-0.026025	3.192944
145.723518	2953.341802	12.356391	-0.025997	3.191445
145.687397	2950.299386	12.361395	-0.025990	3.189861
145.708795	2947.287595	12.366400	-0.025993	3.188300
145.748346	2944.305459	12.371405	-0.026000	3.186756
145.654352	2941.317836	12.376410	-0.025982	3.185189
145.715955	2938.281091	12.381415	-0.025993	3.183618
145.650564	2935.342185	12.386419	-0.025981	3.182080
145.734914	2932.322676	12.391424	-0.025996	3.180519
145.761896	2929.319382	12.396429	-0.026000	3.178959
145.731629	2926.282576	12.401434	-0.025994	3.177372
145.529541	2923.384322	12.406439	-0.025957	3.175832
145.546718	2920.309701	12.411443	-0.025960	3.174231
145.590408	2917.278559	12.416448	-0.025968	3.172655
145.592527	2914.337764	12.421453	-0.025967	3.171119
145.520267	2911.313789	12.426458	-0.025954	3.169529
145.481729	2908.270959	12.431463	-0.025947	3.167933
145.521358	2905.351939	12.436467	-0.025953	3.166412
145.482899	2902.285849	12.441472	-0.025946	3.164803
145.502683	2899.292743	12.446477	-0.025949	3.163238
145.487442	2896.330783	12.451482	-0.025946	3.161685
145.478090	2893.359766	12.456487	-0.025944	3.160127
145.385927	2890.325554	12.461491	-0.025927	3.158523
145.356956	2887.344947	12.466496	-0.025921	3.156955
145.468550	2884.307197	12.471501	-0.025941	3.155377
145.379278	2881.323202	12.476506	-0.025924	3.153798
145.426747	2878.293819	12.481511	-0.025932	3.152213
145.356272	2875.375503	12.486515	-0.025919	3.150669
145.367099	2872.285966	12.491520	-0.025921	3.149046
145.539110	2869.289859	12.496525	-0.025951	3.147494
145.378299	2866.323802	12.501530	-0.025922	3.145910
145.375054	2863.310287	12.506535	-0.025921	3.144322
145.370417	2860.299854	12.511539	-0.025920	3.142735
145.447740	2857.384294	12.516544	-0.025933	3.141209
145.434504	2854.292755	12.521549	-0.025930	3.139577
145.297427	2851.340365	12.526554	-0.025905	3.137999
145.172223	2848.366785	12.531559	-0.025882	3.136411
145.294533	2845.329662	12.536563	-0.025904	3.134825
145.201561	2842.293150	12.541568	-0.025887	3.133206
145.291279	2839.337541	12.546573	-0.025902	3.131656
145.298873	2836.292880	12.551578	-0.025903	3.130047
145.162302	2833.298211	12.556583	-0.025878	3.128442
145.229889	2830.306466	12.561587	-0.025890	3.126867
145.264345	2827.308679	12.566592	-0.025896	3.125284
145.165214	2824.284387	12.571597	-0.025878	3.123666
145.167334	2821.369038	12.576602	-0.025877	3.122120
145.112510	2818.347622	12.581607	-0.025867	3.120509
145.095656	2815.316319	12.586611	-0.025864	3.118897
145.004806	2812.331325	12.591616	-0.025847	3.117298
145.219819	2809.299018	12.596621	-0.025885	3.115718
145.124368	2806.284887	12.601626	-0.025868	3.114101
145.172088	2803.320924	12.606631	-0.025876	3.112531
145.158618	2800.326377	12.611635	-0.025873	3.110935
145.127201	2797.323004	12.616640	-0.025867	3.109331
145.012952	2794.330798	12.621645	-0.025846	3.107720
144.893152	2791.373304	12.626650	-0.025824	3.106126
144.902366	2788.329054	12.631655	-0.025825	3.104503
144.917690	2785.347898	12.636659	-0.025827	3.102915
144.846388	2782.437417	12.641664	-0.025814	3.101350
144.970670	2779.367133	12.646669	-0.025836	3.099728
144.859762	2776.330875	12.651674	-0.025816	3.098089
144.909154	2773.372281	12.656679	-0.025824	3.096514
144.799861	2770.316038	12.661683	-0.025804	3.094863
144.892414	2767.301527	12.666688	-0.025820	3.093262
144.841183	2764.385411	12.671693	-0.025810	3.091693
144.948715	2761.319188	12.676698	-0.025829	3.090065
144.856169	2758.295698	12.681703	-0.025812	3.088431
144.861954	2755.365722	12.686707	-0.025813	3.086860
144.804041	2752.340625	12.691712	-0.025802	3.085227
144.856533	2749.332940	12.696717	-0.025811	3.083620
144.705275	2746.401591	12.701722	-0.025783	3.082023
144.767133	2743.366589	12.706727	-0.025794	3.080400
144.730462	2740.315391	12.711731	-0.025787	3.078754
144.787142	2737.356337	12.716736	-0.025797	3.077170
144.984002	2734.327436	12.721741	-0.025832	3.075568
144.860148	2731.323988	12.726746	-0.025809	3.073931
144.841025	2728.353187	12.731751	-0.025805	3.072327
144.814887	2725.374286	12.736755	-0.025800	3.070717
144.769301	2722.309138	12.741760	-0.025792	3.069056
144.759360	2719.414569	12.746765	-0.025789	3.067492
144.633033	2716.362060	12.751770	-0.025766	3.065825
144.698316	2713.362161	12.756775	-0.025777	3.064213
144.655024	2710.411460	12.761779	-0.025769	3.062611
144.499913	2707.437571	12.766784	-0.025741	3.060979
144.536136	2704.357505	12.771789	-0.025747	3.059318
144.660630	2701.352299	12.776794	-0.025769	3.057709
144.621902	2698.313913	12.781799	-0.025761	3.056056
144.422715	2695.388572	12.786803	-0.025725	3.054441
144.413032	2692.346652	12.791808	-0.025723	3.052789
144.455683	2689.400710	12.796813	-0.025730	3.051197
144.406627	2686.340649	12.801818	-0.025721	3.049528
144.486265	2683.351481	12.806823	-0.025735	3.047915
144.523425	2680.345685	12.811827	-0.025741	3.046287
144.569657	2677.303982	12.816832	-0.025749	3.044640
144.518373	2674.358983	12.821837	-0.025739	3.043029
144.453742	2671.439869	12.826842	-0.025727	3.041430
144.398177	2668.357663	12.831847	-0.025717	3.039743
144.617044	2665.370011	12.836851	-0.025756	3.038147
144.397223	2662.382731	12.841856	-0.025716	3.036485
144.480866	2659.345040	12.846861	-0.025730	3.034840
144.414619	2656.361700	12.851866	-0.025718	3.033201
144.441327	2653.396089	12.856871	-0.025722	3.031585
144.405659	2650.363577	12.861875	-0.025716	3.029922
144.328124	2647.391093	12.866880	-0.025701	3.028285
144.269345	2644.399093	12.871885	-0.025690	3.026639
144.371149	2641.370702	12.876890	-0.025708	3.024997
144.218790	2638.398688	12.881895	-0.025680	3.023346
144.249885	2635.459713	12.886899	-0.025685	3.021740
144.319378	2632.377339	12.891904	-0.025697	3.020060
144.263392	2629.414388	12.896909	-0.025687	3.018426
144.171880	2626.402602	12.901914	-0.025670	3.016759
144.199872	2623.375387	12.906919	-0.025675	3.015101
144.131834	2620.384336	12.911923	-0.025662	3.013447
144.137689	2617.419356	12.916928	-0.025663	3.011817
144.273617	2614.324099	12.921933	-0.025687	3.010135
144.133346	2611.419256	12.926938	-0.025661	3.008515
144.022213	2608.401969	12.931943	-0.025640	3.006836
144.128727	2605.373706	12.936947	-0.025659	3.005184
144.181700	2602.377192	12.941952	-0.025668	3.003540
144.152761	2599.415187	12.946957	-0.025663	3.001901
144.066857	2596.388599	12.951962	-0.025647	3.000217
144.118960	2593.403466	12.956967	-0.025656	2.998577
144.051763	2590.376217	12.961971	-0.025643	2.996894
144.142466	2587.390999	12.966976	-0.025659	2.995257
143.881998	2584.453503	12.971981	-0.025612	2.993592
143.995662	2581.433027	12.976986	-0.025632	2.991938
144.052803	2578.383663	12.981991	-0.025642	2.990258
144.067943	2575.393292	12.986995	-0.025644	2.988603
144.019402	2572.413822	12.992000	-0.025635	2.986944
144.122207	2569.379885	12.997005	-0.025653	2.985277
143.919044	2566.416379	13.002010	-0.025616	2.983601
143.925682	2563.480558	13.007015	-0.025617	2.981971
143.898822	2560.429826	13.012019	-0.025611	2.980272
143.858114	2557.440279	13.017024	-0.025604	2.978604
143.939977	2554.396972	13.022029	-0.025618	2.976923
143.821143	2551.396107	13.027034	-0.025596	2.975235
143.744297	2548.423401	13.032039	-0.025582	2.973567
143.723427	2545.464797	13.037043	-0.025577	2.971915
143.653024	2542.394005	13.042048	-0.025564	2.970192
143.705082	2539.448658	13.047053	-0.025573	2.968557
143.740254	2536.393309	13.052058	-0.025579	2.966857
143.863175	2533.374459	13.057063	-0.025601	2.965190
143.719653	2530.437214	13.062067	-0.025575	2.963527
143.644478	2527.441830	13.067072	-0.025561	2.961840
143.539098	2524.443779	13.072077	-0.025541	2.960147
143.754030	2521.414879	13.077082	-0.025580	2.958485
143.788489	2518.382308	13.082087	-0.025585	2.956792
143.722311	2515.423594	13.087091	-0.025573	2.955123
143.354968	2512.480637	13.092096	-0.025506	2.953416
143.529314	2509.483694	13.097101	-0.025537	2.951761
143.445339	2506.431643	13.102106	-0.025522	2.950035
143.424087	2503.479441	13.107111	-0.025517	2.948373
143.477300	2500.431973	13.112115	-0.025527	2.946669
143.557399	2497.411472	13.117120	-0.025541	2.944983
143.329187	2494.503445	13.122125	-0.025499	2.943311
143.487079	2491.482307	13.127130	-0.025527	2.941635
143.443284	2488.454533	13.132135	-0.025519	2.939923
143.386596	2485.491964	13.137139	-0.025508	2.938244
143.372062	2482.462273	13.142144	-0.025505	2.936533
143.414227	2479.404065	13.147149	-0.025512	2.934814
143.340898	2476.469605	13.152154	-0.025499	2.933146
143.411197	2473.452871	13.157159	-0.025511	2.931453
143.381603	2470.419519	13.162163	-0.025505	2.929734
143.423912	2467.482555	13.167168	-0.025512	2.928079
143.356555	2464.450634	13.172173	-0.025500	2.926353
143.451727	2461.433828	13.177178	-0.025516	2.924660
143.501947	2458.463330	13.182183	-0.025525	2.922985
143.373652	2455.492962	13.187187	-0.025502	2.921280
143.346228	2452.435461	13.192192	-0.025496	2.919542
143.418526	2449.471072	13.197197	-0.025509	2.917871
143.301032	2446.463941	13.202202	-0.025487	2.916144
143.383616	2443.465468	13.207207	-0.025502	2.914454
143.331643	2440.495075	13.212211	-0.025492	2.912757
143.455355	2437.459925	13.217216	-0.025514	2.911050
143.153836	2434.482192	13.222221	-0.025459	2.909307
143.437659	2431.469028	13.227226	-0.025510	2.907636
143.134318	2428.520651	13.232231	-0.025454	2.905907
143.145959	2425.508273	13.237235	-0.025456	2.904191
143.065355	2422.548864	13.242240	-0.025441	2.902490
143.164488	2419.460115	13.247245	-0.025459	2.900742
143.067216	2416.499132	13.252250	-0.025441	2.899035
143.128582	2413.478741	13.257255	-0.025451	2.897319
143.135059	2410.425959	13.262259	-0.025452	2.895574
143.136681	2407.481112	13.267264	-0.025452	2.893889
142.917193	2404.505085	13.272269	-0.025412	2.892149
143.080407	2401.444500	13.277274	-0.025441	2.890422
142.909014	2398.537501	13.282279	-0.025409	2.888728
142.914191	2395.495244	13.287283	-0.025410	2.886984
142.989658	2392.451788	13.292288	-0.025423	2.885249
142.945230	2389.534298	13.297293	-0.025415	2.883566
142.895145	2386.509320	13.302298	-0.025405	2.881820
143.009386	2383.496100	13.307303	-0.025426	2.880106
142.680469	2380.549443	13.312307	-0.025366	2.878357
142.858486	2377.523355	13.317312	-0.025397	2.876644
142.852372	2374.440132	13.322317	-0.025396	2.874867
142.819944	2371.549861	13.327322	-0.025390	2.873196
142.811515	2368.509426	13.332327	-0.025388	2.871441
142.852100	2365.481282	13.337331	-0.025395	2.869700
142.843147	2362.523080	13.342336	-0.025392	2.867990
142.840256	2359.503876	13.347341	-0.025392	2.866245
142.819978	2356.491449	13.352346	-0.025387	2.864501
142.938813	2353.550874	13.357351	-0.025409	2.862819
142.723675	2350.538116	13.362355	-0.025369	2.861040
142.729805	2347.563023	13.367360	-0.025370	2.859318
142.770341	2344.524999	13.372365	-0.025377	2.857564
142.751919	2341.526589	13.377370	-0.025373	2.855822
142.760449	2338.526649	13.382375	-0.025374	2.854083
142.684918	2335.570202	13.387379	-0.025360	2.852354
142.659130	2332.508998	13.392384	-0.025355	2.850571
142.706044	2329.566469	13.397389	-0.025363	2.848868
142.582884	2326.551248	13.402394	-0.025340	2.847094
142.632638	2323.540693	13.407399	-0.025349	2.845350
142.608116	2320.570290	13.412403	-0.025344	2.843616
142.564221	2317.584198	13.417408	-0.025336	2.841869
142.578359	2314.542186	13.422413	-0.025338	2.840097
142.574872	2311.583061	13.427418	-0.025337	2.838370
142.463278	2308.571050	13.432423	-0.025316	2.836593
142.517141	2305.546320	13.437427	-0.025326	2.834835
142.464845	2302.571919	13.442432	-0.025316	2.833088
142.521727	2299.586327	13.447437	-0.025325	2.831351
142.353810	2296.577718	13.452442	-0.025295	2.829562
142.446299	2293.585113	13.457447	-0.025311	2.827825
142.420710	2290.559362	13.462451	-0.025306	2.826048
142.538680	2287.564198	13.467456	-0.025327	2.824311
142.468701	2284.596410	13.472461	-0.025314	2.822558
142.344168	2281.604100	13.477466	-0.025291	2.820781
142.431421	2278.551499	13.482471	-0.025306	2.819002
142.438403	2275.572630	13.487475	-0.025307	2.817252
142.526407	2272.503947	13.492480	-0.025323	2.815462
142.536617	2269.576675	13.497485	-0.025324	2.813741
142.485327	2266.558575	13.502490	-0.025314	2.811955
142.510590	2263.566545	13.507495	-0.025318	2.810196
142.342807	2260.617446	13.512499	-0.025288	2.808428
142.466552	2257.569708	13.517504	-0.025310	2.806651
142.431880	2254.572485	13.522509	-0.025303	2.804876
142.481143	2251.629158	13.527514	-0.025311	2.803145
142.271720	2248.631488	13.532519	-0.025273	2.801337
142.409851	2245.614630	13.537523	-0.025298	2.799576
142.279353	2242.620371	13.542528	-0.025274	2.797782
142.204082	2239.626963	13.547533	-0.025260	2.795996
142.167439	2236.630184	13.552538	-0.025253	2.794214
142.164504	2233.645109	13.557543	-0.025252	2.792443
142.197074	2230.584919	13.562547	-0.025257	2.790632
142.165421	2227.652934	13.567552	-0.025251	2.788886
142.106426	2224.603017	13.572557	-0.025240	2.787064
142.262006	2221.590985	13.577562	-0.025268	2.785299
142.150634	2218.678140	13.582567	-0.025247	2.783547
142.152735	2215.634341	13.587571	-0.025247	2.781736
142.101421	2212.637255	13.592576	-0.025237	2.779941
142.103959	2209.639167	13.597581	-0.025237	2.778155
142.149786	2206.599129	13.602586	-0.025245	2.776349
142.177914	2203.655580	13.607591	-0.025250	2.774597
141.985600	2200.666155	13.612595	-0.025215	2.772779
142.233047	2197.601999	13.617600	-0.025259	2.770990
142.103817	2194.639065	13.622605	-0.025235	2.769196
141.966192	2191.675826	13.627610	-0.025210	2.767399
142.018422	2188.622197	13.632615	-0.025219	2.765579
141.988511	2185.716182	13.637619	-0.025213	2.763833
142.050774	2182.653149	13.642624	-0.025224	2.762007
141.946935	2179.708285	13.647629	-0.025205	2.760222
141.814745	2176.696095	13.652634	-0.025180	2.758391
141.951462	2173.646101	13.657639	-0.025205	2.756582
142.024190	2170.627475	13.662643	-0.025217	2.754780
141.792984	2167.714327	13.667648	-0.025175	2.752988
141.838428	2164.656697	13.672653	-0.025183	2.751155
142.119876	2161.642081	13.677658	-0.025233	2.749388
141.895131	2158.680128	13.682663	-0.025192	2.747564
141.859176	2155.684150	13.687667	-0.025185	2.745751
141.778476	2152.754850	13.692672	-0.025170	2.743968
141.887039	2149.704387	13.697677	-0.025190	2.742145
141.803669	2146.685752	13.702682	-0.025174	2.740306
141.823403	2143.711521	13.707687	-0.025177	2.738511
141.693029	2140.683759	13.712691	-0.025153	2.736656
141.749430	2137.716250	13.717696	-0.025163	2.734869
141.850774	2134.662403	13.722701	-0.025181	2.733036
141.929511	2131.636694	13.727706	-0.025195	2.731216
141.769759	2128.715184	13.732711	-0.025165	2.729415
141.706705	2125.716149	13.737715	-0.025154	2.727583
141.840732	2122.645935	13.742720	-0.025177	2.725741
141.918847	2119.738269	13.747725	-0.025191	2.723987
141.691630	2116.723215	13.752730	-0.025150	2.722113
141.774434	2113.717534	13.757735	-0.025164	2.720298
141.686249	2110.721067	13.762739	-0.025148	2.718457
141.701563	2107.702674	13.767744	-0.025150	2.716619
141.698338	2104.732138	13.772749	-0.025149	2.714807
141.757629	2101.733615	13.777754	-0.025159	2.712987
141.626555	2098.702107	13.782759	-0.025135	2.711112
141.689286	2095.760764	13.787763	-0.025146	2.709325
141.625549	2092.721962	13.792768	-0.025134	2.707455
141.505044	2089.801276	13.797773	-0.025112	2.705646
141.679496	2086.780236	13.802778	-0.025143	2.703827
141.598970	2083.767327	13.807783	-0.025128	2.701966
141.567465	2080.779873	13.812787	-0.025122	2.700128
141.582946	2077.752267	13.817792	-0.025124	2.698272
141.511031	2074.740064	13.822797	-0.025111	2.696409
141.568914	2071.805302	13.827802	-0.025121	2.694616
141.414371	2068.771129	13.832807	-0.025093	2.692722
141.349761	2065.807696	13.837811	-0.025081	2.690887
141.440689	2062.777009	13.842816	-0.025097	2.689037
141.532827	2059.754604	13.847821	-0.025113	2.687191
141.574081	2056.766336	13.852826	-0.025120	2.685355
141.366221	2053.830745	13.857831	-0.025082	2.683506
141.425779	2050.752256	13.862835	-0.025092	2.681616
141.379868	2047.803770	13.867840	-0.025083	2.679785
141.300726	2044.776200	13.872845	-0.025069	2.677899
141.445145	2041.761952	13.877850	-0.025094	2.676060
141.484066	2038.769049	13.882855	-0.025101	2.674213
141.426308	2035.786395	13.887859	-0.025090	2.672354
141.253488	2032.816930	13.892864	-0.025059	2.670482
141.217139	2029.826178	13.897869	-0.025052	2.668619
141.358200	2026.777931	13.902874	-0.025077	2.666752
141.285827	2023.849157	13.907879	-0.025063	2.664918
141.268833	2020.798254	13.912883	-0.025060	2.663018
141.152201	2017.851020	13.917888	-0.025038	2.661163
140.908237	2014.860092	13.922893	-0.024994	2.659255
141.253221	2011.771461	13.927898	-0.025056	2.657394
141.073033	2008.827719	13.932903	-0.025023	2.655525
141.085500	2005.836224	13.937907	-0.025024	2.653660
141.242873	2002.771972	13.942912	-0.025052	2.651776
141.051912	1999.861759	13.947917	-0.025017	2.649922
140.969901	1996.850972	13.952922	-0.025002	2.648024
141.023358	1993.827932	13.957927	-0.025011	2.646142
140.984143	1990.848762	13.962931	-0.025004	2.644269
140.966848	1987.863269	13.967936	-0.025000	2.642394
140.898824	1984.842591	13.972941	-0.024988	2.640487
141.042366	1981.828907	13.977946	-0.025013	2.638622
140.998699	1978.816579	13.982951	-0.025005	2.636722
140.947333	1975.872023	13.987955	-0.024995	2.634862
140.882868	1972.860483	13.992960	-0.024983	2.632956
140.977595	1969.843353	13.997965	-0.025000	2.631074
140.794237	1966.895054	14.002970	-0.024966	2.629183
140.908138	1963.857724	14.007975	-0.024986	2.627290
140.807807	1960.915491	14.012979	-0.024968	2.625415
140.830840	1957.929315	14.017984	-0.024972	2.623535
140.833871	1954.857796	14.022989	-0.024972	2.621595
140.908092	1951.880572	14.027994	-0.024985	2.619727
140.882358	1948.846186	14.032999	-0.024980	2.617802
140.765070	1945.915067	14.038003	-0.024958	2.615925
140.832362	1942.892575	14.043008	-0.024970	2.614022
140.900077	1939.859086	14.048013	-0.024982	2.612112
140.696419	1936.942546	14.053018	-0.024944	2.610223
140.759675	1933.918938	14.058023	-0.024955	2.608315
140.808151	1930.871438	14.063027	-0.024964	2.606388
140.801491	1927.944851	14.068032	-0.024962	2.604526
140.736686	1924.907848	14.073037	-0.024950	2.602581
140.768414	1921.943780	14.078042	-0.024955	2.600700
140.556240	1918.968691	14.083047	-0.024916	2.598764
140.735046	1915.901480	14.088051	-0.024948	2.596842
140.573430	1912.983921	14.093056	-0.024919	2.594949
140.697528	1909.932208	14.098061	-0.024941	2.593024
140.626880	1906.950531	14.103066	-0.024927	2.591105
140.621976	1903.963768	14.108071	-0.024926	2.589193
140.545759	1900.944805	14.113075	-0.024912	2.587246
140.511905	1897.901427	14.118080	-0.024905	2.585290
140.413360	1894.862793	14.123085	-0.024887	2.583324
140.551841	1891.877435	14.128090	-0.024912	2.581435
140.311970	1888.937434	14.133095	-0.024868	2.579502
140.446711	1885.897294	14.138099	-0.024892	2.577574
140.488135	1882.920389	14.143104	-0.024899	2.575668
140.536379	1879.933941	14.148109	-0.024907	2.573756
140.427713	1876.923698	14.153114	-0.024887	2.571796
140.326176	1873.990919	14.158119	-0.024868	2.569887
140.454294	1870.913792	14.163123	-0.024891	2.567927
140.366858	1868.015381	14.168128	-0.024875	2.566040
140.498249	1864.952679	14.173133	-0.024898	2.564087
140.476444	1861.973660	14.178138	-0.024894	2.562157
140.502069	1858.958624	14.183143	-0.024898	2.560212
140.465985	1855.976811	14.188147	-0.024891	2.558275
140.451023	1852.998194	14.193152	-0.024888	2.556342
140.418012	1850.025777	14.198157	-0.024882	2.554409
140.270779	1847.031276	14.203162	-0.024855	2.552437
140.392518	1844.030685	14.208167	-0.024876	2.550513
140.242203	1841.044891	14.213171	-0.024849	2.548543
140.281359	1838.068683	14.218176	-0.024855	2.546615
140.149434	1835.123545	14.223181	-0.024831	2.544673
140.436049	1832.028742	14.228186	-0.024882	2.542713
140.236792	1829.052061	14.233191	-0.024846	2.540734
140.020869	1826.101665	14.238195	-0.024806	2.538767
140.083916	1823.063472	14.243200	-0.024817	2.536796
140.116123	1820.084140	14.248205	-0.024823	2.534856
140.211468	1817.016568	14.253210	-0.024840	2.532869
140.152680	1814.070741	14.258215	-0.024829	2.530930
140.146995	1811.052900	14.263219	-0.024827	2.528953
140.230072	1808.040351	14.268224	-0.024842	2.526995
139.958246	1805.147185	14.273229	-0.024792	2.525044
139.994479	1802.132381	14.278234	-0.024798	2.523072
139.880127	1799.128969	14.283239	-0.024777	2.521077
139.983094	1796.095782	14.288243	-0.024795	2.519103
140.015115	1793.081950	14.293248	-0.024801	2.517127
140.033694	1790.124988	14.298253	-0.024804	2.515183
139.902464	1787.109660	14.303258	-0.024780	2.513170
140.009808	1784.125008	14.308263	-0.024799	2.511223
139.808171	1781.130703	14.313267	-0.024762	2.509207
139.943732	1778.125209	14.318272	-0.024786	2.507249
139.919637	1775.165749	14.323277	-0.024781	2.505288
139.777609	1772.179205	14.328282	-0.024755	2.503284
139.781114	1769.162182	14.333287	-0.024755	2.501287
139.829616	1766.144862	14.338291	-0.024763	2.499297
139.745018	1763.152563	14.343296	-0.024748	2.497296
139.853243	1760.159911	14.348301	-0.024767	2.495332
139.814908	1757.118076	14.353306	-0.024760	2.493303
139.769338	1754.190777	14.358311	-0.024751	2.491348
139.770762	1751.149830	14.363315	-0.024751	2.489326
139.826965	1748.143361	14.368320	-0.024760	2.487335
139.807719	1745.204877	14.373325	-0.024757	2.485373
139.906667	1742.164984	14.378330	-0.024774	2.483366
139.835863	1739.172393	14.383335	-0.024761	2.481355
139.741103	1736.207474	14.388339	-0.024743	2.479355
139.620249	1733.197300	14.393344	-0.024721	2.477319
139.644817	1730.274741	14.398349	-0.024725	2.475368
139.635915	1727.209125	14.403354	-0.024723	2.473314
139.678208	1724.249594	14.408359	-0.024730	2.471339
139.655238	1721.223474	14.413363	-0.024726	2.469305
139.578125	1718.243652	14.418368	-0.024711	2.467289
139.551354	1715.319144	14.423373	-0.024706	2.465319
139.491730	1712.287145	14.428378	-0.024695	2.463269
139.459749	1709.276700	14.433383	-0.024689	2.461237
139.540495	1706.258054	14.438387	-0.024703	2.459220
139.476763	1703.236254	14.443392	-0.024691	2.457171
139.609178	1700.263813	14.448397	-0.024714	2.455193
139.518284	1697.228644	14.453402	-0.024697	2.453125
139.460210	1694.314778	14.458407	-0.024687	2.451145
139.305900	1691.302289	14.463411	-0.024658	2.449076
139.329229	1688.317663	14.468416	-0.024662	2.447061
139.368677	1685.324378	14.473421	-0.024669	2.445042
139.335183	1682.318374	14.478426	-0.024662	2.442997
139.347285	1679.300149	14.483431	-0.024664	2.440952
139.220212	1676.341152	14.488435	-0.024641	2.438916
139.296267	1673.309942	14.493440	-0.024654	2.436872
139.351760	1670.320982	14.498445	-0.024664	2.434851
139.202815	1667.321139	14.503450	-0.024636	2.432778
139.310672	1664.337302	14.508455	-0.024655	2.430767
139.259659	1661.332296	14.513459	-0.024646	2.428708
139.198173	1658.385177	14.518464	-0.024634	2.426684
139.042869	1655.419027	14.523469	-0.024606	2.424625
139.129364	1652.399055	14.528474	-0.024621	2.422579
139.053248	1649.365599	14.533479	-0.024607	2.420488
139.270029	1646.308349	14.538483	-0.024645	2.418439
138.961496	1643.407776	14.543488	-0.024589	2.416387
139.031741	1640.389712	14.548493	-0.024601	2.414331
138.968805	1637.396785	14.553498	-0.024590	2.412264
139.110325	1634.349170	14.558503	-0.024615	2.410199
138.998276	1631.356174	14.563507	-0.024594	2.408117
139.185134	1628.386037	14.568512	-0.024627	2.406112
139.024213	1625.396326	14.573517	-0.024598	2.404019
139.060536	1622.418851	14.578522	-0.024604	2.401974
138.917578	1619.430738	14.583527	-0.024578	2.399882
138.851640	1616.449584	14.588531	-0.024565	2.397809
138.898518	1613.441796	14.593536	-0.024574	2.395740
139.024990	1610.393341	14.598541	-0.024596	2.393657
138.902049	1607.459024	14.603546	-0.024573	2.391599
138.897058	1604.455908	14.608551	-0.024572	2.389517
138.905316	1601.460810	14.613555	-0.024573	2.387441
138.872048	1598.519889	14.618560	-0.024567	2.385392
138.823787	1595.461678	14.623565	-0.024557	2.383257
138.855516	1592.493952	14.628570	-0.024563	2.381200
138.952361	1589.422552	14.633575	-0.024580	2.379083
138.811017	1586.503541	14.638579	-0.024554	2.377019
138.933906	1583.466649	14.643584	-0.024576	2.374927
138.982423	1580.475939	14.648589	-0.024584	2.372850
138.750689	1577.537004	14.653594	-0.024542	2.370748
138.788411	1574.512665	14.658599	-0.024548	2.368641
138.885556	1571.518728	14.663603	-0.024565	2.366567
138.720031	1568.560638	14.668608	-0.024535	2.364460
138.737650	1565.550673	14.673613	-0.024538	2.362354
138.570804	1562.589718	14.678618	-0.024507	2.360240
138.691064	1559.520538	14.683623	-0.024528	2.358111
138.784227	1556.556739	14.688627	-0.024545	2.356047
138.595643	1553.557751	14.693632	-0.024510	2.353897
138.644345	1550.603090	14.698637	-0.024519	2.351827
138.536037	1547.575677	14.703642	-0.024499	2.349670
138.506092	1544.628332	14.708647	-0.024493	2.347584
138.414007	1541.656520	14.713651	-0.024476	2.345466
138.595900	1538.569892	14.718656	-0.024508	2.343324
138.576964	1535.601345	14.723661	-0.024504	2.341220
138.409756	1532.607892	14.728666	-0.024474	2.339064
138.497365	1529.601434	14.733671	-0.024489	2.336953
138.518928	1526.613352	14.738675	-0.024493	2.334838
138.388822	1523.617934	14.743680	-0.024469	2.332683
138.500203	1520.630059	14.748685	-0.024488	2.330584
138.437429	1517.609373	14.753690	-0.024477	2.328422
138.402094	1514.700559	14.758695	-0.024470	2.326344
138.485856	1511.638529	14.763699	-0.024485	2.324180
138.553677	1508.638266	14.768704	-0.024496	2.322056
138.514728	1505.636906	14.773709	-0.024489	2.319904
138.291281	1502.726683	14.778714	-0.024448	2.317776
138.380575	1499.669100	14.783719	-0.024464	2.315609
138.413445	1496.685587	14.788723	-0.024469	2.313480
138.080783	1493.782108	14.793728	-0.024409	2.311327
138.272649	1490.722835	14.798733	-0.024443	2.309175
138.353609	1487.736437	14.803738	-0.024457	2.307049
138.338282	1484.729717	14.808743	-0.024454	2.304886
138.257236	1481.760232	14.813747	-0.024439	2.302732
138.103181	1478.778188	14.818752	-0.024411	2.300551
138.141442	1475.754971	14.823757	-0.024417	2.298381
138.325927	1472.751907	14.828762	-0.024450	2.296257
138.125064	1469.745992	14.833767	-0.024413	2.294042
138.162065	1466.818061	14.838771	-0.024420	2.291935
137.972102	1463.796910	14.843776	-0.024385	2.289707
138.045429	1460.825104	14.848781	-0.024398	2.287572
138.112642	1457.796559	14.853786	-0.024409	2.285393
138.062961	1454.801909	14.858791	-0.024400	2.283209
138.065720	1451.819906	14.863795	-0.024400	2.281045
138.099191	1448.794066	14.868800	-0.024406	2.278854
137.916857	1445.878340	14.873805	-0.024372	2.276692
137.978104	1442.851155	14.878810	-0.024383	2.274502
137.921014	1439.853706	14.883815	-0.024372	2.272304
137.964922	1436.847743	14.888819	-0.024380	2.270121
137.957930	1433.851897	14.893824	-0.024378	2.267932
137.986232	1430.855889	14.898829	-0.024383	2.265749
137.910635	1427.866432	14.903834	-0.024369	2.263544
137.962995	1424.852541	14.908839	-0.024378	2.261349
137.934900	1421.816520	14.913843	-0.024372	2.259117
137.941465	1418.892893	14.918848	-0.024373	2.256973
137.860313	1415.863756	14.923853	-0.024358	2.254730
137.817960	1412.925151	14.928858	-0.024350	2.252560
137.628249	1409.942349	14.933863	-0.024315	2.250322
137.921275	1406.902042	14.938867	-0.024368	2.248149
137.726250	1403.967721	14.943872	-0.024332	2.245941
137.783188	1400.946962	14.948877	-0.024342	2.243724
137.837959	1397.916528	14.953882	-0.024351	2.241498
137.733377	1394.944188	14.958887	-0.024332	2.239276
137.718528	1391.981252	14.963891	-0.024329	2.237079
137.788715	1388.944410	14.968896	-0.024341	2.234845
137.750496	1385.968967	14.973901	-0.024334	2.232629
137.719632	1382.995884	14.978906	-0.024328	2.230414
137.685912	1380.011540	14.983911	-0.024321	2.228189
137.737001	1377.030587	14.988915	-0.024330	2.225983
137.628629	1374.024369	14.993920	-0.024310	2.223719
137.689654	1371.039146	14.998925	-0.024321	2.221508
137.571684	1368.039346	15.003930	-0.024299	2.219242
137.627962	1365.072647	15.008935	-0.024309	2.217039
137.664337	1362.014081	15.013939	-0.024315	2.214760
137.628574	1359.068947	15.018944	-0.024308	2.212548
137.554825	1356.054092	15.023949	-0.024294	2.210272
137.589060	1353.095169	15.028954	-0.024300	2.208060
137.503704	1350.107583	15.033959	-0.024284	2.205797
137.608069	1347.087017	15.038963	-0.024303	2.203552
137.504625	1344.106077	15.043968	-0.024283	2.201285
137.554173	1341.103378	15.048973	-0.024292	2.199036
137.589333	1338.102434	15.053978	-0.024298	2.196782
137.520233	1335.129959	15.058983	-0.024285	2.194522
137.445780	1332.176919	15.063987	-0.024271	2.192274
137.600630	1329.108266	15.068992	-0.024299	2.189990
137.469962	1326.189100	15.073997	-0.024275	2.187749
137.449481	1323.205089	15.079002	-0.024271	2.185484
137.306021	1320.223862	15.084007	-0.024244	2.183188
137.291988	1317.220249	15.089011	-0.024241	2.180904
137.339294	1314.190486	15.094016	-0.024249	2.178612
137.385796	1311.206996	15.099021	-0.024257	2.176353
137.279360	1308.218250	15.104026	-0.024238	2.174051
137.329668	1305.234258	15.109031	-0.024246	2.171788
137.206372	1302.221810	15.114035	-0.024224	2.169459
137.181042	1299.304606	15.119040	-0.024219	2.167224
137.214415	1296.257133	15.124045	-0.024224	2.164901
137.187016	1293.291308	15.129050	-0.024219	2.162623
137.068715	1290.275575	15.134055	-0.024197	2.160283
137.227132	1287.286962	15.139059	-0.024225	2.158028
137.141689	1284.283245	15.144064	-0.024209	2.155699
137.140434	1281.314962	15.149069	-0.024209	2.153416
137.168712	1278.282564	15.154074	-0.024213	2.151089
137.115629	1275.345655	15.159079	-0.024203	2.148813
137.030535	1272.374031	15.164083	-0.024188	2.146499
137.115666	1269.357892	15.169088	-0.024203	2.144191
137.015936	1266.372323	15.174093	-0.024184	2.141858
136.884689	1263.419543	15.179098	-0.024160	2.139541
136.829580	1260.429111	15.184103	-0.024150	2.137210
136.852829	1257.414040	15.189107	-0.024153	2.134877
136.763335	1254.445648	15.194112	-0.024137	2.132550
136.755275	1251.425543	15.199117	-0.024135	2.130200
136.802989	1248.447309	15.204122	-0.024143	2.127894
136.856447	1245.423000	15.209127	-0.024152	2.125551
136.728809	1242.459977	15.214131	-0.024129	2.123209
136.842078	1239.447581	15.219136	-0.024149	2.120884
136.800223	1236.455496	15.224141	-0.024141	2.118535
136.908292	1233.450676	15.229146	-0.024160	2.116211
136.905179	1230.444609	15.234151	-0.024159	2.113855
136.707215	1227.528766	15.239155	-0.024123	2.111519
136.739530	1224.523153	15.244160	-0.024128	2.109167
136.722239	1221.558400	15.249165	-0.024125	2.106833
136.690696	1218.536017	15.254170	-0.024119	2.104446
136.837728	1215.506108	15.259175	-0.024145	2.102096
136.554980	1212.561766	15.264179	-0.024093	2.099704
136.662662	1209.576131	15.269184	-0.024112	2.097373
136.465746	1206.588391	15.274189	-0.024076	2.094962
136.550401	1203.607247	15.279194	-0.024091	2.092624
136.565605	1200.566715	15.284199	-0.024093	2.090219
136.565309	1197.623502	15.289203	-0.024093	2.087885
136.511246	1194.619082	15.294208	-0.024083	2.085485
136.573116	1191.615524	15.299213	-0.024094	2.083113
136.359862	1188.643243	15.304218	-0.024055	2.080694
136.297333	1185.730480	15.309223	-0.024043	2.078357
136.490680	1182.594857	15.314227	-0.024077	2.075905
136.314046	1179.726645	15.319232	-0.024045	2.073570
136.295075	1176.691272	15.324237	-0.024041	2.071138
136.245247	1173.748606	15.329242	-0.024032	2.068770
136.256003	1170.752699	15.334247	-0.024033	2.066371
136.339845	1167.721667	15.339251	-0.024048	2.063961
136.165277	1164.765028	15.344256	-0.024016	2.061541
136.270268	1161.761646	15.349261	-0.024035	2.059153
136.160080	1158.743913	15.354266	-0.024014	2.056695
136.029975	1155.832186	15.359271	-0.023990	2.054314
135.936992	1152.819288	15.364275	-0.023973	2.051859
136.106530	1149.800609	15.369280	-0.024003	2.049463
136.306559	1146.748461	15.374285	-0.024039	2.047046
136.260194	1143.761538	15.379290	-0.024030	2.044615
136.182433	1140.809745	15.384295	-0.024016	2.042201
136.086981	1137.852899	15.389299	-0.023998	2.039776
136.026347	1134.872202	15.394304	-0.023987	2.037338
136.081787	1131.882630	15.399309	-0.023996	2.034919
135.920998	1128.899679	15.404314	-0.023967	2.032447
136.080563	1125.879624	15.409319	-0.023995	2.030025
136.000021	1122.928443	15.414323	-0.023980	2.027594
135.991205	1119.908718	15.419328	-0.023978	2.025122
135.827137	1116.982088	15.424333	-0.023948	2.022683
135.776585	1113.972949	15.429338	-0.023939	2.020203
135.849956	1110.965198	15.434343	-0.023951	2.017754
136.019816	1107.921675	15.439347	-0.023982	2.015298
135.695237	1105.019340	15.444352	-0.023923	2.012825
135.788071	1102.010959	15.449357	-0.023939	2.010371
135.795167	1099.018673	15.454362	-0.023940	2.007905
135.759896	1096.032841	15.459367	-0.023933	2.005431
135.775921	1093.024295	15.464371	-0.023935	2.002948
135.705371	1090.037757	15.469376	-0.023922	2.000457
135.696946	1087.074992	15.474381	-0.023920	1.997999
135.754427	1084.050021	15.479386	-0.023930	1.995504
135.589604	1081.120856	15.484391	-0.023900	1.993026
135.697942	1078.089702	15.489395	-0.023919	1.990533
135.507895	1075.187139	15.494400	-0.023885	1.988065
135.639226	1072.137173	15.499405	-0.023908	1.985557
135.556655	1069.167800	15.504410	-0.023892	1.983055
135.665238	1066.133438	15.509415	-0.023912	1.980547
135.534837	1063.189038	15.514419	-0.023888	1.978047
135.564429	1060.175865	15.519424	-0.023893	1.975529
135.426420	1057.224780	15.524429	-0.023867	1.973015
135.507005	1054.203442	15.529434	-0.023881	1.970498
135.387210	1051.264182	15.534439	-0.023859	1.967992
135.425841	1048.257463	15.539443	-0.023866	1.965470
135.313919	1045.281879	15.544448	-0.023845	1.962929
135.390556	1042.274716	15.549453	-0.023859	1.960410
135.346997	1039.291388	15.554458	-0.023850	1.957875
135.234846	1036.343219	15.559463	-0.023830	1.955348
135.420954	1033.275190	15.564467	-0.023863	1.952797
135.377501	1030.322044	15.569472	-0.023855	1.950277
135.176433	1027.379061	15.574477	-0.023818	1.947720
135.162816	1024.380990	15.579482	-0.023815	1.945164
135.137237	1021.363081	15.584487	-0.023810	1.942585
135.129791	1018.384293	15.589491	-0.023808	1.940040
135.151929	1015.379256	15.594496	-0.023812	1.937478
135.147185	1012.395045	15.599501	-0.023810	1.934923
134.987833	1009.427481	15.604506	-0.023781	1.932336
135.263980	1006.407000	15.609511	-0.023831	1.929820
135.144213	1003.438646	15.614515	-0.023809	1.927237
135.070073	1000.479387	15.619520	-0.023795	1.924670
135.033588	997.461258	15.624525	-0.023788	1.922060
135.181255	994.457427	15.629530	-0.023814	1.919510
135.084710	991.500412	15.634535	-0.023796	1.916928
135.119084	988.505512	15.639539	-0.023802	1.914347
135.079481	985.517632	15.644544	-0.023794	1.911748
135.078601	982.611440	15.649549	-0.023794	1.909227
134.875209	979.617544	15.654554	-0.023757	1.906570
134.984555	976.623515	15.659559	-0.023776	1.903997
134.841399	973.612659	15.664563	-0.023750	1.901335
134.987636	970.620716	15.669568	-0.023776	1.898767
134.919095	967.636841	15.674573	-0.023763	1.896141
134.890377	964.662266	15.679578	-0.023757	1.893532
134.924565	961.661643	15.684583	-0.023763	1.890914
134.977316	958.678887	15.689587	-0.023772	1.888313
134.857418	955.701408	15.694592	-0.023750	1.885665
134.913310	952.724097	15.699597	-0.023760	1.883063
134.769339	949.753452	15.704602	-0.023733	1.880406
134.818242	946.771097	15.709607	-0.023742	1.877790
134.909448	943.736393	15.714611	-0.023758	1.875136
134.634675	940.839093	15.719616	-0.023708	1.872495
134.600426	937.875064	15.724621	-0.023701	1.869860
134.764309	934.814871	15.729626	-0.023730	1.867194
134.755102	931.835679	15.734631	-0.023728	1.864545
134.691392	928.853686	15.739635	-0.023716	1.861875
134.609009	925.900289	15.744640	-0.023701	1.859221
134.582913	922.904712	15.749645	-0.023696	1.856541
134.576482	919.922279	15.754650	-0.023694	1.853876
134.700015	916.894046	15.759655	-0.023716	1.851203
134.497038	913.979912	15.764659	-0.023679	1.848534
134.775414	910.910625	15.769664	-0.023729	1.845861
134.613976	907.958273	15.774669	-0.023699	1.843162
134.684947	904.975826	15.779674	-0.023712	1.840500
134.558912	902.005140	15.784679	-0.023688	1.837786
134.458863	899.079217	15.789683	-0.023670	1.835117
134.464341	896.055749	15.794688	-0.023671	1.832386
134.391381	893.154551	15.799693	-0.023657	1.829739
134.356174	890.133583	15.804698	-0.023650	1.826991
134.374020	887.155577	15.809703	-0.023653	1.824293
134.216240	884.174337	15.814707	-0.023624	1.821536
134.455548	881.140727	15.819712	-0.023667	1.818846
134.209967	878.202851	15.824717	-0.023622	1.816094
134.371152	875.180289	15.829722	-0.023651	1.813382
134.296401	872.200913	15.834727	-0.023637	1.810635
134.411377	869.203015	15.839731	-0.023657	1.807924
134.364164	866.237993	15.844736	-0.023648	1.805190
134.305879	863.258352	15.849741	-0.023637	1.802435
134.164831	860.339326	15.854746	-0.023611	1.799707
134.210918	857.306963	15.859751	-0.023619	1.796927
134.149833	854.352990	15.864755	-0.023608	1.794183
134.182197	851.357162	15.869760	-0.023613	1.791423
133.985842	848.435990	15.874765	-0.023577	1.788660
134.060781	845.424507	15.879770	-0.023590	1.785890
133.916948	842.430750	15.884775	-0.023564	1.783067
134.021866	839.438759	15.889779	-0.023583	1.780316
133.979244	836.442671	15.894784	-0.023574	1.777512
134.032093	833.451512	15.899789	-0.023584	1.774738
134.068981	830.449850	15.904794	-0.023590	1.771944
133.991068	827.520000	15.909799	-0.023575	1.769178
133.797597	824.564913	15.914803	-0.023540	1.766349
133.858114	821.570660	15.919808	-0.023550	1.763556
133.751490	818.593099	15.924813	-0.023531	1.760723
133.786140	815.598918	15.929818	-0.023537	1.757914
133.717289	812.643277	15.934823	-0.023524	1.755104
133.803842	809.615839	15.939827	-0.023539	1.752270
133.699669	806.719114	15.944832	-0.023520	1.749496
133.828764	803.660468	15.949837	-0.023543	1.746637
133.714305	800.697709	15.954842	-0.023521	1.743788
133.733707	797.728218	15.959847	-0.023525	1.740970
133.700078	794.722150	15.964851	-0.023518	1.738096
133.650745	791.789010	15.969856	-0.023509	1.735282
133.436129	788.827664	15.974861	-0.023469	1.732384
133.605782	785.837641	15.979866	-0.023500	1.729575
133.561203	782.839510	15.984871	-0.023491	1.726686
133.632022	779.835263	15.989875	-0.023504	1.723823
133.610882	776.861344	15.994880	-0.023499	1.720955
133.713336	773.843787	15.999885	-0.023517	1.718079
133.497767	770.943000	16.004890	-0.023478	1.715211
133.486420	767.965777	16.009895	-0.023476	1.712328
133.322871	765.039350	16.014899	-0.023446	1.709442
133.435560	762.012348	16.019904	-0.023466	1.706541
133.397318	758.999854	16.024909	-0.023458	1.703601
133.394348	756.047772	16.029914	-0.023457	1.700726
133.424052	753.038241	16.034919	-0.023462	1.697801
133.358722	750.100179	16.039923	-0.023450	1.694910
133.230904	747.146500	16.044928	-0.023426	1.691978
133.209424	744.179016	16.049933	-0.023422	1.689062
133.251322	741.170334	16.054938	-0.023429	1.686122
133.241751	738.176879	16.059943	-0.023427	1.683174
133.124613	735.243974	16.064947	-0.023406	1.680246
133.310468	732.196439	16.069952	-0.023439	1.677298
133.223486	729.237628	16.074957	-0.023423	1.674344
133.268401	726.285232	16.079962	-0.023430	1.671434
133.087117	723.344644	16.084967	-0.023397	1.668457
133.058510	720.379985	16.089971	-0.023392	1.665500
133.087594	717.355011	16.094976	-0.023396	1.662497
133.244451	714.338859	16.099981	-0.023424	1.659540
133.030174	711.445296	16.104986	-0.023385	1.656577
132.996006	708.452282	16.109991	-0.023379	1.653569
132.773219	705.558431	16.114995	-0.023338	1.650592
132.885674	702.526983	16.120000	-0.023358	1.647584
132.817485	699.539741	16.125005	-0.023345	1.644553
132.732189	696.610268	16.130010	-0.023329	1.641570
132.775791	693.581874	16.135015	-0.023337	1.638525
132.839949	690.619742	16.140019	-0.023348	1.635548
132.846366	687.610116	16.145024	-0.023349	1.632498
132.897313	684.615282	16.150029	-0.023357	1.629472
132.755188	681.678214	16.155034	-0.023331	1.626435
132.775858	678.681253	16.160039	-0.023335	1.623385
132.563309	675.785316	16.165043	-0.023296	1.620354
132.772206	672.731738	16.170048	-0.023333	1.617299
132.730254	669.743939	16.175053	-0.023325	1.614221
132.704223	666.825339	16.180058	-0.023320	1.611213
132.653978	663.823439	16.185063	-0.023310	1.608105
132.780803	660.812988	16.190067	-0.023333	1.605043
132.687847	657.872778	16.195072	-0.023316	1.601973
132.615030	654.911694	16.200077	-0.023302	1.598882
132.559776	651.969641	16.205082	-0.023292	1.595811
132.614017	648.975110	16.210087	-0.023301	1.592717
132.522697	646.041669	16.215091	-0.023284	1.589630
132.577892	643.056263	16.220096	-0.023294	1.586534
132.411274	640.097372	16.225101	-0.023263	1.583382
132.491998	637.124073	16.230106	-0.023277	1.580295
132.420944	634.146888	16.235111	-0.023264	1.577146
132.448714	631.159239	16.240115	-0.023269	1.574013
132.346327	628.242045	16.245120	-0.023250	1.570903
132.347273	625.240877	16.250125	-0.023249	1.567734
132.400387	622.245916	16.255130	-0.023259	1.564583
132.341540	619.311927	16.260135	-0.023248	1.561452
132.238076	616.343111	16.265139	-0.023228	1.558261
132.395435	613.336207	16.270144	-0.023256	1.555116
132.165889	610.422856	16.275149	-0.023215	1.551927
132.262580	607.433472	16.280154	-0.023232	1.548766
132.227759	604.451355	16.285159	-0.023225	1.545559
132.115972	601.503337	16.290163	-0.023204	1.542355
132.095334	598.526297	16.295168	-0.023200	1.539146
132.162163	595.538837	16.300173	-0.023212	1.535950
132.145611	592.566340	16.305178	-0.023208	1.532733
132.135011	589.608762	16.310183	-0.023206	1.529528
131.974591	586.673700	16.315187	-0.023177	1.526287
132.127099	583.650228	16.320192	-0.023204	1.523056
132.074011	580.695666	16.325197	-0.023194	1.519819
131.919879	577.790686	16.330202	-0.023165	1.516591
131.892706	574.817296	16.335207	-0.023160	1.513329
131.990192	571.829788	16.340211	-0.023177	1.510090
131.776517	568.919315	16.345216	-0.023138	1.506813
131.843689	565.919850	16.350221	-0.023150	1.503536
131.707430	562.979764	16.355226	-0.023125	1.500241
131.834248	559.968224	16.360231	-0.023147	1.496958
131.670189	557.036912	16.365235	-0.023117	1.493648
131.717029	554.066503	16.370240	-0.023125	1.490367
131.844220	551.037809	16.375245	-0.023148	1.487043
131.740139	548.104962	16.380250	-0.023129	1.483732
131.587347	545.191470	16.385255	-0.023101	1.480416
131.633478	542.207145	16.390259	-0.023109	1.477089
131.582381	539.237289	16.395264	-0.023099	1.473734
131.640923	536.279105	16.400269	-0.023109	1.470426
131.616446	533.299432	16.405274	-0.023104	1.467055
131.514126	530.354160	16.410279	-0.023085	1.463685
131.578672	527.356920	16.415283	-0.023097	1.460312
131.565787	524.393665	16.420288	-0.023094	1.456941
131.536458	521.440886	16.425293	-0.023088	1.453567
131.470542	518.501141	16.430298	-0.023076	1.450186
131.403925	515.543054	16.435303	-0.023063	1.446776
131.360735	512.592950	16.440307	-0.023055	1.443376
131.401984	509.586001	16.445312	-0.023062	1.439936
131.282991	506.693056	16.450317	-0.023040	1.436556
131.239126	503.728124	16.455322	-0.023032	1.433115
131.274898	500.745944	16.460327	-0.023038	1.429676
131.234671	497.792472	16.465331	-0.023030	1.426232
131.113322	494.858091	16.470336	-0.023008	1.422771
131.175292	491.858463	16.475341	-0.023019	1.419297
131.121724	488.920274	16.480346	-0.023009	1.415841
131.085190	485.963333	16.485351	-0.023002	1.412361
131.138015	482.994308	16.490355	-0.023011	1.408894
131.051698	480.040163	16.495360	-0.022995	1.405381
131.133622	477.069181	16.500365	-0.023009	1.401906
131.000312	474.143367	16.505370	-0.022985	1.398389
131.009036	471.176017	16.510375	-0.022986	1.394872
131.011384	468.222613	16.515379	-0.022986	1.391359
130.979820	465.259089	16.520384	-0.022980	1.387812
130.979667	462.284983	16.525389	-0.022979	1.384256
130.942758	459.338740	16.530394	-0.022972	1.380709
130.848401	456.405509	16.535399	-0.022955	1.377146
130.942582	453.414507	16.540403	-0.022971	1.373580
130.926052	450.454421	16.545408	-0.022968	1.369997
130.855003	447.521562	16.550413	-0.022955	1.366416
130.846186	444.561143	16.555418	-0.022952	1.362817
130.780381	441.627708	16.560423	-0.022940	1.359218
130.695108	438.693753	16.565427	-0.022924	1.355601
130.680867	435.773069	16.570432	-0.022921	1.352019
130.530397	432.830324	16.575437	-0.022894	1.348345
130.737140	429.805984	16.580442	-0.022931	1.344709
130.833428	426.812880	16.585447	-0.022948	1.341055
130.833011	423.869740	16.590451	-0.022947	1.337413
130.599185	420.989077	16.595456	-0.022904	1.333740
130.694284	418.011966	16.600461	-0.022921	1.330076
130.606244	415.078158	16.605466	-0.022905	1.326378
130.581676	412.147023	16.610471	-0.022900	1.322700
130.509393	409.198692	16.615475	-0.022887	1.318970
130.630810	406.208421	16.620480	-0.022908	1.315259
130.470790	403.297691	16.625485	-0.022879	1.311518
130.457286	400.343811	16.630490	-0.022876	1.307774
130.357465	397.406227	16.635495	-0.022857	1.304003
130.342205	394.458053	16.640499	-0.022854	1.300244
130.381930	391.476937	16.645504	-0.022861	1.296456
130.470513	388.524695	16.650509	-0.022877	1.292715
130.310820	385.605476	16.655514	-0.022847	1.288898
130.262032	382.676230	16.660519	-0.022838	1.285104
130.265241	379.714264	16.665523	-0.022838	1.281280
130.294520	376.761513	16.670528	-0.022843	1.277468
130.082864	373.891886	16.675533	-0.022804	1.273646
130.137469	370.924099	16.680538	-0.022814	1.269803
130.068586	367.978605	16.685543	-0.022801	1.265922
130.291986	364.965564	16.690547	-0.022841	1.262071
130.013668	362.100668	16.695552	-0.022790	1.258179
130.090133	359.144042	16.700557	-0.022804	1.254312
129.971757	356.214686	16.705562	-0.022782	1.250382
130.014608	353.259759	16.710567	-0.022789	1.246479
129.934683	350.348239	16.715571	-0.022774	1.242566
130.043101	347.361459	16.720576	-0.022793	1.238625
129.848472	344.487006	16.725581	-0.022758	1.234684
129.864211	341.541442	16.730586	-0.022760	1.230731
129.708662	338.621909	16.735591	-0.022732	1.226721
129.898816	335.632144	16.740595	-0.022766	1.222764
129.757106	332.715474	16.745600	-0.022740	1.218738
129.753655	329.795342	16.750605	-0.022739	1.214759
129.632373	326.875716	16.755610	-0.022716	1.210713
129.658741	323.915680	16.760615	-0.022721	1.206666
129.787947	320.948984	16.765619	-0.022744	1.202645
129.656999	318.049799	16.770624	-0.022720	1.198582
129.458927	315.192514	16.775629	-0.022683	1.194530
129.523571	312.232433	16.780634	-0.022695	1.190447
129.418194	309.299147	16.785639	-0.022675	1.186306
129.401183	306.384333	16.790643	-0.022672	1.182219
129.298894	303.457873	16.795648	-0.022653	1.178060
129.280221	300.547449	16.800653	-0.022649	1.173949
129.340861	297.576686	16.805658	-0.022659	1.169777
129.453363	294.602704	16.810663	-0.022679	1.165611
129.279380	291.736082	16.815667	-0.022648	1.161442
129.444882	288.745843	16.820672	-0.022677	1.157249
129.180594	285.924687	16.825677	-0.022629	1.153071
129.221776	282.973429	16.830682	-0.022636	1.148842
129.263455	279.999581	16.835687	-0.022643	1.144564
129.255991	277.089030	16.840691	-0.022641	1.140338
129.041900	274.215680	16.845696	-0.022602	1.136047
129.165744	271.258586	16.850701	-0.022624	1.131787
129.213985	268.307752	16.855706	-0.022632	1.127482
129.071325	265.430721	16.860711	-0.022606	1.123173
129.117156	262.495243	16.865715	-0.022614	1.118856
129.052376	259.606083	16.870720	-0.022602	1.114535
128.888951	256.731845	16.875725	-0.022572	1.110169
129.118896	253.733279	16.880730	-0.022613	1.105802
128.928036	250.864898	16.885735	-0.022578	1.101396
128.775970	248.001530	16.890739	-0.022550	1.097000
128.913507	245.027332	16.895744	-0.022575	1.092569
128.850807	242.134863	16.900749	-0.022563	1.088139
128.694133	239.269402	16.905754	-0.022534	1.083684
128.700442	236.343701	16.910759	-0.022535	1.079203
128.537273	233.484195	16.915763	-0.022505	1.074716
128.546720	230.559140	16.920768	-0.022506	1.070201
128.620453	227.598080	16.925773	-0.022519	1.065645
128.505557	224.731854	16.930778	-0.022498	1.061116
128.433484	221.825241	16.935783	-0.022485	1.056527
128.602458	218.872186	16.940787	-0.022515	1.051976
128.479421	215.995197	16.945792	-0.022492	1.047367
128.593384	213.055997	16.950797	-0.022512	1.042768
128.398664	210.218140	16.955802	-0.022477	1.038140
128.429779	207.322427	16.960807	-0.022482	1.033524
128.331406	204.432626	16.965811	-0.022464	1.028825
128.314528	201.536798	16.970816	-0.022460	1.024139
128.320023	198.621570	16.975821	-0.022461	1.019414
128.321218	195.737122	16.980826	-0.022461	1.014714
128.102651	192.909950	16.985831	-0.022421	1.009962
128.191360	189.974773	16.990835	-0.022436	1.005184
128.216041	187.069467	16.995840	-0.022440	1.000396
128.077495	184.227744	17.000845	-0.022415	0.995597
127.906448	181.372410	17.005850	-0.022384	0.990734
127.995755	178.442811	17.010855	-0.022399	0.985872
127.851455	175.582079	17.015859	-0.022373	0.980967
127.782508	172.714674	17.020864	-0.022360	0.976070
127.879471	169.790345	17.025869	-0.022377	0.971149
127.758097	166.937724	17.030874	-0.022355	0.966196
127.628777	164.092357	17.035879	-0.022331	0.961225
127.757016	161.173742	17.040883	-0.022354	0.956256
127.484525	158.373071	17.045888	-0.022304	0.951225
127.579758	155.456390	17.050893	-0.022321	0.946187
127.614478	152.557200	17.055898	-0.022327	0.941116
127.566307	149.706112	17.060903	-0.022318	0.936052
127.537222	146.838235	17.065907	-0.022312	0.930942
127.431341	144.001085	17.070912	-0.022292	0.925811
127.403779	141.135567	17.075917	-0.022287	0.920650
127.384730	138.279552	17.080922	-0.022283	0.915482
127.260864	135.443948	17.085927	-0.022260	0.910255
127.193931	132.598721	17.090931	-0.022248	0.905017
127.142045	129.741484	17.095936	-0.022238	0.899736
127.182912	126.872516	17.100941	-0.022245	0.894462
127.270796	123.969897	17.105946	-0.022260	0.889124
127.112010	121.173804	17.110951	-0.022231	0.883792
127.010008	118.353377	17.115955	-0.022212	0.878420
127.066284	115.491171	17.120960	-0.022222	0.873040
126.890360	112.690316	17.125965	-0.022190	0.867589
126.874348	109.846486	17.130970	-0.022187	0.862129
126.758831	107.035763	17.135975	-0.022165	0.856630
126.788960	104.185175	17.140979	-0.022170	0.851117
126.665742	101.378771	17.145984	-0.022148	0.845550
126.770413	98.508141	17.150989	-0.022166	0.839976
126.492454	95.769521	17.155994	-0.022116	0.834362
126.420083	92.951227	17.160999	-0.022102	0.828694
126.441154	90.103246	17.166003	-0.022106	0.822993
126.373452	87.299014	17.171008	-0.022093	0.817278
126.218613	84.519092	17.176013	-0.022065	0.811510
126.321660	81.659596	17.181018	-0.022083	0.805722
126.248713	78.857931	17.186023	-0.022069	0.799885
126.172404	76.089602	17.191027	-0.022055	0.794073
126.011102	73.318668	17.196032	-0.022025	0.788149
126.035096	70.497568	17.201037	-0.022029	0.782211
125.872569	67.748838	17.206042	-0.022000	0.776244
125.856207	64.946081	17.211047	-0.021996	0.770224
125.713846	62.194211	17.216051	-0.021970	0.764171
125.665225	59.424070	17.221056	-0.021961	0.758101
125.421653	56.702310	17.226061	-0.021916	0.751939
125.471691	53.890416	17.231066	-0.021925	0.745754
125.344199	51.144003	17.236071	-0.021902	0.739524
125.321157	48.369365	17.241075	-0.021897	0.733261
125.112385	45.661506	17.246080	-0.021859	0.726947
124.988142	42.924430	17.251085	-0.021836	0.720579
125.002553	40.160989	17.256090	-0.021838	0.714206
124.872521	37.437692	17.261095	-0.021814	0.707751
124.697872	34.793924	17.266099	-0.021782	0.701387
124.615865	32.342872	17.271104	-0.021767	0.695502
