Tue Jun 02 09:08:45 2020

Number of Points = 3029
Depth (nm)	Load (µN)	Time (s)	Depth (V)	Load (V)
1.066078	0.038936	0.000000	-0.000025	0.491852

1.064771	0.006439	0.005005	-0.000025	0.491740
1.039794	-0.040325	0.010010	-0.000020	0.491552
1.027266	-0.035097	0.015014	-0.000018	0.491554
1.091540	-0.058314	0.020019	-0.000029	0.491552
0.828691	0.034279	0.025024	0.000018	0.491552
0.910320	-0.001270	0.030029	0.000003	0.491528
1.109078	-0.151917	0.035034	-0.000032	0.491255
0.913303	-0.089746	0.040038	0.000003	0.491232
1.030158	-0.145426	0.045043	-0.000018	0.491182
0.904563	-0.179569	0.050048	0.000005	0.490917
1.106841	-0.248345	0.055053	-0.000032	0.490925
1.184250	-0.370508	0.060058	-0.000046	0.490603
1.112519	-0.368128	0.065062	-0.000033	0.490525
1.107886	-0.439159	0.070067	-0.000032	0.490279
1.092712	-0.488762	0.075072	-0.000029	0.490092
0.988136	-0.503969	0.080077	-0.000010	0.489915
1.069849	-0.603322	0.085082	-0.000025	0.489675
0.928009	-0.632796	0.090086	0.000001	0.489405
0.920774	-0.688450	0.095091	0.000002	0.489207
0.985103	-0.778593	0.100096	-0.000009	0.488977
0.874552	-0.796347	0.105101	0.000011	0.488784
0.963319	-0.921136	0.110106	-0.000005	0.488465
0.869855	-0.973346	0.115110	0.000012	0.488175
0.925957	-1.084299	0.120115	0.000002	0.487864
0.925230	-1.166622	0.125120	0.000002	0.487582
1.001135	-1.291441	0.130125	-0.000012	0.487247
0.809389	-1.320017	0.135130	0.000023	0.486919
0.843395	-1.439896	0.140134	0.000017	0.486550
0.848328	-1.539567	0.145139	0.000016	0.486215
0.782993	-1.627215	0.150144	0.000028	0.485836
0.965820	-1.796242	0.155149	-0.000005	0.485478
0.871572	-1.874432	0.160154	0.000012	0.485096
0.979851	-2.041704	0.165158	-0.000008	0.484652
0.831507	-2.110165	0.170163	0.000019	0.484238
0.888081	-2.232270	0.175168	0.000009	0.483886
0.858556	-2.364659	0.180173	0.000014	0.483395
0.950779	-2.519667	0.185178	-0.000002	0.482973
0.846287	-2.634946	0.190182	0.000017	0.482449
0.809450	-2.745081	0.195187	0.000023	0.482024
0.851751	-2.915204	0.200192	0.000016	0.481488
0.757914	-3.015234	0.205197	0.000033	0.481028
0.606815	-3.114182	0.210202	0.000060	0.480501
0.659608	-3.274997	0.215206	0.000051	0.480009
0.726932	-3.449645	0.220211	0.000039	0.479485
0.645563	-3.558154	0.225216	0.000053	0.479009
0.586183	-3.695479	0.230221	0.000064	0.478459
0.633262	-3.865386	0.235226	0.000056	0.477925
0.526940	-3.992091	0.240230	0.000075	0.477354
0.556061	-4.161962	0.245235	0.000070	0.476797
0.623728	-4.361359	0.250240	0.000058	0.476184
0.514521	-4.495097	0.255245	0.000077	0.475582
0.482127	-4.659693	0.260250	0.000083	0.474966
0.578224	-4.865720	0.265254	0.000066	0.474362
0.272473	-4.928274	0.270259	0.000121	0.473765
0.446605	-5.168168	0.275264	0.000090	0.473137
0.227906	-5.274891	0.280269	0.000129	0.472491
0.349896	-5.501672	0.285274	0.000108	0.471843
0.180916	-5.633532	0.290278	0.000138	0.471168
-0.731471	-5.488485	0.295283	0.000303	0.470544
-3.564285	-4.615810	0.300288	0.000815	0.470098
-3.203985	-4.846718	0.305293	0.000750	0.469730
-3.449883	-4.852992	0.310298	0.000794	0.469401
-3.868974	-4.786655	0.315302	0.000870	0.469112
-3.978203	-4.836791	0.320307	0.000890	0.468797
-4.154980	-4.856833	0.325312	0.000922	0.468505
-4.670243	-4.761552	0.330317	0.001015	0.468198
-4.789381	-4.793219	0.335322	0.001037	0.467936
-5.120772	-4.756208	0.340326	0.001097	0.467652
-5.119628	-4.835312	0.345331	0.001096	0.467371
-5.665381	-4.714215	0.350336	0.001195	0.467117
-5.677734	-4.764127	0.355341	0.001197	0.466924
-5.954135	-4.724741	0.360346	0.001247	0.466717
-5.895268	-4.823904	0.365350	0.001237	0.466437
-6.117604	-4.809774	0.370355	0.001277	0.466207
-6.413748	-4.754523	0.375360	0.001331	0.466032
-6.801160	-4.695571	0.380365	0.001401	0.465754
-6.672119	-4.791565	0.385370	0.001377	0.465573
-7.005615	-4.713413	0.390374	0.001438	0.465432
-7.104423	-4.755122	0.395379	0.001456	0.465158
-7.090202	-4.804342	0.400384	0.001453	0.465000
-7.512872	-4.702738	0.405389	0.001529	0.464830
-7.569906	-4.757461	0.410394	0.001540	0.464562
-7.533282	-4.796433	0.415398	0.001533	0.464468
-8.062458	-4.684946	0.420403	0.001629	0.464199
-7.571385	-4.885945	0.425408	0.001540	0.464099
-7.986172	-4.780233	0.430413	0.001615	0.463953
-8.044105	-4.844950	0.435418	0.001626	0.463648
-8.048456	-4.885488	0.440422	0.001627	0.463496
-8.474246	-4.787951	0.445427	0.001704	0.463307
-8.704900	-4.778182	0.450432	0.001745	0.463050
-8.778116	-4.769479	0.455437	0.001759	0.462988
-9.238618	-4.693093	0.460442	0.001842	0.462679
-8.843751	-4.837445	0.465446	0.001771	0.462660
-9.483964	-4.698602	0.470451	0.001886	0.462348
-9.170234	-4.820267	0.475456	0.001830	0.462307
-9.521303	-4.767148	0.480461	0.001893	0.462053
-9.546039	-4.795952	0.485466	0.001898	0.461917
-9.778532	-4.759154	0.490470	0.001940	0.461754
-9.909777	-4.767274	0.495475	0.001963	0.461558
-9.982456	-4.772638	0.500480	0.001977	0.461446
-10.166505	-4.775728	0.505485	0.002010	0.461201
-10.222957	-4.784884	0.510490	0.002020	0.461096
-10.429872	-4.779654	0.515494	0.002058	0.460851
-10.642721	-4.721148	0.520499	0.002096	0.460791
-10.610200	-4.804950	0.525504	0.002090	0.460529
-10.649469	-4.809525	0.530509	0.002097	0.460463
-11.041083	-4.747282	0.535514	0.002168	0.460188
-10.895235	-4.817026	0.540518	0.002142	0.460122
-11.219806	-4.775787	0.545523	0.002201	0.459857
-11.296223	-4.774980	0.550528	0.002214	0.459762
-11.657947	-4.703235	0.555533	0.002280	0.459560
-11.779419	-4.678473	0.560538	0.002302	0.459494
-11.656093	-4.785553	0.565542	0.002280	0.459263
-11.848028	-4.737313	0.570547	0.002314	0.459192
-12.082158	-4.706081	0.575552	0.002357	0.459006
-11.965958	-4.769115	0.580557	0.002336	0.458926
-12.080481	-4.799364	0.585562	0.002357	0.458670
-12.316253	-4.756382	0.590566	0.002399	0.458524
-12.650417	-4.686188	0.595571	0.002460	0.458350
-12.527565	-4.766393	0.600576	0.002437	0.458216
-12.510720	-4.820599	0.605581	0.002434	0.458041
-12.722186	-4.803295	0.610586	0.002473	0.457832
-13.030733	-4.720542	0.615590	0.002529	0.457737
-13.175528	-4.729649	0.620595	0.002555	0.457518
-13.191459	-4.755496	0.625600	0.002558	0.457404
-13.398982	-4.743266	0.630605	0.002595	0.457182
-13.464612	-4.742697	0.635610	0.002607	0.457099
-13.464876	-4.806315	0.640614	0.002607	0.456867
-13.395492	-4.853575	0.645619	0.002595	0.456784
-13.860970	-4.773540	0.650624	0.002679	0.456477
-13.778369	-4.816265	0.655629	0.002664	0.456427
-14.324899	-4.702628	0.660634	0.002763	0.456138
-13.746573	-4.929164	0.665638	0.002658	0.456056
-14.323628	-4.786520	0.670643	0.002763	0.455833
-14.419219	-4.795449	0.675648	0.002780	0.455677
-14.736663	-4.726442	0.680653	0.002837	0.455520
-14.377142	-4.899574	0.685658	0.002772	0.455351
-14.791448	-4.792151	0.690662	0.002847	0.455209
-15.287489	-4.683122	0.695667	0.002937	0.454968
-15.192568	-4.735513	0.700672	0.002920	0.454898
-15.079884	-4.826117	0.705677	0.002900	0.454712
-15.451948	-4.729406	0.710682	0.002967	0.454586
-15.642853	-4.717449	0.715686	0.003001	0.454383
-15.554903	-4.778377	0.720691	0.002986	0.454273
-15.480648	-4.851546	0.725696	0.002972	0.454100
-15.701212	-4.798072	0.730701	0.003012	0.454011
-16.020428	-4.769652	0.735706	0.003070	0.453702
-16.045198	-4.769121	0.740710	0.003074	0.453672
-16.192835	-4.798516	0.745715	0.003101	0.453373
-16.115809	-4.846765	0.750720	0.003087	0.453295
-16.694586	-4.707517	0.755725	0.003192	0.453057
-16.649769	-4.740960	0.760730	0.003184	0.452991
-16.651651	-4.801166	0.765734	0.003184	0.452767
-16.685175	-4.825989	0.770739	0.003190	0.452632
-17.110159	-4.727166	0.775744	0.003267	0.452445
-17.242852	-4.713754	0.780749	0.003291	0.452321
-17.330180	-4.736429	0.785754	0.003307	0.452124
-17.180942	-4.825353	0.790758	0.003280	0.451990
-17.680726	-4.699430	0.795763	0.003370	0.451805
-17.622459	-4.748226	0.800768	0.003360	0.451701
-17.903881	-4.701892	0.805773	0.003411	0.451505
-17.707561	-4.805369	0.810778	0.003375	0.451379
-18.047402	-4.737441	0.815782	0.003437	0.451187
-18.147083	-4.745246	0.820787	0.003455	0.451028
-18.025279	-4.829536	0.825792	0.003433	0.450875
-18.168022	-4.834293	0.830797	0.003459	0.450672
-18.420438	-4.776337	0.835802	0.003505	0.450557
-18.670203	-4.754465	0.840806	0.003550	0.450312
-18.648183	-4.777955	0.845811	0.003546	0.450253
-19.010638	-4.730343	0.850816	0.003611	0.449957
-18.888567	-4.779154	0.855821	0.003589	0.449935
-19.307934	-4.713912	0.860826	0.003665	0.449629
-19.154458	-4.767667	0.865830	0.003637	0.449630
-19.349074	-4.779966	0.870835	0.003673	0.449330
-19.473974	-4.742027	0.875840	0.003695	0.449307
-19.799331	-4.693539	0.880845	0.003754	0.449061
-19.673932	-4.738741	0.885850	0.003731	0.449057
-19.829005	-4.775175	0.890854	0.003760	0.448719
-19.854485	-4.778678	0.895859	0.003764	0.448673
-20.322412	-4.685408	0.900864	0.003849	0.448406
-20.147965	-4.756847	0.905869	0.003817	0.448369
-20.475237	-4.719050	0.910874	0.003877	0.448081
-20.347923	-4.781761	0.915878	0.003854	0.448014
-20.870940	-4.656759	0.920883	0.003948	0.447793
-20.560990	-4.791107	0.925888	0.003892	0.447700
-20.941726	-4.720063	0.930893	0.003961	0.447464
-20.974245	-4.737344	0.935898	0.003967	0.447357
-21.359413	-4.655300	0.940902	0.004037	0.447157
-21.226590	-4.724291	0.945907	0.004013	0.447074
-21.409672	-4.724333	0.950912	0.004046	0.446833
-21.520063	-4.708293	0.955917	0.004066	0.446747
-22.028675	-4.586856	0.960922	0.004158	0.446531
-21.652485	-4.734204	0.965926	0.004090	0.446476
-21.935012	-4.704862	0.970931	0.004141	0.446214
-21.912369	-4.732497	0.975936	0.004137	0.446140
-22.246264	-4.680319	0.980941	0.004197	0.445895
-22.050045	-4.778215	0.985946	0.004162	0.445788
-22.566337	-4.654149	0.990950	0.004255	0.445571
-22.341964	-4.759770	0.995955	0.004215	0.445472
-22.654473	-4.709811	1.000960	0.004271	0.445246

-22.743712	-4.753484	1.010957	0.004287	0.444965
-23.070149	-4.704069	1.020954	0.004346	0.444718
-23.071297	-4.717964	1.030950	0.004347	0.444664
-23.276248	-4.714160	1.040947	0.004384	0.444407
-23.269701	-4.732481	1.050944	0.004383	0.444346
-23.249413	-4.739244	1.060941	0.004379	0.444347
-23.185904	-4.788139	1.070938	0.004368	0.444247
-23.500649	-4.717505	1.080934	0.004425	0.444095
-23.393801	-4.755915	1.090931	0.004406	0.444092
-23.489614	-4.721791	1.100928	0.004423	0.444093
-23.357582	-4.767707	1.110925	0.004399	0.444094
-23.471464	-4.724071	1.120922	0.004420	0.444107
-23.285781	-4.755053	1.130918	0.004386	0.444235
-23.250588	-4.738216	1.140915	0.004380	0.444344
-23.233472	-4.743265	1.150912	0.004377	0.444347
-23.456254	-4.663429	1.160909	0.004417	0.444351
-23.253419	-4.735727	1.170906	0.004381	0.444348
-23.449158	-4.668174	1.180902	0.004416	0.444342
-23.113816	-4.715470	1.190899	0.004356	0.444607
-23.142265	-4.692608	1.200896	0.004361	0.444654
-23.131383	-4.696388	1.210893	0.004359	0.444654
-23.078782	-4.714883	1.220890	0.004350	0.444653
-22.932119	-4.716108	1.230886	0.004323	0.444842
-22.863986	-4.708300	1.240883	0.004311	0.444960
-22.906012	-4.694150	1.250880	0.004319	0.444957
-22.909862	-4.693005	1.260877	0.004320	0.444955
-22.700782	-4.704409	1.270874	0.004282	0.445188
-22.696718	-4.679655	1.280870	0.004281	0.445285
-22.537145	-4.735586	1.290867	0.004253	0.445286
-22.591748	-4.715203	1.300864	0.004262	0.445289
-22.482154	-4.721953	1.310861	0.004243	0.445408
-22.322061	-4.728122	1.320858	0.004214	0.445595
-22.306273	-4.733507	1.330854	0.004211	0.445595
-22.391817	-4.703319	1.340851	0.004227	0.445594
-22.318824	-4.712921	1.350848	0.004214	0.445654
-22.149210	-4.704672	1.360845	0.004183	0.445907
-22.113959	-4.716021	1.370842	0.004177	0.445911
-22.225477	-4.677301	1.380838	0.004197	0.445908
-22.026004	-4.684069	1.390835	0.004161	0.446145
-21.982369	-4.680960	1.400832	0.004153	0.446213
-21.758407	-4.757158	1.410829	0.004113	0.446223
-21.917200	-4.702383	1.420826	0.004142	0.446217
-21.730250	-4.689183	1.430822	0.004108	0.446512
-21.766449	-4.666186	1.440819	0.004115	0.446549
-21.617526	-4.717834	1.450816	0.004088	0.446552
-21.518417	-4.750571	1.460813	0.004070	0.446559
-21.364186	-4.724804	1.470810	0.004042	0.446857
-21.425719	-4.705195	1.480806	0.004053	0.446849
-21.295691	-4.749948	1.490803	0.004030	0.446852
-21.314048	-4.742702	1.500800	0.004033	0.446855
-21.200005	-4.729083	1.510797	0.004013	0.447054
-21.203260	-4.699873	1.520794	0.004014	0.447158
-21.051972	-4.752302	1.530790	0.003986	0.447161
-21.219010	-4.694749	1.540787	0.004017	0.447155
-20.985400	-4.712242	1.550784	0.003974	0.447396
-21.018011	-4.682715	1.560781	0.003980	0.447463
-20.670141	-4.804254	1.570778	0.003918	0.447466
-20.989112	-4.691952	1.580774	0.003975	0.447465
-20.698547	-4.712462	1.590771	0.003923	0.447769
-20.788785	-4.673071	1.600768	0.003939	0.447796
-20.647862	-4.724208	1.610765	0.003914	0.447790
-20.571047	-4.735108	1.620762	0.003900	0.447850
-20.308602	-4.760679	1.630758	0.003853	0.448098
-20.447416	-4.710991	1.640755	0.003878	0.448100
-20.351877	-4.746470	1.650752	0.003861	0.448093
-20.554386	-4.657900	1.660749	0.003897	0.448156
-20.181156	-4.718558	1.670746	0.003830	0.448419
-20.140063	-4.732277	1.680742	0.003823	0.448421
-20.110667	-4.743271	1.690739	0.003818	0.448418
-20.125515	-4.713153	1.700736	0.003820	0.448510
-19.862451	-4.747072	1.710733	0.003773	0.448727
-19.902564	-4.733785	1.720730	0.003780	0.448723
-19.866354	-4.746382	1.730726	0.003774	0.448723
-19.939118	-4.707489	1.740723	0.003787	0.448772
-19.663135	-4.726283	1.750720	0.003737	0.449062
-19.647696	-4.731027	1.760717	0.003735	0.449064
-19.800252	-4.677252	1.770714	0.003762	0.449063
-19.627447	-4.694068	1.780710	0.003731	0.449226
-19.614640	-4.673816	1.790707	0.003729	0.449317
-19.597812	-4.679409	1.800704	0.003726	0.449318
-19.461171	-4.670693	1.810701	0.003701	0.449528
-19.314290	-4.698479	1.820698	0.003675	0.449616
-19.361291	-4.680632	1.830694	0.003683	0.449620
-19.307828	-4.670187	1.840691	0.003674	0.449728
-19.152595	-4.670595	1.850688	0.003646	0.449928
-19.132971	-4.679668	1.860685	0.003642	0.449920
-19.121593	-4.682936	1.870682	0.003640	0.449922
-18.846784	-4.690220	1.880678	0.003591	0.450253
-18.771439	-4.714704	1.890675	0.003577	0.450260
-18.819310	-4.700705	1.900672	0.003586	0.450248
-18.806803	-4.704287	1.910669	0.003584	0.450251
-18.684497	-4.681899	1.920666	0.003562	0.450492
-18.540059	-4.715957	1.930662	0.003536	0.450554
-18.590627	-4.698183	1.940659	0.003545	0.450553
-18.522421	-4.723725	1.950656	0.003533	0.450547
-18.387218	-4.696822	1.960653	0.003508	0.450822
-18.264455	-4.724578	1.970650	0.003486	0.450878
-18.321635	-4.706092	1.980646	0.003497	0.450871
-18.296910	-4.714914	1.990643	0.003492	0.450870
-18.155797	-4.698771	2.000640	0.003467	0.451113
-18.042095	-4.719507	2.010637	0.003447	0.451184
-18.169056	-4.673288	2.020634	0.003470	0.451188
-17.956776	-4.750012	2.030630	0.003431	0.451181
-17.987397	-4.671086	2.040627	0.003437	0.451431
-17.755653	-4.728908	2.050624	0.003395	0.451519
-17.716238	-4.743929	2.060621	0.003388	0.451514
-17.778552	-4.721430	2.070618	0.003399	0.451515
-17.718845	-4.691029	2.080614	0.003389	0.451704
-17.508257	-4.734149	2.090611	0.003351	0.451818
-17.565283	-4.713834	2.100608	0.003361	0.451818
-17.497016	-4.737268	2.110605	0.003349	0.451820
-17.376675	-4.758881	2.120602	0.003327	0.451896
-17.189985	-4.761430	2.130598	0.003294	0.452129
-17.356753	-4.702425	2.140595	0.003324	0.452129
-17.420950	-4.678381	2.150592	0.003336	0.452133
-17.158322	-4.718449	2.160589	0.003288	0.452326
-17.125055	-4.700672	2.170586	0.003282	0.452434
-17.103729	-4.707052	2.180582	0.003278	0.452437
-17.235734	-4.653898	2.190579	0.003302	0.452461
-16.869200	-4.700798	2.200576	0.003236	0.452763
-16.904150	-4.689704	2.210573	0.003243	0.452758
-16.857289	-4.706428	2.220570	0.003234	0.452756
-16.693287	-4.725248	2.230566	0.003205	0.452899
-16.486469	-4.754238	2.240563	0.003167	0.453060
-16.613446	-4.709787	2.250560	0.003191	0.453058
-16.593796	-4.715554	2.260557	0.003187	0.453062
-16.600996	-4.705414	2.270554	0.003188	0.453089
-16.544016	-4.644568	2.280550	0.003178	0.453385
-16.379387	-4.703185	2.290547	0.003149	0.453383
-16.327298	-4.722115	2.300544	0.003139	0.453380
-16.172671	-4.719773	2.310541	0.003111	0.453588
-16.069486	-4.727591	2.320538	0.003093	0.453692
-15.929396	-4.776670	2.330534	0.003068	0.453693
-15.960579	-4.765341	2.340531	0.003073	0.453693
-16.020572	-4.743969	2.350528	0.003084	0.453694
-15.933929	-4.705651	2.360525	0.003069	0.453945
-15.685066	-4.770438	2.370522	0.003024	0.454029
-15.786920	-4.736331	2.380518	0.003042	0.454022
-15.626809	-4.792469	2.390515	0.003013	0.454022
-15.724302	-4.756882	2.400512	0.003031	0.454026
-15.558301	-4.745516	2.410509	0.003001	0.454281
-15.592040	-4.730479	2.420506	0.003007	0.454292
-15.403982	-4.795906	2.430502	0.002974	0.454295
-15.540739	-4.744990	2.440499	0.002998	0.454304
-15.202383	-4.781364	2.450496	0.002937	0.454607
-15.312437	-4.743716	2.460493	0.002957	0.454602
-15.103375	-4.816998	2.470490	0.002920	0.454603
-15.165247	-4.794249	2.480486	0.002931	0.454606
-15.037449	-4.810222	2.490483	0.002908	0.454712
-14.958403	-4.783110	2.500480	0.002894	0.454912
-14.966594	-4.782163	2.510477	0.002895	0.454905
-15.167359	-4.710693	2.520474	0.002932	0.454906
-14.758965	-4.795279	2.530470	0.002858	0.455123
-14.789662	-4.755265	2.540467	0.002864	0.455229
-14.758236	-4.766665	2.550464	0.002858	0.455227
-14.807510	-4.748977	2.560461	0.002867	0.455228
-14.480672	-4.796289	2.570458	0.002808	0.455475
-14.471518	-4.783091	2.580454	0.002806	0.455535
-14.435412	-4.795596	2.590451	0.002800	0.455535
-14.401101	-4.807404	2.600448	0.002794	0.455535
-14.442973	-4.776544	2.610445	0.002801	0.455593
-14.318445	-4.750736	2.620442	0.002779	0.455847
-14.317830	-4.748381	2.630438	0.002779	0.455856
-14.352104	-4.737546	2.640435	0.002785	0.455851
-14.094690	-4.747372	2.650432	0.002739	0.456146
-14.006752	-4.774532	2.660429	0.002723	0.456159
-14.098358	-4.743171	2.670426	0.002740	0.456155
-14.005515	-4.762985	2.680422	0.002723	0.456201
-13.986632	-4.688358	2.690419	0.002720	0.456497
-13.883466	-4.723899	2.700416	0.002701	0.456499
-13.939973	-4.682557	2.710413	0.002711	0.456577
-13.663834	-4.719939	2.720410	0.002662	0.456795
-13.737380	-4.693554	2.730406	0.002675	0.456796
-13.600658	-4.741870	2.740403	0.002650	0.456795
-13.575847	-4.673446	2.750400	0.002646	0.457075
-13.526373	-4.683288	2.760397	0.002637	0.457102
-13.422219	-4.720227	2.770394	0.002618	0.457101
-13.217921	-4.754238	2.780390	0.002582	0.457238
-13.201559	-4.712601	2.790387	0.002579	0.457410
-13.047859	-4.764432	2.800384	0.002551	0.457418
-13.121796	-4.739047	2.810381	0.002564	0.457415
-13.164423	-4.705458	2.820378	0.002572	0.457482
-12.863057	-4.740798	2.830374	0.002518	0.457739
-12.770170	-4.771722	2.840371	0.002501	0.457745
-12.853380	-4.743283	2.850368	0.002516	0.457741
-12.874479	-4.736316	2.860365	0.002520	0.457739
-12.875171	-4.662418	2.870362	0.002520	0.458006
-12.679744	-4.723224	2.880358	0.002485	0.458035
-12.603123	-4.747927	2.890355	0.002471	0.458042
-12.581335	-4.733722	2.900352	0.002468	0.458121
-12.351656	-4.749272	2.910349	0.002426	0.458358
-12.500138	-4.696109	2.920346	0.002453	0.458361
-12.576986	-4.669258	2.930342	0.002467	0.458359
-12.182059	-4.734013	2.940339	0.002396	0.458629
-12.280988	-4.687009	2.950336	0.002414	0.458672
-12.107436	-4.747524	2.960333	0.002382	0.458674
-12.118657	-4.742705	2.970330	0.002385	0.458676
-11.887210	-4.787135	2.980326	0.002343	0.458811
-11.783634	-4.771243	2.990323	0.002324	0.459000
-11.583054	-4.839842	3.000320	0.002288	0.459007
-11.786136	-4.767124	3.010317	0.002325	0.459010
-11.642219	-4.817534	3.020314	0.002299	0.459011
-11.715442	-4.794044	3.030310	0.002312	0.459002
-11.587108	-4.838248	3.040307	0.002289	0.459005
-11.550007	-4.786187	3.050304	0.002283	0.459240
-11.556458	-4.781215	3.060301	0.002284	0.459250
-11.479500	-4.809245	3.070298	0.002270	0.459246
-11.499159	-4.798903	3.080294	0.002274	0.459257
-11.367790	-4.762493	3.090291	0.002250	0.459556
-11.247122	-4.804920	3.100288	0.002228	0.459556
-11.348808	-4.767857	3.110285	0.002247	0.459560
-11.220093	-4.773734	3.120282	0.002224	0.459702
-11.172748	-4.746425	3.130278	0.002215	0.459861
-11.131243	-4.762139	3.140275	0.002208	0.459856
-11.119856	-4.753385	3.150272	0.002206	0.459902
-10.755144	-4.804742	3.160269	0.002140	0.460181
-10.845307	-4.773189	3.170266	0.002156	0.460179
-10.851772	-4.769979	3.180262	0.002158	0.460182
-10.799972	-4.771649	3.190259	0.002148	0.460241
-10.660596	-4.752529	3.200256	0.002123	0.460487
-10.713987	-4.733877	3.210253	0.002133	0.460486
-10.664361	-4.751634	3.220250	0.002124	0.460484
-10.507933	-4.735688	3.230246	0.002096	0.460740
-10.543951	-4.705691	3.240243	0.002102	0.460802
-10.440662	-4.743159	3.250240	0.002084	0.460798
-10.304095	-4.772236	3.260237	0.002059	0.460866
-10.129427	-4.766636	3.270234	0.002028	0.461108
-10.091831	-4.779046	3.280230	0.002021	0.461110
-10.084203	-4.782429	3.290227	0.002020	0.461107
-9.984750	-4.817950	3.300224	0.002002	0.461105
-9.826970	-4.799965	3.310221	0.001973	0.461370
-9.720795	-4.818204	3.320218	0.001954	0.461438
-9.818600	-4.783460	3.330214	0.001972	0.461439
-9.759224	-4.805132	3.340211	0.001962	0.461435
-9.736467	-4.810566	3.350208	0.001957	0.461444
-9.496900	-4.843856	3.360205	0.001914	0.461628
-9.617632	-4.769597	3.370202	0.001936	0.461741
-9.504207	-4.809263	3.380198	0.001916	0.461742
-9.604966	-4.772686	3.390195	0.001934	0.461745
-9.378465	-4.812252	3.400192	0.001893	0.461890
-9.490619	-4.726597	3.410189	0.001914	0.462055
-9.355889	-4.773806	3.420186	0.001889	0.462055
-9.422320	-4.712313	3.430182	0.001901	0.462192
-9.001983	-4.811946	3.440179	0.001826	0.462366
-9.189271	-4.743688	3.450176	0.001859	0.462373
-9.004151	-4.811596	3.460173	0.001826	0.462363
-9.032297	-4.758261	3.470170	0.001831	0.462519
-8.650503	-4.841705	3.480166	0.001762	0.462702
-8.996997	-4.720630	3.490163	0.001825	0.462698
-8.662686	-4.838139	3.500160	0.001765	0.462698
-8.963608	-4.718304	3.510157	0.001819	0.462747
-8.452953	-4.828251	3.520154	0.001727	0.462998
-8.579414	-4.782491	3.530150	0.001750	0.463002
-8.516313	-4.805914	3.540147	0.001739	0.462997
-8.694699	-4.730415	3.550144	0.001771	0.463042
-8.200284	-4.828647	3.560141	0.001682	0.463314
-8.448437	-4.740658	3.570138	0.001727	0.463315
-8.278256	-4.801028	3.580134	0.001696	0.463313
-8.389715	-4.747658	3.590131	0.001716	0.463363
-7.998861	-4.813507	3.600128	0.001646	0.463621
-8.221659	-4.733357	3.610125	0.001686	0.463626
-8.142069	-4.761364	3.620122	0.001672	0.463626
-8.006607	-4.753280	3.630118	0.001647	0.463825
-7.845746	-4.773005	3.640115	0.001618	0.463957
-8.026504	-4.707873	3.650112	0.001651	0.463962
-7.815646	-4.782966	3.660109	0.001613	0.463958
-7.740400	-4.743480	3.670106	0.001600	0.464194
-7.551475	-4.803861	3.680102	0.001566	0.464216
-7.643975	-4.769822	3.690099	0.001582	0.464221
-7.605825	-4.784582	3.700096	0.001576	0.464215
-7.515204	-4.731187	3.710093	0.001559	0.464520
-7.339391	-4.792430	3.720090	0.001528	0.464522
-7.439432	-4.755317	3.730086	0.001546	0.464528
-7.280602	-4.793154	3.740083	0.001517	0.464593
-7.202865	-4.753494	3.750080	0.001503	0.464832
-7.166876	-4.765921	3.760077	0.001497	0.464832
-7.271857	-4.730725	3.770074	0.001516	0.464825
-6.925468	-4.789776	3.780070	0.001453	0.465050
-6.875875	-4.777682	3.790067	0.001444	0.465155
-6.850910	-4.786901	3.800064	0.001440	0.465153
-6.937016	-4.756710	3.810061	0.001456	0.465152
-6.735697	-4.827347	3.820058	0.001419	0.465153
-6.727533	-4.747595	3.830054	0.001418	0.465448
-6.433978	-4.846484	3.840051	0.001365	0.465463
-6.533674	-4.813318	3.850048	0.001383	0.465456
-6.457508	-4.838411	3.860045	0.001369	0.465461
-6.598755	-4.772366	3.870042	0.001395	0.465519
-6.184463	-4.845531	3.880038	0.001320	0.465778
-6.368782	-4.780104	3.890035	0.001354	0.465779
-6.264753	-4.818761	3.900032	0.001335	0.465772
-6.246645	-4.824348	3.910029	0.001332	0.465774
-6.108238	-4.794419	3.920026	0.001307	0.466054
-6.006207	-4.819178	3.930022	0.001289	0.466094
-5.993445	-4.825968	3.940019	0.001286	0.466085
-6.099484	-4.789036	3.950016	0.001306	0.466083
-5.799453	-4.817041	3.960013	0.001251	0.466360
-5.825221	-4.790766	3.970010	0.001256	0.466420
-5.668570	-4.846213	3.980006	0.001228	0.466419
-5.861432	-4.778421	3.990003	0.001263	0.466417
-5.674880	-4.795559	4.000000	0.001229	0.466590
-5.710930	-4.745411	4.009997	0.001236	0.466723
-5.522224	-4.812224	4.019994	0.001202	0.466721
-5.724047	-4.730670	4.029990	0.001238	0.466758
-5.473778	-4.741072	4.039987	0.001193	0.467034
-5.415281	-4.759250	4.049984	0.001183	0.467043
-5.479580	-4.726917	4.059981	0.001194	0.467076
-5.168700	-4.761344	4.069978	0.001138	0.467343
-5.223064	-4.741578	4.079974	0.001148	0.467345
-5.142933	-4.769697	4.089971	0.001134	0.467345
-4.976005	-4.775469	4.099968	0.001104	0.467533
-4.955561	-4.743260	4.109965	0.001100	0.467673
-4.835768	-4.785229	4.119962	0.001079	0.467673
-4.940097	-4.746904	4.129958	0.001098	0.467678
-4.858016	-4.733729	4.139955	0.001083	0.467827
-4.626719	-4.774902	4.149952	0.001041	0.467970
-4.691598	-4.750714	4.159949	0.001053	0.467974
-4.749028	-4.729438	4.169946	0.001063	0.467977
-4.505835	-4.744542	4.179942	0.001020	0.468227
-4.448513	-4.744685	4.189939	0.001009	0.468298
-4.471990	-4.737930	4.199936	0.001014	0.468292
-4.248348	-4.816431	4.209933	0.000973	0.468292
-4.207370	-4.779519	4.219930	0.000966	0.468474
-4.109860	-4.777018	4.229926	0.000948	0.468604
-4.187532	-4.748231	4.239923	0.000963	0.468609
-4.239399	-4.728298	4.249920	0.000972	0.468614
-4.146460	-4.702146	4.259917	0.000955	0.468822
-3.878608	-4.764150	4.269914	0.000907	0.468937
-3.792056	-4.792328	4.279910	0.000891	0.468944
-3.867069	-4.765943	4.289907	0.000905	0.468944
-3.871912	-4.735104	4.299904	0.000906	0.469046
-3.611793	-4.785392	4.309901	0.000859	0.469192
-3.658778	-4.768877	4.319898	0.000868	0.469192
-3.564611	-4.801557	4.329894	0.000851	0.469193
-3.619933	-4.758211	4.339891	0.000861	0.469277
-3.259015	-4.820671	4.349888	0.000796	0.469506
-3.324963	-4.797107	4.359885	0.000808	0.469506
-3.373458	-4.779441	4.369882	0.000817	0.469508
-3.417689	-4.765519	4.379878	0.000825	0.469501
-2.950784	-4.846058	4.389875	0.000740	0.469798
-2.996485	-4.827104	4.399872	0.000749	0.469807
-3.051666	-4.809885	4.409869	0.000759	0.469799
-3.138970	-4.778903	4.419866	0.000775	0.469799
-3.135614	-4.748935	4.429862	0.000774	0.469909
-2.888769	-4.770962	4.439859	0.000730	0.470138
-2.950051	-4.751053	4.449856	0.000741	0.470131
-2.974189	-4.732318	4.459853	0.000745	0.470167
-2.781748	-4.725315	4.469850	0.000711	0.470431
-2.745628	-4.737797	4.479846	0.000704	0.470431
-2.608849	-4.785817	4.489843	0.000680	0.470431
-2.588990	-4.721839	4.499840	0.000676	0.470682
-2.524951	-4.727284	4.509837	0.000665	0.470742
-2.477267	-4.741321	4.519834	0.000656	0.470751
-2.339796	-4.784563	4.529830	0.000631	0.470769
-2.167188	-4.762900	4.539827	0.000600	0.471059
-2.298224	-4.718584	4.549824	0.000624	0.471052
-2.178451	-4.761760	4.559821	0.000602	0.471048
-2.037751	-4.810276	4.569818	0.000577	0.471051
-2.052359	-4.716079	4.579814	0.000580	0.471365
-2.021728	-4.722262	4.589811	0.000574	0.471381
-1.877372	-4.771745	4.599808	0.000548	0.471385
-1.914394	-4.743579	4.609805	0.000555	0.471438
-1.881840	-4.682836	4.619802	0.000549	0.471692
-1.846329	-4.695014	4.629798	0.000543	0.471692
-1.719975	-4.739215	4.639795	0.000520	0.471693
-1.559149	-4.707667	4.649792	0.000491	0.472003
-1.593290	-4.696424	4.659789	0.000497	0.472000
-1.594390	-4.694854	4.669786	0.000498	0.472003
-1.512078	-4.680212	4.679782	0.000483	0.472157
-1.503695	-4.639153	4.689779	0.000482	0.472311
-1.612364	-4.600575	4.699776	0.000501	0.472311
-1.401512	-4.586978	4.709773	0.000463	0.472620
-1.348121	-4.599094	4.719770	0.000454	0.472643
-1.308768	-4.587502	4.729766	0.000447	0.472732
-1.313541	-4.525106	4.739763	0.000448	0.472945
-1.203876	-4.565588	4.749760	0.000428	0.472938
-1.144706	-4.510450	4.759757	0.000417	0.473205
-1.145425	-4.494378	4.769754	0.000417	0.473260
-1.115163	-4.459036	4.779750	0.000412	0.473421
-1.077965	-4.429618	4.789747	0.000405	0.473569
-1.021368	-4.412489	4.799744	0.000395	0.473699
-1.044863	-4.343181	4.809741	0.000400	0.473912
-0.859366	-4.376951	4.819738	0.000366	0.474023
-0.917853	-4.313329	4.829734	0.000377	0.474173
-0.772804	-4.324209	4.839731	0.000351	0.474314
-0.723167	-4.292082	4.849728	0.000342	0.474487
-0.787975	-4.229826	4.859725	0.000354	0.474624
-0.968359	-4.118297	4.869722	0.000386	0.474792
-0.869412	-4.061933	4.879718	0.000369	0.475111
-0.705047	-4.067000	4.889715	0.000339	0.475295
-0.647076	-4.051918	4.899712	0.000329	0.475419
-0.757239	-3.924691	4.909709	0.000349	0.475727
-0.706148	-3.884530	4.919706	0.000339	0.475930
-0.778652	-3.786293	4.929702	0.000353	0.476183
-0.689287	-3.745696	4.939699	0.000337	0.476434
-0.608613	-3.706030	4.949696	0.000322	0.476671
-0.542342	-3.637932	4.959693	0.000310	0.476990
-0.530199	-3.573012	4.969690	0.000308	0.477230
-0.559099	-3.486299	4.979686	0.000313	0.477496
-0.514283	-3.419574	4.989683	0.000305	0.477783
-0.552113	-3.323368	4.999680	0.000312	0.478071
-0.468915	-3.260933	5.009677	0.000297	0.478389
-0.458574	-3.172995	5.019674	0.000295	0.478707
-0.464873	-3.087866	5.029670	0.000297	0.478994
-0.475424	-3.002766	5.039667	0.000299	0.479276
-0.525394	-2.885615	5.049664	0.000308	0.479620
-0.468671	-2.803931	5.059661	0.000298	0.479972
-0.494853	-2.685415	5.069658	0.000302	0.480350
-0.518171	-2.558063	5.079654	0.000307	0.480762
-0.429721	-2.478545	5.089651	0.000291	0.481144
-0.356314	-2.391895	5.099648	0.000278	0.481532
-0.431937	-2.242521	5.109645	0.000291	0.481955
-0.355562	-2.148056	5.119642	0.000278	0.482373
-0.381435	-2.022467	5.129638	0.000282	0.482774
-0.270345	-1.925598	5.139635	0.000262	0.483242
-0.213481	-1.824104	5.149632	0.000252	0.483659
-0.194603	-1.720139	5.159629	0.000249	0.484039
-0.118929	-1.616455	5.169626	0.000235	0.484486
-0.177699	-1.475745	5.179622	0.000246	0.484897
-0.162509	-1.339429	5.189619	0.000243	0.485382
-0.130238	-1.220511	5.199616	0.000238	0.485827
-0.092750	-1.087473	5.209613	0.000231	0.486327
-0.129175	-0.943602	5.219610	0.000238	0.486774
-0.050840	-0.813531	5.229606	0.000223	0.487312
0.022363	-0.702603	5.239603	0.000210	0.487778
0.034280	-0.553278	5.249600	0.000208	0.488300
0.100523	-0.430259	5.259597	0.000196	0.488798
-0.005738	-0.263152	5.269594	0.000216	0.489238
0.101492	-0.135512	5.279590	0.000196	0.489800
-0.046113	0.071473	5.289587	0.000223	0.490325
0.000000	0.154815	5.299584	0.000215	0.490662

-0.069488	0.321664	5.304589	0.000227	0.491144
0.035352	0.562514	5.309594	0.000208	0.492083
0.066010	0.977953	5.314598	0.000203	0.493521
0.130358	1.501273	5.319603	0.000191	0.495357
0.349340	2.119006	5.324608	0.000152	0.497684
0.139548	2.987873	5.329613	0.000190	0.500333
0.427051	3.810286	5.334618	0.000138	0.503393
0.462488	4.850692	5.339622	0.000131	0.506859
0.490741	5.983202	5.344627	0.000126	0.510593
0.632741	7.201787	5.349632	0.000100	0.514708
0.675797	8.552667	5.354637	0.000092	0.519102
0.915294	9.927663	5.359642	0.000049	0.523755
1.050462	11.451827	5.364646	0.000025	0.528722
0.900091	13.165349	5.369651	0.000052	0.533918
1.016218	14.875851	5.374656	0.000031	0.539345
1.257299	16.632411	5.379661	-0.000013	0.544992
1.261244	18.554858	5.384666	-0.000014	0.550831
1.416507	20.522420	5.389670	-0.000042	0.556901
1.570981	22.550668	5.394675	-0.000070	0.563085
1.742425	24.667094	5.399680	-0.000101	0.569477
2.106835	26.796554	5.404685	-0.000167	0.576030
2.094104	29.119394	5.409690	-0.000165	0.582684
2.078105	31.525769	5.414694	-0.000162	0.589495
2.215397	33.940175	5.419699	-0.000187	0.596401
2.404167	36.391267	5.424704	-0.000222	0.603378
2.664892	38.893843	5.429709	-0.000269	0.610485
2.789436	41.487640	5.434714	-0.000292	0.617627
2.929708	44.150384	5.439718	-0.000317	0.624885
2.985505	46.884898	5.444723	-0.000327	0.632171
3.163429	49.624564	5.449728	-0.000360	0.639498
3.278604	52.435308	5.454733	-0.000381	0.646869
3.460675	55.274460	5.459738	-0.000414	0.654288
3.501247	58.197049	5.464742	-0.000421	0.661709
3.825630	61.078805	5.469747	-0.000480	0.669193
3.924267	64.064678	5.474752	-0.000498	0.676656
4.151383	67.049820	5.479757	-0.000540	0.684145
4.333578	70.067279	5.484762	-0.000573	0.691593
4.401529	73.164510	5.489766	-0.000585	0.699056
4.610000	76.233843	5.494771	-0.000623	0.706490
4.773711	79.351888	5.499776	-0.000653	0.713924
4.956520	82.476638	5.504781	-0.000686	0.721312
4.949574	85.698174	5.509786	-0.000685	0.728694
5.109729	88.873342	5.514790	-0.000714	0.736029
5.366036	92.040196	5.519795	-0.000761	0.743349
5.509145	95.256554	5.524800	-0.000787	0.750619
5.687771	98.492814	5.529805	-0.000819	0.757890
5.813949	101.737100	5.534810	-0.000843	0.765070
5.941819	105.000332	5.539814	-0.000866	0.772225
6.145369	108.252402	5.544819	-0.000903	0.779347
6.221715	111.547638	5.549824	-0.000917	0.786401
6.306748	114.858540	5.554829	-0.000933	0.793432
6.537926	118.109233	5.559834	-0.000975	0.800382
6.642496	121.411813	5.564838	-0.000994	0.807288
6.989656	124.643630	5.569843	-0.001057	0.814164
7.919631	127.683215	5.574848	-0.001225	0.821004
8.019616	131.035867	5.579853	-0.001243	0.827835
8.150121	134.375877	5.584858	-0.001267	0.834606
8.514636	137.612639	5.589862	-0.001333	0.841280
8.727904	140.918264	5.594867	-0.001372	0.847932
8.912837	144.238110	5.599872	-0.001406	0.854542
8.890333	147.610019	5.604877	-0.001402	0.861061
9.101650	150.919245	5.609882	-0.001440	0.867568
9.196938	154.255438	5.614886	-0.001458	0.874000
9.613433	157.459652	5.619891	-0.001533	0.880347
10.270169	160.600319	5.624896	-0.001652	0.886686
10.498334	163.907627	5.629901	-0.001694	0.893013
10.534366	167.259251	5.634906	-0.001700	0.899254
10.604508	170.603158	5.639910	-0.001713	0.905459
10.793476	173.900680	5.644915	-0.001748	0.911612
11.132528	177.135383	5.649920	-0.001809	0.917705
11.126364	180.478004	5.654925	-0.001808	0.923736
11.531900	183.675671	5.659930	-0.001882	0.929724
11.807297	186.921069	5.664934	-0.001932	0.935679
12.019169	190.182425	5.669939	-0.001970	0.941585
12.035642	193.512803	5.674944	-0.001974	0.947456
12.447199	196.706022	5.679949	-0.002048	0.953291
12.948168	199.835765	5.684954	-0.002139	0.959033
13.157665	203.105088	5.689958	-0.002177	0.964808
13.245999	206.386990	5.694963	-0.002193	0.970498
13.548277	209.612106	5.699968	-0.002248	0.976185
13.538387	212.915512	5.704973	-0.002247	0.981788
13.671377	216.176812	5.709978	-0.002271	0.987371
13.805631	219.431651	5.714982	-0.002295	0.992913
14.279383	222.559482	5.719987	-0.002381	0.998409
14.563842	225.743262	5.724992	-0.002433	1.003858
14.778002	228.955235	5.729997	-0.002472	1.009284
15.396456	232.023745	5.735002	-0.002584	1.014675
15.852651	235.163093	5.740006	-0.002666	1.020062
15.851386	238.451275	5.745011	-0.002666	1.025405
16.090581	241.658106	5.750016	-0.002710	1.030723
16.262126	244.869061	5.755021	-0.002741	1.035983
16.579245	248.026304	5.760026	-0.002799	1.041210
16.713131	251.240523	5.765030	-0.002823	1.046402
16.973709	254.422835	5.770035	-0.002870	1.051586
17.317119	257.565260	5.775040	-0.002933	1.056728
17.713534	260.692662	5.780045	-0.003004	1.061849
17.973980	263.868254	5.785050	-0.003052	1.066948
18.082310	267.096448	5.790054	-0.003072	1.072022
18.353249	270.246305	5.795059	-0.003121	1.077039
18.556077	273.418853	5.800064	-0.003158	1.082030
18.604443	276.638839	5.805069	-0.003167	1.086990
18.818923	279.802201	5.810074	-0.003206	1.091929
19.114615	282.920805	5.815078	-0.003259	1.096819
19.509340	286.031734	5.820083	-0.003331	1.101728
19.922303	289.112295	5.825088	-0.003406	1.106578
20.382642	292.208129	5.830093	-0.003489	1.111455
20.674651	295.336430	5.835098	-0.003542	1.116272
20.841118	298.513363	5.840102	-0.003572	1.121076
21.199384	301.629171	5.845107	-0.003637	1.125867
21.455197	304.784119	5.850112	-0.003684	1.130644
21.496139	307.985194	5.855117	-0.003691	1.135360
22.035592	311.033821	5.860122	-0.003789	1.140083
22.241880	314.188542	5.865126	-0.003827	1.144775
22.164356	317.451500	5.870131	-0.003813	1.149463
22.403823	320.568525	5.875136	-0.003856	1.154079
22.586435	323.695327	5.880141	-0.003890	1.158663
22.768323	326.840297	5.885146	-0.003923	1.163254
22.668816	330.054065	5.890150	-0.003905	1.167787
23.019770	333.126650	5.895155	-0.003969	1.172322
23.112485	336.271619	5.900160	-0.003986	1.176816
23.146868	339.429318	5.905165	-0.003992	1.181283
23.699385	342.435047	5.910170	-0.004092	1.185769
23.797420	345.573226	5.915174	-0.004110	1.190205
24.211835	348.625155	5.920179	-0.004185	1.194656
24.571936	351.675614	5.925184	-0.004250	1.199062
24.740108	354.809065	5.930189	-0.004281	1.203476
24.850336	357.962851	5.935194	-0.004301	1.207875
24.933491	361.122409	5.940198	-0.004316	1.212253
25.191128	364.181941	5.945203	-0.004363	1.216559
25.340741	367.329389	5.950208	-0.004391	1.220920
25.261014	370.500235	5.955213	-0.004376	1.225191
25.617680	373.566918	5.960218	-0.004441	1.229508
25.893572	376.629049	5.965222	-0.004491	1.233766
25.925276	379.773333	5.970227	-0.004497	1.238008
26.211588	382.842333	5.975232	-0.004549	1.242251
26.214644	385.976633	5.980237	-0.004550	1.246438
26.719221	388.979345	5.985242	-0.004641	1.250663
26.990994	392.048099	5.990246	-0.004691	1.254856
27.163926	395.137815	5.995251	-0.004722	1.259018
27.563169	398.191603	6.000256	-0.004794	1.263221
27.745737	401.283773	6.005261	-0.004828	1.267363
27.844425	404.432251	6.010266	-0.004846	1.271528
28.044922	407.497558	6.015270	-0.004882	1.275616
28.573154	410.479847	6.020275	-0.004978	1.279728
28.750889	413.594466	6.025280	-0.005010	1.283844
28.799807	416.747288	6.030285	-0.005019	1.287939
28.908410	419.870490	6.035290	-0.005039	1.292009
29.148751	422.931426	6.040294	-0.005083	1.296044
29.329877	426.011648	6.045299	-0.005116	1.300066
29.285045	429.200303	6.050304	-0.005108	1.304115
29.331723	432.317213	6.055309	-0.005116	1.308100
29.782599	435.316123	6.060314	-0.005198	1.312097
30.210443	438.316788	6.065318	-0.005276	1.316075
30.178048	441.464460	6.070323	-0.005270	1.320029
30.273332	444.568557	6.075328	-0.005287	1.323970
30.361779	447.682408	6.080333	-0.005304	1.327910
30.328247	450.802764	6.085338	-0.005298	1.331794
30.622198	453.828590	6.090342	-0.005351	1.335687
30.594154	456.943700	6.095347	-0.005346	1.339544
30.578502	460.082682	6.100352	-0.005344	1.343425
30.817143	463.105496	6.105357	-0.005387	1.347258
31.062911	466.146141	6.110362	-0.005432	1.351105
31.303231	469.165374	6.115366	-0.005475	1.354912
31.634808	472.187877	6.120371	-0.005535	1.358751
31.961604	475.196088	6.125376	-0.005595	1.362559
32.428615	478.194773	6.130381	-0.005679	1.366402
32.428594	481.330722	6.135386	-0.005680	1.370210
32.812665	484.345337	6.140390	-0.005749	1.374017
32.910846	487.446918	6.145395	-0.005767	1.377802
33.042667	490.561214	6.150400	-0.005791	1.381605
33.105535	493.646499	6.155405	-0.005803	1.385336
33.274297	496.743804	6.160410	-0.005834	1.389113
33.297940	499.845619	6.165414	-0.005838	1.392827
33.503390	502.904836	6.170419	-0.005875	1.396554
33.872753	505.878420	6.175424	-0.005942	1.400235
34.243566	508.898256	6.180429	-0.006010	1.403961
34.462340	511.956265	6.185434	-0.006049	1.407662
34.595829	515.053057	6.190438	-0.006074	1.411364
34.671617	518.131848	6.195443	-0.006088	1.415014
34.922357	521.190600	6.200448	-0.006133	1.418699
35.213177	524.209044	6.205453	-0.006186	1.422343
35.715150	527.195457	6.210458	-0.006277	1.426024
35.984358	530.235764	6.215462	-0.006326	1.429667
36.361177	533.261191	6.220467	-0.006394	1.433325
36.420506	536.367498	6.225472	-0.006405	1.436943
36.827827	539.379834	6.230477	-0.006479	1.440580
37.021072	542.461672	6.235482	-0.006514	1.444204
37.105913	545.580854	6.240486	-0.006529	1.447819
37.317650	548.650094	6.245491	-0.006568	1.451418
37.565023	551.694946	6.250496	-0.006613	1.454994
37.709190	554.759898	6.255501	-0.006639	1.458544
38.010302	557.818316	6.260506	-0.006694	1.462137
38.447865	560.793945	6.265510	-0.006773	1.465681
38.675800	563.872904	6.270515	-0.006814	1.469252
38.795987	566.973766	6.275520	-0.006836	1.472799
38.901464	570.058166	6.280525	-0.006856	1.476314
39.160531	573.081077	6.285530	-0.006903	1.479808
39.401244	576.138457	6.290534	-0.006946	1.483327
39.291586	579.292382	6.295539	-0.006927	1.486813
39.545154	582.337652	6.300544	-0.006973	1.490306
39.624819	585.392896	6.305549	-0.006987	1.493737
39.986256	588.397079	6.310554	-0.007053	1.497208
39.969320	591.517768	6.315558	-0.007050	1.500660
40.232293	594.536287	6.320563	-0.007098	1.504094
40.565991	597.555548	6.325568	-0.007158	1.507548
40.736356	600.630643	6.330573	-0.007189	1.510994
40.923905	603.634722	6.335578	-0.007224	1.514362
41.006968	606.747394	6.340582	-0.007239	1.517802
41.166387	609.779893	6.345587	-0.007268	1.521175
41.557000	612.770010	6.350592	-0.007339	1.524579
41.699420	615.839123	6.355597	-0.007365	1.527971
41.914341	618.898141	6.360602	-0.007404	1.531370
42.011422	621.962869	6.365606	-0.007421	1.534725
42.127720	625.052836	6.370611	-0.007443	1.538108
42.130945	628.150690	6.375616	-0.007443	1.541450
42.373043	631.169242	6.380621	-0.007487	1.544786
42.347470	634.269078	6.385626	-0.007483	1.548106
42.906905	637.215098	6.390630	-0.007584	1.551463
43.024108	640.241071	6.395635	-0.007606	1.554741
43.200396	643.298483	6.400640	-0.007638	1.558066
43.372744	646.354065	6.405645	-0.007669	1.561381
43.515204	649.396555	6.410650	-0.007695	1.564664
43.604716	652.478098	6.415654	-0.007712	1.567963
43.714687	655.554960	6.420659	-0.007732	1.571257
43.722876	658.601701	6.425664	-0.007733	1.574477
43.915485	661.651676	6.430669	-0.007768	1.577759
43.917940	664.731080	6.435674	-0.007769	1.580998
43.937814	667.804896	6.440678	-0.007773	1.584230
44.071974	670.847561	6.445683	-0.007797	1.587463
44.321742	673.857325	6.450688	-0.007843	1.590696
44.780546	676.765675	6.455693	-0.007926	1.593888
45.209715	679.747746	6.460698	-0.008004	1.597141
45.153404	682.873625	6.465702	-0.007994	1.600368
45.521712	685.852251	6.470707	-0.008060	1.603583
45.602242	688.926311	6.475712	-0.008075	1.606791
45.773414	692.008399	6.480717	-0.008106	1.610032
45.845101	695.046790	6.485722	-0.008119	1.613187
45.930800	698.135610	6.490726	-0.008135	1.616393
45.941216	701.217569	6.495731	-0.008137	1.619560
45.979109	704.281195	6.500736	-0.008144	1.622711
46.168892	707.307286	6.505741	-0.008179	1.625869
46.568279	710.270804	6.510746	-0.008251	1.629029
46.770967	713.285384	6.515750	-0.008288	1.632167
47.062790	716.316192	6.520755	-0.008341	1.635346
46.883206	719.421601	6.525760	-0.008309	1.638436
47.138734	722.446253	6.530765	-0.008355	1.641584
47.113405	725.528376	6.535770	-0.008351	1.644691
47.512129	728.481745	6.540774	-0.008423	1.647803
47.540937	731.577778	6.545779	-0.008429	1.650930
47.547355	734.644669	6.550784	-0.008430	1.654014
47.754442	737.639197	6.555789	-0.008468	1.657086
47.998579	740.683838	6.560794	-0.008512	1.660215
47.969937	743.729736	6.565798	-0.008507	1.663250
48.029192	746.828235	6.570803	-0.008518	1.666360
48.030945	749.886609	6.575808	-0.008518	1.669405
48.202907	752.888027	6.580813	-0.008550	1.672444
48.380600	755.906688	6.585818	-0.008582	1.675497
48.382639	758.959036	6.590822	-0.008583	1.678520
48.609744	761.959950	6.595827	-0.008624	1.681560
49.036678	764.922826	6.600832	-0.008701	1.684623
49.302529	767.913654	6.605837	-0.008749	1.687654
49.469526	770.990366	6.610842	-0.008780	1.690733
49.455282	774.041527	6.615846	-0.008777	1.693722
49.857384	777.023442	6.620851	-0.008850	1.696773
49.869197	780.120540	6.625856	-0.008853	1.699805
50.114616	783.115760	6.630861	-0.008897	1.702807
50.118428	786.213067	6.635866	-0.008898	1.705826
50.404647	789.222986	6.640870	-0.008950	1.708845
50.553718	792.240003	6.645875	-0.008977	1.711822
50.731296	795.282175	6.650880	-0.009010	1.714827
51.064848	798.239554	6.655885	-0.009070	1.717794
51.181067	801.324775	6.660890	-0.009091	1.720810
51.200868	804.374618	6.665894	-0.009095	1.723757
51.554720	807.378419	6.670899	-0.009159	1.726760
51.496458	810.493309	6.675904	-0.009149	1.729734
51.738047	813.482689	6.680909	-0.009193	1.732677
51.734547	816.553799	6.685914	-0.009192	1.735617
51.877273	819.603969	6.690918	-0.009218	1.738577
52.117670	822.588228	6.695923	-0.009262	1.741500
52.185161	825.666273	6.700928	-0.009275	1.744453
52.308394	828.696619	6.705933	-0.009297	1.747373
52.452019	831.744519	6.710938	-0.009323	1.750312
52.442453	834.762860	6.715942	-0.009322	1.753170
52.652654	837.792776	6.720947	-0.009360	1.756102
52.723357	840.828013	6.725952	-0.009373	1.758991
52.772024	843.906492	6.730957	-0.009382	1.761910
52.924290	846.918321	6.735962	-0.009410	1.764793
52.966607	849.974703	6.740966	-0.009417	1.767679
52.995714	853.030782	6.745971	-0.009423	1.770556
53.193491	856.012933	6.750976	-0.009459	1.773411
53.037741	859.120627	6.755981	-0.009431	1.776270
53.276197	862.119732	6.760986	-0.009474	1.779144
53.280736	865.150983	6.765990	-0.009475	1.781972
53.498993	868.190793	6.770995	-0.009515	1.784869
53.390008	871.255332	6.776000	-0.009495	1.787684
53.575923	874.269941	6.781005	-0.009529	1.790538
53.928275	877.169827	6.786010	-0.009593	1.793331
54.121163	880.192958	6.791014	-0.009628	1.796186
54.361677	883.195153	6.796019	-0.009672	1.799032
54.425990	886.234750	6.801024	-0.009684	1.801854
54.426967	889.329533	6.806029	-0.009684	1.804704
54.518499	892.375850	6.811034	-0.009701	1.807531
54.615372	895.396833	6.816038	-0.009719	1.810333
54.558514	898.488406	6.821043	-0.009709	1.813149
54.830623	901.440723	6.826048	-0.009758	1.815932
55.053456	904.464779	6.831053	-0.009798	1.818761
55.047864	907.499493	6.836058	-0.009798	1.821527
55.023386	910.593857	6.841062	-0.009793	1.824338
55.039319	913.640811	6.846067	-0.009797	1.827113
55.472629	916.575703	6.851072	-0.009875	1.829906
55.615750	919.548367	6.856077	-0.009901	1.832644
55.937467	922.550941	6.861082	-0.009960	1.835456
56.000440	925.579650	6.866086	-0.009971	1.838212
56.341682	928.577433	6.871091	-0.010033	1.841018
56.327890	931.650277	6.876096	-0.010031	1.843783
56.434953	934.706646	6.881101	-0.010050	1.846564
56.692838	937.724736	6.886106	-0.010097	1.849351
56.736395	940.749829	6.891110	-0.010105	1.852077
56.737796	943.844729	6.896115	-0.010106	1.854849
56.788815	946.887268	6.901120	-0.010115	1.857585
56.982118	949.873765	6.906125	-0.010150	1.860309
57.072133	952.927383	6.911130	-0.010167	1.863058
56.945354	956.011390	6.916134	-0.010144	1.865767
57.102040	959.051893	6.921139	-0.010173	1.868516
57.332080	961.982737	6.926144	-0.010214	1.871184
57.572684	965.000820	6.931149	-0.010258	1.873929
57.699076	968.001586	6.936154	-0.010281	1.876622
57.774213	971.078669	6.941158	-0.010295	1.879363
57.887394	974.061071	6.946163	-0.010316	1.882028
58.067436	977.113297	6.951168	-0.010348	1.884770
58.017361	980.161037	6.956173	-0.010339	1.887438
58.169010	983.193402	6.961178	-0.010367	1.890146
58.161695	986.227218	6.966182	-0.010366	1.892807
58.301899	989.259788	6.971187	-0.010392	1.895505
58.358556	992.287034	6.976192	-0.010402	1.898170
58.426267	995.321248	6.981197	-0.010414	1.900841
58.505152	998.348998	6.986202	-0.010429	1.903505
58.755776	1001.346659	6.991206	-0.010474	1.906189
58.883408	1004.373561	6.996211	-0.010498	1.908859
59.062792	1007.334671	7.001216	-0.010530	1.911482
59.211867	1010.365188	7.006221	-0.010558	1.914154
59.389980	1013.373168	7.011226	-0.010590	1.916811
59.462412	1016.427138	7.016230	-0.010603	1.919474
59.695940	1019.396697	7.021235	-0.010646	1.922106
59.690938	1022.496137	7.026240	-0.010645	1.924779
59.874803	1025.514658	7.031245	-0.010678	1.927432
59.988770	1028.525513	7.036250	-0.010699	1.930055
60.075823	1031.570111	7.041254	-0.010715	1.932696
60.213736	1034.580509	7.046259	-0.010740	1.935318
60.393104	1037.611781	7.051264	-0.010773	1.937965
60.477565	1040.621134	7.056269	-0.010788	1.940565
60.544381	1043.685939	7.061274	-0.010801	1.943203
60.611249	1046.718153	7.066278	-0.010813	1.945810
60.636724	1049.791801	7.071283	-0.010818	1.948437
60.667882	1052.807789	7.076288	-0.010824	1.951013
60.868250	1055.832121	7.081293	-0.010860	1.953640
60.944277	1058.796521	7.086298	-0.010874	1.956177
61.276984	1061.785970	7.091302	-0.010934	1.958803
61.284762	1064.802759	7.096307	-0.010936	1.961360
61.495160	1067.829095	7.101312	-0.010974	1.963977
61.676310	1070.824052	7.106317	-0.011007	1.966556
61.872277	1073.850324	7.111322	-0.011043	1.969161
61.946462	1076.863649	7.116326	-0.011056	1.971720
62.038795	1079.916135	7.121331	-0.011073	1.974313
62.116955	1082.929274	7.126336	-0.011088	1.976866
62.333112	1085.965917	7.131341	-0.011127	1.979472
62.226053	1089.011222	7.136346	-0.011108	1.981995
62.586862	1092.000241	7.141350	-0.011173	1.984593
62.746480	1095.013238	7.146355	-0.011202	1.987155
63.035259	1097.986939	7.151360	-0.011255	1.989714
63.190121	1100.990505	7.156365	-0.011283	1.992259
63.347207	1104.034058	7.161370	-0.011312	1.994835
63.500963	1107.047389	7.166374	-0.011340	1.997382
63.674017	1110.074462	7.171379	-0.011371	1.999942
63.774665	1113.101572	7.176384	-0.011389	2.002479
63.899187	1116.161332	7.181389	-0.011412	2.005047
63.990918	1119.187809	7.186394	-0.011429	2.007575
64.235747	1122.182417	7.191398	-0.011473	2.010114
64.376111	1125.204702	7.196403	-0.011499	2.012645
64.668937	1128.192366	7.201408	-0.011552	2.015184
64.910409	1131.199811	7.206413	-0.011596	2.017723
64.984944	1134.250458	7.211418	-0.011610	2.020251
64.905752	1137.353501	7.216422	-0.011596	2.022778
65.048919	1140.376417	7.221427	-0.011622	2.025294
65.002376	1143.454203	7.226432	-0.011613	2.027803
65.180025	1146.423356	7.231437	-0.011646	2.030278
65.459615	1149.393912	7.236442	-0.011696	2.032777
65.715242	1152.372671	7.241446	-0.011743	2.035275
65.811342	1155.429103	7.246451	-0.011760	2.037790
65.986935	1158.437350	7.251456	-0.011792	2.040285
66.314512	1161.420916	7.256461	-0.011852	2.042795
66.379948	1164.470704	7.261466	-0.011864	2.045288
66.484752	1167.523072	7.266470	-0.011883	2.047791
66.733201	1170.482578	7.271475	-0.011928	2.050252
66.631713	1173.596958	7.276480	-0.011910	2.052745
66.790098	1176.598333	7.281485	-0.011939	2.055211
66.875630	1179.649225	7.286490	-0.011955	2.057695
67.185710	1182.601415	7.291494	-0.012011	2.060155
67.071944	1185.709751	7.296499	-0.011990	2.062628
67.263881	1188.710769	7.301504	-0.012025	2.065090
67.579709	1191.674928	7.306509	-0.012083	2.067552
67.690061	1194.674987	7.311514	-0.012103	2.069987
67.703596	1197.747209	7.316518	-0.012105	2.072452
67.796068	1200.754506	7.321523	-0.012122	2.074882
67.900229	1203.817742	7.326528	-0.012141	2.077357
68.059058	1206.815106	7.331533	-0.012170	2.079791
68.061694	1209.866804	7.336538	-0.012171	2.082225
68.262491	1212.875484	7.341542	-0.012208	2.084672
68.100870	1215.962507	7.346547	-0.012179	2.087088
68.458187	1218.894572	7.351552	-0.012243	2.089508
68.499791	1221.931680	7.356557	-0.012251	2.091929
68.711121	1224.922089	7.361562	-0.012289	2.094353
68.896855	1227.939568	7.366566	-0.012323	2.096789
69.097809	1230.923256	7.371571	-0.012360	2.099200
69.182175	1233.978036	7.376576	-0.012375	2.101635
69.298951	1237.021592	7.381581	-0.012397	2.104066
69.225971	1240.079443	7.386586	-0.012384	2.106458
69.496136	1243.066287	7.391590	-0.012433	2.108877
69.564331	1246.054256	7.396595	-0.012445	2.111244
69.717529	1249.079771	7.401600	-0.012473	2.113659
69.628439	1252.148593	7.406605	-0.012457	2.116045
69.876070	1255.126773	7.411610	-0.012502	2.118441
69.897958	1258.179775	7.416614	-0.012506	2.120836
70.066537	1261.184914	7.421619	-0.012537	2.123228
70.256079	1264.149321	7.426624	-0.012571	2.125590
70.601594	1267.167771	7.431629	-0.012634	2.128031
70.514629	1270.173054	7.436634	-0.012619	2.130352
70.507252	1273.293676	7.441638	-0.012618	2.132779
70.745598	1276.228676	7.446643	-0.012661	2.135120
70.962471	1279.247982	7.451648	-0.012700	2.137519
70.980582	1282.282323	7.456653	-0.012704	2.139877
71.088800	1285.321043	7.461658	-0.012723	2.142259
71.252515	1288.316867	7.466662	-0.012753	2.144618
71.517238	1291.339393	7.471667	-0.012801	2.147020
71.619472	1294.289840	7.476672	-0.012820	2.149324
71.761682	1297.353371	7.481677	-0.012846	2.151723
71.838644	1300.360890	7.486682	-0.012860	2.154060
72.130409	1303.350379	7.491686	-0.012913	2.156432
72.292976	1306.363236	7.496691	-0.012943	2.158789
72.276346	1309.428499	7.501696	-0.012940	2.161139
72.561658	1312.423538	7.506701	-0.012992	2.163507
72.581820	1315.486998	7.511706	-0.012995	2.165860
72.698843	1318.501339	7.516710	-0.013017	2.168196
72.891810	1321.499014	7.521715	-0.013052	2.170536
72.899245	1324.535798	7.526720	-0.013053	2.172858
73.141796	1327.552768	7.531725	-0.013097	2.175219
73.088827	1330.620412	7.536730	-0.013088	2.177545
73.057680	1333.661289	7.541734	-0.013083	2.179853
73.152299	1336.689325	7.546739	-0.013100	2.182180
73.091327	1339.739839	7.551744	-0.013089	2.184484
73.200345	1342.757323	7.556749	-0.013109	2.186800
73.345892	1345.714923	7.561754	-0.013136	2.189078
73.438797	1348.726802	7.566758	-0.013153	2.191382
73.674758	1351.709879	7.571763	-0.013196	2.193695
73.585687	1354.788092	7.576768	-0.013180	2.196002
73.635145	1357.806687	7.581773	-0.013189	2.198293
73.586935	1360.842463	7.586778	-0.013180	2.200572
74.086373	1363.750826	7.591782	-0.013271	2.202882
74.188661	1366.757473	7.596787	-0.013289	2.205169
74.239875	1369.843488	7.601792	-0.013299	2.207502
74.296374	1372.812230	7.606797	-0.013309	2.209746
74.418010	1375.875403	7.611802	-0.013332	2.212073
74.473701	1378.869352	7.616806	-0.013342	2.214331
74.673739	1381.899072	7.621811	-0.013378	2.216647
74.782841	1384.880090	7.626816	-0.013398	2.218903
75.037152	1387.887189	7.631821	-0.013444	2.221209
74.974588	1390.952724	7.636826	-0.013433	2.223484
75.402005	1393.885228	7.641830	-0.013511	2.225770
75.387240	1396.933320	7.646835	-0.013508	2.228038
75.392323	1399.962374	7.651840	-0.013509	2.230294
75.590757	1402.973700	7.656845	-0.013545	2.232579
75.722170	1405.993750	7.661850	-0.013569	2.234853
76.056579	1408.964841	7.666854	-0.013630	2.237135
76.219277	1411.943740	7.671859	-0.013660	2.239381
76.595714	1414.941183	7.676864	-0.013728	2.241687
76.822698	1417.941983	7.681869	-0.013769	2.243959
76.822025	1421.042573	7.686874	-0.013769	2.246251
77.094782	1423.999901	7.691878	-0.013819	2.248496
77.228760	1427.020003	7.696883	-0.013843	2.250755
77.508098	1430.032337	7.701888	-0.013894	2.253038
77.523393	1433.098973	7.706893	-0.013897	2.255299
77.760448	1436.108051	7.711898	-0.013940	2.257565
78.115800	1439.043327	7.716902	-0.014004	2.259803
78.144253	1442.142392	7.721907	-0.014010	2.262083
78.346470	1445.144832	7.726912	-0.014046	2.264330
78.409238	1448.229043	7.731917	-0.014058	2.266603
78.642167	1451.171564	7.736922	-0.014100	2.268809
78.856198	1454.206895	7.741926	-0.014139	2.271076
78.799968	1457.250484	7.746931	-0.014129	2.273286
79.013476	1460.263885	7.751936	-0.014168	2.275532
79.171397	1463.282168	7.756941	-0.014197	2.277767
79.347398	1466.255841	7.761946	-0.014229	2.279972
79.427349	1469.335456	7.766950	-0.014243	2.282230
79.554895	1472.328616	7.771955	-0.014267	2.284433
79.641759	1475.387668	7.776960	-0.014283	2.286673
79.803396	1478.340253	7.781965	-0.014312	2.288851
79.768130	1481.429093	7.786970	-0.014306	2.291081
80.046142	1484.376955	7.791974	-0.014356	2.293276
80.091072	1487.423411	7.796979	-0.014365	2.295489
80.263647	1490.433570	7.801984	-0.014396	2.297702
80.326328	1493.459478	7.806989	-0.014408	2.299900
80.432900	1496.510266	7.811994	-0.014427	2.302123
80.455490	1499.520838	7.816998	-0.014431	2.304297
80.564617	1502.578930	7.822003	-0.014451	2.306522
80.597375	1505.506119	7.827008	-0.014458	2.308634
80.703522	1508.571848	7.832013	-0.014477	2.310859
80.881707	1511.537605	7.837018	-0.014509	2.313027
80.813346	1514.616714	7.842022	-0.014497	2.315219
80.834648	1517.654261	7.847027	-0.014501	2.317399
81.093403	1520.609668	7.852032	-0.014548	2.319571
81.154648	1523.660093	7.857037	-0.014560	2.321765
81.111448	1526.703198	7.862042	-0.014552	2.323929
81.145950	1529.739842	7.867046	-0.014558	2.326103
81.416483	1532.663043	7.872051	-0.014607	2.328247
81.341468	1535.730112	7.877056	-0.014594	2.330415
81.493923	1538.718781	7.882061	-0.014622	2.332575
81.650800	1541.721011	7.887066	-0.014650	2.334743
81.832435	1544.738055	7.892070	-0.014683	2.336925
81.783873	1547.760359	7.897075	-0.014675	2.339059
81.999472	1550.792068	7.902080	-0.014714	2.341256
82.023906	1553.784278	7.907085	-0.014719	2.343380
82.212217	1556.825296	7.912090	-0.014753	2.345573
82.223511	1559.821351	7.917094	-0.014755	2.347693
82.390261	1562.805535	7.922099	-0.014786	2.349837
82.469850	1565.850931	7.927104	-0.014800	2.352003
82.538494	1568.838290	7.932109	-0.014813	2.354124
82.838682	1571.853981	7.937114	-0.014867	2.356313
82.953565	1574.812735	7.942118	-0.014888	2.358420
82.939427	1577.890390	7.947123	-0.014886	2.360581
83.227671	1580.862351	7.952128	-0.014938	2.362731
83.183140	1583.908228	7.957133	-0.014930	2.364859
83.308451	1586.946205	7.962138	-0.014953	2.367016
83.485388	1589.894948	7.967142	-0.014985	2.369119
83.469985	1592.979158	7.972147	-0.014983	2.371274
83.475632	1596.000983	7.977152	-0.014984	2.373389
83.502318	1599.039851	7.982157	-0.014989	2.375517
83.715843	1602.018461	7.987162	-0.015028	2.377642
83.652392	1605.088823	7.992166	-0.015017	2.379770
83.943244	1608.041434	7.997171	-0.015069	2.381889
84.163114	1611.029050	8.002176	-0.015109	2.384015
84.143994	1614.096977	8.007181	-0.015106	2.386145
84.261954	1617.025512	8.012186	-0.015128	2.388205
84.253346	1620.110008	8.017190	-0.015126	2.390345
84.192011	1623.144476	8.022195	-0.015115	2.392437
84.364598	1626.159944	8.027200	-0.015147	2.394563
84.550857	1629.131143	8.032205	-0.015181	2.396660
84.586779	1632.133522	8.037210	-0.015187	2.398745
84.705036	1635.190901	8.042214	-0.015209	2.400883
84.846143	1638.161325	8.047219	-0.015235	2.402964
85.000325	1641.209158	8.052224	-0.015263	2.405099
84.887632	1644.238954	8.057229	-0.015243	2.407164
85.119492	1647.203033	8.062234	-0.015285	2.409255
85.315152	1650.229602	8.067238	-0.015320	2.411379
85.484800	1653.179860	8.072243	-0.015351	2.413443
85.596779	1656.256203	8.077248	-0.015372	2.415580
85.645049	1659.247096	8.082253	-0.015381	2.417643
85.799602	1662.267198	8.087258	-0.015409	2.419746
85.962335	1665.298674	8.092262	-0.015438	2.421857
85.970043	1668.315457	8.097267	-0.015440	2.423924
86.174769	1671.348430	8.102272	-0.015477	2.426041
86.196425	1674.309083	8.107277	-0.015481	2.428069
86.405421	1677.317289	8.112282	-0.015519	2.430167
86.483673	1680.337459	8.117286	-0.015534	2.432244
86.416604	1683.396128	8.122291	-0.015522	2.434315
86.562457	1686.404421	8.127296	-0.015548	2.436394
86.694061	1689.378364	8.132301	-0.015572	2.438445
86.676584	1692.453156	8.137306	-0.015569	2.440532
86.861131	1695.419866	8.142310	-0.015603	2.442585
86.969343	1698.456702	8.147315	-0.015623	2.444669
87.023734	1701.461605	8.152320	-0.015633	2.446718
87.387863	1704.371714	8.157325	-0.015699	2.448765
87.695242	1707.379566	8.162330	-0.015755	2.450864
87.881911	1710.353978	8.167334	-0.015789	2.452915
88.053660	1713.426736	8.172339	-0.015820	2.455027
88.215680	1716.411507	8.177344	-0.015849	2.457076
88.320577	1719.452692	8.182349	-0.015868	2.459149
88.288482	1722.529133	8.187354	-0.015863	2.461217
88.535321	1725.511721	8.192358	-0.015908	2.463276
88.583014	1728.593788	8.197363	-0.015917	2.465360
88.521139	1731.572044	8.202368	-0.015906	2.467350
88.637136	1734.613960	8.207373	-0.015927	2.469418
88.716796	1737.611071	8.212378	-0.015941	2.471446
88.828476	1740.605893	8.217382	-0.015962	2.473478
88.792795	1743.701771	8.222387	-0.015956	2.475546
88.864315	1746.658502	8.227392	-0.015969	2.477540
88.911205	1749.699286	8.232397	-0.015977	2.479585
88.947892	1752.737501	8.237402	-0.015984	2.481624
88.972270	1755.748048	8.242406	-0.015989	2.483640
89.055643	1758.769229	8.247411	-0.016004	2.485673
89.194124	1761.713795	8.252416	-0.016029	2.487665
89.257284	1764.753066	8.257421	-0.016041	2.489703
89.310579	1767.777891	8.262426	-0.016051	2.491728
89.334999	1770.800283	8.267430	-0.016055	2.493744
89.402834	1773.827324	8.272435	-0.016068	2.495770
89.584693	1776.770342	8.277440	-0.016101	2.497762
89.525813	1779.850573	8.282445	-0.016091	2.499794
89.746802	1782.827663	8.287450	-0.016131	2.501813
90.019436	1785.803971	8.292454	-0.016180	2.503839
90.173358	1788.831702	8.297459	-0.016208	2.505875
90.261181	1791.803461	8.302464	-0.016224	2.507858
90.273036	1794.853822	8.307469	-0.016227	2.509877
90.401033	1797.848584	8.312474	-0.016250	2.511881
90.515198	1800.884961	8.317478	-0.016271	2.513907
90.574363	1803.896065	8.322483	-0.016282	2.515905
90.728216	1806.897992	8.327488	-0.016310	2.517913
90.778293	1809.920235	8.332493	-0.016319	2.519913
90.987920	1812.921961	8.337498	-0.016357	2.521929
91.099512	1815.931581	8.342502	-0.016378	2.523930
91.123831	1818.954106	8.347507	-0.016382	2.525920
91.144943	1821.950720	8.352512	-0.016386	2.527891
91.348694	1824.962819	8.357517	-0.016423	2.529906
91.538710	1827.923610	8.362522	-0.016458	2.531884
91.590567	1830.990170	8.367526	-0.016467	2.533902
91.665699	1834.000911	8.372531	-0.016481	2.535886
91.723106	1837.020061	8.377536	-0.016492	2.537871
91.821933	1840.065780	8.382541	-0.016510	2.539880
91.891239	1843.066557	8.387546	-0.016523	2.541852
92.086156	1846.080018	8.392550	-0.016558	2.543856
92.074185	1849.098351	8.397555	-0.016556	2.545820
92.194541	1852.043255	8.402560	-0.016578	2.547762
92.361754	1855.076048	8.407565	-0.016608	2.549767
92.340457	1858.093864	8.412570	-0.016605	2.551725
92.496688	1861.119389	8.417574	-0.016633	2.553721
92.440323	1864.175682	8.422579	-0.016623	2.555694
92.590033	1867.148022	8.427584	-0.016651	2.557651
92.644480	1870.190869	8.432589	-0.016661	2.559634
92.957397	1873.143820	8.437594	-0.016717	2.561607
92.932797	1876.197633	8.442598	-0.016713	2.563579
93.161246	1879.181982	8.447603	-0.016755	2.565553
93.098564	1882.182730	8.452608	-0.016743	2.567479
93.340873	1885.211907	8.457613	-0.016788	2.569482
93.576884	1888.146667	8.462618	-0.016830	2.571421
93.696596	1891.223727	8.467622	-0.016852	2.573427
93.753678	1894.259576	8.472627	-0.016863	2.575394
93.783173	1897.238533	8.477632	-0.016868	2.577317
94.083412	1900.244557	8.482637	-0.016923	2.579308
94.243412	1903.248806	8.487642	-0.016952	2.581269
94.392255	1906.256531	8.492646	-0.016979	2.583229
94.497924	1909.349026	8.497651	-0.016998	2.585234
94.666598	1912.375563	8.502656	-0.017029	2.587207
94.902622	1915.381060	8.507661	-0.017072	2.589177
94.823066	1918.404353	8.512666	-0.017058	2.591098
94.907196	1921.379070	8.517670	-0.017073	2.593017
95.028868	1924.421825	8.522675	-0.017095	2.594985
94.893597	1927.419719	8.527680	-0.017071	2.596875
95.133961	1930.410098	8.532685	-0.017115	2.598829
95.141676	1933.438998	8.537690	-0.017116	2.600763
95.086650	1936.460087	8.542694	-0.017107	2.602678
95.068227	1939.550252	8.547699	-0.017104	2.604642
95.288433	1942.414776	8.552704	-0.017144	2.606507
95.409874	1945.445973	8.557709	-0.017166	2.608458
95.431180	1948.488738	8.562714	-0.017170	2.610395
95.555650	1951.437826	8.567719	-0.017192	2.612291
95.717628	1954.482836	8.572723	-0.017222	2.614254
95.656308	1957.513505	8.577728	-0.017211	2.616164
95.841751	1960.484727	8.582733	-0.017245	2.618082
96.108521	1963.500991	8.587738	-0.017293	2.620041
96.164027	1966.473706	8.592743	-0.017303	2.621933
96.313905	1969.532345	8.597747	-0.017331	2.623894
96.339794	1972.502657	8.602752	-0.017336	2.625776
96.407329	1975.524401	8.607757	-0.017348	2.627696
96.512155	1978.572276	8.612762	-0.017367	2.629638
96.644877	1981.536426	8.617767	-0.017391	2.631531
96.584115	1984.614631	8.622771	-0.017381	2.633459
96.817486	1987.594420	8.627776	-0.017423	2.635378
96.844026	1990.571916	8.632781	-0.017428	2.637255
96.863535	1993.662432	8.637786	-0.017432	2.639202
97.027435	1996.610252	8.642791	-0.017462	2.641083
97.158400	1999.651048	8.647795	-0.017486	2.643016
97.328558	2002.650956	8.652800	-0.017517	2.644929
97.397221	2005.626672	8.657805	-0.017529	2.646806
97.454684	2008.681876	8.662810	-0.017540	2.648730
97.494812	2011.694769	8.667815	-0.017547	2.650623
97.543292	2014.696136	8.672819	-0.017556	2.652509
97.419555	2017.820768	8.677824	-0.017534	2.654439
97.480592	2020.740266	8.682829	-0.017545	2.656273
97.591318	2023.797089	8.687834	-0.017565	2.658201
97.824006	2026.752225	8.692839	-0.017608	2.660087
97.930495	2029.764656	8.697843	-0.017627	2.661983
97.884602	2032.823520	8.702848	-0.017619	2.663879
98.004086	2035.797852	8.707853	-0.017641	2.665752
98.100410	2038.773081	8.712858	-0.017659	2.667620
98.103506	2041.824022	8.717863	-0.017659	2.669516
98.122476	2044.813126	8.722867	-0.017663	2.671375
98.183180	2047.837381	8.727872	-0.017674	2.673263
98.333797	2050.817794	8.732877	-0.017702	2.675138
98.367230	2053.831671	8.737882	-0.017708	2.677012
98.460069	2056.843382	8.742887	-0.017725	2.678893
98.508663	2059.873735	8.747891	-0.017734	2.680777
98.563203	2062.862068	8.752896	-0.017744	2.682635
99.005132	2065.816942	8.757901	-0.017824	2.684541
98.990071	2068.805631	8.762906	-0.017821	2.686383
99.138183	2071.847333	8.767911	-0.017848	2.688287
99.165670	2074.875363	8.772915	-0.017854	2.690159
99.327494	2077.861676	8.777920	-0.017883	2.692028
99.375758	2080.920341	8.782925	-0.017892	2.693920
99.459711	2083.913390	8.787930	-0.017907	2.695776
99.607296	2086.913818	8.792935	-0.017934	2.697648
99.820144	2089.925283	8.797939	-0.017973	2.699536
99.786450	2092.931049	8.802944	-0.017967	2.701376
99.990522	2095.976859	8.807949	-0.018004	2.703281
100.040945	2098.953590	8.812954	-0.018014	2.705115
100.153687	2101.943235	8.817959	-0.018034	2.706967
100.321441	2104.960751	8.822963	-0.018065	2.708845
100.321554	2107.967530	8.827968	-0.018065	2.710684
100.354319	2111.009227	8.832973	-0.018071	2.712550
100.641342	2114.010650	8.837978	-0.018123	2.714435
100.509000	2117.008021	8.842983	-0.018099	2.716242
100.726031	2120.062742	8.847987	-0.018139	2.718145
100.524514	2123.116027	8.852992	-0.018103	2.719971
100.656775	2126.113631	8.857997	-0.018127	2.721821
100.698612	2129.136548	8.863002	-0.018135	2.723669
100.723243	2132.112651	8.868007	-0.018139	2.725484
100.860510	2135.112950	8.873011	-0.018164	2.727333
100.933343	2138.131491	8.878016	-0.018178	2.729180
100.883929	2141.128998	8.883021	-0.018169	2.730992
101.059933	2144.181870	8.888026	-0.018201	2.732876
100.958412	2147.202667	8.893031	-0.018183	2.734690
101.264688	2150.144671	8.898035	-0.018238	2.736527
101.120057	2153.214974	8.903040	-0.018212	2.738361
101.086086	2156.249502	8.908045	-0.018206	2.740192
101.210701	2159.261221	8.913050	-0.018229	2.742036
101.367185	2162.251305	8.918055	-0.018258	2.743870
101.513753	2165.163083	8.923059	-0.018284	2.745655
101.740129	2168.177326	8.928064	-0.018326	2.747514
101.587555	2171.248591	8.933069	-0.018298	2.749340
101.864901	2174.192160	8.938074	-0.018348	2.751163
101.812032	2177.231306	8.943079	-0.018339	2.752985
101.995849	2180.244923	8.948083	-0.018373	2.754831
102.085555	2183.215706	8.953088	-0.018389	2.756634
102.134819	2186.257818	8.958093	-0.018398	2.758472
102.346781	2189.245574	8.963098	-0.018437	2.760304
102.496984	2192.260005	8.968103	-0.018464	2.762140
102.567393	2195.310485	8.973107	-0.018477	2.763982
102.779778	2198.245450	8.978112	-0.018516	2.765779
102.847542	2201.282536	8.983117	-0.018528	2.767611
103.224257	2204.263746	8.988122	-0.018596	2.769461
103.244044	2207.250958	8.993127	-0.018600	2.771252
103.370752	2210.318394	8.998131	-0.018623	2.773109
103.398045	2213.330389	9.003136	-0.018628	2.774913
103.512442	2216.344856	9.008141	-0.018649	2.776734
103.562090	2219.388379	9.013146	-0.018658	2.778559
103.677691	2222.384022	9.018151	-0.018680	2.780365
103.582234	2225.425699	9.023155	-0.018662	2.782162
103.921335	2228.406525	9.028160	-0.018724	2.783996
103.783934	2231.384481	9.033165	-0.018699	2.785745
104.156683	2234.361761	9.038170	-0.018767	2.787580
104.268280	2237.390026	9.043175	-0.018787	2.789400
104.325180	2240.411865	9.048179	-0.018798	2.791205
104.317851	2243.458885	9.053184	-0.018797	2.793013
104.493979	2246.435130	9.058189	-0.018829	2.794809
104.576719	2249.438086	9.063194	-0.018844	2.796604
104.643274	2252.518794	9.068199	-0.018856	2.798441
104.697232	2255.481773	9.073203	-0.018866	2.800205
104.866106	2258.513366	9.078208	-0.018897	2.802028
105.093694	2261.505849	9.083213	-0.018938	2.803836
105.081941	2264.506160	9.088218	-0.018936	2.805608
105.189923	2267.529521	9.093223	-0.018956	2.807412
105.348411	2270.534559	9.098227	-0.018985	2.809213
105.253790	2273.549574	9.103232	-0.018968	2.810975
105.364318	2276.613050	9.108237	-0.018988	2.812800
105.475952	2279.562159	9.113242	-0.019009	2.814557
105.720318	2282.550967	9.118247	-0.019053	2.816358
105.675138	2285.600283	9.123251	-0.019045	2.818144
105.734179	2288.630707	9.128256	-0.019056	2.819936
105.890315	2291.644322	9.133261	-0.019084	2.821734
105.921680	2294.691891	9.138266	-0.019090	2.823529
106.053921	2297.575816	9.143271	-0.019114	2.825244
106.187578	2300.631496	9.148275	-0.019139	2.827059
106.163742	2303.654298	9.153280	-0.019135	2.828827
106.358665	2306.625526	9.158285	-0.019170	2.830600
106.513521	2309.619200	9.163290	-0.019198	2.832379
106.476000	2312.711919	9.168295	-0.019192	2.834182
106.499587	2315.668979	9.173299	-0.019196	2.835915
106.595716	2318.700668	9.178304	-0.019214	2.837703
106.791914	2321.673663	9.183309	-0.019249	2.839471
106.843450	2324.721416	9.188314	-0.019259	2.841259
106.812440	2327.757702	9.193319	-0.019254	2.843025
107.022712	2330.694395	9.198323	-0.019292	2.844771
107.006449	2333.742024	9.203328	-0.019289	2.846544
107.161672	2336.800619	9.208333	-0.019317	2.848350
107.157988	2339.719145	9.213338	-0.019317	2.850048
107.301913	2342.794483	9.218343	-0.019343	2.851860
107.301925	2345.818207	9.223347	-0.019343	2.853617
107.278957	2348.800860	9.228352	-0.019339	2.855345
107.501526	2351.819846	9.233357	-0.019380	2.857134
107.704451	2354.796316	9.238362	-0.019417	2.858894
107.668595	2357.807020	9.243367	-0.019410	2.860633
107.737983	2360.902836	9.248371	-0.019423	2.862438
107.579356	2363.873926	9.253376	-0.019395	2.864132
107.850590	2366.828243	9.258381	-0.019444	2.865886
107.834730	2369.892453	9.263386	-0.019441	2.867655
107.928197	2372.873472	9.268391	-0.019458	2.869393
107.862929	2375.891104	9.273395	-0.019447	2.871125
108.111169	2378.908158	9.278400	-0.019492	2.872908
108.154383	2381.845101	9.283405	-0.019500	2.874609
108.381910	2384.880509	9.288410	-0.019541	2.876396
108.434816	2387.927268	9.293415	-0.019551	2.878160
108.472336	2390.918440	9.298419	-0.019558	2.879888
108.580864	2393.929297	9.303424	-0.019578	2.881638
108.690851	2396.964414	9.308429	-0.019598	2.883401
108.542777	2399.939186	9.313434	-0.019571	2.885087
108.771920	2402.981780	9.318439	-0.019613	2.886872
108.839141	2405.954638	9.323443	-0.019625	2.888589
109.009167	2408.975874	9.328448	-0.019656	2.890350
109.043586	2411.987788	9.333453	-0.019663	2.892083
109.135754	2415.003725	9.338458	-0.019680	2.893826
109.328937	2418.003327	9.343463	-0.019715	2.895574
109.356468	2421.024866	9.348467	-0.019720	2.897308
109.401061	2424.069067	9.353472	-0.019728	2.899056
109.497171	2427.055776	9.358477	-0.019746	2.900779
109.414282	2430.105200	9.363482	-0.019731	2.902508
109.704336	2433.060483	9.368487	-0.019784	2.904242
109.688688	2436.046938	9.373491	-0.019781	2.905943
109.820002	2439.106510	9.378496	-0.019805	2.907709
109.929605	2442.042046	9.383501	-0.019825	2.909400
110.015725	2445.090117	9.388506	-0.019841	2.911150
110.052036	2448.125555	9.393511	-0.019848	2.912883
110.096178	2451.098027	9.398515	-0.019856	2.914581
110.200139	2454.106485	9.403520	-0.019875	2.916308
110.501933	2457.107795	9.408525	-0.019929	2.918062
110.542934	2460.070008	9.413530	-0.019937	2.919751
110.721434	2463.153745	9.418535	-0.019970	2.921529
110.761529	2466.148401	9.423539	-0.019977	2.923234
110.961423	2469.083920	9.428544	-0.020013	2.924930
110.849770	2472.197511	9.433549	-0.019993	2.926676
111.145347	2475.145564	9.438554	-0.020047	2.928392
111.166696	2478.154251	9.443559	-0.020051	2.930098
111.286902	2481.202103	9.448563	-0.020073	2.931841
111.351240	2484.161402	9.453568	-0.020085	2.933524
111.336347	2487.208784	9.458573	-0.020082	2.935243
111.441582	2490.189951	9.463578	-0.020102	2.936942
111.616450	2493.246895	9.468583	-0.020133	2.938695
111.527233	2496.250712	9.473587	-0.020118	2.940374
111.754574	2499.237322	9.478592	-0.020159	2.942093
111.838258	2502.228853	9.483597	-0.020174	2.943791
111.880671	2505.231477	9.488602	-0.020182	2.945488
111.903101	2508.280855	9.493607	-0.020186	2.947207
111.883155	2511.325551	9.498611	-0.020183	2.948916
111.943396	2514.272873	9.503616	-0.020194	2.950581
112.117274	2517.340787	9.508621	-0.020226	2.952332
112.072759	2520.281362	9.513626	-0.020218	2.953975
112.213320	2523.307657	9.518631	-0.020243	2.955695
112.077332	2526.396339	9.523635	-0.020219	2.957405
112.137867	2529.334316	9.528640	-0.020230	2.959060
112.334267	2532.379890	9.533645	-0.020266	2.960797
112.159258	2535.459597	9.538650	-0.020235	2.962493
112.213700	2538.354691	9.543655	-0.020245	2.964121
112.439118	2541.370711	9.548659	-0.020286	2.965842
112.353647	2544.416036	9.553664	-0.020270	2.967530
112.510642	2547.381464	9.558669	-0.020299	2.969210
112.414959	2550.443130	9.563674	-0.020282	2.970904
112.655988	2553.438982	9.568679	-0.020326	2.972612
112.774691	2556.367077	9.573683	-0.020347	2.974263
112.972494	2559.413820	9.578688	-0.020383	2.975991
112.976792	2562.434391	9.583693	-0.020384	2.977673
113.224935	2565.412926	9.588698	-0.020429	2.979369
113.127390	2568.474274	9.593703	-0.020412	2.981056
113.265549	2571.500408	9.598707	-0.020437	2.982760
113.262529	2574.427602	9.603712	-0.020437	2.984385
113.370327	2577.470695	9.608717	-0.020456	2.986092
113.439036	2580.491535	9.613722	-0.020469	2.987778
113.648116	2583.422171	9.618727	-0.020507	2.989436
113.705659	2586.482230	9.623731	-0.020518	2.991141
113.903544	2589.482535	9.628736	-0.020554	2.992833
113.889678	2592.442979	9.633741	-0.020551	2.994470
114.029030	2595.542554	9.638746	-0.020577	2.996207
114.064417	2598.518650	9.643751	-0.020583	2.997858
114.106043	2601.560209	9.648755	-0.020591	2.999545
114.170343	2604.557633	9.653760	-0.020603	3.001211
114.384592	2607.546295	9.658765	-0.020642	3.002894
114.363049	2610.542040	9.663770	-0.020638	3.004543
114.515818	2613.568157	9.668775	-0.020666	3.006235
114.432722	2616.597877	9.673779	-0.020651	3.007893
114.666573	2619.561350	9.678784	-0.020694	3.009561
114.667347	2622.598980	9.683789	-0.020694	3.011233
114.879698	2625.619497	9.688794	-0.020733	3.012927
114.869266	2628.580167	9.693799	-0.020731	3.014554
115.258867	2631.569336	9.698803	-0.020802	3.016256
115.191764	2634.627418	9.703808	-0.020790	3.017926
115.533883	2637.562732	9.708813	-0.020852	3.019589
115.504837	2640.643267	9.713818	-0.020847	3.021275
115.815375	2643.590750	9.718823	-0.020903	3.022938
115.855867	2646.546693	9.723827	-0.020911	3.024565
115.960120	2649.636004	9.728832	-0.020930	3.026273
116.001870	2652.627404	9.733837	-0.020937	3.027917
116.127764	2655.632622	9.738842	-0.020960	3.029580
116.128434	2658.719735	9.743847	-0.020961	3.031269
116.224127	2661.701250	9.748851	-0.020978	3.032913
116.323605	2664.685657	9.753856	-0.020996	3.034558
116.367041	2667.738054	9.758861	-0.021004	3.036231
116.513112	2670.671753	9.763866	-0.021031	3.037854
116.697377	2673.721376	9.768871	-0.021065	3.039545
116.732379	2676.756538	9.773875	-0.021071	3.041204
117.016738	2679.696116	9.778880	-0.021123	3.042848
117.025823	2682.695291	9.783885	-0.021125	3.044483
117.195614	2685.742568	9.788890	-0.021155	3.046166
117.230779	2688.747626	9.793895	-0.021162	3.047806
117.405244	2691.744192	9.798899	-0.021194	3.049461
117.542296	2694.769960	9.803904	-0.021219	3.051125
117.647419	2697.773984	9.808909	-0.021238	3.052772
117.628516	2700.782056	9.813914	-0.021235	3.054402
117.715535	2703.855355	9.818919	-0.021251	3.056082
117.924994	2706.812688	9.823923	-0.021289	3.057716
117.972342	2709.827071	9.828928	-0.021297	3.059357
117.944978	2712.903355	9.833933	-0.021293	3.061018
118.174688	2715.847387	9.838938	-0.021334	3.062646
118.145323	2718.801108	9.843943	-0.021329	3.064239
118.411732	2721.839965	9.848947	-0.021378	3.065922
118.254005	2724.892094	9.853952	-0.021349	3.067548
118.423578	2727.857369	9.858957	-0.021380	3.069174
118.426203	2730.890195	9.863962	-0.021381	3.070812
118.598386	2733.902574	9.868967	-0.021412	3.072462
118.653435	2736.871631	9.873971	-0.021423	3.074072
118.672832	2739.926172	9.878976	-0.021426	3.075721
118.924088	2742.873201	9.883981	-0.021472	3.077345
118.975091	2745.920073	9.888986	-0.021481	3.078993
118.944308	2748.948559	9.893991	-0.021476	3.080618
119.009194	2751.990261	9.898995	-0.021488	3.082263
119.034044	2754.917880	9.904000	-0.021493	3.083840
119.173403	2757.974453	9.909005	-0.021518	3.085503
119.175196	2760.998120	9.914010	-0.021519	3.087127
119.155042	2763.981064	9.919015	-0.021515	3.088724
119.338184	2766.966025	9.924019	-0.021548	3.090352
119.399707	2770.042260	9.929024	-0.021560	3.092010
119.307944	2773.007470	9.934029	-0.021543	3.093586
119.755247	2775.997643	9.939034	-0.021624	3.095252
119.714556	2779.016808	9.944039	-0.021617	3.096862
120.047722	2781.960309	9.949043	-0.021678	3.098485
119.890268	2785.076309	9.954048	-0.021649	3.100128
120.027070	2788.060708	9.959053	-0.021674	3.101743
119.959254	2791.001187	9.964058	-0.021662	3.103304
120.215128	2794.013674	9.969063	-0.021709	3.104949
120.190785	2797.081149	9.974067	-0.021705	3.106582
120.367998	2800.044537	9.979072	-0.021737	3.108188
120.363787	2803.064047	9.984077	-0.021736	3.109797
120.497803	2806.132597	9.989082	-0.021761	3.111451
120.479911	2809.042285	9.994087	-0.021758	3.112998
120.570807	2812.108743	9.999091	-0.021774	3.114643
120.541722	2815.170050	10.004096	-0.021769	3.116267
120.686044	2818.136004	10.009101	-0.021796	3.117864
120.695885	2821.149959	10.014106	-0.021798	3.119467
120.735916	2824.208446	10.019111	-0.021805	3.121097
120.734149	2827.125723	10.024115	-0.021805	3.122645
120.829089	2830.188372	10.029120	-0.021822	3.124284
120.849440	2833.168018	10.034125	-0.021826	3.125867
120.831525	2836.225526	10.039130	-0.021823	3.127484
120.940619	2839.196019	10.044135	-0.021843	3.129073
121.082352	2842.198747	10.049139	-0.021869	3.130683
121.038851	2845.223631	10.054144	-0.021861	3.132278
121.129942	2848.218983	10.059149	-0.021878	3.133875
121.169424	2851.255235	10.064154	-0.021885	3.135486
121.347796	2854.265599	10.069159	-0.021918	3.137102
121.210133	2857.242257	10.074163	-0.021893	3.138654
121.575253	2860.240841	10.079168	-0.021959	3.140289
121.598381	2863.228005	10.084173	-0.021964	3.141868
121.723716	2866.187926	10.089178	-0.021987	3.143446
121.701029	2869.277575	10.094183	-0.021983	3.145071
121.809965	2872.253892	10.099187	-0.022003	3.146654
122.062631	2875.185892	10.104192	-0.022048	3.148234
122.122903	2878.266815	10.109197	-0.022060	3.149864
122.135494	2881.260063	10.114202	-0.022062	3.151439
122.287684	2884.240401	10.119207	-0.022090	3.153028
122.306323	2887.271304	10.124211	-0.022093	3.154623
122.370571	2890.364620	10.129216	-0.022105	3.156256
122.472536	2893.285796	10.134221	-0.022124	3.157804
122.579236	2896.322048	10.139226	-0.022143	3.159412
122.702821	2899.359510	10.144231	-0.022166	3.161022
122.629454	2902.322766	10.149235	-0.022153	3.162564
122.666904	2905.345317	10.154240	-0.022160	3.164153
122.642828	2908.419321	10.159245	-0.022156	3.165759
122.790872	2911.346627	10.164250	-0.022183	3.167311
122.819918	2914.389740	10.169255	-0.022188	3.168907
122.829162	2917.439110	10.174259	-0.022190	3.170502
123.058591	2920.379573	10.179264	-0.022232	3.172071
123.083624	2923.374560	10.184269	-0.022236	3.173638
123.264869	2926.388996	10.189274	-0.022269	3.175237
123.254758	2929.413775	10.194279	-0.022268	3.176814
123.296441	2932.433367	10.199283	-0.022275	3.178394
123.343530	2935.466208	10.204288	-0.022284	3.179981
123.586464	2938.428977	10.209293	-0.022328	3.181558
123.720375	2941.320501	10.214298	-0.022353	3.183083
123.635961	2944.469264	10.219303	-0.022338	3.184709
123.657503	2947.454997	10.224307	-0.022342	3.186265
123.982683	2950.391664	10.229312	-0.022401	3.187837
123.957682	2953.452299	10.234317	-0.022396	3.189424
124.014055	2956.501730	10.239322	-0.022407	3.191016
124.155945	2959.401133	10.244327	-0.022433	3.192541
124.362053	2962.437686	10.249331	-0.022470	3.194145
124.296836	2965.505485	10.254336	-0.022459	3.195727
124.387568	2968.504261	10.259341	-0.022475	3.197294
124.536386	2971.495071	10.264346	-0.022502	3.198864
124.788034	2974.496764	10.269351	-0.022548	3.200453
124.782418	2977.475075	10.274355	-0.022547	3.201993
124.849458	2980.500651	10.279360	-0.022560	3.203568
124.892407	2983.513014	10.284365	-0.022568	3.205131
125.069881	2986.553276	10.289370	-0.022600	3.206727
125.156145	2989.382411	10.294375	-0.022616	3.208200
125.141949	2991.685640	10.299379	-0.022613	3.209388

125.276319	2993.240007	10.304384	-0.022638	3.210208
125.224953	2994.323886	10.309389	-0.022628	3.210761
125.232811	2995.176779	10.314394	-0.022630	3.211202
125.339816	2995.711735	10.319399	-0.022649	3.211492
125.409706	2996.059933	10.324403	-0.022662	3.211682
125.361319	2996.201167	10.329408	-0.022653	3.211748
125.360898	2996.553572	10.334413	-0.022653	3.211930
125.432980	2996.762032	10.339418	-0.022666	3.212047
125.467327	2996.742673	10.344423	-0.022672	3.212042
125.582966	2996.717429	10.349427	-0.022693	3.212044
125.672511	2996.673099	10.354432	-0.022709	3.212034
125.696144	2996.678984	10.359437	-0.022713	3.212040
125.544842	2996.814921	10.364442	-0.022686	3.212089
125.803732	2996.986421	10.369447	-0.022733	3.212213
125.833041	2997.004113	10.374451	-0.022738	3.212226
125.759385	2996.994715	10.379456	-0.022725	3.212211
125.770508	2997.024507	10.384461	-0.022726	3.212228
125.809120	2997.005224	10.389466	-0.022733	3.212224
125.811600	2996.991314	10.394471	-0.022734	3.212217
125.817217	2996.976569	10.399475	-0.022735	3.212210
125.954498	2997.020021	10.404480	-0.022760	3.212251
125.924212	2996.985771	10.409485	-0.022754	3.212229
126.013116	2996.983982	10.414490	-0.022770	3.212240
126.043919	2996.981908	10.419495	-0.022776	3.212244
125.995966	2997.002595	10.424499	-0.022767	3.212248
126.088751	2997.000985	10.429504	-0.022784	3.212260
126.100032	2996.997445	10.434509	-0.022786	3.212259
125.963985	2997.053668	10.439514	-0.022761	3.212270
126.054136	2996.998282	10.444519	-0.022777	3.212253
126.185933	2996.951794	10.449523	-0.022801	3.212247
126.175644	2996.981834	10.454528	-0.022799	3.212261
126.260792	2997.004046	10.459533	-0.022814	3.212285
126.213090	2996.993796	10.464538	-0.022806	3.212273
126.345417	2997.010725	10.469543	-0.022830	3.212300
126.359209	2997.019834	10.474547	-0.022832	3.212306
126.379777	2996.970847	10.479552	-0.022836	3.212284
126.324943	2997.015761	10.484557	-0.022826	3.212299
126.342357	2996.973061	10.489562	-0.022829	3.212280
126.564762	2996.982982	10.494567	-0.022869	3.212315
126.553521	2997.013881	10.499571	-0.022867	3.212329
126.201451	2996.985309	10.504576	-0.022803	3.212266
126.314941	2997.008458	10.509581	-0.022824	3.212294
126.276980	2996.975643	10.514586	-0.022817	3.212272
126.534918	2997.021512	10.519591	-0.022863	3.212331
126.363764	2997.012013	10.524595	-0.022832	3.212302
126.419938	2996.972926	10.529600	-0.022843	3.212290
126.445655	2997.035157	10.534605	-0.022847	3.212325
126.444008	2997.015080	10.539610	-0.022847	3.212315
126.504317	2996.977315	10.544615	-0.022858	3.212304
126.578534	2996.983065	10.549619	-0.022871	3.212317
126.392566	2997.006561	10.554624	-0.022837	3.212303
126.486845	2997.013029	10.559629	-0.022854	3.212319
126.541687	2997.005773	10.564634	-0.022864	3.212323
126.527943	2996.965911	10.569639	-0.022862	3.212301
126.533423	2996.999627	10.574643	-0.022863	3.212319
126.480658	2996.993750	10.579648	-0.022853	3.212309
126.706608	2996.956725	10.584653	-0.022894	3.212320
126.685506	2997.006591	10.589658	-0.022890	3.212343
126.552238	2997.022729	10.594663	-0.022866	3.212333
126.700023	2996.971990	10.599667	-0.022893	3.212327
126.591169	2997.019770	10.604672	-0.022873	3.212337
126.592429	2997.015263	10.609677	-0.022873	3.212335
126.725166	2996.992739	10.614682	-0.022897	3.212341
126.599931	2997.003714	10.619687	-0.022874	3.212330
126.575372	2997.001836	10.624691	-0.022870	3.212325
126.608326	2997.016139	10.629696	-0.022876	3.212337
126.769948	2996.932060	10.634701	-0.022905	3.212316
126.870903	2996.962782	10.639706	-0.022923	3.212346
126.705442	2996.959637	10.644711	-0.022893	3.212321
126.779729	2996.986555	10.649715	-0.022907	3.212345
126.870495	2996.958244	10.654720	-0.022923	3.212343
126.785614	2996.999648	10.659725	-0.022907	3.212353
126.829180	2996.976626	10.664730	-0.022915	3.212347
126.891863	2996.942467	10.669735	-0.022927	3.212338
126.845086	2996.974948	10.674739	-0.022918	3.212348
126.817172	2996.988490	10.679744	-0.022913	3.212351
126.849189	2996.959460	10.684749	-0.022919	3.212341
126.774399	2997.006655	10.689754	-0.022905	3.212355
126.900736	2996.933170	10.694759	-0.022928	3.212334
126.863550	2996.975207	10.699763	-0.022921	3.212351
126.918385	2996.955847	10.704768	-0.022931	3.212348
126.911104	2996.947558	10.709773	-0.022930	3.212343
126.898548	2996.961858	10.714778	-0.022927	3.212349
126.949241	2996.938757	10.719783	-0.022937	3.212344
126.941516	2996.956615	10.724787	-0.022935	3.212352
127.114382	2996.925840	10.729792	-0.022966	3.212359
127.007699	2996.919169	10.734797	-0.022947	3.212341
126.868166	2996.969660	10.739802	-0.022922	3.212348
126.938995	2996.946651	10.744807	-0.022934	3.212346
127.013579	2996.919617	10.749811	-0.022948	3.212342
126.972696	2996.930556	10.754816	-0.022940	3.212342
127.009487	2996.908125	10.759821	-0.022947	3.212336
126.917128	2996.949702	10.764826	-0.022930	3.212344
126.798261	2996.994697	10.769831	-0.022909	3.212351
126.956490	2996.920599	10.774835	-0.022937	3.212335
127.027988	2996.910124	10.779840	-0.022950	3.212339
127.098453	2996.888423	10.784845	-0.022963	3.212338
127.066116	2996.893457	10.789850	-0.022957	3.212336
126.876718	2996.934813	10.794855	-0.022923	3.212331
126.900210	2996.953449	10.799859	-0.022927	3.212344
127.003191	2996.923100	10.804864	-0.022946	3.212342
127.186606	2996.874991	10.809869	-0.022979	3.212343
127.166973	2996.871804	10.814874	-0.022975	3.212338
127.073316	2996.889513	10.819879	-0.022958	3.212334
127.129307	2996.879530	10.824883	-0.022968	3.212337
127.037446	2997.009959	10.829888	-0.022951	3.212392
127.132222	2996.950315	10.834893	-0.022969	3.212374
127.083341	2997.007569	10.839898	-0.022960	3.212397
127.230516	2996.991497	10.844903	-0.022986	3.212408
127.359166	2996.963402	10.849907	-0.023009	3.212412
127.205964	2996.978786	10.854912	-0.022982	3.212398
127.180575	2996.933545	10.859917	-0.022977	3.212372
127.152078	2997.010197	10.864922	-0.022972	3.212407
127.314020	2996.988987	10.869927	-0.023001	3.212418
127.215730	2996.959501	10.874931	-0.022983	3.212390
127.364753	2996.975021	10.879936	-0.023010	3.212418
127.159908	2997.001718	10.884941	-0.022973	3.212404
127.248582	2996.974569	10.889946	-0.022989	3.212402
127.361868	2996.985670	10.894951	-0.023010	3.212423
127.347049	2996.992098	10.899955	-0.023007	3.212424
127.234274	2996.998547	10.904960	-0.022986	3.212412
127.273834	2996.970536	10.909965	-0.022994	3.212403
127.314270	2996.976192	10.914970	-0.023001	3.212412
127.378245	2996.976799	10.919975	-0.023012	3.212421
127.437633	2996.976204	10.924979	-0.023023	3.212428
127.378180	2996.956365	10.929984	-0.023012	3.212410
127.430960	2997.028354	10.934989	-0.023022	3.212454
127.370593	2996.944591	10.939994	-0.023011	3.212403
127.417548	2997.033867	10.944999	-0.023019	3.212455
127.455144	2996.993667	10.950003	-0.023026	3.212440
127.494885	2996.955923	10.955008	-0.023033	3.212426
127.485762	2997.018344	10.960013	-0.023031	3.212457
127.508287	2996.968834	10.965018	-0.023035	3.212434
127.372536	2996.955363	10.970023	-0.023011	3.212408
127.461463	2997.020160	10.975027	-0.023027	3.212454
127.593914	2996.946258	10.980032	-0.023051	3.212434
127.432200	2996.981461	10.985037	-0.023021	3.212430
127.723634	2997.001484	10.990042	-0.023074	3.212480
127.692217	2996.974794	10.995047	-0.023068	3.212462
127.521179	2996.977365	11.000051	-0.023037	3.212440
127.466687	2997.000397	11.005056	-0.023028	3.212444
127.603832	2996.960963	11.010061	-0.023052	3.212443
127.684219	2997.017741	11.015066	-0.023067	3.212483
127.755348	2996.988600	11.020071	-0.023080	3.212478
127.640464	2996.973210	11.025075	-0.023059	3.212454
127.806750	2997.013199	11.030080	-0.023089	3.212497
127.780068	2996.990697	11.035085	-0.023084	3.212482
127.668242	2996.957544	11.040090	-0.023064	3.212450
127.700370	2997.007180	11.045095	-0.023069	3.212480
127.739331	2996.963589	11.050099	-0.023076	3.212462
127.822667	2996.979025	11.055104	-0.023091	3.212482
127.701730	2997.004593	11.060109	-0.023070	3.212478
127.729776	2997.009912	11.065114	-0.023075	3.212485
127.655236	2996.987426	11.070119	-0.023061	3.212463
127.716212	2996.995489	11.075123	-0.023072	3.212476
127.641278	2996.948893	11.080128	-0.023058	3.212441
127.648883	2996.998997	11.085133	-0.023060	3.212468
127.793126	2996.990365	11.090138	-0.023086	3.212483
127.868526	2997.005490	11.095143	-0.023099	3.212501
127.698743	2997.007726	11.100147	-0.023069	3.212479
127.708420	2997.014904	11.105152	-0.023070	3.212484
127.870815	2996.948779	11.110157	-0.023100	3.212472
127.792744	2996.973844	11.115162	-0.023085	3.212475
127.659546	2997.011753	11.120167	-0.023061	3.212476
127.688518	2996.944183	11.125171	-0.023067	3.212445
127.895639	2996.995711	11.130176	-0.023104	3.212500
127.810497	2996.986334	11.135181	-0.023088	3.212483
127.937376	2997.022275	11.140186	-0.023111	3.212519
127.953787	2996.973784	11.145191	-0.023114	3.212497
127.913032	2996.971370	11.150195	-0.023107	3.212490
127.855614	2996.958253	11.155200	-0.023096	3.212475
128.039446	2997.026267	11.160205	-0.023130	3.212535
127.906336	2996.966688	11.165210	-0.023106	3.212486
127.905655	2996.984490	11.170215	-0.023105	3.212495
127.996668	2997.004544	11.175219	-0.023122	3.212518
127.942390	2996.973641	11.180224	-0.023112	3.212495
128.027344	2996.992279	11.185229	-0.023127	3.212516
128.064415	2997.005490	11.190234	-0.023134	3.212528
127.897159	2996.975575	11.195239	-0.023104	3.212489
127.888827	2996.963327	11.200243	-0.023102	3.212482
127.879466	2997.014311	11.205248	-0.023100	3.212507
128.137147	2997.003966	11.210253	-0.023147	3.212537
127.989838	2997.001435	11.215258	-0.023120	3.212515
127.988092	2996.961405	11.220263	-0.023120	3.212494
127.849739	2996.943175	11.225267	-0.023095	3.212466
127.811036	2996.995909	11.230272	-0.023088	3.212488
127.953894	2997.005202	11.235277	-0.023114	3.212512
127.976084	2997.007236	11.240282	-0.023117	3.212516
127.806345	2997.004012	11.245287	-0.023087	3.212491
127.950568	2996.979041	11.250291	-0.023113	3.212498
127.854276	2996.975656	11.255296	-0.023095	3.212483
128.064334	2997.009454	11.260301	-0.023133	3.212529
127.956024	2996.962652	11.265306	-0.023114	3.212490
128.088186	2996.957234	11.270311	-0.023137	3.212506
127.970667	2997.004291	11.275315	-0.023116	3.212514
127.928374	2996.972623	11.280320	-0.023109	3.212492
128.056109	2996.996229	11.285325	-0.023132	3.212521
127.914702	2996.985470	11.290330	-0.023106	3.212496
127.932779	2997.010997	11.295335	-0.023109	3.212512
127.907853	2996.984395	11.300339	-0.023105	3.212495
127.981193	2996.989172	11.305344	-0.023118	3.212507
127.888719	2996.989009	11.310349	-0.023101	3.212494
127.935469	2996.997830	11.315354	-0.023109	3.212505
128.000803	2996.981126	11.320359	-0.023121	3.212506
128.024006	2996.981075	11.325363	-0.023125	3.212509
128.095336	2996.983964	11.330368	-0.023138	3.212520
128.080597	2996.992187	11.335373	-0.023136	3.212522
128.097456	2997.022881	11.340378	-0.023139	3.212540
128.122243	2996.983664	11.345383	-0.023143	3.212523
128.033374	2996.980121	11.350387	-0.023127	3.212509
128.239948	2996.962785	11.355392	-0.023164	3.212529
128.255130	2996.971526	11.360397	-0.023167	3.212535
128.163983	2997.018835	11.365402	-0.023150	3.212547
128.021705	2996.966536	11.370407	-0.023125	3.212501
127.978344	2996.995083	11.375411	-0.023117	3.212509
128.130136	2996.977180	11.380416	-0.023144	3.212521
128.070732	2996.996070	11.385421	-0.023133	3.212522
128.125708	2996.992412	11.390426	-0.023143	3.212528
127.980156	2997.013024	11.395431	-0.023117	3.212519
128.114994	2997.001446	11.400435	-0.023141	3.212531
128.065894	2996.978852	11.405440	-0.023132	3.212513
128.033959	2996.962589	11.410445	-0.023126	3.212500
128.089972	2997.018588	11.415450	-0.023137	3.212536
128.188446	2997.016681	11.420455	-0.023154	3.212549
128.220823	2996.966365	11.425459	-0.023160	3.212527
128.081947	2996.970672	11.430464	-0.023135	3.212511
128.183069	2996.990460	11.435469	-0.023153	3.212535
128.149512	2997.006713	11.440474	-0.023147	3.212538
128.209176	2997.021181	11.445479	-0.023158	3.212554
128.051674	2996.968693	11.450483	-0.023129	3.212505
128.144202	2996.982291	11.455488	-0.023146	3.212525
128.150486	2996.998241	11.460493	-0.023147	3.212534
128.230832	2997.030213	11.465498	-0.023162	3.212561
128.203011	2996.988641	11.470503	-0.023156	3.212536
128.254470	2996.972600	11.475507	-0.023166	3.212535
128.218600	2996.971913	11.480512	-0.023159	3.212530
128.313234	2997.040647	11.485517	-0.023176	3.212578
128.144120	2996.999721	11.490522	-0.023146	3.212534
128.330647	2997.018591	11.495527	-0.023179	3.212569
128.227914	2996.938218	11.500531	-0.023161	3.212513
128.228705	2997.040988	11.505536	-0.023161	3.212566
128.193810	2997.004324	11.510541	-0.023154	3.212543
128.052225	2996.998455	11.515546	-0.023129	3.212520
128.031576	2996.976164	11.520551	-0.023125	3.212506
128.109966	2996.975360	11.525555	-0.023139	3.212516
128.126664	2996.977039	11.530560	-0.023142	3.212519
128.190192	2997.037699	11.535565	-0.023154	3.212559
127.998885	2996.979671	11.540570	-0.023119	3.212503
128.091199	2996.987877	11.545575	-0.023136	3.212520
128.252304	2996.968709	11.550579	-0.023165	3.212532
128.292457	2996.999868	11.555584	-0.023172	3.212554
128.189342	2996.983162	11.560589	-0.023153	3.212531
128.228378	2996.980111	11.565594	-0.023160	3.212535
128.238070	2997.012106	11.570599	-0.023162	3.212552
128.260361	2997.000189	11.575603	-0.023166	3.212549
128.344675	2996.973595	11.580608	-0.023181	3.212547
128.137342	2997.040905	11.585613	-0.023144	3.212553
128.282486	2996.954547	11.590618	-0.023170	3.212529
128.337806	2996.991963	11.595623	-0.023180	3.212556
128.214951	2997.020462	11.600627	-0.023157	3.212553
128.263968	2996.974802	11.605632	-0.023166	3.212536
128.291047	2996.970088	11.610637	-0.023171	3.212538
128.410993	2996.969130	11.615642	-0.023193	3.212554
128.264379	2997.038454	11.620647	-0.023166	3.212569
128.312867	2996.968719	11.625651	-0.023175	3.212540
128.321791	2997.024528	11.630656	-0.023176	3.212570
128.439661	2996.991432	11.635661	-0.023198	3.212569
128.349025	2996.956272	11.640666	-0.023181	3.212538
128.404005	2997.028287	11.645671	-0.023191	3.212583
128.398080	2996.950623	11.650675	-0.023190	3.212542
128.378522	2997.017639	11.655680	-0.023187	3.212574
128.416329	2996.958613	11.660685	-0.023193	3.212549
128.441393	2997.047665	11.665690	-0.023198	3.212598
128.388761	2996.960627	11.670695	-0.023188	3.212546
128.517140	2996.991329	11.675699	-0.023211	3.212579
128.357161	2996.983691	11.680704	-0.023182	3.212553
128.335862	2996.993052	11.685709	-0.023179	3.212555
128.297665	2997.005697	11.690714	-0.023172	3.212556
128.504250	2996.990781	11.695719	-0.023209	3.212577
128.496177	2997.001468	11.700723	-0.023207	3.212581
128.343567	2997.021534	11.705728	-0.023180	3.212571
128.350387	2996.963485	11.710733	-0.023181	3.212542
128.366306	2996.984138	11.715738	-0.023184	3.212555
128.424623	2997.019548	11.720743	-0.023194	3.212581
128.643841	2997.006116	11.725747	-0.023234	3.212604
128.502326	2996.966929	11.730752	-0.023208	3.212564
128.620475	2996.997931	11.735757	-0.023230	3.212596
128.511573	2997.002741	11.740762	-0.023210	3.212584
128.469448	2997.016430	11.745767	-0.023202	3.212585
128.503206	2996.985118	11.750771	-0.023208	3.212574
128.580472	2996.966453	11.755776	-0.023222	3.212575
128.414411	2997.003414	11.760781	-0.023192	3.212571
128.519843	2997.014187	11.765786	-0.023211	3.212591
128.468552	2997.001861	11.770791	-0.023202	3.212577
128.454013	2996.987025	11.775795	-0.023199	3.212568
128.475303	2997.008672	11.780800	-0.023203	3.212582
128.521391	2996.991032	11.785805	-0.023211	3.212579
128.359499	2997.003880	11.790810	-0.023182	3.212563
128.411971	2997.014813	11.795815	-0.023191	3.212576
128.563312	2997.007323	11.800819	-0.023219	3.212593
128.528440	2996.951280	11.805824	-0.023212	3.212559
128.653756	2997.009434	11.810829	-0.023235	3.212606
128.520069	2996.999646	11.815834	-0.023211	3.212583
128.452831	2997.030911	11.820839	-0.023198	3.212590
128.343056	2996.972388	11.825843	-0.023179	3.212545
128.432158	2997.009297	11.830848	-0.023195	3.212576
128.501615	2996.976362	11.835853	-0.023207	3.212568
128.589335	2996.997294	11.840858	-0.023223	3.212591
128.554261	2996.997605	11.845863	-0.023217	3.212586
128.434950	2996.980362	11.850867	-0.023195	3.212561
128.537537	2997.013081	11.855872	-0.023213	3.212592
128.530971	2996.949510	11.860877	-0.023212	3.212558
128.599140	2997.014386	11.865882	-0.023225	3.212601
128.591963	2997.042998	11.870887	-0.023223	3.212615
128.641103	2996.993671	11.875891	-0.023232	3.212596
128.555392	2996.962650	11.880896	-0.023216	3.212568
128.691469	2997.010678	11.885901	-0.023241	3.212612
128.527917	2996.967665	11.890906	-0.023211	3.212567
128.659647	2996.962970	11.895911	-0.023235	3.212583
128.624839	2996.998323	11.900915	-0.023229	3.212596
128.688435	2997.058968	11.905920	-0.023240	3.212636
128.622548	2996.975453	11.910925	-0.023228	3.212584
128.703554	2997.007857	11.915930	-0.023243	3.212612
128.566291	2996.997809	11.920935	-0.023218	3.212588
128.759775	2996.974875	11.925939	-0.023253	3.212602
128.672612	2997.045341	11.930944	-0.023237	3.212627
128.722727	2996.989096	11.935949	-0.023246	3.212605
128.713992	2996.972111	11.940954	-0.023245	3.212595
128.671811	2996.988842	11.945959	-0.023237	3.212597
128.681143	2997.039096	11.950963	-0.023239	3.212625
128.693060	2996.933074	11.955968	-0.023241	3.212571
128.635258	2997.018132	11.960973	-0.023230	3.212607
128.776355	2997.012157	11.965978	-0.023256	3.212624
128.702230	2996.968367	11.970983	-0.023242	3.212591
128.691365	2997.004013	11.975987	-0.023240	3.212608
128.724282	2996.982006	11.980992	-0.023246	3.212601
128.683378	2997.010506	11.985997	-0.023239	3.212610
128.689429	2997.005935	11.991002	-0.023240	3.212608
128.716390	2997.023047	11.996007	-0.023245	3.212621
128.747523	2996.978509	12.001011	-0.023250	3.212602
128.719518	2997.015081	12.006016	-0.023245	3.212617
128.516807	2996.982481	12.011021	-0.023208	3.212572
128.637030	2996.938468	12.016026	-0.023230	3.212566
128.565882	2997.019809	12.021031	-0.023217	3.212598
128.635298	2996.988096	12.026035	-0.023230	3.212591
128.649681	2997.004315	12.031040	-0.023232	3.212602
128.615294	2996.977201	12.036045	-0.023226	3.212583
128.797035	2996.985844	12.041050	-0.023259	3.212612
128.828362	2997.018141	12.046055	-0.023264	3.212633
128.606533	2996.971857	12.051059	-0.023224	3.212579
128.863122	2996.987233	12.056064	-0.023271	3.212622
128.826765	2997.016340	12.061069	-0.023264	3.212632
128.836385	2996.972074	12.066074	-0.023266	3.212610
128.941683	2997.009522	12.071079	-0.023285	3.212644
128.736032	2996.972254	12.076083	-0.023247	3.212597
128.729061	2996.994151	12.081088	-0.023246	3.212607
128.796491	2996.995658	12.086093	-0.023258	3.212617
128.770606	2997.000791	12.091098	-0.023254	3.212616
128.932905	2996.994627	12.096103	-0.023283	3.212635
128.776476	2996.985436	12.101107	-0.023254	3.212609
128.726765	2997.000538	12.106112	-0.023245	3.212610
128.738527	2997.021691	12.111117	-0.023248	3.212622
128.713837	2996.981101	12.116122	-0.023243	3.212598
128.876045	2996.970723	12.121127	-0.023272	3.212615
128.694019	2997.005270	12.126131	-0.023239	3.212608
128.568688	2996.992049	12.131136	-0.023217	3.212584
128.784326	2997.011655	12.136141	-0.023256	3.212623
128.786072	2996.951322	12.141146	-0.023256	3.212592
128.972575	2997.021056	12.146151	-0.023290	3.212654
128.859118	2996.985303	12.151155	-0.023269	3.212620
128.847977	2997.004072	12.156160	-0.023267	3.212628
128.788599	2996.969679	12.161165	-0.023256	3.212602
128.740718	2996.995796	12.166170	-0.023247	3.212609
128.729754	2997.042366	12.171175	-0.023245	3.212631
128.879635	2996.954747	12.176179	-0.023272	3.212607
128.924872	2996.995453	12.181184	-0.023281	3.212634
128.845845	2997.014112	12.186189	-0.023266	3.212633
128.784016	2996.939809	12.191194	-0.023255	3.212586
128.909784	2997.011770	12.196199	-0.023278	3.212640
128.934137	2997.007175	12.201203	-0.023282	3.212641
128.938984	2996.980524	12.206208	-0.023283	3.212628
128.846331	2997.016126	12.211213	-0.023266	3.212634
128.770790	2996.970896	12.216218	-0.023252	3.212600
128.853658	2997.004622	12.221223	-0.023267	3.212629
128.850823	2996.955798	12.226227	-0.023267	3.212603
128.939651	2997.029107	12.231232	-0.023283	3.212653
128.917137	2996.983094	12.236237	-0.023279	3.212626
128.766291	2996.984528	12.241242	-0.023251	3.212606
128.729001	2997.046575	12.246247	-0.023245	3.212633
128.831408	2996.944942	12.251251	-0.023263	3.212595
128.815172	2997.036504	12.256256	-0.023260	3.212639
128.764785	2996.969449	12.261261	-0.023251	3.212598
128.960745	2996.990658	12.266266	-0.023286	3.212636
128.764557	2996.979327	12.271271	-0.023251	3.212603
128.929219	2997.000383	12.276275	-0.023281	3.212636
128.962731	2997.004856	12.281280	-0.023287	3.212643
128.945235	2996.993833	12.286285	-0.023283	3.212635
128.776495	2996.989128	12.291290	-0.023253	3.212610
128.743256	2996.989557	12.296295	-0.023247	3.212605
128.813084	2996.546679	12.301299	-0.023259	3.212386

128.647196	2996.021244	12.306304	-0.023229	3.212093
128.816317	2994.583069	12.311309	-0.023260	3.211374
128.894977	2992.649554	12.316314	-0.023274	3.210387
128.883409	2990.414649	12.321319	-0.023271	3.209232
128.981502	2987.973625	12.326323	-0.023289	3.207985
128.953400	2985.399133	12.331328	-0.023283	3.206651
128.970285	2982.676021	12.336333	-0.023286	3.205246
128.993139	2979.802173	12.341338	-0.023290	3.203764
128.980532	2976.968669	12.346343	-0.023287	3.202296
128.865278	2974.151766	12.351347	-0.023266	3.200823
128.774466	2971.218742	12.356352	-0.023250	3.199292
128.843854	2968.178129	12.361357	-0.023262	3.197726
128.951037	2965.267432	12.366362	-0.023281	3.196233
128.856346	2962.263846	12.371367	-0.023264	3.194662
128.901537	2959.245477	12.376371	-0.023271	3.193103
128.881904	2956.317454	12.381376	-0.023268	3.191581
128.871479	2953.322847	12.386381	-0.023265	3.190024
128.696303	2950.331074	12.391386	-0.023233	3.188446
128.719863	2947.363375	12.396391	-0.023237	3.186907
128.717285	2944.328459	12.401395	-0.023237	3.185328
128.749374	2941.332571	12.406400	-0.023242	3.183774
128.697235	2938.331891	12.411405	-0.023232	3.182205
128.745410	2935.426929	12.416410	-0.023241	3.180699
128.668351	2932.351971	12.421415	-0.023227	3.179086
128.820630	2929.318364	12.426419	-0.023254	3.177526
128.606705	2926.386114	12.431424	-0.023215	3.175967
128.594533	2923.347456	12.436429	-0.023212	3.174380
128.406273	2920.338998	12.441434	-0.023178	3.172783
128.684691	2917.359339	12.446439	-0.023228	3.171265
128.588828	2914.320757	12.451443	-0.023210	3.169664
128.564389	2911.338003	12.456448	-0.023206	3.168101
128.385767	2908.383201	12.461453	-0.023173	3.166531
128.470068	2905.371839	12.466458	-0.023188	3.164967
128.409620	2902.331672	12.471463	-0.023177	3.163366
128.513689	2899.356699	12.476467	-0.023195	3.161822
128.460289	2896.369493	12.481472	-0.023185	3.160249
128.624468	2893.315170	12.486477	-0.023215	3.158671
128.620329	2890.298670	12.491482	-0.023214	3.157088
128.675197	2887.310027	12.496487	-0.023223	3.155527
128.607101	2884.291157	12.501491	-0.023211	3.153931
128.591379	2881.338147	12.506496	-0.023208	3.152378
128.517208	2878.379182	12.511501	-0.023194	3.150812
128.434732	2875.371130	12.516506	-0.023179	3.149218
128.205461	2872.382236	12.521511	-0.023137	3.147613
128.411609	2869.395544	12.526515	-0.023174	3.146069
128.436812	2866.321571	12.531520	-0.023178	3.144454
128.464062	2863.341601	12.536525	-0.023183	3.142887
128.246540	2860.452238	12.541530	-0.023143	3.141333
128.402221	2857.360102	12.546535	-0.023171	3.139724
128.387045	2854.309718	12.551539	-0.023168	3.138111
128.333818	2851.355112	12.556544	-0.023158	3.136543
128.209544	2848.348530	12.561549	-0.023135	3.134937
128.257728	2845.337662	12.566554	-0.023144	3.133352
128.196705	2842.373168	12.571559	-0.023132	3.131776
128.315616	2839.378045	12.576563	-0.023153	3.130208
128.259474	2836.309697	12.581568	-0.023143	3.128576
128.203879	2833.394259	12.586573	-0.023133	3.127023
128.077943	2830.363862	12.591578	-0.023110	3.125399
128.210954	2827.320891	12.596583	-0.023133	3.123805
128.067244	2824.400270	12.601587	-0.023107	3.122235
128.132836	2821.395054	12.606592	-0.023119	3.120649
128.078460	2818.358028	12.611597	-0.023108	3.119028
128.133531	2815.396905	12.616602	-0.023118	3.117463
127.957689	2812.357780	12.621607	-0.023086	3.115822
128.104683	2809.340716	12.626611	-0.023112	3.114239
128.141765	2806.319772	12.631616	-0.023119	3.112636
128.090268	2803.387143	12.636621	-0.023109	3.111068
128.088948	2800.347461	12.641626	-0.023109	3.109448
128.104273	2797.356378	12.646631	-0.023111	3.107856
128.005954	2794.403552	12.651635	-0.023093	3.106268
128.070247	2791.346643	12.656640	-0.023104	3.104646
128.029034	2788.331103	12.661645	-0.023097	3.103030
127.965336	2785.485736	12.666650	-0.023085	3.101501
127.716428	2782.439237	12.671655	-0.023039	3.099837
127.952090	2779.372936	12.676659	-0.023082	3.098232
127.727647	2776.419970	12.681664	-0.023041	3.096620
127.901046	2773.332289	12.686669	-0.023072	3.094993
127.837844	2770.352592	12.691674	-0.023060	3.093388
127.777928	2767.414347	12.696679	-0.023049	3.091805
127.794423	2764.375858	12.701683	-0.023052	3.090179
127.866787	2761.347011	12.706688	-0.023064	3.088565
127.555430	2758.417391	12.711693	-0.023008	3.086948
127.806407	2755.358090	12.716698	-0.023053	3.085342
127.848014	2752.272017	12.721703	-0.023060	3.083691
127.871170	2749.387765	12.726707	-0.023064	3.082144
127.815618	2746.383061	12.731712	-0.023054	3.080520
127.852612	2743.347718	12.736717	-0.023060	3.078893
127.836414	2740.375472	12.741722	-0.023057	3.077291
127.812305	2737.378541	12.746727	-0.023052	3.075673
127.637118	2734.381053	12.751731	-0.023020	3.074032
127.694891	2731.441933	12.756736	-0.023030	3.072456
127.672668	2728.368213	12.761741	-0.023026	3.070795
127.722735	2725.370072	12.766746	-0.023035	3.069184
127.683075	2722.408455	12.771751	-0.023027	3.067579
127.642844	2719.427758	12.776755	-0.023020	3.065963
127.583321	2716.373665	12.781760	-0.023009	3.064303
127.604808	2713.421977	12.786765	-0.023012	3.062710
127.548669	2710.460791	12.791770	-0.023002	3.061100
127.545727	2707.426637	12.796775	-0.023001	3.059457
127.525781	2704.387829	12.801779	-0.022997	3.057808
127.375658	2701.445120	12.806784	-0.022970	3.056190
127.475847	2698.341503	12.811789	-0.022987	3.054522
127.595764	2695.361270	12.816794	-0.023009	3.052923
127.633438	2692.342470	12.821799	-0.023015	3.051290
127.568619	2689.356300	12.826803	-0.023003	3.049658
127.520963	2686.379668	12.831808	-0.022994	3.048034
127.473774	2683.441824	12.836813	-0.022986	3.046429
127.475429	2680.360723	12.841818	-0.022986	3.044753
127.545569	2677.385198	12.846823	-0.022998	3.043144
127.414524	2674.426452	12.851827	-0.022974	3.041513
127.361266	2671.422150	12.856832	-0.022964	3.039868
127.412381	2668.378164	12.861837	-0.022973	3.038217
127.474551	2665.389993	12.866842	-0.022984	3.036596
127.309977	2662.381784	12.871847	-0.022954	3.034929
127.422991	2659.384533	12.876851	-0.022974	3.033310
127.333524	2656.406377	12.881856	-0.022958	3.031669
127.434123	2653.379174	12.886861	-0.022975	3.030029
127.285642	2650.416562	12.891866	-0.022948	3.028387
127.354265	2647.421948	12.896871	-0.022960	3.026758
127.299899	2644.393318	12.901875	-0.022950	3.025092
127.331247	2641.424754	12.906880	-0.022956	3.023470
127.392856	2638.450555	12.911885	-0.022966	3.021849
127.298452	2635.437364	12.916890	-0.022949	3.020182
127.231134	2632.400182	12.921895	-0.022937	3.018506
127.222858	2629.455833	12.926899	-0.022935	3.016888
127.089471	2626.398793	12.931904	-0.022910	3.015188
127.242679	2623.397138	12.936909	-0.022938	3.013562
127.112392	2620.463563	12.941914	-0.022914	3.011928
127.250161	2617.374623	12.946919	-0.022939	3.010250
127.121953	2614.410310	12.951923	-0.022915	3.008598
127.182024	2611.435194	12.956928	-0.022926	3.006968
127.175938	2608.370132	12.961933	-0.022924	3.005278
127.264387	2605.406819	12.966938	-0.022940	3.003658
127.184831	2602.446950	12.971943	-0.022925	3.002012
127.294550	2599.396678	12.976947	-0.022945	3.000345
127.169201	2596.407605	12.981952	-0.022922	2.998675
127.262787	2593.426708	12.986957	-0.022938	2.997042
127.308468	2590.370952	12.991962	-0.022946	2.995359
127.133220	2587.446482	12.996967	-0.022914	2.993714
127.160916	2584.464506	13.001971	-0.022919	2.992067
127.215342	2581.412498	13.006976	-0.022929	2.990385
127.359015	2578.368932	13.011981	-0.022954	2.988721
127.443899	2575.436790	13.016986	-0.022969	2.987108
127.157167	2572.433994	13.021991	-0.022917	2.985398
127.215574	2569.467472	13.026995	-0.022927	2.983760
127.195004	2566.492500	13.032000	-0.022923	2.982104
127.070197	2563.471248	13.037005	-0.022901	2.980406
127.046167	2560.479839	13.042010	-0.022896	2.978739
126.997255	2557.475160	13.047015	-0.022887	2.977059
126.987636	2554.432094	13.052019	-0.022885	2.975364
127.082724	2551.442844	13.057024	-0.022902	2.973714
126.927785	2548.466658	13.062029	-0.022873	2.972031
127.049432	2545.451484	13.067034	-0.022895	2.970368
126.942419	2542.444663	13.072039	-0.022875	2.968674
126.921696	2539.480376	13.077043	-0.022871	2.967016
126.836504	2536.452485	13.082048	-0.022856	2.965311
126.863014	2533.468341	13.087053	-0.022860	2.963648
126.745808	2530.510919	13.092058	-0.022839	2.961975
126.884204	2527.454813	13.097063	-0.022863	2.960287
126.849327	2524.453829	13.102067	-0.022857	2.958601
126.969408	2521.439122	13.107072	-0.022878	2.956932
126.832758	2518.430463	13.112077	-0.022853	2.955224
126.783485	2515.478185	13.117082	-0.022844	2.953560
126.718596	2512.495241	13.122087	-0.022832	2.951876
126.865558	2509.434177	13.127091	-0.022858	2.950181
126.735071	2506.464144	13.132096	-0.022834	2.948492
126.977287	2503.436488	13.137101	-0.022878	2.946828
126.622793	2500.469910	13.142106	-0.022813	2.945104
126.796182	2497.503175	13.147111	-0.022844	2.943462
126.674178	2494.519373	13.152115	-0.022822	2.941762
126.591695	2491.528474	13.157120	-0.022807	2.940064
126.518996	2488.536585	13.162125	-0.022793	2.938366
126.659170	2485.472355	13.167130	-0.022818	2.936660
126.636084	2482.454558	13.172135	-0.022814	2.934953
126.750238	2479.471861	13.177139	-0.022834	2.933287
126.548279	2476.493389	13.182144	-0.022798	2.931572
126.572994	2473.480675	13.187149	-0.022802	2.929873
126.518776	2470.508978	13.192154	-0.022792	2.928183
126.483656	2467.494496	13.197159	-0.022785	2.926471
126.485494	2464.468644	13.202163	-0.022785	2.924758
126.609009	2461.499031	13.207168	-0.022807	2.923095
126.445486	2458.552343	13.212173	-0.022777	2.921398
126.323605	2455.520885	13.217178	-0.022755	2.919659
126.480678	2452.496345	13.222183	-0.022783	2.917967
126.583051	2449.455383	13.227187	-0.022801	2.916256
126.502783	2446.459912	13.232192	-0.022786	2.914541
126.600381	2443.526454	13.237197	-0.022804	2.912888
126.500064	2440.489665	13.242202	-0.022785	2.911145
126.590671	2437.470542	13.247207	-0.022801	2.909440
126.579374	2434.522980	13.252211	-0.022799	2.907759
126.350673	2431.542061	13.257216	-0.022757	2.906024
126.229484	2428.559487	13.262221	-0.022735	2.904303
126.403467	2425.523867	13.267226	-0.022766	2.902599
126.304741	2422.503542	13.272231	-0.022748	2.900858
126.254883	2419.529170	13.277235	-0.022739	2.899151
126.101442	2416.539963	13.282240	-0.022711	2.897417
126.380588	2413.447838	13.287245	-0.022761	2.895693
126.118311	2410.530103	13.292250	-0.022713	2.893981
126.185497	2407.522680	13.297255	-0.022725	2.892270
126.213642	2404.505722	13.302259	-0.022730	2.890545
126.333653	2401.482531	13.307264	-0.022751	2.888831
126.192026	2398.511188	13.312269	-0.022725	2.887104
126.203103	2395.511498	13.317274	-0.022727	2.885383
126.079407	2392.566965	13.322279	-0.022704	2.883672
126.157020	2389.583499	13.327283	-0.022718	2.881970
126.097843	2386.497244	13.332288	-0.022707	2.880185
126.018319	2383.584114	13.337293	-0.022692	2.878496
126.036568	2380.515993	13.342298	-0.022695	2.876732
126.036874	2377.519842	13.347303	-0.022695	2.875006
125.943098	2374.576537	13.352307	-0.022678	2.873294
126.133734	2371.500757	13.357312	-0.022712	2.871551
125.813188	2368.566449	13.362317	-0.022654	2.869805
125.960183	2365.562372	13.367322	-0.022680	2.868094
125.973806	2362.530398	13.372327	-0.022682	2.866344
125.957541	2359.543846	13.377331	-0.022679	2.864615
125.749619	2356.644850	13.382336	-0.022641	2.862903
125.871152	2353.583928	13.387341	-0.022663	2.861151
125.758216	2350.575879	13.392346	-0.022642	2.859390
125.754043	2347.603403	13.397351	-0.022641	2.857666
125.757875	2344.543267	13.402355	-0.022641	2.855892
125.796875	2341.559993	13.407360	-0.022648	2.854167
125.838191	2338.560651	13.412365	-0.022655	2.852432
125.879730	2335.517398	13.417370	-0.022663	2.850671
125.681025	2332.606710	13.422375	-0.022626	2.848946
125.822706	2329.579948	13.427379	-0.022652	2.847208
125.821756	2326.528078	13.432384	-0.022651	2.845431
125.860728	2323.604440	13.437389	-0.022658	2.843735
125.799770	2320.575011	13.442394	-0.022647	2.841959
125.846535	2317.567608	13.447399	-0.022655	2.840213
125.694098	2314.623158	13.452403	-0.022627	2.838469
125.744104	2311.569869	13.457408	-0.022636	2.836695
125.641858	2308.588117	13.462413	-0.022617	2.834936
125.720112	2305.620228	13.467418	-0.022631	2.833213
125.723552	2302.573586	13.472423	-0.022631	2.831432
125.708009	2299.600933	13.477427	-0.022628	2.829689
125.691827	2296.608451	13.482432	-0.022625	2.827933
125.693665	2293.596703	13.487437	-0.022625	2.826169
125.738095	2290.591684	13.492442	-0.022632	2.824414
125.534959	2287.716256	13.497447	-0.022595	2.822692
125.663620	2284.582918	13.502451	-0.022618	2.820874
125.620613	2281.607998	13.507456	-0.022610	2.819119
125.527855	2278.623711	13.512461	-0.022593	2.817349
125.560190	2275.581095	13.517466	-0.022599	2.815564
125.484756	2272.651864	13.522471	-0.022585	2.813827
125.418286	2269.660433	13.527475	-0.022572	2.812054
125.367910	2266.613346	13.532480	-0.022563	2.810249
125.467338	2263.663388	13.537485	-0.022581	2.808526
125.379793	2260.616002	13.542490	-0.022565	2.806713
125.417107	2257.630976	13.547495	-0.022571	2.804956
125.319026	2254.674523	13.552499	-0.022553	2.803193
125.381068	2251.613284	13.557504	-0.022564	2.801393
125.325731	2248.653642	13.562509	-0.022554	2.799633
125.247828	2245.664933	13.567514	-0.022539	2.797850
125.261543	2242.625484	13.572519	-0.022541	2.796052
125.412701	2239.651141	13.577523	-0.022568	2.794315
125.298452	2236.648628	13.582528	-0.022548	2.792514
125.320895	2233.630856	13.587533	-0.022551	2.790727
125.330334	2230.658164	13.592538	-0.022553	2.788963
125.307005	2227.639011	13.597543	-0.022548	2.787165
125.263532	2224.649656	13.602547	-0.022540	2.785379
125.233106	2221.725611	13.607552	-0.022534	2.783634
125.187861	2218.686595	13.612557	-0.022526	2.781817
125.282106	2215.668054	13.617562	-0.022542	2.780034
125.086632	2212.701944	13.622567	-0.022507	2.778232
125.225094	2209.675549	13.627571	-0.022532	2.776451
125.059541	2206.696904	13.632576	-0.022501	2.774644
125.139252	2203.688684	13.637581	-0.022515	2.772861
125.111701	2200.665288	13.642586	-0.022510	2.771049
124.990020	2197.725318	13.647591	-0.022488	2.769269
124.880185	2194.735885	13.652595	-0.022468	2.767461
124.971387	2191.658069	13.657600	-0.022484	2.765633
125.036767	2188.702199	13.662605	-0.022495	2.763873
125.060991	2185.699712	13.667610	-0.022499	2.762077
125.071602	2182.659936	13.672615	-0.022501	2.760254
125.017644	2179.708404	13.677619	-0.022491	2.758473
124.847925	2176.707099	13.682624	-0.022460	2.756640
124.846322	2173.736027	13.687629	-0.022459	2.754853
124.931188	2170.714362	13.692634	-0.022475	2.753050
124.977105	2167.675338	13.697639	-0.022483	2.751228
125.032368	2164.708129	13.702643	-0.022492	2.749450
124.960254	2161.721735	13.707648	-0.022479	2.747637
124.845592	2158.694309	13.712653	-0.022458	2.745791
124.858150	2155.788224	13.717658	-0.022460	2.744039
124.666712	2152.779864	13.722663	-0.022425	2.742188
124.768378	2149.735581	13.727667	-0.022443	2.740366
124.791983	2146.729863	13.732672	-0.022447	2.738552
124.634609	2143.737397	13.737677	-0.022418	2.736713
124.649982	2140.744259	13.742682	-0.022421	2.734903
124.732167	2137.711552	13.747687	-0.022435	2.733079
124.681736	2134.696201	13.752691	-0.022426	2.731242
124.775581	2131.736633	13.757696	-0.022442	2.729462
124.621570	2128.738957	13.762701	-0.022414	2.727614
124.647650	2125.721827	13.767706	-0.022419	2.725786
124.724462	2122.763299	13.772711	-0.022432	2.724000
124.655890	2119.736134	13.777715	-0.022420	2.722146
124.574918	2116.761306	13.782720	-0.022405	2.720320
124.576951	2113.751027	13.787725	-0.022405	2.718486
124.587685	2110.721305	13.792730	-0.022406	2.716641
124.600512	2107.774359	13.797735	-0.022408	2.714845
124.500615	2104.775295	13.802739	-0.022390	2.712996
124.466897	2101.778949	13.807744	-0.022384	2.711160
124.446382	2098.816531	13.812749	-0.022380	2.709345
124.417548	2095.778947	13.817754	-0.022374	2.707481
124.429065	2092.791851	13.822759	-0.022376	2.705655
124.434754	2089.827317	13.827763	-0.022377	2.703839
124.369367	2086.815765	13.832768	-0.022365	2.701982
124.422195	2083.802833	13.837773	-0.022374	2.700143
124.416008	2080.779678	13.842778	-0.022372	2.698286
124.195007	2077.826430	13.847783	-0.022332	2.696432
124.129524	2074.845088	13.852787	-0.022320	2.694587
124.219991	2071.810085	13.857792	-0.022336	2.692737
124.125014	2068.809040	13.862797	-0.022319	2.690872
124.298570	2065.791875	13.867802	-0.022350	2.689045
124.097027	2062.817558	13.872807	-0.022313	2.687175
124.078747	2059.852479	13.877811	-0.022309	2.685343
124.202373	2056.818064	13.882816	-0.022331	2.683492
124.117719	2053.823431	13.887821	-0.022316	2.681627
124.116743	2050.825089	13.892826	-0.022315	2.679774
124.246529	2047.780424	13.897831	-0.022338	2.677914
123.956865	2044.841574	13.902835	-0.022286	2.676042
124.131703	2041.823658	13.907840	-0.022317	2.674205
124.086997	2038.801628	13.912845	-0.022309	2.672323
124.165411	2035.810037	13.917850	-0.022323	2.670482
124.110379	2032.831471	13.922855	-0.022312	2.668623
124.091564	2029.800155	13.927859	-0.022309	2.666737
124.050394	2026.864417	13.932864	-0.022301	2.664904
124.062019	2023.848476	13.937869	-0.022303	2.663031
123.987537	2020.846404	13.942874	-0.022289	2.661148
124.056688	2017.835351	13.947879	-0.022301	2.659285
124.154022	2014.776540	13.952883	-0.022318	2.657397
124.021665	2011.851931	13.957888	-0.022294	2.655548
123.891637	2008.867723	13.962893	-0.022270	2.653661
123.864291	2005.853235	13.967898	-0.022265	2.651773
123.845697	2002.867286	13.972903	-0.022261	2.649903
123.851479	1999.848836	13.977907	-0.022262	2.648016
123.952064	1996.822325	13.982912	-0.022280	2.646140
124.004442	1993.847739	13.987917	-0.022289	2.644287
123.944906	1990.861882	13.992922	-0.022278	2.642404
123.949794	1987.879093	13.997927	-0.022279	2.640534
123.909745	1984.871389	14.002931	-0.022271	2.638638
124.024333	1981.826977	14.007936	-0.022292	2.636747
123.772609	1978.941134	14.012941	-0.022246	2.634886
123.849914	1975.898354	14.017946	-0.022259	2.632986
123.917069	1972.869409	14.022951	-0.022271	2.631092
123.814216	1969.901220	14.027955	-0.022252	2.629203
123.787249	1966.926163	14.032960	-0.022247	2.627322
123.731564	1963.945155	14.037965	-0.022237	2.625431
123.879899	1960.903821	14.042970	-0.022263	2.623538
123.800414	1957.894897	14.047975	-0.022249	2.621622
123.568699	1954.977622	14.052979	-0.022207	2.619734
123.753896	1951.902032	14.057984	-0.022240	2.617823
123.653752	1948.926560	14.062989	-0.022221	2.615920
123.695893	1945.937793	14.067994	-0.022229	2.614034
123.648385	1942.931923	14.072999	-0.022220	2.612119
123.691099	1939.930585	14.078003	-0.022227	2.610222
123.657978	1936.954603	14.083008	-0.022221	2.608326
123.676950	1933.929273	14.088013	-0.022224	2.606407
123.607947	1930.971729	14.093018	-0.022211	2.604513
123.668253	1927.928760	14.098023	-0.022222	2.602588
123.532892	1924.963661	14.103027	-0.022197	2.600674
123.756267	1921.920619	14.108032	-0.022237	2.598776
123.602619	1918.941143	14.113037	-0.022209	2.596847
123.494136	1916.031457	14.118042	-0.022189	2.594969
123.500593	1912.999422	14.123047	-0.022190	2.593033
123.377403	1910.011552	14.128051	-0.022167	2.591100
123.505234	1907.006056	14.133056	-0.022190	2.589201
123.423731	1903.982754	14.138061	-0.022175	2.587250
123.246287	1900.962261	14.143066	-0.022143	2.585281
123.293424	1897.925822	14.148071	-0.022151	2.583343
123.426219	1894.869095	14.153075	-0.022175	2.581407
123.390911	1891.921702	14.158080	-0.022168	2.579508
123.278649	1888.943292	14.163085	-0.022148	2.577572
123.309517	1885.960485	14.168090	-0.022153	2.575660
123.430543	1882.960806	14.173095	-0.022174	2.573752
123.259665	1879.970738	14.178099	-0.022143	2.571794
123.154585	1877.029269	14.183104	-0.022124	2.569878
123.252475	1873.978529	14.188109	-0.022141	2.567929
123.226255	1871.023128	14.193114	-0.022136	2.566016
123.118438	1868.090153	14.198119	-0.022116	2.564100
123.137271	1865.014485	14.203123	-0.022120	2.562115
122.980610	1862.083488	14.208128	-0.022091	2.560189
123.204903	1858.999904	14.213133	-0.022131	2.558236
122.989676	1856.064426	14.218138	-0.022092	2.556292
123.035025	1853.070814	14.223143	-0.022100	2.554359
123.021727	1850.043818	14.228147	-0.022097	2.552392
123.103756	1847.070458	14.233152	-0.022112	2.550477
123.083803	1844.048136	14.238157	-0.022108	2.548509
123.068094	1841.040321	14.243162	-0.022105	2.546549
122.945931	1838.135444	14.248167	-0.022082	2.544635
123.046824	1835.084907	14.253171	-0.022100	2.542667
123.026894	1832.070192	14.258176	-0.022096	2.540698
123.077991	1829.049487	14.263181	-0.022105	2.538737
122.937411	1826.090365	14.268186	-0.022080	2.536777
122.837184	1823.145863	14.273191	-0.022061	2.534833
122.829828	1820.112382	14.278195	-0.022059	2.532848
122.786744	1817.143003	14.283200	-0.022051	2.530896
122.859884	1814.101087	14.288205	-0.022064	2.528918
122.824247	1811.082217	14.293210	-0.022058	2.526932
122.950974	1808.111969	14.298215	-0.022080	2.525008
122.906574	1805.098747	14.303219	-0.022072	2.523021
122.919393	1802.098064	14.308224	-0.022074	2.521052
122.846286	1799.142585	14.313229	-0.022060	2.519095
122.829088	1796.116456	14.318234	-0.022057	2.517100
122.732538	1793.188343	14.323239	-0.022039	2.515152
122.779091	1790.146883	14.328243	-0.022047	2.513157
122.950940	1787.112293	14.333248	-0.022078	2.511189
122.783940	1784.169523	14.338253	-0.022048	2.509213
122.765253	1781.165907	14.343258	-0.022044	2.507225
122.805182	1778.200867	14.348263	-0.022051	2.505273
122.867916	1775.162169	14.353267	-0.022062	2.503275
122.765204	1772.192599	14.358272	-0.022043	2.501288
122.630620	1769.211710	14.363277	-0.022018	2.499285
122.671594	1766.180194	14.368282	-0.022025	2.497282
122.792488	1763.186034	14.373287	-0.022047	2.495319
122.755582	1760.167475	14.378291	-0.022040	2.493306
122.749567	1757.194869	14.383296	-0.022039	2.491329
122.753490	1754.183405	14.388301	-0.022039	2.489326
122.679727	1751.202227	14.393306	-0.022025	2.487325
122.601088	1748.286053	14.398311	-0.022011	2.485366
122.550307	1745.254793	14.403315	-0.022001	2.483334
122.580251	1742.243993	14.408320	-0.022007	2.481330
122.522818	1739.248895	14.413325	-0.021996	2.479318
122.407711	1736.249855	14.418330	-0.021975	2.477289
122.510463	1733.277322	14.423335	-0.021993	2.475321
122.467415	1730.232777	14.428339	-0.021985	2.473273
122.487275	1727.283280	14.433344	-0.021988	2.471300
122.461535	1724.253139	14.438349	-0.021983	2.469262
122.541842	1721.253888	14.443354	-0.021997	2.467265
122.410154	1718.342022	14.448359	-0.021973	2.465281
122.433341	1715.291042	14.453363	-0.021977	2.463235
122.383091	1712.306071	14.458368	-0.021968	2.461215
122.473136	1709.263745	14.463373	-0.021984	2.459185
122.413093	1706.267004	14.468378	-0.021973	2.457152
122.415322	1703.326304	14.473383	-0.021973	2.455169
122.423457	1700.271106	14.478387	-0.021974	2.453107
122.373451	1697.340448	14.483392	-0.021965	2.451116
122.424946	1694.277617	14.488397	-0.021974	2.449055
122.234165	1691.364074	14.493402	-0.021939	2.447044
122.258835	1688.360970	14.498407	-0.021943	2.445015
122.244344	1685.345297	14.503411	-0.021940	2.442967
122.231491	1682.349596	14.508416	-0.021937	2.440931
122.043422	1679.392791	14.513421	-0.021903	2.438884
122.218060	1676.340628	14.518426	-0.021934	2.436846
122.026311	1673.404471	14.523431	-0.021899	2.434809
122.143095	1670.355384	14.528435	-0.021920	2.432757
122.115051	1667.388762	14.533440	-0.021915	2.430729
122.023887	1664.402394	14.538445	-0.021898	2.428674
122.043669	1661.434477	14.543450	-0.021901	2.426652
122.002152	1658.418682	14.548455	-0.021894	2.424583
121.925150	1655.437035	14.553459	-0.021879	2.422528
121.819365	1652.431136	14.558464	-0.021860	2.420449
122.046509	1649.341140	14.563469	-0.021901	2.418380
121.872646	1646.425363	14.568474	-0.021869	2.416345
121.812125	1643.412337	14.573479	-0.021858	2.414265
121.947435	1640.401374	14.578483	-0.021882	2.412226
121.943615	1637.396457	14.583488	-0.021881	2.410160
121.931366	1634.377629	14.588493	-0.021878	2.408081
121.888710	1631.487179	14.593498	-0.021870	2.406082
121.776864	1628.442470	14.598503	-0.021850	2.403960
121.728142	1625.493244	14.603507	-0.021841	2.401916
121.693088	1622.452404	14.608512	-0.021834	2.399810
121.766877	1619.436826	14.613517	-0.021847	2.397742
121.831861	1616.461482	14.618522	-0.021859	2.395699
121.719525	1613.453493	14.623527	-0.021838	2.393593
121.750236	1610.503638	14.628531	-0.021843	2.391557
121.638744	1607.507883	14.633536	-0.021823	2.389456
121.682160	1604.506382	14.638541	-0.021830	2.387383
121.779163	1601.548164	14.643546	-0.021848	2.385349
121.574074	1598.508772	14.648551	-0.021810	2.383193
121.705855	1595.526436	14.653555	-0.021834	2.381147
121.563642	1592.524640	14.658560	-0.021808	2.379026
121.437882	1589.575180	14.663565	-0.021785	2.376944
121.535151	1586.539739	14.668570	-0.021802	2.374848
121.419012	1583.540754	14.673575	-0.021781	2.372729
121.607585	1580.530236	14.678579	-0.021814	2.370666
121.543799	1577.528829	14.683584	-0.021803	2.368554
121.397574	1574.590832	14.688589	-0.021776	2.366466
121.435538	1571.587455	14.693594	-0.021782	2.364370
121.374857	1568.584478	14.698599	-0.021771	2.362251
121.267210	1565.635083	14.703603	-0.021751	2.360158
121.301524	1562.587719	14.708608	-0.021757	2.358025
121.224329	1559.628796	14.713613	-0.021743	2.355928
121.278368	1556.595900	14.718618	-0.021753	2.353805
121.276593	1553.616963	14.723623	-0.021752	2.351706
121.337601	1550.574483	14.728627	-0.021763	2.349575
121.382565	1547.622366	14.733632	-0.021770	2.347501
121.128041	1544.679797	14.738637	-0.021724	2.345368
121.317760	1541.628644	14.743642	-0.021758	2.343252
121.036231	1538.683578	14.748647	-0.021707	2.341107
121.047789	1535.651207	14.753651	-0.021709	2.338962
121.145213	1532.660136	14.758656	-0.021726	2.336863
121.150718	1529.627193	14.763661	-0.021727	2.334713
121.192462	1526.622581	14.768666	-0.021734	2.332588
121.161678	1523.656185	14.773671	-0.021728	2.330473
121.152866	1520.633529	14.778675	-0.021726	2.328321
121.299274	1517.686378	14.783680	-0.021752	2.326254
121.003350	1514.712556	14.788685	-0.021699	2.324070
121.024742	1511.736169	14.793690	-0.021702	2.321951
120.957281	1508.712959	14.798695	-0.021690	2.319778
121.027755	1505.715790	14.803699	-0.021702	2.317651
121.026336	1502.728246	14.808704	-0.021702	2.315514
121.048952	1499.716867	14.813709	-0.021705	2.313362
121.009917	1496.744938	14.818714	-0.021698	2.311224
120.958943	1493.751187	14.823719	-0.021689	2.309065
120.972600	1490.789409	14.828723	-0.021691	2.306941
120.945435	1487.776526	14.833728	-0.021685	2.304770
121.058335	1484.749680	14.838733	-0.021706	2.302618
120.940102	1481.796825	14.843738	-0.021684	2.300465
120.951958	1478.777777	14.848743	-0.021686	2.298292
120.960732	1475.798219	14.853747	-0.021687	2.296145
120.894888	1472.780127	14.858752	-0.021675	2.293951
120.920249	1469.829780	14.863757	-0.021679	2.291824
120.794353	1466.812500	14.868762	-0.021656	2.289613
120.834303	1463.847047	14.873767	-0.021663	2.287475
120.846596	1460.831127	14.878771	-0.021665	2.285291
120.972507	1457.804398	14.883776	-0.021687	2.283124
120.781272	1454.865633	14.888781	-0.021652	2.280947
120.885103	1451.824797	14.893786	-0.021671	2.278760
120.757366	1448.890780	14.898791	-0.021648	2.276596
120.862969	1445.840124	14.903795	-0.021666	2.274398
120.619023	1442.931601	14.908800	-0.021622	2.272223
120.632788	1439.914804	14.913805	-0.021624	2.270025
120.596445	1436.930142	14.918810	-0.021617	2.267836
120.629403	1433.923663	14.923815	-0.021623	2.265646
120.651655	1430.896747	14.928819	-0.021627	2.263436
120.781173	1427.862678	14.933824	-0.021650	2.261243
120.656614	1424.873396	14.938829	-0.021627	2.259022
120.621788	1421.964031	14.943834	-0.021620	2.256879
120.439049	1418.953691	14.948839	-0.021587	2.254626
120.610216	1415.935280	14.953843	-0.021618	2.252445
120.433396	1412.951204	14.958848	-0.021585	2.250208
120.460826	1409.976728	14.963853	-0.021590	2.248023
120.364090	1407.014574	14.968858	-0.021572	2.245816
120.597886	1403.940658	14.973863	-0.021614	2.243600
120.541900	1400.955244	14.978867	-0.021604	2.241381
120.457153	1397.984088	14.983872	-0.021588	2.239164
120.412538	1395.027855	14.988877	-0.021580	2.236964
120.527122	1391.993155	14.993882	-0.021600	2.234742
120.338670	1389.047879	14.998887	-0.021566	2.232513
120.487205	1385.996998	15.003891	-0.021592	2.230281
120.358786	1383.064220	15.008896	-0.021569	2.228071
120.400004	1380.072059	15.013901	-0.021576	2.225854
120.283971	1377.090662	15.018906	-0.021555	2.223606
120.311716	1374.077921	15.023911	-0.021559	2.221366
120.191672	1371.072746	15.028915	-0.021537	2.219095
120.440215	1368.066274	15.033920	-0.021582	2.216907
120.000857	1365.137760	15.038925	-0.021502	2.214614
120.338398	1362.083531	15.043930	-0.021563	2.212406
120.244221	1359.074679	15.048935	-0.021546	2.210129
120.156114	1356.160871	15.053939	-0.021530	2.207922
120.120903	1353.151824	15.058944	-0.021523	2.205654
120.071252	1350.170328	15.063949	-0.021514	2.203401
120.079965	1347.146274	15.068954	-0.021515	2.201128
120.222940	1344.123087	15.073959	-0.021540	2.198884
120.120707	1341.156088	15.078963	-0.021522	2.196623
120.160949	1338.158533	15.083968	-0.021529	2.194370
120.000629	1335.216945	15.088973	-0.021499	2.192109
120.005159	1332.191752	15.093978	-0.021500	2.189822
119.844231	1329.279884	15.098983	-0.021470	2.187579
120.023075	1326.195404	15.103987	-0.021503	2.185283
119.972930	1323.229675	15.108992	-0.021493	2.183021
119.912433	1320.236395	15.113997	-0.021482	2.180733
119.890420	1317.232981	15.119002	-0.021478	2.178444
119.942233	1314.252610	15.124007	-0.021487	2.176188
119.841832	1311.250185	15.129011	-0.021468	2.173877
119.870490	1308.262844	15.134016	-0.021473	2.171605
119.796040	1305.264203	15.139021	-0.021459	2.169297
119.805507	1302.301619	15.144026	-0.021461	2.167035
119.719502	1299.308504	15.149031	-0.021445	2.164724
119.828579	1296.303544	15.154035	-0.021464	2.162449
119.736430	1293.288453	15.159040	-0.021447	2.160115
119.811348	1290.340994	15.164045	-0.021461	2.157870
119.705086	1287.317723	15.169050	-0.021441	2.155521
119.661821	1284.386283	15.174055	-0.021433	2.153256
119.595357	1281.368605	15.179059	-0.021421	2.150916
119.591204	1278.412342	15.184064	-0.021420	2.148636
119.565346	1275.432289	15.189069	-0.021415	2.146330
119.569310	1272.405866	15.194074	-0.021415	2.143993
119.657879	1269.386542	15.199079	-0.021431	2.141679
119.679068	1266.381595	15.204083	-0.021434	2.139358
119.520419	1263.431157	15.209088	-0.021405	2.137032
119.664082	1260.407376	15.214093	-0.021431	2.134721
119.493113	1257.452094	15.219098	-0.021400	2.132384
119.550968	1254.425533	15.224103	-0.021410	2.130044
119.380408	1251.518445	15.229107	-0.021379	2.127739
119.482949	1248.464513	15.234112	-0.021397	2.125385
119.476301	1245.490385	15.239117	-0.021396	2.123063
119.561194	1242.439859	15.244122	-0.021411	2.120701
119.302006	1239.555668	15.249127	-0.021363	2.118382
119.530203	1236.490243	15.254131	-0.021404	2.116039
119.364552	1233.535273	15.259136	-0.021374	2.113682
119.409267	1230.553359	15.264141	-0.021382	2.111354
119.366513	1227.556087	15.269146	-0.021374	2.108989
119.380884	1224.583613	15.274151	-0.021376	2.106656
119.336879	1221.578784	15.279155	-0.021368	2.104280
119.545787	1218.521268	15.284160	-0.021405	2.101922
119.277515	1215.594031	15.289165	-0.021357	2.099546
119.435018	1212.574315	15.294170	-0.021385	2.097200
119.298042	1209.585080	15.299175	-0.021360	2.094803
119.234378	1206.653564	15.304179	-0.021348	2.092466
119.185128	1203.622350	15.309184	-0.021339	2.090052
119.343964	1200.650017	15.314189	-0.021367	2.087733
119.279218	1197.625113	15.319194	-0.021355	2.085314
119.340494	1194.642251	15.324199	-0.021366	2.082958
119.154615	1191.679031	15.329203	-0.021332	2.080552
119.236606	1188.699303	15.334208	-0.021347	2.078198
119.122084	1185.704543	15.339213	-0.021326	2.075779
119.158396	1182.725974	15.344218	-0.021332	2.073409
119.075656	1179.707652	15.349223	-0.021317	2.070974
119.210776	1176.755221	15.354227	-0.021341	2.068644
119.088332	1173.759447	15.359232	-0.021318	2.066212
119.118323	1170.778290	15.364237	-0.021323	2.063827
119.012211	1167.778793	15.369242	-0.021304	2.061390
118.993090	1164.809532	15.374247	-0.021300	2.058996
118.918730	1161.806291	15.379251	-0.021286	2.056558
119.147908	1158.765193	15.384256	-0.021327	2.054165
118.940167	1155.812291	15.389261	-0.021290	2.051728
118.842949	1152.872020	15.394266	-0.021272	2.049326
118.930972	1149.838072	15.399271	-0.021287	2.046894
119.016877	1146.830693	15.404275	-0.021303	2.044480
118.964947	1143.844581	15.409280	-0.021293	2.042044
118.858065	1140.902627	15.414285	-0.021273	2.039627
118.696452	1137.941178	15.419290	-0.021244	2.037178
118.722085	1134.956625	15.424295	-0.021248	2.034755
118.786020	1131.931041	15.429299	-0.021259	2.032306
118.785174	1128.943503	15.434304	-0.021259	2.029868
118.628351	1126.013155	15.439309	-0.021230	2.027433
118.664772	1122.990765	15.444314	-0.021237	2.024970
118.549096	1120.009361	15.449319	-0.021215	2.022498
118.755358	1116.939862	15.454323	-0.021252	2.020036
118.638310	1113.976150	15.459328	-0.021231	2.017572
118.533022	1111.033242	15.464333	-0.021212	2.015125
118.604747	1108.002304	15.469338	-0.021224	2.012650
118.637870	1105.018068	15.474343	-0.021230	2.010200
118.507745	1102.068674	15.479347	-0.021206	2.007732
118.545469	1099.058508	15.484352	-0.021213	2.005256
118.411335	1096.109299	15.489357	-0.021188	2.002781
118.516547	1093.074190	15.494362	-0.021207	2.000296
118.539948	1090.085169	15.499367	-0.021211	1.997824
118.497824	1087.110669	15.504371	-0.021203	1.995344
118.407442	1084.127381	15.509376	-0.021186	1.992840
118.326332	1081.185224	15.514381	-0.021171	1.990371
118.433857	1078.151472	15.519386	-0.021190	1.987872
118.350485	1075.185482	15.524391	-0.021175	1.985375
118.229442	1072.223395	15.529395	-0.021153	1.982868
118.261884	1069.210101	15.534400	-0.021158	1.980357
118.309268	1066.220963	15.539405	-0.021167	1.977866
118.292450	1063.217466	15.544410	-0.021163	1.975343
118.255014	1060.233908	15.549415	-0.021156	1.972828
118.399459	1057.214325	15.554419	-0.021182	1.970329
118.302201	1054.242577	15.559424	-0.021164	1.967802
118.243477	1051.296936	15.564429	-0.021153	1.965303
118.164222	1048.298442	15.569434	-0.021139	1.962751
118.242014	1045.294578	15.574439	-0.021152	1.960234
118.213642	1042.324237	15.579443	-0.021147	1.957714
118.148034	1039.364738	15.584448	-0.021135	1.955189
118.073656	1036.385067	15.589453	-0.021121	1.952641
118.122429	1033.371898	15.594458	-0.021130	1.950095
118.012726	1030.389432	15.599463	-0.021109	1.947529
118.083001	1027.397708	15.604467	-0.021122	1.945000
118.046569	1024.374124	15.609472	-0.021115	1.942412
118.073598	1021.405768	15.614477	-0.021120	1.939885
117.763072	1018.489088	15.619482	-0.021063	1.937306
117.843479	1015.478166	15.624487	-0.021077	1.934751
117.972141	1012.425402	15.629491	-0.021100	1.932170
117.851932	1009.497971	15.634496	-0.021078	1.929624
117.843721	1006.489519	15.639501	-0.021076	1.927036
117.818290	1003.533807	15.644506	-0.021072	1.924485
117.693266	1000.528908	15.649511	-0.021049	1.921861
117.721882	997.586508	15.654515	-0.021054	1.919329
117.636183	994.574035	15.659520	-0.021038	1.916702
117.882921	991.543818	15.664525	-0.021082	1.914149
117.625991	988.595421	15.669530	-0.021035	1.911523
117.603340	985.668653	15.674535	-0.021031	1.908977
117.642397	982.621887	15.679539	-0.021038	1.906341
117.470695	979.703758	15.684544	-0.021006	1.903754
117.503832	976.662743	15.689549	-0.021012	1.901114
117.480425	973.708773	15.694554	-0.021007	1.898530
117.370424	970.699536	15.699559	-0.020987	1.895870
117.478738	967.709872	15.704563	-0.021007	1.893286
117.469869	964.706778	15.709568	-0.021005	1.890653
117.362931	961.771640	15.714573	-0.020985	1.888047
117.342078	958.768334	15.719578	-0.020981	1.885403
117.309013	955.787038	15.724583	-0.020975	1.882771
117.257638	952.797269	15.729587	-0.020965	1.880123
117.336947	949.810223	15.734592	-0.020979	1.877510
117.241689	946.834621	15.739597	-0.020962	1.874855
117.204814	943.862870	15.744602	-0.020955	1.872215
117.133465	940.900880	15.749607	-0.020941	1.869571
117.133098	937.899336	15.754611	-0.020941	1.866908
117.108398	934.911551	15.759616	-0.020936	1.864246
117.308880	931.833185	15.764621	-0.020972	1.861565
117.032427	928.969702	15.769626	-0.020922	1.858934
117.185351	925.914653	15.774631	-0.020949	1.856253
117.005776	922.977202	15.779635	-0.020917	1.853576
117.049806	919.989903	15.784640	-0.020924	1.850915
117.163476	916.948539	15.789645	-0.020945	1.848223
117.226223	913.964767	15.794650	-0.020956	1.845564
117.112648	910.992620	15.799655	-0.020935	1.842860
117.242371	907.996696	15.804659	-0.020958	1.840201
117.005085	905.073581	15.809664	-0.020915	1.837497
117.030682	902.093877	15.814669	-0.020919	1.834815
117.051219	899.082366	15.819674	-0.020922	1.832099
117.091477	896.152621	15.824679	-0.020929	1.829458
117.024734	893.124982	15.829683	-0.020917	1.826693
117.041955	890.161701	15.834688	-0.020920	1.824008
116.916149	887.183694	15.839693	-0.020897	1.821263
116.919359	884.210495	15.844698	-0.020897	1.818556
116.816268	881.244061	15.849703	-0.020878	1.815819
116.991417	878.196858	15.854707	-0.020910	1.813088
116.944624	875.249738	15.859712	-0.020901	1.810378
116.862172	872.290094	15.864717	-0.020886	1.807642
116.800804	869.299540	15.869722	-0.020874	1.804879
116.819175	866.317264	15.874727	-0.020877	1.802144
116.615263	863.384992	15.879731	-0.020840	1.799384
116.713927	860.367626	15.884736	-0.020858	1.796632
116.769508	857.355546	15.889741	-0.020867	1.793868
116.678186	854.418358	15.894746	-0.020851	1.791125
116.628262	851.442376	15.899751	-0.020841	1.788354
116.658399	848.450400	15.904755	-0.020846	1.785588
116.572172	845.441832	15.909760	-0.020830	1.782767
116.520576	842.506213	15.914765	-0.020821	1.780020
116.510801	839.479112	15.919770	-0.020819	1.777196
116.580131	836.503955	15.924775	-0.020831	1.774440
116.456651	833.529603	15.929779	-0.020808	1.771622
116.463337	830.569068	15.934784	-0.020809	1.768852
116.438320	827.579803	15.939789	-0.020804	1.766041
116.397576	824.599967	15.944794	-0.020797	1.763230
116.416032	821.608150	15.949799	-0.020800	1.760421
116.539101	818.581488	15.954803	-0.020822	1.757607
116.390982	815.652999	15.959808	-0.020795	1.754797
116.402007	812.665203	15.964813	-0.020796	1.751977
116.550047	809.661952	15.969818	-0.020823	1.749179
116.357051	806.751006	15.974823	-0.020788	1.746359
116.342039	803.738994	15.979827	-0.020785	1.743493
116.426955	800.755188	15.984832	-0.020800	1.740681
116.267979	797.782119	15.989837	-0.020771	1.737798
116.390500	794.801495	15.994842	-0.020793	1.734991
116.258419	791.835223	15.999847	-0.020768	1.732113
116.320988	788.859159	16.004851	-0.020779	1.729283
116.229230	785.886801	16.009856	-0.020762	1.726403
116.297236	782.870644	16.014861	-0.020774	1.723526
116.338960	779.892749	16.019866	-0.020782	1.720673
116.266985	776.926923	16.024871	-0.020768	1.717791
116.095218	774.003172	16.029875	-0.020737	1.714913
116.227364	770.991631	16.034880	-0.020761	1.712042
116.043842	768.053597	16.039885	-0.020727	1.709137
116.166488	765.038300	16.044890	-0.020749	1.706249
116.019175	762.073981	16.049895	-0.020722	1.703320
115.958497	759.122180	16.054899	-0.020711	1.700426
116.069685	756.091439	16.059904	-0.020731	1.697505
116.087554	753.099157	16.064909	-0.020734	1.694587
115.995063	750.151284	16.069914	-0.020717	1.691671
115.995487	747.189349	16.074919	-0.020716	1.688766
115.964282	744.185943	16.079923	-0.020710	1.685806
116.001718	741.201465	16.084928	-0.020717	1.682881
115.986443	738.231004	16.089933	-0.020714	1.679948
115.888579	735.285593	16.094938	-0.020696	1.677008
115.997931	732.271593	16.099943	-0.020715	1.674062
115.937504	729.328990	16.104947	-0.020704	1.671126
115.898667	726.369065	16.109952	-0.020697	1.668175
115.967339	723.370698	16.114957	-0.020709	1.665216
115.971892	720.368751	16.119962	-0.020709	1.662227
115.904522	717.441150	16.124967	-0.020697	1.659283
115.749104	714.478507	16.129971	-0.020669	1.656269
115.802548	711.489766	16.134976	-0.020678	1.653293
115.819536	708.506773	16.139981	-0.020681	1.650306
115.783795	705.534521	16.144986	-0.020674	1.647306
115.658783	702.588602	16.149991	-0.020651	1.644297
115.693712	699.596257	16.154995	-0.020657	1.641290
115.642633	696.622745	16.160000	-0.020647	1.638267
115.757989	693.638395	16.165005	-0.020668	1.635284
115.662303	690.654197	16.170010	-0.020650	1.632224
115.666235	687.709065	16.175015	-0.020651	1.629232
115.482055	684.749187	16.180019	-0.020617	1.626156
115.443170	681.776952	16.185024	-0.020610	1.623110
115.342166	678.822088	16.190029	-0.020591	1.620056
115.248240	675.854074	16.195034	-0.020574	1.616984
115.289317	672.846632	16.200039	-0.020581	1.613913
115.464666	669.845637	16.205043	-0.020613	1.610887
115.198947	666.929143	16.210048	-0.020564	1.607793
115.303274	663.922697	16.215053	-0.020583	1.604726
115.290381	660.926331	16.220058	-0.020580	1.601624
115.295189	657.955783	16.225063	-0.020581	1.598548
115.102479	655.052275	16.230067	-0.020546	1.595468
115.325157	652.001039	16.235072	-0.020586	1.592372
115.225504	649.071786	16.240077	-0.020567	1.589286
115.122444	646.125830	16.245082	-0.020548	1.586175
115.164112	643.110413	16.250087	-0.020556	1.583035
115.246174	640.123940	16.255091	-0.020570	1.579934
115.113961	637.179435	16.260096	-0.020546	1.576795
115.170355	634.187985	16.265101	-0.020556	1.573667
115.153877	631.236476	16.270106	-0.020553	1.570550
115.130633	628.266076	16.275111	-0.020548	1.567403
115.120969	625.275174	16.280115	-0.020546	1.564234
115.198774	622.301446	16.285120	-0.020560	1.561107
115.117155	619.352600	16.290125	-0.020545	1.557944
115.057261	616.396111	16.295130	-0.020534	1.554774
114.914792	613.478226	16.300135	-0.020508	1.551610
114.988696	610.476378	16.305139	-0.020521	1.548426
114.908037	607.508236	16.310144	-0.020506	1.545217
114.781318	604.576084	16.315149	-0.020483	1.542023
114.841912	601.565643	16.320154	-0.020493	1.538805
114.959413	598.557605	16.325159	-0.020514	1.535604
114.821541	595.635755	16.330163	-0.020489	1.532397
114.754325	592.680235	16.335168	-0.020476	1.529172
114.683147	589.728014	16.340173	-0.020463	1.525943
114.822863	586.703228	16.345178	-0.020488	1.522705
114.660107	583.775798	16.350183	-0.020459	1.519456
114.608387	580.831024	16.355187	-0.020449	1.516221
114.828449	577.788760	16.360192	-0.020488	1.512972
114.747340	574.859366	16.365197	-0.020473	1.509730
114.631802	571.929418	16.370202	-0.020452	1.506467
114.691969	568.921137	16.375207	-0.020463	1.503175
114.547103	565.993745	16.380211	-0.020436	1.499890
114.549567	563.028012	16.385216	-0.020436	1.496610
114.449152	560.068809	16.390221	-0.020418	1.493292
114.488559	557.108945	16.395226	-0.020425	1.490017
114.364405	554.161965	16.400231	-0.020402	1.486689
114.526843	551.136703	16.405235	-0.020431	1.483373
114.289502	548.244976	16.410240	-0.020388	1.480049
114.485156	545.216540	16.415245	-0.020423	1.476727
114.418089	542.261164	16.420250	-0.020411	1.473381
114.360884	539.328349	16.425255	-0.020400	1.470056
114.270583	536.371892	16.430259	-0.020383	1.466685
114.415849	533.355412	16.435264	-0.020409	1.463327
114.202905	530.431194	16.440269	-0.020371	1.459930
114.214461	527.475942	16.445274	-0.020372	1.456575
114.273731	524.481049	16.450279	-0.020383	1.453185
114.174217	521.544443	16.455283	-0.020364	1.449794
113.990852	518.630204	16.460288	-0.020331	1.446387
114.144310	515.614664	16.465293	-0.020358	1.442987
114.086497	512.654828	16.470298	-0.020348	1.439560
114.084985	509.704632	16.475303	-0.020347	1.436159
114.012625	506.768144	16.480307	-0.020334	1.432737
113.924325	503.833736	16.485312	-0.020317	1.429304
113.886931	500.859758	16.490317	-0.020310	1.425836
113.873541	497.899821	16.495322	-0.020308	1.422386
113.863719	494.916601	16.500327	-0.020306	1.418901
113.795612	491.975427	16.505331	-0.020293	1.415434
113.837899	489.006140	16.510336	-0.020300	1.411969
113.880288	486.021771	16.515341	-0.020308	1.408478
113.812039	483.067398	16.520346	-0.020295	1.404970
113.640928	480.182375	16.525351	-0.020264	1.401494
113.645122	477.197951	16.530355	-0.020264	1.397961
113.695620	474.218812	16.535360	-0.020273	1.394444
113.518059	471.315916	16.540365	-0.020241	1.390918
113.640155	468.308191	16.545370	-0.020263	1.387378
113.430905	465.392368	16.550375	-0.020224	1.383805
113.572407	462.386760	16.555379	-0.020250	1.380258
113.447225	459.458546	16.560384	-0.020227	1.376686
113.471861	456.500179	16.565389	-0.020231	1.373129
113.583761	453.489606	16.570394	-0.020251	1.369536
113.567188	450.538899	16.575399	-0.020248	1.365953
113.363847	447.657236	16.580403	-0.020211	1.362368
113.289181	444.717017	16.585408	-0.020197	1.358755
113.100491	441.802627	16.590413	-0.020162	1.355117
113.246370	438.819577	16.595418	-0.020188	1.351524
113.190380	435.856458	16.600423	-0.020178	1.347861
113.267269	432.878433	16.605427	-0.020192	1.344226
113.208937	429.916523	16.610432	-0.020181	1.340544
113.227612	426.974270	16.615437	-0.020184	1.336909
113.205014	424.022157	16.620442	-0.020179	1.333234
113.242803	421.046566	16.625447	-0.020186	1.329545
113.167838	418.124555	16.630451	-0.020172	1.325865
113.147805	415.183428	16.635456	-0.020168	1.322175
113.120985	412.226689	16.640461	-0.020163	1.318451
113.077340	409.300810	16.645466	-0.020155	1.314749
113.043853	406.327162	16.650471	-0.020149	1.310980
113.027195	403.385734	16.655475	-0.020145	1.307248
112.876374	400.462397	16.660480	-0.020118	1.303471
112.764857	397.534517	16.665485	-0.020097	1.299694
112.830760	394.556525	16.670490	-0.020109	1.295919
112.872757	391.600239	16.675495	-0.020116	1.292150
112.818643	388.666645	16.680499	-0.020106	1.288358
112.774325	385.723163	16.685504	-0.020098	1.284546
112.672331	382.792829	16.690509	-0.020079	1.280714
112.760378	379.834994	16.695514	-0.020095	1.276918
112.685923	376.904960	16.700519	-0.020081	1.273076
112.682881	373.966814	16.705523	-0.020080	1.269243
112.569667	371.030616	16.710528	-0.020059	1.265352
112.613541	368.059843	16.715533	-0.020067	1.261474
112.638721	365.118363	16.720538	-0.020071	1.257614
112.605617	362.178584	16.725543	-0.020065	1.253718
112.677238	359.210900	16.730547	-0.020078	1.249821
112.571505	356.307701	16.735552	-0.020058	1.245916
112.481257	353.381825	16.740557	-0.020042	1.241976
112.646804	350.405086	16.745562	-0.020071	1.238073
112.277823	347.577260	16.750567	-0.020004	1.234112
112.296831	344.616296	16.755571	-0.020007	1.230137
112.357425	341.633685	16.760576	-0.020018	1.226139
112.205115	338.735793	16.765581	-0.019990	1.222144
112.213032	335.796247	16.770586	-0.019991	1.218154
112.136533	332.879205	16.775591	-0.019977	1.214143
112.092992	329.933724	16.780595	-0.019969	1.210094
112.263424	326.943089	16.785600	-0.019999	1.206070
112.115713	324.048760	16.790605	-0.019972	1.202016
111.978307	321.155996	16.795610	-0.019947	1.197955
111.967948	318.222030	16.800615	-0.019945	1.193883
111.939948	315.290155	16.805619	-0.019940	1.189792
111.975757	312.335763	16.810624	-0.019946	1.185686
111.917629	309.411965	16.815629	-0.019935	1.181563
111.938755	306.469067	16.820634	-0.019939	1.177438
111.921969	303.554893	16.825639	-0.019935	1.173320
111.782936	300.647923	16.830643	-0.019910	1.169138
111.800138	297.710096	16.835648	-0.019913	1.164973
111.652879	294.819057	16.840653	-0.019886	1.160780
111.853756	291.818771	16.845658	-0.019922	1.156586
111.693078	288.963066	16.850663	-0.019893	1.152407
111.605261	286.047028	16.855667	-0.019876	1.148161
111.620028	283.093533	16.860672	-0.019879	1.143896
111.597620	280.168062	16.865677	-0.019874	1.139638
111.573827	277.245190	16.870682	-0.019870	1.135366
111.404707	274.375251	16.875687	-0.019839	1.131083
111.509291	271.394478	16.880691	-0.019858	1.126759
111.420276	268.501955	16.885696	-0.019841	1.122450
111.369789	265.589978	16.890701	-0.019832	1.118115
111.325208	262.701841	16.895706	-0.019823	1.113802
111.318654	259.770066	16.900711	-0.019822	1.109427
111.373137	256.825208	16.905715	-0.019832	1.105046
111.259506	253.929748	16.910720	-0.019811	1.100635
111.175806	251.041888	16.915725	-0.019795	1.096233
111.200392	248.115763	16.920730	-0.019799	1.091812
111.113822	245.217420	16.925735	-0.019783	1.087357
111.071891	242.319823	16.930739	-0.019776	1.082909
110.999593	239.424168	16.935744	-0.019762	1.078429
110.901363	236.539556	16.940749	-0.019744	1.073933
110.930939	233.605485	16.945754	-0.019749	1.069410
110.852085	230.703025	16.950759	-0.019735	1.064859
110.897003	227.776591	16.955763	-0.019743	1.060318
110.830293	224.879263	16.960768	-0.019730	1.055742
110.847761	221.965987	16.965773	-0.019733	1.051168
110.862362	219.048090	16.970778	-0.019735	1.046564
110.548982	216.243308	16.975783	-0.019678	1.041940
110.689091	213.286933	16.980787	-0.019703	1.037302
110.618603	210.415683	16.985792	-0.019690	1.032665
110.606376	207.494175	16.990797	-0.019688	1.027957
110.457725	204.649156	16.995802	-0.019661	1.023276
110.576099	201.690068	17.000807	-0.019682	1.018537
110.590526	198.798997	17.005811	-0.019684	1.013829
110.547718	195.914806	17.010816	-0.019676	1.009077
110.290420	193.100671	17.015821	-0.019629	1.004297
110.339515	190.189743	17.020826	-0.019638	0.999508
110.343815	187.279988	17.025831	-0.019638	0.994673
110.216342	184.415296	17.030835	-0.019615	0.989813
110.140233	181.543479	17.035840	-0.019601	0.984948
110.201510	178.616804	17.040845	-0.019612	0.980045
110.152735	175.749472	17.045850	-0.019603	0.975154
110.160666	172.853412	17.050855	-0.019604	0.970223
110.092456	169.987716	17.055859	-0.019591	0.965274
109.884657	167.172019	17.060864	-0.019553	0.960301
110.082256	164.224201	17.065869	-0.019589	0.955318
109.981944	161.375367	17.070874	-0.019570	0.950301
109.857106	158.533192	17.075879	-0.019548	0.945254
109.820117	155.658627	17.080883	-0.019541	0.940176
109.953525	152.746410	17.085888	-0.019564	0.935109
109.794344	149.920882	17.090893	-0.019535	0.929988
109.765558	147.052446	17.095898	-0.019530	0.924843
109.635297	144.232961	17.100903	-0.019506	0.919693
109.551333	141.388701	17.105907	-0.019491	0.914499
109.670504	138.473825	17.110912	-0.019512	0.909275
109.439957	135.684368	17.115917	-0.019470	0.904028
109.478029	132.794308	17.120922	-0.019476	0.898737
109.431345	129.959253	17.125927	-0.019468	0.893462
109.429677	127.082564	17.130931	-0.019467	0.888108
109.360004	124.257875	17.135936	-0.019454	0.882774
109.275848	121.435113	17.140941	-0.019439	0.877401
109.193773	118.607580	17.145946	-0.019424	0.871988
109.156039	115.767905	17.150951	-0.019417	0.866547
109.158045	112.912558	17.155955	-0.019417	0.861069
109.204901	110.055877	17.160960	-0.019425	0.855583
109.049241	107.263247	17.165965	-0.019396	0.850049
108.995892	104.437539	17.170970	-0.019386	0.844483
108.868253	101.652375	17.175975	-0.019363	0.838910
108.796011	98.836456	17.180979	-0.019350	0.833276
108.839184	95.976011	17.185984	-0.019357	0.827596
108.795324	93.162732	17.190989	-0.019349	0.821910
108.817123	90.321895	17.195994	-0.019353	0.816175
108.720884	87.535193	17.200999	-0.019335	0.810427
108.641825	84.736612	17.206003	-0.019320	0.804625
108.616992	81.928148	17.211008	-0.019316	0.798799
108.680965	79.107074	17.216013	-0.019327	0.792969
108.554517	76.329127	17.221018	-0.019304	0.787047
108.406491	73.573308	17.226023	-0.019277	0.781111
108.438716	70.762752	17.231027	-0.019282	0.775147
108.316317	67.997533	17.236032	-0.019260	0.769118
108.453889	65.169747	17.241037	-0.019285	0.763102
108.258609	62.435720	17.246042	-0.019249	0.756990
108.119700	59.694481	17.251047	-0.019224	0.750855
108.013684	56.947285	17.256051	-0.019204	0.744682
107.925290	54.182023	17.261056	-0.019188	0.738431
107.980799	51.393388	17.266061	-0.019198	0.732187
107.936114	48.625244	17.271066	-0.019189	0.725856
107.629789	45.970407	17.276071	-0.019134	0.719520
107.739630	43.174082	17.281075	-0.019153	0.713137
107.534469	40.473544	17.286080	-0.019116	0.706663
107.628337	37.693110	17.291085	-0.019133	0.700187
107.683983	34.997464	17.296090	-0.019142	0.693821
107.362874	32.624324	17.301095	-0.019084	0.687856
