Tue Jun 02 09:14:01 2020

Number of Points = 3016
Depth (nm)	Load (µN)	Time (s)	Depth (V)	Load (V)
1.050755	0.177422	0.000000	0.000071	0.492939

1.202035	0.182466	0.005005	0.000044	0.493136
1.056247	0.227465	0.010010	0.000070	0.493114
1.093777	0.221649	0.015014	0.000063	0.493138
1.208882	0.122406	0.020019	0.000043	0.492940
1.193603	0.090125	0.025024	0.000045	0.492813
1.134192	0.106581	0.030029	0.000056	0.492798
1.282786	0.055790	0.035034	0.000029	0.492803
1.221356	0.079850	0.040038	0.000041	0.492810
1.170131	0.053561	0.045043	0.000050	0.492661
1.221419	-0.012369	0.050048	0.000041	0.492499
1.209920	-0.002816	0.055053	0.000043	0.492517
1.117306	-0.039581	0.060058	0.000060	0.492282
1.001724	-0.023962	0.065062	0.000080	0.492197
1.106201	-0.091115	0.070067	0.000062	0.492095
1.146136	-0.171981	0.075072	0.000054	0.491868
1.163590	-0.211765	0.080077	0.000051	0.491755
1.043282	-0.227325	0.085082	0.000073	0.491558
1.104506	-0.305886	0.090086	0.000062	0.491365
1.083799	-0.340054	0.095091	0.000066	0.491225
1.184069	-0.468884	0.100096	0.000048	0.490908
1.125108	-0.506638	0.105101	0.000059	0.490709
1.069625	-0.554998	0.110106	0.000069	0.490479
1.101453	-0.630614	0.115110	0.000063	0.490260
0.986216	-0.669139	0.120115	0.000084	0.489991
0.972496	-0.755663	0.125120	0.000086	0.489681
0.881691	-0.802312	0.130125	0.000103	0.489413
1.011081	-0.926848	0.135130	0.000079	0.489145
1.046506	-1.018703	0.140134	0.000073	0.488875
1.009756	-1.089130	0.145139	0.000080	0.488591
1.004168	-1.192743	0.150144	0.000081	0.488231
0.987316	-1.279816	0.155149	0.000084	0.487914
0.808089	-1.322109	0.160154	0.000116	0.487554
0.730088	-1.401388	0.165158	0.000130	0.487190
0.799743	-1.533986	0.170163	0.000118	0.486820
0.836064	-1.650065	0.175168	0.000111	0.486467
0.833321	-1.762788	0.180173	0.000112	0.486078
0.870043	-1.884528	0.185178	0.000105	0.485706
0.900279	-2.034934	0.190182	0.000100	0.485227
1.041222	-2.195576	0.195187	0.000075	0.484846
1.022251	-2.331556	0.200192	0.000078	0.484356
1.089187	-2.474099	0.205197	0.000066	0.483947
0.692211	-2.476888	0.210202	0.000138	0.483456
0.967007	-2.703128	0.215206	0.000088	0.483011
0.812722	-2.803642	0.220211	0.000116	0.482477
0.726333	-2.905040	0.225216	0.000132	0.482022
0.792135	-3.087283	0.230221	0.000120	0.481473
0.795910	-3.232778	0.235226	0.000119	0.480975
0.560428	-3.301585	0.240230	0.000162	0.480449
0.697450	-3.504996	0.245235	0.000137	0.479912
0.647404	-3.642576	0.250240	0.000146	0.479373
0.723003	-3.809034	0.255245	0.000133	0.478888
0.605576	-3.931426	0.260250	0.000154	0.478319
0.637201	-4.104897	0.265254	0.000148	0.477754
0.462917	-4.220298	0.270259	0.000180	0.477137
0.501488	-4.398870	0.275264	0.000173	0.476562
0.397602	-4.543553	0.280269	0.000192	0.475929
0.334545	-4.688073	0.285274	0.000203	0.475345
0.143588	-4.797913	0.290278	0.000238	0.474725
0.310229	-5.019690	0.295283	0.000208	0.474153
0.196501	-5.158606	0.300288	0.000228	0.473525
0.045149	-5.283655	0.305293	0.000256	0.472898
-0.172344	-5.390427	0.310298	0.000295	0.472252
-0.612352	-5.403281	0.315302	0.000375	0.471660
-2.217921	-4.989239	0.320307	0.000665	0.471124
-4.074796	-4.439737	0.325312	0.001000	0.470752
-4.165214	-4.491005	0.330317	0.001017	0.470458
-4.454695	-4.458455	0.335322	0.001069	0.470212
-4.624666	-4.467070	0.340326	0.001100	0.469970
-4.726543	-4.495101	0.345331	0.001118	0.469743
-5.047313	-4.454058	0.350336	0.001176	0.469488
-5.271407	-4.451645	0.355341	0.001217	0.469216
-5.441298	-4.439032	0.360346	0.001248	0.469048
-5.479019	-4.467041	0.365350	0.001255	0.468901
-5.772674	-4.449091	0.370355	0.001308	0.468597
-5.953965	-4.445343	0.375360	0.001340	0.468384
-6.023794	-4.466874	0.380365	0.001353	0.468219
-6.288249	-4.443049	0.385370	0.001401	0.467972
-6.370882	-4.472977	0.390374	0.001416	0.467762
-6.611784	-4.418337	0.395379	0.001459	0.467654
-6.832860	-4.432660	0.400384	0.001499	0.467326
-6.834823	-4.460941	0.405389	0.001500	0.467222
-7.187035	-4.393963	0.410394	0.001564	0.467018
-7.268422	-4.419333	0.415398	0.001578	0.466826
-7.425520	-4.394974	0.420403	0.001607	0.466715
-7.274344	-4.519502	0.425408	0.001579	0.466461
-7.321946	-4.544584	0.430413	0.001588	0.466311
-7.814698	-4.431423	0.435418	0.001677	0.466095
-7.928705	-4.450016	0.440422	0.001698	0.465884
-8.072877	-4.425766	0.445427	0.001724	0.465789
-8.433177	-4.373035	0.450432	0.001789	0.465524
-8.410302	-4.396015	0.455437	0.001785	0.465470
-8.444297	-4.455791	0.460442	0.001791	0.465213
-8.296290	-4.531137	0.465446	0.001764	0.465130
-8.955001	-4.384654	0.470451	0.001884	0.464823
-8.748499	-4.470190	0.475456	0.001846	0.464777
-9.254622	-4.363255	0.480461	0.001938	0.464521
-8.978027	-4.476709	0.485466	0.001888	0.464464
-9.321693	-4.429298	0.490470	0.001950	0.464199
-9.328308	-4.444408	0.495475	0.001951	0.464136
-9.670558	-4.374650	0.500480	0.002013	0.463954
-9.485159	-4.476470	0.505485	0.001980	0.463823
-9.894020	-4.385510	0.510490	0.002054	0.463632
-9.947985	-4.413038	0.515494	0.002063	0.463464
-10.099395	-4.401411	0.520499	0.002091	0.463314
-9.958192	-4.499672	0.525504	0.002065	0.463140
-10.370375	-4.396955	0.530509	0.002140	0.462986
-10.602990	-4.363397	0.535514	0.002182	0.462812
-10.699892	-4.365750	0.540518	0.002199	0.462680
-10.521324	-4.480232	0.545523	0.002167	0.462495
-10.767895	-4.428673	0.550528	0.002212	0.462367
-11.006140	-4.412667	0.555533	0.002255	0.462122
-11.078527	-4.405885	0.560538	0.002268	0.462055
-11.196923	-4.433755	0.565542	0.002290	0.461804
-11.214243	-4.444024	0.570547	0.002293	0.461744
-11.594566	-4.381783	0.575552	0.002361	0.461485
-11.729601	-4.349616	0.580557	0.002386	0.461429
-11.690823	-4.423913	0.585562	0.002379	0.461210
-11.669473	-4.461599	0.590566	0.002375	0.461101
-12.156906	-4.364819	0.595571	0.002463	0.460830
-12.196405	-4.359406	0.600576	0.002470	0.460799
-12.155210	-4.444866	0.605581	0.002463	0.460543
-12.173677	-4.454339	0.610586	0.002466	0.460485
-12.644527	-4.364242	0.615590	0.002552	0.460210
-12.730815	-4.341488	0.620595	0.002567	0.460182
-12.600421	-4.451343	0.625600	0.002544	0.459951
-12.802842	-4.407791	0.630605	0.002580	0.459850
-12.984388	-4.414125	0.635610	0.002613	0.459595
-13.270603	-4.325191	0.640614	0.002665	0.459551
-13.263597	-4.397595	0.645619	0.002664	0.459298
-13.281846	-4.405010	0.650624	0.002667	0.459247
-13.512835	-4.385181	0.655629	0.002709	0.459024
-13.697799	-4.326741	0.660634	0.002742	0.458999
-13.691885	-4.401946	0.665638	0.002741	0.458734
-13.743631	-4.404645	0.670643	0.002751	0.458657
-13.977350	-4.397117	0.675648	0.002793	0.458385
-14.220050	-4.320772	0.680653	0.002837	0.458351
-14.331592	-4.360163	0.685658	0.002857	0.458065
-14.309587	-4.376577	0.690662	0.002853	0.458034
-14.511490	-4.381581	0.695667	0.002890	0.457757
-14.685490	-4.326063	0.700672	0.002921	0.457735
-14.694098	-4.399635	0.705677	0.002923	0.457456
-14.749030	-4.394391	0.710682	0.002933	0.457405
-15.117292	-4.342226	0.715686	0.002999	0.457122
-15.184950	-4.324400	0.720691	0.003012	0.457099
-15.356020	-4.337503	0.725696	0.003042	0.456832
-15.073114	-4.452181	0.730701	0.002991	0.456777
-15.364170	-4.429047	0.735706	0.003044	0.456487
-15.621666	-4.352678	0.740710	0.003091	0.456434
-15.885629	-4.333879	0.745715	0.003138	0.456163
-15.829600	-4.363784	0.750720	0.003128	0.456126
-15.821616	-4.441854	0.755725	0.003127	0.455851
-16.182645	-4.331810	0.760730	0.003192	0.455788
-16.198029	-4.396753	0.765734	0.003195	0.455531
-16.194477	-4.428322	0.770739	0.003194	0.455420
-16.375080	-4.416956	0.775744	0.003227	0.455228
-16.612180	-4.380297	0.780749	0.003270	0.455056
-16.891018	-4.322510	0.785754	0.003320	0.454908
-16.789735	-4.397813	0.790758	0.003302	0.454763
-16.851329	-4.418077	0.795763	0.003313	0.454609
-17.037587	-4.405208	0.800768	0.003347	0.454415
-17.124036	-4.407159	0.805773	0.003363	0.454296
-17.442983	-4.348090	0.810778	0.003420	0.454100
-17.391647	-4.385252	0.815782	0.003411	0.454030
-17.752924	-4.329075	0.820787	0.003476	0.453769
-17.711353	-4.366152	0.825792	0.003469	0.453686
-17.829209	-4.388569	0.830797	0.003490	0.453451
-17.712244	-4.446326	0.835802	0.003469	0.453390
-18.396265	-4.294077	0.840806	0.003593	0.453063
-18.048331	-4.414121	0.845811	0.003530	0.453073
-18.307153	-4.407206	0.850816	0.003577	0.452763
-18.212870	-4.457078	0.855821	0.003560	0.452701
-18.777710	-4.333962	0.860826	0.003662	0.452421
-18.537284	-4.441492	0.865830	0.003619	0.452337
-19.100148	-4.303390	0.870835	0.003720	0.452115
-18.797665	-4.427010	0.875840	0.003666	0.452052
-19.055361	-4.403565	0.880845	0.003712	0.451804
-19.244319	-4.368307	0.885850	0.003747	0.451688
-19.423147	-4.357933	0.890854	0.003779	0.451493
-19.507862	-4.359700	0.895859	0.003794	0.451376
-19.732839	-4.337818	0.900864	0.003835	0.451164
-19.753081	-4.361897	0.905869	0.003839	0.451049
-19.946387	-4.343167	0.910874	0.003874	0.450866
-19.821817	-4.423518	0.915878	0.003851	0.450731
-20.278775	-4.313104	0.920883	0.003934	0.450544
-20.044623	-4.432095	0.925888	0.003891	0.450409
-20.479056	-4.325786	0.930893	0.003970	0.450235
-20.440681	-4.384185	0.935898	0.003963	0.450069
-20.676924	-4.341635	0.940902	0.004006	0.449918
-20.483662	-4.461314	0.945907	0.003971	0.449727
-20.864269	-4.354606	0.950912	0.004040	0.449625
-21.048014	-4.356281	0.955917	0.004073	0.449379
-20.929068	-4.415570	0.960922	0.004052	0.449314
-21.062836	-4.430611	0.965926	0.004076	0.449084
-21.172600	-4.417200	0.970931	0.004096	0.448990
-21.581241	-4.341527	0.975936	0.004170	0.448736
-21.603728	-4.357688	0.980941	0.004174	0.448646
-21.756620	-4.366678	0.985946	0.004201	0.448412
-21.819054	-4.372035	0.990950	0.004213	0.448310
-22.224103	-4.284994	0.995955	0.004286	0.448103
-22.150376	-4.354349	1.000960	0.004273	0.447942

-22.444669	-4.303873	1.010957	0.004326	0.447743
-22.440975	-4.377155	1.020954	0.004325	0.447475
-22.758612	-4.306740	1.030950	0.004383	0.447319
-22.768032	-4.346684	1.040947	0.004385	0.447158
-22.814323	-4.328788	1.050944	0.004393	0.447163
-22.815004	-4.330412	1.060941	0.004393	0.447155
-22.949215	-4.300986	1.070938	0.004418	0.447088
-22.905778	-4.349547	1.080934	0.004410	0.446964
-22.948774	-4.365463	1.090931	0.004418	0.446848
-22.932538	-4.341233	1.100928	0.004415	0.446958
-23.067278	-4.256093	1.110925	0.004439	0.447098
-22.939949	-4.283261	1.120922	0.004416	0.447163
-22.756145	-4.348061	1.130918	0.004383	0.447163
-22.770133	-4.343700	1.140915	0.004386	0.447160
-22.707357	-4.366392	1.150912	0.004375	0.447157
-22.722738	-4.359398	1.160909	0.004377	0.447163
-22.667436	-4.380168	1.170906	0.004368	0.447157
-22.727920	-4.356584	1.180902	0.004379	0.447165
-22.618742	-4.373304	1.190899	0.004359	0.447246
-22.543167	-4.341143	1.200896	0.004345	0.447464
-22.492708	-4.358893	1.210893	0.004336	0.447463
-22.654493	-4.301198	1.220890	0.004366	0.447465
-22.401678	-4.388856	1.230886	0.004320	0.447470
-22.372098	-4.334693	1.240883	0.004315	0.447710
-22.123594	-4.399735	1.250880	0.004270	0.447793
-22.366667	-4.313992	1.260877	0.004314	0.447792
-22.322358	-4.328310	1.270874	0.004306	0.447797
-22.178933	-4.329433	1.280870	0.004280	0.447980
-21.948892	-4.379816	1.290867	0.004239	0.448093
-22.031322	-4.349371	1.300864	0.004254	0.448098
-21.693007	-4.469905	1.310861	0.004193	0.448093
-22.038010	-4.349256	1.320858	0.004255	0.448088
-21.727870	-4.400500	1.330854	0.004199	0.448304
-21.786083	-4.348934	1.340851	0.004210	0.448418
-21.773175	-4.353799	1.350848	0.004207	0.448416
-21.871769	-4.320265	1.360845	0.004225	0.448411
-21.532610	-4.359900	1.370842	0.004164	0.448707
-21.590045	-4.333253	1.380838	0.004175	0.448730
-21.573203	-4.340095	1.390835	0.004172	0.448726
-21.492555	-4.334164	1.400832	0.004157	0.448853
-21.106019	-4.415561	1.410829	0.004087	0.449056
-21.313130	-4.340331	1.420826	0.004125	0.449064
-21.206908	-4.376808	1.430822	0.004106	0.449067
-21.251807	-4.360853	1.440819	0.004114	0.449067
-20.995702	-4.389576	1.450816	0.004068	0.449294
-21.099914	-4.349907	1.460813	0.004087	0.449304
-20.995493	-4.385368	1.470810	0.004068	0.449309
-21.056984	-4.354033	1.480806	0.004079	0.449344
-20.742480	-4.388973	1.490803	0.004022	0.449625
-20.956875	-4.315471	1.500800	0.004061	0.449616
-20.744621	-4.388401	1.510797	0.004023	0.449623
-20.732083	-4.345799	1.520794	0.004021	0.449796
-20.449654	-4.409151	1.530790	0.003970	0.449930
-20.702974	-4.322525	1.540787	0.004016	0.449919
-20.540356	-4.379966	1.550784	0.003986	0.449918
-20.422652	-4.343436	1.560781	0.003965	0.450206
-20.257982	-4.389145	1.570778	0.003935	0.450251
-20.285020	-4.379479	1.580774	0.003940	0.450251
-20.177173	-4.415532	1.590771	0.003921	0.450258
-20.181426	-4.364985	1.600768	0.003922	0.450438
-19.940671	-4.418147	1.610765	0.003878	0.450555
-20.096259	-4.363210	1.620762	0.003907	0.450555
-19.943572	-4.416926	1.630758	0.003879	0.450554
-20.062390	-4.338741	1.640755	0.003901	0.450688
-19.591123	-4.455495	1.650752	0.003816	0.450870
-19.845982	-4.365529	1.660749	0.003862	0.450869
-19.601609	-4.453686	1.670746	0.003818	0.450862
-19.814145	-4.372249	1.680742	0.003856	0.450885
-19.438933	-4.425387	1.690739	0.003788	0.451176
-19.641165	-4.353005	1.700736	0.003825	0.451180
-19.658629	-4.348188	1.710733	0.003828	0.451174
-19.591489	-4.320037	1.720730	0.003816	0.451365
-19.442172	-4.335774	1.730726	0.003789	0.451500
-19.501294	-4.312450	1.740723	0.003800	0.451509
-19.183147	-4.357692	1.750720	0.003743	0.451755
-19.120797	-4.365533	1.760717	0.003731	0.451806
-19.129363	-4.360366	1.770714	0.003733	0.451813
-19.163392	-4.348522	1.780710	0.003739	0.451812
-18.821893	-4.393150	1.790707	0.003678	0.452091
-18.971379	-4.331586	1.800704	0.003705	0.452123
-18.939626	-4.343110	1.810701	0.003699	0.452121
-18.990986	-4.309501	1.820698	0.003708	0.452177
-18.736875	-4.329435	1.830694	0.003663	0.452433
-18.778578	-4.314088	1.840691	0.003670	0.452435
-18.642016	-4.362296	1.850688	0.003646	0.452434
-18.479642	-4.346628	1.860685	0.003616	0.452702
-18.475419	-4.332112	1.870682	0.003616	0.452760
-18.369555	-4.369250	1.880678	0.003597	0.452760
-18.454150	-4.340053	1.890675	0.003612	0.452757
-18.240133	-4.340851	1.900672	0.003573	0.453031
-18.166393	-4.359277	1.910669	0.003560	0.453058
-18.272343	-4.321592	1.920666	0.003579	0.453058
-18.135196	-4.371134	1.930662	0.003555	0.453054
-17.935978	-4.354505	1.940659	0.003519	0.453372
-17.861658	-4.377239	1.950656	0.003505	0.453384
-17.892744	-4.365987	1.960653	0.003511	0.453385
-17.845616	-4.383700	1.970650	0.003503	0.453380
-17.741938	-4.392037	1.980646	0.003484	0.453483
-17.526693	-4.409163	1.990643	0.003445	0.453698
-17.639994	-4.368375	2.000640	0.003466	0.453700
-17.679901	-4.356197	2.010637	0.003473	0.453693
-17.533422	-4.406623	2.020634	0.003447	0.453697
-17.364087	-4.380279	2.030630	0.003416	0.454012
-17.266579	-4.407922	2.040627	0.003399	0.454036
-17.294025	-4.399947	2.050624	0.003404	0.454029
-17.417975	-4.355958	2.060621	0.003426	0.454029
-17.241378	-4.370693	2.070618	0.003394	0.454203
-17.074163	-4.404637	2.080614	0.003364	0.454294
-17.177691	-4.369067	2.090611	0.003383	0.454290
-17.202724	-4.361154	2.100608	0.003388	0.454286
-16.898874	-4.385900	2.110605	0.003333	0.454587
-16.775694	-4.424947	2.120602	0.003311	0.454602
-16.936148	-4.368609	2.130598	0.003340	0.454601
-16.802961	-4.415413	2.140595	0.003316	0.454601
-16.732385	-4.373514	2.150592	0.003303	0.454845
-16.618743	-4.398671	2.160589	0.003283	0.454899
-16.642115	-4.388718	2.170586	0.003287	0.454904
-16.663950	-4.378633	2.180582	0.003291	0.454912
-16.403684	-4.384986	2.190579	0.003244	0.455224
-16.354492	-4.402288	2.200576	0.003235	0.455224
-16.527356	-4.341051	2.210573	0.003267	0.455224
-16.340223	-4.374133	2.220570	0.003233	0.455344
-16.210859	-4.367781	2.230566	0.003209	0.455533
-16.205785	-4.370927	2.240563	0.003209	0.455527
-16.278902	-4.345110	2.250560	0.003222	0.455527
-15.929722	-4.381575	2.260557	0.003159	0.455843
-15.904021	-4.389640	2.270554	0.003154	0.455846
-16.045139	-4.342286	2.280550	0.003180	0.455836
-16.030330	-4.322076	2.290547	0.003177	0.455929
-15.634937	-4.399199	2.300544	0.003106	0.456155
-15.746865	-4.359719	2.310541	0.003126	0.456155
-15.706657	-4.374420	2.320538	0.003119	0.456152
-15.686289	-4.336486	2.330534	0.003116	0.456316
-15.347757	-4.408216	2.340531	0.003054	0.456489
-15.553387	-4.338022	2.350528	0.003092	0.456480
-15.418084	-4.386910	2.360525	0.003067	0.456475
-15.332662	-4.404399	2.370522	0.003052	0.456521
-15.157006	-4.392863	2.380518	0.003020	0.456788
-15.200281	-4.375778	2.390515	0.003028	0.456794
-15.156725	-4.391425	2.400512	0.003020	0.456792
-15.128874	-4.402178	2.410509	0.003015	0.456788
-14.965510	-4.384567	2.420506	0.002986	0.457062
-14.934392	-4.384909	2.430502	0.002980	0.457100
-14.777917	-4.440212	2.440499	0.002952	0.457099
-14.826729	-4.422945	2.450496	0.002961	0.457098
-14.823801	-4.405186	2.460493	0.002961	0.457166
-14.581512	-4.423400	2.470490	0.002917	0.457410
-14.617450	-4.410566	2.480486	0.002924	0.457410
-14.677333	-4.389632	2.490483	0.002935	0.457409
-14.447372	-4.470685	2.500480	0.002893	0.457408
-14.335241	-4.422359	2.510477	0.002873	0.457727
-14.333707	-4.418308	2.520474	0.002873	0.457743
-14.320355	-4.424240	2.530470	0.002870	0.457738
-14.403901	-4.395157	2.540467	0.002886	0.457736
-14.164529	-4.416603	2.550464	0.002842	0.457964
-14.084988	-4.422444	2.560461	0.002828	0.458044
-14.154819	-4.397992	2.570458	0.002841	0.458043
-14.081188	-4.424481	2.580454	0.002828	0.458041
-13.950344	-4.408004	2.590451	0.002804	0.458268
-13.782697	-4.442216	2.600448	0.002774	0.458357
-13.933015	-4.387920	2.610445	0.002801	0.458361
-13.899456	-4.401217	2.620442	0.002795	0.458356
-13.768676	-4.373169	2.630438	0.002771	0.458624
-13.679388	-4.389968	2.640435	0.002755	0.458677
-13.623393	-4.410637	2.650432	0.002745	0.458673
-13.535112	-4.433446	2.660429	0.002730	0.458702
-13.398453	-4.397453	2.670426	0.002705	0.459007
-13.347217	-4.415723	2.680422	0.002696	0.459006
-13.352051	-4.414309	2.690419	0.002697	0.459004
-13.381063	-4.402300	2.700416	0.002702	0.459010
-13.189391	-4.406371	2.710413	0.002667	0.459239
-13.115935	-4.431785	2.720410	0.002654	0.459240
-13.257112	-4.381240	2.730406	0.002680	0.459243
-13.069835	-4.391370	2.740403	0.002646	0.459445
-13.052015	-4.366923	2.750400	0.002643	0.459555
-13.004221	-4.385210	2.760397	0.002634	0.459549
-12.968975	-4.385806	2.770394	0.002628	0.459592
-12.500848	-4.477571	2.780390	0.002544	0.459856
-12.658277	-4.422365	2.790387	0.002572	0.459855
-12.545626	-4.462300	2.800384	0.002552	0.459853
-12.634126	-4.430912	2.810381	0.002568	0.459853
-12.550695	-4.410100	2.820378	0.002553	0.460034
-12.406158	-4.420715	2.830374	0.002527	0.460180
-12.504556	-4.384465	2.840371	0.002545	0.460185
-12.331816	-4.446408	2.850368	0.002514	0.460180
-12.178178	-4.462371	2.860365	0.002486	0.460318
-12.022681	-4.469146	2.870362	0.002458	0.460491
-12.098790	-4.441607	2.880358	0.002472	0.460493
-12.044405	-4.463541	2.890355	0.002462	0.460482
-12.226192	-4.398158	2.900352	0.002495	0.460486
-12.037165	-4.384334	2.910349	0.002461	0.460776
-11.916665	-4.418843	2.920346	0.002439	0.460805
-11.974235	-4.398913	2.930342	0.002450	0.460803
-11.745907	-4.429312	2.940339	0.002408	0.460983
-11.567766	-4.454182	2.950336	0.002376	0.461119
-11.687427	-4.413714	2.960333	0.002398	0.461112
-11.497359	-4.480317	2.970330	0.002364	0.461113
-11.478104	-4.488633	2.980326	0.002360	0.461107
-11.310582	-4.475592	2.990323	0.002330	0.461367
-11.312465	-4.451646	3.000320	0.002331	0.461450
-11.414610	-4.419079	3.010317	0.002349	0.461437
-11.276027	-4.466521	3.020314	0.002324	0.461442
-11.191471	-4.455092	3.030310	0.002309	0.461590
-10.968057	-4.491383	3.040307	0.002269	0.461742
-11.266117	-4.387596	3.050304	0.002323	0.461737
-11.065908	-4.455702	3.060301	0.002287	0.461745
-11.116488	-4.379640	3.070298	0.002296	0.461954
-10.935973	-4.414676	3.080294	0.002263	0.462057
-11.100659	-4.356537	3.090291	0.002293	0.462056
-10.635504	-4.476072	3.100288	0.002209	0.462216
-10.752369	-4.395166	3.110285	0.002230	0.462358
-10.585688	-4.450501	3.120282	0.002200	0.462370
-10.810130	-4.371685	3.130278	0.002241	0.462368
-10.329615	-4.483955	3.140275	0.002154	0.462573
-10.513870	-4.386204	3.150272	0.002188	0.462690
-10.382161	-4.431739	3.160269	0.002164	0.462693
-10.567303	-4.366465	3.170266	0.002197	0.462692
-10.190827	-4.426048	3.180262	0.002129	0.462955
-10.283177	-4.382896	3.190259	0.002146	0.462992
-10.153120	-4.427195	3.200256	0.002123	0.462997
-10.293837	-4.363988	3.210253	0.002148	0.463046
-9.695946	-4.498311	3.220250	0.002040	0.463320
-9.859185	-4.441794	3.230246	0.002070	0.463315
-9.919708	-4.422014	3.240243	0.002081	0.463309
-9.885862	-4.432445	3.250240	0.002075	0.463314
-9.747787	-4.430854	3.260237	0.002050	0.463494
-9.830516	-4.363246	3.270234	0.002065	0.463631
-9.627577	-4.436603	3.280230	0.002028	0.463624
-9.708291	-4.407788	3.290227	0.002043	0.463625
-9.337749	-4.454546	3.300224	0.001976	0.463925
-9.273313	-4.466060	3.310221	0.001965	0.463965
-9.507646	-4.384099	3.320218	0.002007	0.463962
-9.475130	-4.393646	3.330214	0.002001	0.463968
-9.238366	-4.434070	3.340211	0.001959	0.464122
-9.231864	-4.408906	3.350208	0.001958	0.464219
-9.143135	-4.441258	3.360205	0.001942	0.464215
-9.150301	-4.438940	3.370202	0.001943	0.464214
-9.029099	-4.415753	3.380198	0.001921	0.464449
-8.895032	-4.441054	3.390195	0.001897	0.464527
-8.868332	-4.451396	3.400192	0.001892	0.464523
-8.896492	-4.441884	3.410189	0.001897	0.464521
-8.851045	-4.396640	3.420186	0.001889	0.464740
-8.621895	-4.451266	3.430182	0.001848	0.464833
-8.646011	-4.443148	3.440179	0.001852	0.464831
-8.635507	-4.445935	3.450176	0.001851	0.464834
-8.505566	-4.427848	3.460173	0.001827	0.465062
-8.382185	-4.445986	3.470170	0.001805	0.465152
-8.461104	-4.417040	3.480166	0.001819	0.465155
-8.430108	-4.427816	3.490163	0.001814	0.465155
-8.263888	-4.414001	3.500160	0.001784	0.465414
-8.343255	-4.372780	3.510157	0.001798	0.465460
-8.309931	-4.384202	3.520154	0.001792	0.465461
-8.201585	-4.357999	3.530150	0.001773	0.465690
-8.157840	-4.349253	3.540147	0.001765	0.465776
-8.125461	-4.361446	3.550144	0.001759	0.465773
-7.965312	-4.350046	3.560141	0.001730	0.466015
-7.849826	-4.370123	3.570138	0.001710	0.466088
-7.737725	-4.411977	3.580134	0.001689	0.466079
-7.805793	-4.385628	3.590131	0.001702	0.466086
-7.576037	-4.379843	3.600128	0.001660	0.466395
-7.503452	-4.398859	3.610125	0.001647	0.466418
-7.450812	-4.417211	3.620122	0.001638	0.466419
-7.531307	-4.388189	3.630118	0.001653	0.466420
-7.406485	-4.372384	3.640115	0.001630	0.466633
-7.275250	-4.392820	3.650112	0.001606	0.466724
-7.263120	-4.397614	3.660109	0.001604	0.466722
-7.183945	-4.425814	3.670106	0.001590	0.466720
-7.142976	-4.425620	3.680102	0.001583	0.466772
-6.977232	-4.409427	3.690099	0.001553	0.467037
-7.057774	-4.382891	3.700096	0.001568	0.467030
-6.966431	-4.413459	3.710093	0.001551	0.467035
-6.920295	-4.412816	3.720090	0.001543	0.467095
-6.779578	-4.392558	3.730086	0.001518	0.467343
-6.716481	-4.415749	3.740083	0.001506	0.467339
-6.587091	-4.460047	3.750080	0.001483	0.467343
-6.537970	-4.478904	3.760077	0.001474	0.467337
-6.519319	-4.445805	3.770074	0.001471	0.467478
-6.307453	-4.466878	3.780070	0.001433	0.467668
-6.435474	-4.418947	3.790067	0.001456	0.467677
-6.297497	-4.469184	3.800064	0.001431	0.467671
-6.378638	-4.439725	3.810061	0.001446	0.467673
-6.203655	-4.457851	3.820058	0.001414	0.467828
-6.069881	-4.464877	3.830054	0.001390	0.467970
-6.097933	-4.453924	3.840051	0.001395	0.467973
-6.209659	-4.416102	3.850048	0.001416	0.467967
-6.039477	-4.453095	3.860045	0.001385	0.468048
-5.993907	-4.401373	3.870042	0.001377	0.468288
-5.922442	-4.424390	3.880038	0.001364	0.468295
-5.886179	-4.438189	3.890035	0.001357	0.468291
-5.689180	-4.462631	3.900032	0.001322	0.468450
-5.608632	-4.446556	3.910029	0.001307	0.468608
-5.605231	-4.450037	3.920026	0.001307	0.468599
-5.648586	-4.434404	3.930022	0.001315	0.468600
-5.593918	-4.428133	3.940019	0.001305	0.468690
-5.330415	-4.449099	3.950016	0.001257	0.468944
-5.403016	-4.424600	3.960013	0.001271	0.468940
-5.291419	-4.464328	3.970010	0.001251	0.468938
-5.287015	-4.464529	3.980006	0.001250	0.468942
-5.215006	-4.422944	3.990003	0.001237	0.469179
-5.004056	-4.494995	4.000000	0.001199	0.469187
-5.107163	-4.459511	4.009997	0.001218	0.469183
-5.030672	-4.485916	4.019994	0.001204	0.469184
-4.887837	-4.465569	4.029990	0.001178	0.469434
-4.837218	-4.464521	4.039987	0.001169	0.469501
-4.803050	-4.477551	4.049984	0.001163	0.469497
-4.799952	-4.478580	4.059981	0.001163	0.469496
-4.804358	-4.440402	4.069978	0.001163	0.469625
-4.674288	-4.435137	4.079974	0.001140	0.469806
-4.571556	-4.473054	4.089971	0.001122	0.469799
-4.710342	-4.412786	4.099968	0.001147	0.469839
-4.296076	-4.478565	4.109965	0.001072	0.470122
-4.286594	-4.479194	4.119962	0.001070	0.470131
-4.392088	-4.441756	4.129958	0.001089	0.470132
-4.407909	-4.433222	4.139955	0.001092	0.470141
-4.159345	-4.440371	4.149952	0.001048	0.470425
-4.153366	-4.440581	4.159949	0.001047	0.470432
-4.045741	-4.478192	4.169946	0.001027	0.470432
-4.136244	-4.436654	4.179942	0.001044	0.470466
-3.796879	-4.478630	4.189939	0.000982	0.470740
-3.793513	-4.478415	4.199936	0.000982	0.470744
-3.734397	-4.498815	4.209933	0.000971	0.470745
-3.848021	-4.459076	4.219930	0.000992	0.470743
-3.764761	-4.430779	4.229926	0.000977	0.470946
-3.667257	-4.432507	4.239923	0.000959	0.471061
-3.633005	-4.446997	4.249920	0.000953	0.471052
-3.627452	-4.440004	4.259917	0.000952	0.471083
-3.430837	-4.422929	4.269914	0.000917	0.471387
-3.407089	-4.430550	4.279910	0.000913	0.471389
-3.343232	-4.451868	4.289907	0.000901	0.471393
-3.287958	-4.454840	4.299904	0.000891	0.471450
-3.203410	-4.414254	4.309901	0.000876	0.471698
-3.203615	-4.414695	4.319898	0.000876	0.471696
-3.186236	-4.425813	4.329894	0.000873	0.471678
-3.028988	-4.416585	4.339891	0.000845	0.471905
-2.906712	-4.430203	4.349888	0.000823	0.472008
-2.911998	-4.430706	4.359885	0.000824	0.471999
-2.909850	-4.432311	4.369882	0.000824	0.471996
-2.896869	-4.361855	4.379878	0.000821	0.472259
-2.740256	-4.401705	4.389875	0.000793	0.472313
-2.888875	-4.349001	4.399872	0.000820	0.472314
-2.633409	-4.359203	4.409869	0.000774	0.472594
-2.599900	-4.361147	4.419866	0.000768	0.472628
-2.632791	-4.346926	4.429862	0.000774	0.472637
-2.506416	-4.325004	4.439859	0.000751	0.472870
-2.481152	-4.313623	4.449856	0.000747	0.472941
-2.439069	-4.329006	4.459853	0.000739	0.472938
-2.353421	-4.285136	4.469850	0.000724	0.473198
-2.396944	-4.250641	4.479846	0.000732	0.473265
-2.352528	-4.243614	4.489843	0.000724	0.473344
-2.249528	-4.216068	4.499840	0.000705	0.473568
-2.163683	-4.245040	4.509837	0.000690	0.473572
-2.105124	-4.191656	4.519834	0.000679	0.473831
-2.092291	-4.175451	4.529830	0.000677	0.473903
-2.004287	-4.191676	4.539827	0.000661	0.473954
-1.913646	-4.161373	4.549824	0.000645	0.474172
-2.025097	-4.121425	4.559821	0.000665	0.474174
-1.969596	-4.054617	4.569818	0.000655	0.474476
-1.881281	-4.083687	4.579814	0.000639	0.474483
-1.834858	-4.019200	4.589811	0.000631	0.474766
-1.761857	-4.039403	4.599808	0.000618	0.474784
-1.815481	-3.936933	4.609805	0.000628	0.475076
-1.720828	-3.956156	4.619802	0.000611	0.475125
-1.783628	-3.850782	4.629798	0.000622	0.475416
-1.568763	-3.892143	4.639795	0.000583	0.475536
-1.527843	-3.851763	4.649792	0.000576	0.475727
-1.585649	-3.779606	4.659789	0.000587	0.475907
-1.379827	-3.814968	4.669786	0.000549	0.476036
-1.247924	-3.790696	4.679782	0.000526	0.476283
-1.324848	-3.738070	4.689779	0.000540	0.476372
-1.237585	-3.696759	4.699776	0.000524	0.476622
-1.276756	-3.659729	4.709773	0.000531	0.476703
-1.186248	-3.608898	4.719770	0.000515	0.476991
-1.161721	-3.578124	4.729766	0.000511	0.477128
-1.134436	-3.540325	4.739763	0.000506	0.477292
-1.184086	-3.438736	4.749760	0.000515	0.477585
-1.060120	-3.433855	4.759757	0.000492	0.477753
-1.100551	-3.362582	4.769754	0.000500	0.477951
-1.020163	-3.307068	4.779750	0.000485	0.478242
-0.948711	-3.264972	4.789747	0.000473	0.478475
-0.891327	-3.227626	4.799744	0.000462	0.478675
-0.914397	-3.155768	4.809741	0.000466	0.478896
-0.854227	-3.113431	4.819738	0.000456	0.479116
-0.763256	-3.077234	4.829734	0.000439	0.479352
-0.746321	-3.023476	4.839731	0.000436	0.479559
-0.710765	-2.966998	4.849728	0.000430	0.479797
-0.602337	-2.931949	4.859725	0.000410	0.480051
-0.653801	-2.829529	4.869722	0.000420	0.480342
-0.666062	-2.748035	4.879718	0.000422	0.480608
-0.669817	-2.665564	4.889715	0.000423	0.480889
-0.641896	-2.589505	4.899712	0.000418	0.481185
-0.509948	-2.545765	4.909709	0.000394	0.481496
-0.477949	-2.474102	4.919706	0.000388	0.481782
-0.467243	-2.390503	4.929702	0.000387	0.482083
-0.432398	-2.313655	4.939699	0.000380	0.482390
-0.418961	-2.222378	4.949696	0.000378	0.482720
-0.339855	-2.160612	4.959693	0.000364	0.483028
-0.383994	-2.051814	4.969690	0.000372	0.483348
-0.347846	-1.962144	4.979686	0.000365	0.483700
-0.347281	-1.869573	4.989683	0.000365	0.484018
-0.387753	-1.757131	4.999680	0.000373	0.484355
-0.389096	-1.637588	5.009677	0.000373	0.484763
-0.218383	-1.587958	5.019674	0.000342	0.485139
-0.103081	-1.525834	5.029670	0.000322	0.485490
-0.212841	-1.382662	5.039667	0.000341	0.485848
-0.309932	-1.224511	5.049664	0.000359	0.486271
-0.183045	-1.141494	5.059661	0.000336	0.486707
-0.177177	-1.030267	5.069658	0.000335	0.487094
-0.148621	-0.910104	5.079654	0.000330	0.487537
-0.142087	-0.784093	5.089651	0.000329	0.487974
-0.126563	-0.670236	5.099648	0.000326	0.488380
-0.297648	-0.459259	5.109645	0.000357	0.488892
-0.128833	-0.397006	5.119642	0.000327	0.489306
-0.125603	-0.249662	5.129638	0.000326	0.489810
-0.141781	-0.103831	5.139635	0.000329	0.490285
-0.099357	0.026148	5.149632	0.000322	0.490775
-0.055626	0.175552	5.159629	0.000314	0.491333
0.000000	0.237600	5.169626	0.000304	0.491609

-0.013656	0.390430	5.174630	0.000306	0.492109
0.110947	0.625314	5.179635	0.000284	0.493050
0.235050	1.002646	5.184640	0.000262	0.494467
0.160889	1.585178	5.189645	0.000275	0.496335
0.179292	2.267362	5.194650	0.000272	0.498636
0.247739	3.051208	5.199654	0.000259	0.501323
0.166071	4.000743	5.204659	0.000274	0.504368
0.325589	4.994966	5.209664	0.000245	0.507819
0.338894	6.138505	5.214669	0.000243	0.511565
0.395270	7.382092	5.219674	0.000232	0.515655
0.838120	8.597868	5.224678	0.000152	0.520059
0.692414	10.110513	5.229683	0.000178	0.524710
0.952206	11.589807	5.234688	0.000131	0.529665
1.103207	13.205468	5.239693	0.000104	0.534878
1.233593	14.911302	5.244698	0.000080	0.540296
1.375127	16.714392	5.249702	0.000055	0.545968
1.305817	18.670173	5.254707	0.000067	0.551819
1.506822	20.619496	5.259712	0.000031	0.557872
1.589945	22.683524	5.264717	0.000015	0.564077
1.779110	24.789302	5.269722	-0.000019	0.570444
1.999252	26.973884	5.274726	-0.000059	0.577000
2.127193	29.251209	5.279731	-0.000082	0.583653
2.258361	31.605173	5.284736	-0.000106	0.590451
2.495304	33.993828	5.289741	-0.000149	0.597371
2.399654	36.549158	5.294746	-0.000132	0.604349
2.753442	39.021086	5.299750	-0.000196	0.611450
2.901091	41.619338	5.304755	-0.000223	0.618615
3.097144	44.255548	5.309760	-0.000258	0.625843
3.217983	46.980532	5.314765	-0.000280	0.633152
3.356809	49.733867	5.319770	-0.000306	0.640468
3.576930	52.517398	5.324774	-0.000346	0.647852
3.925928	55.306749	5.329779	-0.000409	0.655282
3.924497	58.251166	5.334784	-0.000409	0.662710
4.454300	61.067683	5.339789	-0.000505	0.670200
4.456701	64.108107	5.344794	-0.000506	0.677702
4.766226	67.066925	5.349798	-0.000562	0.685186
4.890282	70.121753	5.354803	-0.000584	0.692663
4.908620	73.237903	5.359808	-0.000588	0.700118
5.252477	76.274408	5.364813	-0.000650	0.707575
5.360854	79.420502	5.369818	-0.000670	0.715017
5.731687	82.486110	5.374822	-0.000737	0.722409
5.937340	85.652372	5.379827	-0.000775	0.729823
6.164772	88.820482	5.384832	-0.000816	0.737185
6.252708	92.060460	5.389837	-0.000832	0.744524
6.541033	95.249254	5.394842	-0.000884	0.751834
6.852881	98.446909	5.399846	-0.000941	0.759111
7.143055	101.655299	5.404851	-0.000994	0.766325
7.482759	104.876333	5.409856	-0.001055	0.773536
7.664528	108.146220	5.414861	-0.001088	0.780667
7.833182	111.446056	5.419866	-0.001119	0.787788
7.954151	114.763094	5.424870	-0.001141	0.794845
8.264267	118.007490	5.429875	-0.001198	0.801826
8.542395	121.279777	5.434880	-0.001248	0.808782
8.886015	124.538656	5.439885	-0.001310	0.815697
9.077700	127.861106	5.444890	-0.001345	0.822575
9.290281	131.166453	5.449894	-0.001384	0.829377
9.633577	134.432021	5.454899	-0.001446	0.836135
10.005320	137.690484	5.459904	-0.001514	0.842843
10.286696	140.975694	5.464909	-0.001565	0.849490
10.575991	144.272917	5.469914	-0.001617	0.856113
10.822677	147.573829	5.474918	-0.001662	0.862665
11.053353	150.887729	5.479923	-0.001704	0.869180
11.151616	154.244904	5.484928	-0.001722	0.875642
11.359963	157.543545	5.489933	-0.001760	0.882019
11.704328	160.803004	5.494938	-0.001822	0.888364
12.095068	164.045892	5.499942	-0.001893	0.894664
12.093328	167.414925	5.504947	-0.001893	0.900901
12.468455	170.666562	5.509952	-0.001961	0.907119
12.621280	173.981556	5.514957	-0.001989	0.913270
12.951819	177.218528	5.519962	-0.002049	0.919350
13.212486	180.484892	5.524966	-0.002096	0.925400
13.501309	183.746407	5.529971	-0.002149	0.931418
13.690098	187.028688	5.534976	-0.002183	0.937374
13.923960	190.297972	5.539981	-0.002226	0.943296
14.046147	193.587142	5.544986	-0.002248	0.949148
14.210051	196.870462	5.549990	-0.002278	0.954980
14.344323	200.134779	5.554995	-0.002302	0.960725
14.696244	203.334731	5.560000	-0.002366	0.966455
14.994431	206.551657	5.565005	-0.002420	0.972148
15.213525	209.791420	5.570010	-0.002460	0.977801
15.274913	213.076543	5.575014	-0.002471	0.983405
15.537293	216.288914	5.580019	-0.002519	0.988972
15.741306	219.527704	5.585024	-0.002556	0.994518
15.972683	222.744347	5.590029	-0.002598	1.000013
16.140618	225.959771	5.595034	-0.002629	1.005439
16.413704	229.157968	5.600038	-0.002678	1.010867
16.705345	232.331692	5.605043	-0.002731	1.016236
16.938998	235.523471	5.610048	-0.002774	1.021574
17.190181	238.712882	5.615053	-0.002819	1.026891
17.363087	241.931152	5.620058	-0.002851	1.032182
17.559913	245.113419	5.625062	-0.002887	1.037403
17.713154	248.327357	5.630067	-0.002915	1.042623
18.142335	251.421132	5.635072	-0.002992	1.047778
18.500566	254.575871	5.640077	-0.003057	1.052965
18.598480	257.787439	5.645082	-0.003075	1.058075
18.612556	261.038247	5.650086	-0.003078	1.063176
18.888647	264.189378	5.655091	-0.003128	1.068239
19.206273	267.327051	5.660096	-0.003186	1.073279
19.336672	270.505164	5.665101	-0.003210	1.078258
19.646979	273.642875	5.670106	-0.003266	1.083247
19.963055	276.754845	5.675110	-0.003323	1.088177
20.251062	279.916520	5.680115	-0.003376	1.093146
20.318209	283.102629	5.685120	-0.003388	1.098014
20.661986	286.223903	5.690125	-0.003450	1.102906
20.661961	289.446665	5.695130	-0.003451	1.107751
20.697820	292.646711	5.700134	-0.003457	1.112560
21.046991	295.727949	5.705139	-0.003521	1.117332
21.331359	298.835471	5.710144	-0.003572	1.122089
21.687707	301.920554	5.715149	-0.003637	1.126829
22.189429	304.996929	5.720154	-0.003728	1.131610
22.451160	308.105993	5.725158	-0.003775	1.136298
22.776492	311.236667	5.730163	-0.003834	1.141030
22.929730	314.387201	5.735168	-0.003862	1.145685
23.309042	317.495121	5.740173	-0.003931	1.150372
23.558677	320.630702	5.745178	-0.003976	1.155016
23.737787	323.759317	5.750182	-0.004009	1.159596
23.923779	326.912666	5.755187	-0.004043	1.164197
24.230494	330.012874	5.760192	-0.004098	1.168763
24.680304	333.057365	5.765197	-0.004180	1.173302
24.785935	336.246730	5.770202	-0.004199	1.177861
24.777526	339.424756	5.775206	-0.004198	1.182332
25.141859	342.506814	5.780211	-0.004264	1.186830
25.193855	345.688942	5.785216	-0.004274	1.191302
25.433151	348.771730	5.790221	-0.004317	1.195708
25.616133	351.896951	5.795226	-0.004350	1.200129
25.774117	355.019891	5.800230	-0.004379	1.204520
26.084687	358.094395	5.805235	-0.004436	1.208900
26.197223	361.252240	5.810240	-0.004456	1.213285
26.267823	364.365489	5.815245	-0.004469	1.217574
26.547363	367.458672	5.820250	-0.004520	1.221918
26.667722	370.569822	5.825254	-0.004542	1.226197
26.755049	373.727396	5.830259	-0.004558	1.230508
26.853934	376.854700	5.835264	-0.004576	1.234769
27.178944	379.883822	5.840269	-0.004635	1.238987
27.555991	382.922249	5.845274	-0.004703	1.243227
27.676589	386.047674	5.850278	-0.004725	1.247452
27.790831	389.157102	5.855283	-0.004746	1.251638
28.139643	392.205090	5.860288	-0.004809	1.255835
28.300549	395.299259	5.865293	-0.004839	1.259994
28.450564	398.421714	5.870298	-0.004866	1.264172
28.684828	401.498296	5.875302	-0.004909	1.268314
29.082514	404.531919	5.880307	-0.004981	1.272459
29.231854	407.619190	5.885312	-0.005008	1.276549
29.306225	410.749059	5.890317	-0.005022	1.280649
29.675325	413.773672	5.895322	-0.005088	1.284730
29.820250	416.907829	5.900326	-0.005115	1.288840
30.122818	419.951551	5.905331	-0.005170	1.292890
30.336366	423.040161	5.910336	-0.005209	1.296946
30.593170	426.100843	5.915341	-0.005255	1.300972
30.754093	429.210167	5.920346	-0.005285	1.305006
30.791300	432.351426	5.925350	-0.005291	1.309015
30.930011	435.475536	5.930355	-0.005317	1.313034
31.069516	438.555170	5.935360	-0.005342	1.316984
31.142872	441.654703	5.940365	-0.005356	1.320920
31.214073	444.758702	5.945370	-0.005369	1.324848
31.499544	447.797923	5.950374	-0.005421	1.328775
31.426275	450.941377	5.955379	-0.005408	1.332669
31.484274	454.036425	5.960384	-0.005418	1.336546
31.674793	457.071356	5.965389	-0.005453	1.340393
31.617505	460.218806	5.970394	-0.005443	1.344264
31.741519	463.279247	5.975398	-0.005465	1.348093
31.942443	466.341722	5.980403	-0.005502	1.351945
32.220988	469.314647	5.985408	-0.005553	1.355709
32.246357	472.444599	5.990413	-0.005557	1.359550
32.113272	475.587626	5.995418	-0.005534	1.363330
32.270069	478.638556	6.000422	-0.005562	1.367107
32.513704	481.663697	6.005427	-0.005606	1.370878
32.605054	484.734745	6.010432	-0.005623	1.374632
32.715426	487.796461	6.015437	-0.005643	1.378372
32.898501	490.859699	6.020442	-0.005677	1.382134
32.875157	493.956981	6.025446	-0.005673	1.385842
33.089185	497.009354	6.030451	-0.005711	1.389583
33.032020	500.117289	6.035456	-0.005701	1.393270
33.139981	503.181438	6.040461	-0.005721	1.396962
33.285955	506.210576	6.045466	-0.005748	1.400618
33.354577	509.282604	6.050470	-0.005760	1.404285
33.386343	512.369882	6.055475	-0.005766	1.407945
33.502602	515.431682	6.060480	-0.005787	1.411599
33.676835	518.443422	6.065485	-0.005819	1.415208
33.747317	521.533615	6.070490	-0.005832	1.418858
33.607169	524.657805	6.075494	-0.005807	1.422456
33.802320	527.687612	6.080499	-0.005843	1.426067
33.922751	530.731803	6.085504	-0.005865	1.429656
34.085986	533.766925	6.090509	-0.005894	1.433242
34.055466	536.856437	6.095514	-0.005889	1.436806
34.026356	539.937959	6.100518	-0.005884	1.440354
34.139478	542.976054	6.105523	-0.005905	1.443897
34.429539	545.976332	6.110528	-0.005957	1.447457
34.588734	549.022588	6.115533	-0.005986	1.451010
34.563859	552.110498	6.120538	-0.005982	1.454531
34.612561	555.174141	6.125542	-0.005991	1.458045
34.676823	558.260868	6.130547	-0.006003	1.461582
34.729043	561.292139	6.135552	-0.006012	1.465043
34.933324	564.328115	6.140557	-0.006050	1.468559
35.020735	567.382467	6.145562	-0.006066	1.472043
35.112121	570.421455	6.150566	-0.006082	1.475503
35.130573	573.487843	6.155571	-0.006086	1.478958
35.248322	576.551774	6.160576	-0.006107	1.482439
35.268607	579.609230	6.165581	-0.006111	1.485869
35.460987	582.632555	6.170586	-0.006146	1.489317
35.333296	585.741657	6.175590	-0.006123	1.492733
35.526536	588.752128	6.180595	-0.006159	1.496152
35.594010	591.797872	6.185600	-0.006171	1.499554
35.623033	594.877183	6.190605	-0.006176	1.502972
35.540940	597.967211	6.195610	-0.006162	1.506353
35.754444	600.984962	6.200614	-0.006201	1.509756
35.940148	603.969264	6.205619	-0.006234	1.513104
35.903429	607.066583	6.210624	-0.006228	1.516487
35.997387	610.096060	6.215629	-0.006245	1.519836
36.183213	613.116454	6.220634	-0.006279	1.523202
36.176441	616.201236	6.225638	-0.006278	1.526560
36.429952	619.198432	6.230643	-0.006324	1.529910
36.334021	622.287411	6.235648	-0.006307	1.533225
36.471391	625.344290	6.240653	-0.006332	1.536583
36.577288	628.341511	6.245658	-0.006351	1.539858
36.700276	631.408817	6.250662	-0.006374	1.543207
36.750991	634.468231	6.255667	-0.006383	1.546515
36.831655	637.519289	6.260672	-0.006398	1.549817
36.954413	640.544925	6.265677	-0.006420	1.553101
36.910826	643.624685	6.270682	-0.006413	1.556375
37.168879	646.604249	6.275686	-0.006460	1.559644
37.344693	649.633142	6.280691	-0.006492	1.562929
37.321784	652.710835	6.285696	-0.006488	1.566188
37.427762	655.771422	6.290701	-0.006507	1.569468
37.360523	658.828543	6.295706	-0.006495	1.572677
37.375488	661.912296	6.300710	-0.006498	1.575935
37.418739	664.938411	6.305715	-0.006506	1.579137
37.514535	667.969414	6.310720	-0.006524	1.582355
37.540226	671.054000	6.315725	-0.006528	1.585599
37.660323	674.069904	6.320730	-0.006550	1.588797
37.762631	677.087133	6.325734	-0.006569	1.591984
37.961540	680.095898	6.330739	-0.006605	1.595189
37.802634	683.173556	6.335744	-0.006577	1.598335
38.120520	686.174170	6.340749	-0.006634	1.601560
38.099272	689.228078	6.345754	-0.006631	1.604717
38.284854	692.255967	6.350758	-0.006664	1.607912
38.253749	695.346429	6.355763	-0.006659	1.611090
38.396089	698.339545	6.360768	-0.006685	1.614222
38.567447	701.366195	6.365773	-0.006716	1.617392
38.583733	704.445376	6.370778	-0.006719	1.620556
38.546168	707.492308	6.375782	-0.006713	1.623663
38.735258	710.528856	6.380787	-0.006747	1.626831
38.737512	713.579686	6.385792	-0.006748	1.629944
38.846706	716.625595	6.390797	-0.006768	1.633081
38.983280	719.630546	6.395802	-0.006793	1.636181
39.030754	722.672839	6.400806	-0.006801	1.639282
39.052786	725.725966	6.405811	-0.006806	1.642380
39.180975	728.752492	6.410816	-0.006829	1.645481
39.230201	731.778909	6.415821	-0.006838	1.648549
39.470201	734.771743	6.420826	-0.006882	1.651642
39.462435	737.826263	6.425830	-0.006881	1.654708
39.404124	740.925294	6.430835	-0.006870	1.657797
39.539177	743.928623	6.435840	-0.006895	1.660847
39.679888	746.954787	6.440845	-0.006921	1.663918
39.721745	749.996151	6.445850	-0.006928	1.666964
39.818621	753.055844	6.450854	-0.006946	1.670042
39.977548	756.019613	6.455859	-0.006975	1.673039
39.939393	759.112847	6.460864	-0.006968	1.676095
40.059489	762.110345	6.465869	-0.006990	1.679102
40.119452	765.169052	6.470874	-0.007001	1.682144
40.173117	768.212774	6.475878	-0.007011	1.685164
40.341792	771.218007	6.480883	-0.007042	1.688178
40.322737	774.287030	6.485888	-0.007039	1.691189
40.396879	777.330444	6.490893	-0.007052	1.694199
40.394967	780.369795	6.495898	-0.007052	1.697175
40.528985	783.407373	6.500902	-0.007077	1.700189
40.638506	786.406332	6.505907	-0.007097	1.703151
40.905572	789.406301	6.510912	-0.007145	1.706160
40.982016	792.454809	6.515917	-0.007159	1.709149
41.231581	795.435440	6.520922	-0.007204	1.712123
41.323988	798.474959	6.525926	-0.007221	1.715098
41.418467	801.517206	6.530931	-0.007239	1.718072
41.444007	804.570011	6.535936	-0.007244	1.721028
41.570000	807.598275	6.540941	-0.007266	1.723988
41.586450	810.638651	6.545946	-0.007270	1.726920
41.732547	813.704819	6.550950	-0.007296	1.729912
41.655046	816.728414	6.555955	-0.007283	1.732788
41.937207	819.739913	6.560960	-0.007334	1.735761
41.891170	822.805789	6.565965	-0.007326	1.738678
42.340535	825.719610	6.570970	-0.007407	1.741600
42.298091	828.822789	6.575974	-0.007400	1.744543
42.415503	831.844203	6.580979	-0.007421	1.747454
42.682872	834.845703	6.585984	-0.007470	1.750387
42.854517	837.850060	6.590989	-0.007501	1.753289
42.889962	840.892477	6.595994	-0.007507	1.756179
42.947992	843.973859	6.600998	-0.007518	1.759109
42.985627	847.002351	6.606003	-0.007525	1.761977
43.182117	850.024706	6.611008	-0.007561	1.764884
43.151447	853.100871	6.616013	-0.007556	1.767767
43.343182	856.105677	6.621018	-0.007590	1.770647
43.404295	859.130286	6.626022	-0.007602	1.773500
43.476462	862.190083	6.631027	-0.007615	1.776385
43.499093	865.245533	6.636032	-0.007619	1.779246
43.699672	868.241315	6.641037	-0.007656	1.782102
43.712936	871.297957	6.646042	-0.007658	1.784952
43.852855	874.321259	6.651046	-0.007684	1.787805
43.882291	877.371477	6.656051	-0.007689	1.790645
44.068986	880.337049	6.661056	-0.007723	1.793450
44.069371	883.391751	6.666061	-0.007724	1.796277
44.110999	886.459772	6.671066	-0.007731	1.799123
44.030182	889.497139	6.676070	-0.007717	1.801901
44.222420	892.529181	6.681075	-0.007752	1.804751
44.299364	895.520199	6.686080	-0.007766	1.807524
44.411182	898.567779	6.691085	-0.007787	1.810355
44.353302	901.605876	6.696090	-0.007776	1.813123
44.421835	904.651031	6.701094	-0.007789	1.815930
44.645535	907.636319	6.706099	-0.007830	1.818725
44.664162	910.675751	6.711104	-0.007833	1.821504
44.681935	913.735890	6.716109	-0.007837	1.824297
44.723757	916.770910	6.721114	-0.007844	1.827070
44.862331	919.772683	6.726118	-0.007870	1.829837
45.106508	922.728848	6.731123	-0.007914	1.832590
45.016618	925.801849	6.736128	-0.007898	1.835346
45.270782	928.785894	6.741133	-0.007944	1.838119
45.430652	931.796995	6.746138	-0.007973	1.840884
45.462743	934.853610	6.751142	-0.007979	1.843649
45.556630	937.883278	6.756147	-0.007996	1.846403
45.642451	940.952831	6.761152	-0.008012	1.849187
45.699957	943.923122	6.766157	-0.008023	1.851869
45.957284	946.946996	6.771162	-0.008069	1.854654
45.940122	949.986031	6.776166	-0.008067	1.857368
46.142041	953.014809	6.781171	-0.008103	1.860133
46.241344	956.022012	6.786176	-0.008121	1.862844
46.495348	959.032536	6.791181	-0.008168	1.865599
46.539509	962.094360	6.796186	-0.008176	1.868335
46.690919	965.101276	6.801190	-0.008203	1.871050
46.670220	968.148407	6.806195	-0.008200	1.873746
46.881021	971.139122	6.811200	-0.008238	1.876455
46.882877	974.196387	6.816205	-0.008239	1.879159
47.110009	977.179727	6.821210	-0.008280	1.881859
47.051037	980.264815	6.826214	-0.008269	1.884562
47.085638	983.308013	6.831219	-0.008276	1.887252
47.195437	986.338324	6.836224	-0.008296	1.889947
47.319576	989.332448	6.841229	-0.008319	1.892612
47.387842	992.372295	6.846234	-0.008331	1.895296
47.371717	995.445589	6.851238	-0.008329	1.897982
47.320590	998.470944	6.856243	-0.008319	1.900613
47.453858	1001.518464	6.861248	-0.008344	1.903311
47.593712	1004.480829	6.866253	-0.008369	1.905933
47.726494	1007.543299	6.871258	-0.008394	1.908637
47.826087	1010.494256	6.876262	-0.008412	1.911231
47.867919	1013.564915	6.881267	-0.008419	1.913908
47.956905	1016.563232	6.886272	-0.008436	1.916533
48.008793	1019.633079	6.891277	-0.008445	1.919205
48.060612	1022.618914	6.896282	-0.008455	1.921802
48.185816	1025.680470	6.901286	-0.008478	1.924480
48.336780	1028.637694	6.906291	-0.008505	1.927072
48.443633	1031.696846	6.911296	-0.008525	1.929736
48.488438	1034.696195	6.916301	-0.008533	1.932327
48.592409	1037.742729	6.921306	-0.008552	1.934972
48.597597	1040.796009	6.926310	-0.008553	1.937592
48.571250	1043.851000	6.931315	-0.008549	1.940201
48.533631	1046.902577	6.936320	-0.008542	1.942801
48.702852	1049.910986	6.941325	-0.008573	1.945417
48.848221	1052.896616	6.946330	-0.008599	1.948003
49.085567	1055.899602	6.951334	-0.008643	1.950626
48.979034	1058.956841	6.956339	-0.008624	1.953198
49.187616	1061.924205	6.961344	-0.008661	1.955776
49.198928	1064.984093	6.966349	-0.008664	1.958375
49.484146	1067.906519	6.971354	-0.008715	1.960929
49.638565	1070.942712	6.976358	-0.008744	1.963540
49.884190	1073.925633	6.981363	-0.008788	1.966128
49.621682	1077.076810	6.986368	-0.008741	1.968716
49.847589	1080.023209	6.991373	-0.008782	1.971261
50.141179	1082.996161	6.996378	-0.008835	1.973843
50.047052	1086.081853	7.001382	-0.008819	1.976411
50.134649	1089.113551	7.006387	-0.008835	1.978980
50.306804	1092.129934	7.011392	-0.008866	1.981556
50.208625	1095.215230	7.016397	-0.008848	1.984113
50.276865	1098.238195	7.021402	-0.008861	1.986659
50.412090	1101.229763	7.026406	-0.008886	1.989194
50.376703	1104.256127	7.031411	-0.008879	1.991709
50.505665	1107.269068	7.036416	-0.008903	1.994254
50.812999	1110.231797	7.041421	-0.008959	1.996801
50.789807	1113.285163	7.046426	-0.008955	1.999332
50.895089	1116.300500	7.051430	-0.008974	2.001863
50.843563	1119.358029	7.056435	-0.008965	2.004383
50.991336	1122.390698	7.061440	-0.008992	2.006933
50.982191	1125.422909	7.066445	-0.008990	2.009438
51.077828	1128.441275	7.071450	-0.009008	2.011956
51.135067	1131.453594	7.076454	-0.009018	2.014455
51.247181	1134.482295	7.081459	-0.009039	2.016979
51.181465	1137.536746	7.086464	-0.009027	2.019475
51.248849	1140.552796	7.091469	-0.009040	2.021971
51.472720	1143.523201	7.096474	-0.009080	2.024467
51.544203	1146.569113	7.101478	-0.009093	2.026982
51.565282	1149.587237	7.106483	-0.009097	2.029459
51.506558	1152.654774	7.111488	-0.009087	2.031951
51.628627	1155.611368	7.116493	-0.009109	2.034398
51.891572	1158.605934	7.121498	-0.009157	2.036909
51.915204	1161.634826	7.126502	-0.009162	2.039382
52.090076	1164.630715	7.131507	-0.009193	2.041865
52.274645	1167.639365	7.136512	-0.009227	2.044358
52.049046	1170.759954	7.141517	-0.009186	2.046832
52.196717	1173.732933	7.146522	-0.009213	2.049281
52.337042	1176.746222	7.151526	-0.009239	2.051757
52.393934	1179.758887	7.156531	-0.009249	2.054208
52.559202	1182.784584	7.161536	-0.009279	2.056694
52.532163	1185.811719	7.166541	-0.009275	2.059130
52.604451	1188.850755	7.171546	-0.009288	2.061597
52.793529	1191.843720	7.176550	-0.009322	2.064054
52.638734	1194.939376	7.181555	-0.009295	2.066503
52.967394	1197.869988	7.186560	-0.009354	2.068940
52.973947	1200.897037	7.191565	-0.009356	2.071370
52.959152	1203.946316	7.196570	-0.009353	2.073809
53.181283	1206.929402	7.201574	-0.009394	2.076252
53.112507	1209.977404	7.206579	-0.009381	2.078670
53.441018	1212.944303	7.211584	-0.009441	2.081122
53.480475	1215.986028	7.216589	-0.009448	2.083557
53.703679	1218.970691	7.221594	-0.009489	2.085990
53.803618	1222.009635	7.226598	-0.009507	2.088433
53.822645	1225.023782	7.231603	-0.009511	2.090833
53.813370	1228.100163	7.236608	-0.009509	2.093272
54.051489	1231.066465	7.241613	-0.009553	2.095683
53.975520	1234.135412	7.246618	-0.009539	2.098094
54.148973	1237.132412	7.251622	-0.009571	2.100507
54.052605	1240.218378	7.256627	-0.009554	2.102921
54.321338	1243.183366	7.261632	-0.009602	2.105327
54.340986	1246.239627	7.266637	-0.009606	2.107741
54.572054	1249.155142	7.271642	-0.009648	2.110094
54.468625	1252.268604	7.276646	-0.009630	2.112516
54.540236	1255.249905	7.281651	-0.009643	2.114876
54.890592	1258.199216	7.286656	-0.009706	2.117277
54.699946	1261.304882	7.291661	-0.009672	2.119663
54.728544	1264.334906	7.296666	-0.009677	2.122042
54.932966	1267.330192	7.301670	-0.009715	2.124435
55.010656	1270.363978	7.306675	-0.009729	2.126823
55.016031	1273.384802	7.311680	-0.009730	2.129181
55.101569	1276.395904	7.316685	-0.009746	2.131549
55.152647	1279.422272	7.321690	-0.009755	2.133917
55.232760	1282.426802	7.326694	-0.009770	2.136273
55.297077	1285.468827	7.331699	-0.009782	2.138652
55.324623	1288.462651	7.336704	-0.009787	2.140981
55.532687	1291.476821	7.341709	-0.009825	2.143368
55.481480	1294.517029	7.346714	-0.009816	2.145709
55.650620	1297.537379	7.351718	-0.009846	2.148086
55.689543	1300.518051	7.356723	-0.009854	2.150398
55.788648	1303.543525	7.361728	-0.009872	2.152756
55.930442	1306.527727	7.366733	-0.009898	2.155091
55.950875	1309.600481	7.371738	-0.009902	2.157461
55.932735	1312.580517	7.376742	-0.009899	2.159749
56.333327	1315.576575	7.381747	-0.009971	2.162147
56.201036	1318.610582	7.386752	-0.009947	2.164444
56.678102	1321.577666	7.391757	-0.010034	2.166833
56.502405	1324.636490	7.396762	-0.010002	2.169133
56.465651	1327.707098	7.401766	-0.009996	2.171473
56.576317	1330.696892	7.406771	-0.010016	2.173784
56.910032	1333.667168	7.411776	-0.010077	2.176131
56.860883	1336.707516	7.416781	-0.010068	2.178437
56.988271	1339.751241	7.421786	-0.010091	2.180786
57.231785	1342.718368	7.426790	-0.010135	2.183102
57.305864	1345.787929	7.431795	-0.010149	2.185452
57.312990	1348.817431	7.436800	-0.010151	2.187754
57.455978	1351.773568	7.441805	-0.010177	2.190030
57.643031	1354.803770	7.446810	-0.010211	2.192370
57.641819	1357.818886	7.451814	-0.010211	2.194652
57.589547	1360.912622	7.456819	-0.010201	2.196978
57.774316	1363.854956	7.461824	-0.010235	2.199244
57.799132	1366.914444	7.466829	-0.010240	2.201558
58.055372	1369.896669	7.471834	-0.010286	2.203866
58.098788	1372.922166	7.476838	-0.010294	2.206154
58.039730	1375.982039	7.481843	-0.010284	2.208441
58.224557	1378.966313	7.486848	-0.010317	2.210727
58.276981	1382.002015	7.491853	-0.010327	2.213017
58.482187	1384.972734	7.496858	-0.010364	2.215293
58.569260	1388.005612	7.501862	-0.010380	2.217584
58.551859	1391.029834	7.506867	-0.010377	2.219843
58.690708	1394.082106	7.511872	-0.010403	2.222157
58.644266	1397.098821	7.516877	-0.010395	2.224398
58.782065	1400.141470	7.521882	-0.010420	2.226700
58.934889	1403.067997	7.526886	-0.010448	2.228916
58.949056	1406.133904	7.531891	-0.010450	2.231202
58.985651	1409.148922	7.536896	-0.010457	2.233452
59.240877	1412.129760	7.541901	-0.010504	2.235725
59.257722	1415.160885	7.546906	-0.010507	2.237979
59.447338	1418.150101	7.551910	-0.010541	2.240239
59.551782	1421.188773	7.556915	-0.010560	2.242513
59.722838	1424.197387	7.561920	-0.010591	2.244778
59.774528	1427.242471	7.566925	-0.010601	2.247041
59.891140	1430.193879	7.571930	-0.010622	2.249247
59.963063	1433.255086	7.576934	-0.010636	2.251522
60.082468	1436.257818	7.581939	-0.010657	2.253762
60.225402	1439.270280	7.586944	-0.010683	2.256012
60.361818	1442.289756	7.591949	-0.010708	2.258264
60.282408	1445.354925	7.596954	-0.010694	2.260497
60.407314	1448.389409	7.601958	-0.010717	2.262753
60.422986	1451.405524	7.606963	-0.010720	2.264968
60.712174	1454.388931	7.611968	-0.010772	2.267219
60.878033	1457.328780	7.616973	-0.010803	2.269408
60.850973	1460.435012	7.621978	-0.010798	2.271673
60.797331	1463.422350	7.626982	-0.010789	2.273843
60.858663	1466.491584	7.631987	-0.010800	2.276096
60.928337	1469.473886	7.636992	-0.010813	2.278286
61.081114	1472.491021	7.641997	-0.010840	2.280517
61.250687	1475.468411	7.647002	-0.010871	2.282721
61.219766	1478.513659	7.652006	-0.010866	2.284928
61.327678	1481.531099	7.657011	-0.010886	2.287143
61.482140	1484.490599	7.662016	-0.010914	2.289324
61.572201	1487.534559	7.667021	-0.010930	2.291551
61.616323	1490.536631	7.672026	-0.010938	2.293734
61.663149	1493.586304	7.677030	-0.010947	2.295950
61.728687	1496.615651	7.682035	-0.010959	2.298154
61.846629	1499.599501	7.687040	-0.010981	2.300334
62.014252	1502.619601	7.692045	-0.011011	2.302550
61.996409	1505.656863	7.697050	-0.011008	2.304734
62.053620	1508.684659	7.702054	-0.011019	2.306927
62.061749	1511.669933	7.707059	-0.011020	2.309075
62.331492	1514.660033	7.712064	-0.011069	2.311284
62.295344	1517.671600	7.717069	-0.011063	2.313437
62.454349	1520.719380	7.722074	-0.011092	2.315658
62.484289	1523.701201	7.727078	-0.011098	2.317801
62.600061	1526.744415	7.732083	-0.011119	2.320005
62.481664	1529.810356	7.737088	-0.011098	2.322171
62.481623	1532.824919	7.742093	-0.011098	2.324325
62.777292	1535.816799	7.747098	-0.011152	2.326525
62.878304	1538.756634	7.752102	-0.011170	2.328644
63.016708	1541.802757	7.757107	-0.011195	2.330845
63.067309	1544.818077	7.762112	-0.011205	2.333002
63.123105	1547.842516	7.767117	-0.011215	2.335165
63.381185	1550.837217	7.772122	-0.011262	2.337349
63.319018	1553.858320	7.777126	-0.011251	2.339480
63.469856	1556.909579	7.782131	-0.011278	2.341676
63.507078	1559.919125	7.787136	-0.011285	2.343817
63.678018	1562.930494	7.792141	-0.011316	2.345985
63.831341	1565.901335	7.797146	-0.011344	2.348119
63.750590	1568.961879	7.802150	-0.011330	2.350264
63.820288	1571.979201	7.807155	-0.011343	2.352409
64.008528	1574.965571	7.812160	-0.011377	2.354556
64.176591	1577.946537	7.817165	-0.011407	2.356693
64.229816	1580.977720	7.822170	-0.011417	2.358838
64.195470	1584.030776	7.827174	-0.011411	2.360978
64.351830	1587.006323	7.832179	-0.011440	2.363102
64.506328	1590.032124	7.837184	-0.011468	2.365260
64.550458	1593.039587	7.842189	-0.011476	2.367379
64.960524	1595.970400	7.847194	-0.011550	2.369521
65.098796	1599.016747	7.852198	-0.011576	2.371683
65.213044	1601.994927	7.857203	-0.011596	2.373791
65.281614	1605.103752	7.862208	-0.011609	2.375978
65.196610	1608.092041	7.867213	-0.011594	2.378046
65.254434	1611.165224	7.872218	-0.011605	2.380203
65.592765	1614.115983	7.877222	-0.011666	2.382331
65.554601	1617.178605	7.882227	-0.011659	2.384456
65.626640	1620.210475	7.887232	-0.011673	2.386580
65.696471	1623.159257	7.892237	-0.011685	2.388645
65.736490	1626.232606	7.897242	-0.011693	2.390788
65.874123	1629.211846	7.902246	-0.011718	2.392884
65.842748	1632.245591	7.907251	-0.011712	2.394981
65.978761	1635.266503	7.912256	-0.011737	2.397102
65.991910	1638.274391	7.917261	-0.011740	2.399187
66.301451	1641.263807	7.922266	-0.011796	2.401319
66.406575	1644.242186	7.927270	-0.011815	2.403399
66.412331	1647.335845	7.932275	-0.011816	2.405535
66.610616	1650.271208	7.937280	-0.011853	2.407601
66.516349	1653.360209	7.942285	-0.011836	2.409710
66.572193	1656.356233	7.947290	-0.011846	2.411784
66.739463	1659.363831	7.952294	-0.011876	2.413888
66.801597	1662.407047	7.957299	-0.011888	2.415992
66.878456	1665.377955	7.962304	-0.011902	2.418048
66.828150	1668.451810	7.967309	-0.011893	2.420147
67.038099	1671.432272	7.972314	-0.011931	2.422233
67.270164	1674.409580	7.977318	-0.011973	2.424321
67.532028	1677.392816	7.982323	-0.012021	2.426416
67.604569	1680.369824	7.987328	-0.012034	2.428467
67.570084	1683.486607	7.992333	-0.012028	2.430589
67.617907	1686.447466	7.997338	-0.012037	2.432619
67.828581	1689.472653	8.002342	-0.012075	2.434726
67.947908	1692.468464	8.007347	-0.012097	2.436792
68.099491	1695.449735	8.012352	-0.012125	2.438853
68.160507	1698.523754	8.017357	-0.012136	2.440956
68.362849	1701.494614	8.022362	-0.012173	2.443017
68.198081	1704.589064	8.027366	-0.012143	2.445084
68.226847	1707.591474	8.032371	-0.012149	2.447127
68.262331	1710.608421	8.037376	-0.012155	2.449179
68.496737	1713.593457	8.042381	-0.012198	2.451249
68.471577	1716.634826	8.047386	-0.012194	2.453302
68.477304	1719.676536	8.052390	-0.012195	2.455360
68.824050	1722.575019	8.057395	-0.012258	2.457389
68.761062	1725.676172	8.062400	-0.012247	2.459470
68.943537	1728.652857	8.067405	-0.012280	2.461515
68.851424	1731.732305	8.072410	-0.012263	2.463571
68.924076	1734.751703	8.077414	-0.012277	2.465619
69.119534	1737.652488	8.082419	-0.012312	2.467610
69.072771	1740.727866	8.087424	-0.012304	2.469668
69.080198	1743.762444	8.092429	-0.012306	2.471708
69.224335	1746.749625	8.097434	-0.012332	2.473742
69.282273	1749.775602	8.102438	-0.012343	2.475783
69.508583	1752.726930	8.107443	-0.012384	2.477806
69.445517	1755.792594	8.112448	-0.012372	2.479846
69.700886	1758.770044	8.117453	-0.012419	2.481889
69.777940	1761.806878	8.122458	-0.012433	2.483934
69.852901	1764.816945	8.127462	-0.012447	2.485959
69.974181	1767.784875	8.132467	-0.012469	2.487964
70.118504	1770.814823	8.137472	-0.012495	2.490013
70.414296	1773.762073	8.142477	-0.012549	2.492036
70.450493	1776.820062	8.147482	-0.012556	2.494079
70.524206	1779.857300	8.152486	-0.012569	2.496113
70.677692	1782.832379	8.157491	-0.012597	2.498121
70.801759	1785.900139	8.162496	-0.012620	2.500183
70.848589	1788.891097	8.167501	-0.012628	2.502177
70.948880	1791.949884	8.172506	-0.012647	2.504224
70.992388	1794.945067	8.177510	-0.012655	2.506217
71.206258	1797.902765	8.182515	-0.012694	2.508217
71.288392	1800.942878	8.187520	-0.012709	2.510244
71.442274	1803.921387	8.192525	-0.012737	2.512243
71.540710	1806.950912	8.197530	-0.012755	2.514262
71.666661	1809.986961	8.202534	-0.012778	2.516290
71.923777	1812.909147	8.207539	-0.012824	2.518267
72.109260	1815.961206	8.212544	-0.012858	2.520314
72.072631	1819.005339	8.217549	-0.012852	2.522311
72.223582	1822.018645	8.222554	-0.012879	2.524322
72.214942	1825.050655	8.227558	-0.012878	2.526313
72.395668	1828.016877	8.232563	-0.012911	2.528296
72.610479	1831.041459	8.237568	-0.012950	2.530322
72.613535	1834.056471	8.242573	-0.012951	2.532299
72.752938	1837.101906	8.247578	-0.012976	2.534321
72.911412	1840.089720	8.252582	-0.013005	2.536308
73.023946	1843.087242	8.257587	-0.013025	2.538290
72.928871	1846.186073	8.262592	-0.013008	2.540297
73.019931	1849.173520	8.267597	-0.013025	2.542265
73.060161	1852.220403	8.272602	-0.013033	2.544261
73.187856	1855.195639	8.277606	-0.013056	2.546225
73.347583	1858.143993	8.282611	-0.013085	2.548177
73.604595	1861.143093	8.287616	-0.013132	2.550179
73.788133	1864.127944	8.292621	-0.013165	2.552156
73.946748	1867.172844	8.297626	-0.013194	2.554166
73.919080	1870.217140	8.302630	-0.013189	2.556137
74.083581	1873.201610	8.307635	-0.013219	2.558106
74.187559	1876.240943	8.312640	-0.013238	2.560096
74.209315	1879.269845	8.317645	-0.013242	2.562063
74.265462	1882.294687	8.322650	-0.013253	2.564032
74.477595	1885.286966	8.327654	-0.013291	2.566009
74.599625	1888.282154	8.332659	-0.013313	2.567968
74.641103	1891.316730	8.337664	-0.013321	2.569936
74.842954	1894.305158	8.342669	-0.013358	2.571904
74.817826	1897.357240	8.347674	-0.013354	2.573867
74.813442	1900.380749	8.352678	-0.013353	2.575814
75.120486	1903.336183	8.357683	-0.013409	2.577776
75.059625	1906.392028	8.362688	-0.013398	2.579731
75.239856	1909.390610	8.367693	-0.013431	2.581693
75.328588	1912.418748	8.372698	-0.013447	2.583656
75.356290	1915.517958	8.377702	-0.013452	2.585650
75.498551	1918.554616	8.382707	-0.013478	2.587625
75.552121	1921.520594	8.387712	-0.013488	2.589537
75.731511	1924.487991	8.392717	-0.013521	2.591471
75.893502	1927.470648	8.397722	-0.013550	2.593411
75.978683	1930.488164	8.402726	-0.013566	2.595357
75.944167	1933.516612	8.407731	-0.013560	2.597286
75.995588	1936.517160	8.412736	-0.013569	2.599212
76.402097	1939.462868	8.417741	-0.013643	2.601168
76.261896	1942.536041	8.422746	-0.013618	2.603101
76.338966	1945.567150	8.427750	-0.013632	2.605047
76.460553	1948.514766	8.432755	-0.013654	2.606946
76.564333	1951.558704	8.437760	-0.013673	2.608903
76.657897	1954.558864	8.442765	-0.013690	2.610827
76.722420	1957.565446	8.447770	-0.013702	2.612749
76.826951	1960.591700	8.452774	-0.013721	2.614690
77.033840	1963.542940	8.457779	-0.013759	2.616601
77.044910	1966.607791	8.462784	-0.013761	2.618546
77.205583	1969.596668	8.467789	-0.013790	2.620469
77.307780	1972.606073	8.472794	-0.013809	2.622393
77.410888	1975.629803	8.477798	-0.013828	2.624324
77.587380	1978.573090	8.482803	-0.013860	2.626217
77.636919	1981.628015	8.487808	-0.013869	2.628156
77.687460	1984.662647	8.492813	-0.013878	2.630080
77.841069	1987.634926	8.497818	-0.013906	2.631983
77.942531	1990.658752	8.502822	-0.013925	2.633907
77.962159	1993.692598	8.507827	-0.013929	2.635821
78.234804	1996.667198	8.512832	-0.013978	2.637743
78.378480	1999.696001	8.517837	-0.014004	2.639674
78.256903	2002.742368	8.522842	-0.013983	2.641566
78.409524	2005.763311	8.527846	-0.014010	2.643491
78.578017	2008.726832	8.532851	-0.014041	2.645381
78.661190	2011.737834	8.537856	-0.014056	2.647284
78.824153	2014.749481	8.542861	-0.014086	2.649201
78.850027	2017.775028	8.547866	-0.014091	2.651100
78.995453	2020.783307	8.552870	-0.014117	2.653008
79.130718	2023.804790	8.557875	-0.014142	2.654922
79.264553	2026.780177	8.562880	-0.014166	2.656805
79.345330	2029.834860	8.567885	-0.014181	2.658727
79.307991	2032.880929	8.572890	-0.014175	2.660620
79.557497	2035.839879	8.577895	-0.014220	2.662510
79.656664	2038.864228	8.582899	-0.014238	2.664412
80.063061	2041.749900	8.587904	-0.014312	2.666282
80.012554	2044.827586	8.592909	-0.014303	2.668187
80.162910	2047.829421	8.597914	-0.014330	2.670080
80.180103	2050.847362	8.602919	-0.014334	2.671958
80.301565	2053.871574	8.607923	-0.014356	2.673857
80.556160	2056.832267	8.612928	-0.014402	2.675740
80.620639	2059.889656	8.617933	-0.014414	2.677646
80.706516	2062.903646	8.622938	-0.014430	2.679528
80.794830	2065.931184	8.627943	-0.014446	2.681418
80.519278	2069.039154	8.632947	-0.014396	2.683290
80.833420	2071.952825	8.637952	-0.014453	2.685148
80.922492	2074.947640	8.642957	-0.014470	2.687014
81.178279	2077.939316	8.647962	-0.014516	2.688906
81.270855	2080.931808	8.652967	-0.014533	2.690769
81.325010	2083.972099	8.657971	-0.014543	2.692652
81.324146	2087.029604	8.662976	-0.014543	2.694535
81.459711	2090.001175	8.667981	-0.014568	2.696388
81.568717	2093.024745	8.672986	-0.014588	2.698267
81.647978	2096.060674	8.677991	-0.014602	2.700147
81.762333	2099.059517	8.682995	-0.014623	2.702010
81.918079	2102.077904	8.688000	-0.014651	2.703890
82.237747	2104.966603	8.693005	-0.014709	2.705719
82.175445	2108.044201	8.698010	-0.014698	2.707594
82.378477	2111.046028	8.703015	-0.014735	2.709469
82.427638	2114.072923	8.708019	-0.014744	2.711330
82.477640	2117.105754	8.713024	-0.014754	2.713194
82.618826	2120.104415	8.718029	-0.014779	2.715052
82.727348	2123.096799	8.723034	-0.014799	2.716899
82.868108	2126.125875	8.728039	-0.014825	2.718773
82.895199	2129.160992	8.733043	-0.014830	2.720629
82.860266	2132.214191	8.738048	-0.014824	2.722483
82.990963	2135.202817	8.743053	-0.014848	2.724327
83.212547	2138.131169	8.748058	-0.014888	2.726149
83.056891	2141.237464	8.753063	-0.014860	2.728011
83.192604	2144.249835	8.758067	-0.014885	2.729866
83.328566	2147.224132	8.763072	-0.014910	2.731697
83.432533	2150.243721	8.768077	-0.014929	2.733548
83.591341	2153.223214	8.773082	-0.014957	2.735383
83.637047	2156.250992	8.778087	-0.014966	2.737227
83.658726	2159.300688	8.783091	-0.014970	2.739078
83.918945	2162.252812	8.788096	-0.015017	2.740911
83.767716	2165.329439	8.793101	-0.014990	2.742746
83.985187	2168.321828	8.798106	-0.015030	2.744593
84.225904	2171.231004	8.803111	-0.015073	2.746393
84.401102	2174.256851	8.808115	-0.015105	2.748251
84.634913	2177.243501	8.813120	-0.015148	2.750094
84.441366	2180.319230	8.818125	-0.015113	2.751914
84.551621	2183.369090	8.823130	-0.015133	2.753771
84.630590	2186.322746	8.828135	-0.015148	2.755564
84.706805	2189.336236	8.833139	-0.015162	2.757390
84.809089	2192.388871	8.838144	-0.015180	2.759244
84.812385	2195.355296	8.843149	-0.015181	2.761027
84.871246	2198.419895	8.848154	-0.015192	2.762878
84.805325	2201.459149	8.853159	-0.015180	2.764690
84.840419	2204.436823	8.858163	-0.015187	2.766482
85.189474	2207.399744	8.863168	-0.015250	2.768319
85.118024	2210.442901	8.868173	-0.015238	2.770129
85.280864	2213.429785	8.873178	-0.015267	2.771945
85.548904	2216.426438	8.878183	-0.015316	2.773784
85.713971	2219.340997	8.883187	-0.015346	2.775555
85.887610	2222.424373	8.888192	-0.015377	2.777427
85.960738	2225.458312	8.893197	-0.015391	2.779251
86.071345	2228.463577	8.898202	-0.015411	2.781063
86.168063	2231.498936	8.903207	-0.015429	2.782889
86.146993	2234.489535	8.908211	-0.015425	2.784668
86.299285	2237.479318	8.913216	-0.015453	2.786474
86.296282	2240.535743	8.918221	-0.015453	2.788292
86.415369	2243.504409	8.923226	-0.015474	2.790078
86.764842	2246.494917	8.928231	-0.015538	2.791915
86.859286	2249.503027	8.933235	-0.015555	2.793718
87.026830	2252.489990	8.938240	-0.015586	2.795519
87.106910	2255.534618	8.943245	-0.015600	2.797338
87.412629	2258.508515	8.948250	-0.015656	2.799153
87.509371	2261.536047	8.953255	-0.015673	2.800963
87.400364	2264.629406	8.958259	-0.015654	2.802776
87.563184	2267.587036	8.963264	-0.015684	2.804553
87.932466	2270.529602	8.968269	-0.015750	2.806355
87.860646	2273.583835	8.973274	-0.015738	2.808148
87.917483	2276.633768	8.978279	-0.015748	2.809958
88.094805	2279.605622	8.983283	-0.015780	2.811742
88.343324	2282.626805	8.988288	-0.015826	2.813565
88.402168	2285.599463	8.993293	-0.015836	2.815327
88.688546	2288.617524	8.998298	-0.015888	2.817153
88.642546	2291.698346	9.003303	-0.015880	2.818958
88.942864	2294.620381	9.008307	-0.015935	2.820728
88.977514	2297.695839	9.013312	-0.015941	2.822541
89.410924	2300.623036	9.018317	-0.016020	2.824334
89.384202	2303.635987	9.023322	-0.016015	2.826098
89.525853	2306.706995	9.028327	-0.016041	2.827923
89.703759	2309.657815	9.033331	-0.016073	2.829683
89.823812	2312.680366	9.038336	-0.016095	2.831474
89.939757	2315.742312	9.043341	-0.016116	2.833286
90.006352	2318.720024	9.048346	-0.016129	2.835040
90.055010	2321.757055	9.053351	-0.016138	2.836824
90.188708	2324.792045	9.058355	-0.016162	2.838620
90.248056	2327.770019	9.063360	-0.016173	2.840370
90.449458	2330.808301	9.068365	-0.016210	2.842177
90.460362	2333.810833	9.073370	-0.016212	2.843930
90.470121	2336.807511	9.078375	-0.016214	2.845679
90.493845	2339.871201	9.083379	-0.016218	2.847468
90.697098	2342.833647	9.088384	-0.016255	2.849226
90.686511	2345.860512	9.093389	-0.016254	2.850986
90.804374	2348.904756	9.098394	-0.016275	2.852776
90.773670	2351.891148	9.103399	-0.016270	2.854506
90.875372	2354.905107	9.108403	-0.016288	2.856273
91.049983	2357.930891	9.113408	-0.016320	2.858059
91.103484	2360.898861	9.118413	-0.016330	2.859789
91.065281	2363.960975	9.123418	-0.016323	2.861558
91.265016	2366.984830	9.128423	-0.016360	2.863343
91.202031	2369.893287	9.133427	-0.016349	2.865017
91.520957	2372.895149	9.138432	-0.016406	2.866806
91.469925	2375.942494	9.143437	-0.016397	2.868560
91.602309	2378.932052	9.148442	-0.016421	2.870310
91.850642	2381.918687	9.153447	-0.016467	2.872075
91.957387	2384.956613	9.158451	-0.016486	2.873847
92.091304	2387.916746	9.163456	-0.016511	2.875576
92.131858	2390.980468	9.168461	-0.016518	2.877349
92.151274	2394.033114	9.173466	-0.016522	2.879111
92.291445	2397.024133	9.178471	-0.016547	2.880856
92.412972	2400.027721	9.183475	-0.016570	2.882605
92.529817	2403.013865	9.188480	-0.016591	2.884341
92.568918	2405.995063	9.193485	-0.016598	2.886061
92.579615	2409.106234	9.198490	-0.016600	2.887850
92.721937	2412.045014	9.203495	-0.016626	2.889560
92.686954	2415.088529	9.208499	-0.016620	2.891301
92.721772	2418.136457	9.213504	-0.016627	2.893054
92.960465	2421.046327	9.218509	-0.016670	2.894760
93.145245	2424.071379	9.223514	-0.016704	2.896523
93.171313	2427.144810	9.228519	-0.016709	2.898286
93.221254	2430.105826	9.233523	-0.016718	2.899988
93.518715	2433.134738	9.238528	-0.016772	2.901767
93.526722	2436.112294	9.243533	-0.016773	2.903470
93.766240	2439.102301	9.248538	-0.016817	2.905216
93.771399	2442.152630	9.253543	-0.016818	2.906957
93.715769	2445.206051	9.258547	-0.016808	2.908689
93.903643	2448.139482	9.263552	-0.016842	2.910392
93.963983	2451.215894	9.268557	-0.016853	2.912154
94.090239	2454.150545	9.273562	-0.016877	2.913844
94.289808	2457.155215	9.278567	-0.016913	2.915586
94.362515	2460.194720	9.283571	-0.016926	2.917326
94.468743	2463.197502	9.288576	-0.016946	2.919049
94.663591	2466.196954	9.293581	-0.016981	2.920784
94.723827	2469.236669	9.298586	-0.016992	2.922519
94.765900	2472.212849	9.303591	-0.017000	2.924214
95.046868	2475.182553	9.308595	-0.017051	2.925942
95.065297	2478.241668	9.313600	-0.017054	2.927678
95.234332	2481.227753	9.318605	-0.017085	2.929396
95.122016	2484.269282	9.323610	-0.017065	2.931099
95.260355	2487.338793	9.328615	-0.017090	2.932857
95.415917	2490.233534	9.333619	-0.017119	2.934518
95.345734	2493.337036	9.338624	-0.017106	2.936260
95.446884	2496.334558	9.343629	-0.017125	2.937968
95.793743	2499.286539	9.348634	-0.017188	2.939689
95.702475	2502.342700	9.353639	-0.017171	2.941398
95.704239	2505.422186	9.358643	-0.017172	2.943134
95.860043	2508.261850	9.363648	-0.017200	2.944758
96.148537	2511.328912	9.368653	-0.017253	2.946530
96.096258	2514.330694	9.373658	-0.017243	2.948211
96.346213	2517.311777	9.378663	-0.017289	2.949926
96.311574	2520.371535	9.383667	-0.017283	2.951640
96.363396	2523.407205	9.388672	-0.017292	2.953353
96.420245	2526.361463	9.393677	-0.017303	2.955020
96.659628	2529.422804	9.398682	-0.017346	2.956775
96.599281	2532.404936	9.403687	-0.017336	2.958438
97.051911	2535.386408	9.408691	-0.017418	2.960179
96.933702	2538.430518	9.413696	-0.017396	2.961865
96.896011	2541.478391	9.418701	-0.017390	2.963565
97.250215	2544.354967	9.423706	-0.017454	2.965230
97.112909	2547.485500	9.428711	-0.017429	2.966958
97.244897	2550.440964	9.433715	-0.017454	2.968630
97.369463	2553.481857	9.438720	-0.017476	2.970347
97.361560	2556.483699	9.443725	-0.017475	2.972021
97.591838	2559.493077	9.448730	-0.017517	2.973736
97.552752	2562.480156	9.453735	-0.017510	2.975395
97.704344	2565.550868	9.458739	-0.017538	2.977129
97.689764	2568.545178	9.463744	-0.017535	2.978794
97.659438	2571.587066	9.468749	-0.017530	2.980482
97.772658	2574.603078	9.473754	-0.017551	2.982177
97.975046	2577.511766	9.478759	-0.017587	2.983825
97.980803	2580.539204	9.483763	-0.017589	2.985508
98.238843	2583.548834	9.488768	-0.017636	2.987219
98.142205	2586.514779	9.493773	-0.017618	2.988850
98.364413	2589.590801	9.498778	-0.017659	2.990590
98.388891	2592.587264	9.503783	-0.017663	2.992254
98.532996	2595.564024	9.508787	-0.017690	2.993926
98.618059	2598.574675	9.513792	-0.017705	2.995606
98.646431	2601.639457	9.518797	-0.017711	2.997306
98.790676	2604.607778	9.523802	-0.017737	2.998970
98.870331	2607.650508	9.528807	-0.017751	3.000664
98.776722	2610.718143	9.533811	-0.017735	3.002344
98.925268	2613.637774	9.538816	-0.017762	3.003979
98.898641	2616.648887	9.543821	-0.017757	3.005636
99.174875	2619.684789	9.548826	-0.017807	3.007353
99.143893	2622.630811	9.553831	-0.017802	3.008972
99.278404	2625.673751	9.558835	-0.017826	3.010668
99.299344	2628.745340	9.563840	-0.017830	3.012363
99.405051	2631.668093	9.568845	-0.017850	3.013987
99.455283	2634.712842	9.573850	-0.017859	3.015669
99.537924	2637.764551	9.578855	-0.017874	3.017359
99.532627	2640.721788	9.583859	-0.017874	3.018983
99.806412	2643.742857	9.588864	-0.017923	3.020683
99.927932	2646.717286	9.593869	-0.017945	3.022334
99.966592	2649.675830	9.598874	-0.017953	3.023962
99.951141	2652.740929	9.603879	-0.017950	3.025640
100.072150	2655.782611	9.608883	-0.017972	3.027325
100.064366	2658.734937	9.613888	-0.017971	3.028940
100.343076	2661.757058	9.618893	-0.018021	3.030636
100.247647	2664.791606	9.623898	-0.018004	3.032281
100.331122	2667.776753	9.628903	-0.018020	3.033925
100.523643	2670.772942	9.633907	-0.018055	3.035591
100.461309	2673.862190	9.638912	-0.018044	3.037269
100.781774	2676.760751	9.643917	-0.018102	3.038899
100.815503	2679.829207	9.648922	-0.018108	3.040577
100.755377	2682.870773	9.653927	-0.018098	3.042227
101.017321	2685.788122	9.658931	-0.018145	3.043855
100.996027	2688.838908	9.663936	-0.018141	3.045513
101.113869	2691.885232	9.668941	-0.018163	3.047189
101.244773	2694.821176	9.673946	-0.018187	3.048806
101.273587	2697.894179	9.678951	-0.018192	3.050480
101.372028	2700.913550	9.683955	-0.018210	3.052136
101.488989	2703.867403	9.688960	-0.018232	3.053757
101.536594	2706.902883	9.693965	-0.018240	3.055412
101.619732	2709.974599	9.698970	-0.018256	3.057091
101.589553	2712.905746	9.703975	-0.018250	3.058675
101.691381	2716.010237	9.708979	-0.018269	3.060373
101.626272	2719.016368	9.713984	-0.018258	3.061991
101.925632	2721.852656	9.718989	-0.018312	3.063571
101.967284	2724.918673	9.723994	-0.018320	3.065236
102.087482	2727.977563	9.728999	-0.018341	3.066908
102.144383	2730.919701	9.734003	-0.018352	3.068506
102.249690	2733.946689	9.739008	-0.018371	3.070157
102.155400	2737.027635	9.744013	-0.018354	3.071806
102.495850	2739.932843	9.749018	-0.018416	3.073424
102.201878	2743.035743	9.754023	-0.018363	3.075054
102.367183	2746.074907	9.759027	-0.018393	3.076717
102.455738	2748.993560	9.764032	-0.018410	3.078302
102.630954	2752.022885	9.769037	-0.018441	3.079959
102.550675	2755.099876	9.774042	-0.018427	3.081603
102.731090	2757.982487	9.779047	-0.018460	3.083180
102.916772	2761.012158	9.784051	-0.018494	3.084836
103.018715	2764.088448	9.789056	-0.018512	3.086503
102.904090	2767.047553	9.794061	-0.018492	3.088076
103.058737	2770.091803	9.799066	-0.018520	3.089732
103.091415	2773.085406	9.804071	-0.018526	3.091343
103.342318	2776.060723	9.809075	-0.018572	3.092975
103.252740	2779.079736	9.814080	-0.018556	3.094579
103.377319	2782.106689	9.819085	-0.018578	3.096219
103.614432	2785.076066	9.824090	-0.018622	3.097843
103.739762	2788.111931	9.829095	-0.018644	3.099485
103.684317	2791.160667	9.834099	-0.018635	3.101107
103.828448	2794.110545	9.839104	-0.018661	3.102705
103.850595	2797.070599	9.844109	-0.018665	3.104289
103.946282	2800.189406	9.849114	-0.018683	3.105968
103.742555	2803.186460	9.854119	-0.018646	3.107538
103.879498	2806.182599	9.859123	-0.018671	3.109156
103.988440	2809.198489	9.864128	-0.018691	3.110779
104.067455	2812.170774	9.869133	-0.018705	3.112374
104.257957	2815.154818	9.874138	-0.018740	3.113991
104.294701	2818.240854	9.879143	-0.018747	3.115639
104.304396	2821.216702	9.884147	-0.018749	3.117223
104.431675	2824.242066	9.889152	-0.018772	3.118850
104.441784	2827.243215	9.894157	-0.018774	3.120446
104.580394	2830.237545	9.899162	-0.018799	3.122057
104.740335	2833.177097	9.904167	-0.018828	3.123640
104.823008	2836.232689	9.909171	-0.018844	3.125273
104.870889	2839.255157	9.914176	-0.018853	3.126883
104.914339	2842.245046	9.919181	-0.018861	3.128474
105.029850	2845.255292	9.924186	-0.018882	3.130085
105.257953	2848.281501	9.929191	-0.018923	3.131720
105.146938	2851.241124	9.934195	-0.018903	3.133271
105.354838	2854.279527	9.939200	-0.018941	3.134908
105.257562	2857.338822	9.944205	-0.018924	3.136511
105.471433	2860.280163	9.949210	-0.018963	3.138096
105.546535	2863.306641	9.954215	-0.018976	3.139705
105.520517	2866.400439	9.959219	-0.018972	3.141334
105.547461	2869.289180	9.964224	-0.018977	3.142862
105.617049	2872.373910	9.969229	-0.018990	3.144499
105.582527	2875.355622	9.974234	-0.018984	3.146065
105.855967	2878.320411	9.979239	-0.019033	3.147666
105.839550	2881.346513	9.984243	-0.019031	3.149257
106.045555	2884.383058	9.989248	-0.019068	3.150884
106.155812	2887.344903	9.994253	-0.019088	3.152458
106.263551	2890.364180	9.999258	-0.019108	3.154060
106.147760	2893.418438	10.004263	-0.019087	3.155649
106.353693	2896.422726	10.009267	-0.019125	3.157255
106.391159	2899.380515	10.014272	-0.019132	3.158813
106.480965	2902.476884	10.019277	-0.019148	3.160451
106.602225	2905.390162	10.024282	-0.019170	3.161995
106.843681	2908.362570	10.029287	-0.019214	3.163587
106.919730	2911.397667	10.034291	-0.019228	3.165188
106.979096	2914.437015	10.039296	-0.019239	3.166788
107.147863	2917.404393	10.044301	-0.019270	3.168364
107.190439	2920.487163	10.049306	-0.019278	3.169983
107.253548	2923.459092	10.054311	-0.019289	3.171545
107.288947	2926.478183	10.059315	-0.019296	3.173128
107.317263	2929.506071	10.064320	-0.019301	3.174713
107.519740	2932.524700	10.069325	-0.019338	3.176317
107.466726	2935.496653	10.074330	-0.019329	3.177860
107.691408	2938.509434	10.079335	-0.019369	3.179463
107.635572	2941.568952	10.084339	-0.019360	3.181050
107.891214	2944.426733	10.089344	-0.019406	3.182574
107.877447	2947.470786	10.094349	-0.019404	3.184157
108.083396	2950.513379	10.099354	-0.019441	3.185770
107.946083	2953.514294	10.104359	-0.019416	3.187312
108.169244	2956.531973	10.109363	-0.019457	3.188912
108.279279	2959.549016	10.114368	-0.019477	3.190495
108.469463	2962.522133	10.119373	-0.019512	3.192065
108.566813	2965.505321	10.124378	-0.019530	3.193628
108.734536	2968.570508	10.129383	-0.019560	3.195242
108.644458	2971.590491	10.134387	-0.019544	3.196795
108.806885	2974.581900	10.139392	-0.019574	3.198369
108.907151	2977.593217	10.144397	-0.019592	3.199943
108.912131	2980.635067	10.149402	-0.019593	3.201519
108.897545	2983.587108	10.154407	-0.019591	3.203045
109.013895	2986.633017	10.159411	-0.019612	3.204637
108.982867	2989.562725	10.164416	-0.019606	3.206147
109.310922	2991.670840	10.169421	-0.019666	3.207282

109.387053	2993.212368	10.174426	-0.019680	3.208089
109.478439	2994.431732	10.179431	-0.019696	3.208732
109.480782	2995.156436	10.184435	-0.019697	3.209106
109.545715	2995.736413	10.189440	-0.019708	3.209415
109.551406	2996.031163	10.194445	-0.019710	3.209568
109.724527	2996.509887	10.199450	-0.019741	3.209839
109.708121	2996.544543	10.204455	-0.019738	3.209854
109.787855	2996.580818	10.209459	-0.019752	3.209884
109.804228	2996.832867	10.214464	-0.019755	3.210016
109.775011	2997.056550	10.219469	-0.019750	3.210128
109.850502	2997.104239	10.224474	-0.019763	3.210163
110.054615	2997.063281	10.229479	-0.019800	3.210170
109.829166	2997.077390	10.234483	-0.019759	3.210146
109.976133	2997.096988	10.239488	-0.019786	3.210176
109.902081	2997.064758	10.244493	-0.019773	3.210149
109.946985	2997.034126	10.249498	-0.019781	3.210140
110.148624	2997.115963	10.254503	-0.019817	3.210210
110.097076	2997.057791	10.259507	-0.019808	3.210172
110.083792	2997.054132	10.264512	-0.019805	3.210169
110.145096	2997.091086	10.269517	-0.019816	3.210196
110.141071	2997.086173	10.274522	-0.019815	3.210193
110.291638	2997.055233	10.279527	-0.019843	3.210198
110.290880	2997.063357	10.284531	-0.019842	3.210202
110.252846	2997.067494	10.289536	-0.019836	3.210199
110.496887	2997.013492	10.294541	-0.019880	3.210204
110.384261	2997.042317	10.299546	-0.019859	3.210204
110.285891	2997.061907	10.304551	-0.019841	3.210200
110.372371	2997.073418	10.309555	-0.019857	3.210218
110.239063	2997.056957	10.314560	-0.019833	3.210191
110.525249	2997.053414	10.319565	-0.019885	3.210229
110.386402	2997.032984	10.324570	-0.019859	3.210199
110.460712	2997.038665	10.329575	-0.019873	3.210212
110.468369	2997.016131	10.334579	-0.019874	3.210202
110.500895	2997.005722	10.339584	-0.019880	3.210201
110.481231	2997.007389	10.344589	-0.019876	3.210199
110.563343	2996.994063	10.349594	-0.019891	3.210203
110.506658	2997.010419	10.354599	-0.019881	3.210204
110.652482	2997.007347	10.359603	-0.019907	3.210222
110.530728	2996.975113	10.364608	-0.019885	3.210189
110.679275	2996.993084	10.369613	-0.019912	3.210218
110.757171	2996.948833	10.374618	-0.019926	3.210206
110.587737	2997.008497	10.379623	-0.019895	3.210214
110.708367	2996.984316	10.384627	-0.019917	3.210218
110.929734	2996.901280	10.389632	-0.019957	3.210205
110.750488	2996.961136	10.394637	-0.019925	3.210212
110.762760	2996.983327	10.399642	-0.019927	3.210225
110.669373	2996.941125	10.404647	-0.019910	3.210190
110.805406	2996.965449	10.409651	-0.019934	3.210221
110.706758	2996.960321	10.414656	-0.019917	3.210205
110.742050	2996.978805	10.419661	-0.019923	3.210219
110.889527	2997.060551	10.424666	-0.019950	3.210282
110.739526	2997.095089	10.429671	-0.019922	3.210279
110.762066	2997.011755	10.434675	-0.019926	3.210239
110.837156	2997.064393	10.439680	-0.019940	3.210276
110.827856	2997.068139	10.444685	-0.019938	3.210277
110.912783	2997.067972	10.449690	-0.019954	3.210289
110.928858	2997.026266	10.454695	-0.019956	3.210269
110.944159	2997.106304	10.459699	-0.019959	3.210313
110.894296	2997.039214	10.464704	-0.019950	3.210271
110.914279	2997.052702	10.469709	-0.019954	3.210281
110.843724	2997.101773	10.474714	-0.019941	3.210296
111.068756	2997.034088	10.479719	-0.019981	3.210292
110.874081	2997.099259	10.484723	-0.019946	3.210299
110.970907	2997.037878	10.489728	-0.019964	3.210281
110.974984	2997.094903	10.494733	-0.019964	3.210311
111.113611	2997.028444	10.499738	-0.019989	3.210295
110.938493	2997.120458	10.504743	-0.019958	3.210319
110.984548	2997.054447	10.509747	-0.019966	3.210291
110.977122	2997.092160	10.514752	-0.019965	3.210310
111.102919	2997.043023	10.519757	-0.019987	3.210301
111.009669	2997.079993	10.524762	-0.019970	3.210308
111.017645	2997.068862	10.529767	-0.019972	3.210303
110.888925	2997.038479	10.534771	-0.019948	3.210270
111.144134	2997.085512	10.539776	-0.019995	3.210329
111.052267	2997.080391	10.544781	-0.019978	3.210314
111.124335	2997.075182	10.549786	-0.019991	3.210321
111.140030	2997.022692	10.554791	-0.019994	3.210296
111.059696	2997.075575	10.559795	-0.019979	3.210312
111.075183	2997.106587	10.564800	-0.019982	3.210330
111.293758	2997.076297	10.569805	-0.020021	3.210345
111.303080	2997.058155	10.574810	-0.020023	3.210336
111.244199	2997.025511	10.579815	-0.020012	3.210311
111.180673	2997.081178	10.584819	-0.020001	3.210331
111.204809	2997.059699	10.589824	-0.020005	3.210324
111.216187	2997.060965	10.594829	-0.020007	3.210326
111.433142	2997.075249	10.599834	-0.020046	3.210363
111.255220	2997.103308	10.604839	-0.020014	3.210353
111.386795	2997.065937	10.609843	-0.020038	3.210352
111.226666	2997.084423	10.614848	-0.020009	3.210339
111.303671	2997.126880	10.619853	-0.020023	3.210372
111.287888	2997.054951	10.624858	-0.020020	3.210332
111.498432	2997.056428	10.629863	-0.020058	3.210362
111.352207	2997.069401	10.634867	-0.020031	3.210349
111.517245	2997.090850	10.639872	-0.020061	3.210382
111.464153	2997.057873	10.644877	-0.020052	3.210358
111.540723	2997.093191	10.649882	-0.020065	3.210387
111.585216	2997.033641	10.654887	-0.020073	3.210362
111.430985	2997.080792	10.659891	-0.020045	3.210365
111.494602	2997.092345	10.664896	-0.020057	3.210380
111.573294	2997.107142	10.669901	-0.020071	3.210398
111.527841	2997.073947	10.674906	-0.020063	3.210375
111.549906	2997.079626	10.679911	-0.020067	3.210381
111.475773	2997.091554	10.684915	-0.020053	3.210377
111.574571	2997.069556	10.689920	-0.020071	3.210379
111.559027	2997.091290	10.694925	-0.020068	3.210388
111.564870	2997.095239	10.699930	-0.020069	3.210391
111.410800	2997.058899	10.704935	-0.020041	3.210351
111.682083	2997.091382	10.709939	-0.020090	3.210405
111.720348	2997.058886	10.714944	-0.020097	3.210393
111.765982	2997.113322	10.719949	-0.020105	3.210428
111.589757	2997.063526	10.724954	-0.020074	3.210378
111.505548	2997.090229	10.729959	-0.020058	3.210380
111.619898	2997.073768	10.734963	-0.020079	3.210387
111.675624	2997.077141	10.739968	-0.020089	3.210396
111.473568	2997.098319	10.744973	-0.020052	3.210379
111.513311	2997.064825	10.749978	-0.020060	3.210368
111.611894	2997.069492	10.754983	-0.020077	3.210384
111.691694	2997.096089	10.759987	-0.020092	3.210408
111.631586	2997.116379	10.764992	-0.020081	3.210410
111.713807	2997.087304	10.769997	-0.020096	3.210407
111.808870	2997.042717	10.775002	-0.020113	3.210397
111.630038	2997.113951	10.780007	-0.020080	3.210409
111.671315	2997.075212	10.785011	-0.020088	3.210394
111.761101	2997.047147	10.790016	-0.020104	3.210392
111.741087	2997.117238	10.795021	-0.020100	3.210426
111.633519	2997.067917	10.800026	-0.020081	3.210385
111.689038	2997.051390	10.805031	-0.020091	3.210384
111.857496	2997.103376	10.810035	-0.020121	3.210434
111.812769	2997.091756	10.815040	-0.020113	3.210422
111.707455	2997.041836	10.820045	-0.020094	3.210382
111.689200	2997.116296	10.825050	-0.020091	3.210418
111.771991	2997.080417	10.830055	-0.020106	3.210411
111.777582	2997.060849	10.835059	-0.020107	3.210401
111.943710	2997.104991	10.840064	-0.020137	3.210447
111.628335	2997.046870	10.845069	-0.020080	3.210374
111.767212	2997.148452	10.850074	-0.020105	3.210445
111.872007	2997.075878	10.855079	-0.020123	3.210422
111.853667	2997.074773	10.860083	-0.020120	3.210419
111.902767	2997.075072	10.865088	-0.020129	3.210426
111.880914	2997.083367	10.870093	-0.020125	3.210427
111.708904	2997.111666	10.875098	-0.020094	3.210418
111.780185	2997.070989	10.880103	-0.020107	3.210407
111.666177	2997.123158	10.885107	-0.020086	3.210418
111.870055	2997.036916	10.890112	-0.020123	3.210401
111.830464	2997.080772	10.895117	-0.020116	3.210418
111.970004	2997.052771	10.900122	-0.020141	3.210423
111.719543	2997.143066	10.905127	-0.020096	3.210435
111.792485	2997.044500	10.910131	-0.020109	3.210394
111.853453	2997.077923	10.915136	-0.020120	3.210420
111.787271	2997.085316	10.920141	-0.020108	3.210415
111.593613	2997.055882	10.925146	-0.020073	3.210373
111.796064	2997.075238	10.930151	-0.020109	3.210411
111.784901	2997.123623	10.935155	-0.020107	3.210434
112.046102	2997.028778	10.940160	-0.020154	3.210421
111.849213	2997.123563	10.945165	-0.020119	3.210443
111.822603	2997.059350	10.950170	-0.020114	3.210406
111.956816	2997.092633	10.955175	-0.020138	3.210442
112.000484	2997.080469	10.960179	-0.020146	3.210441
111.877826	2997.118009	10.965184	-0.020124	3.210444
111.980900	2997.029565	10.970189	-0.020142	3.210412
111.970315	2997.110451	10.975194	-0.020140	3.210453
112.002633	2997.082562	10.980199	-0.020146	3.210443
111.992904	2997.080374	10.985203	-0.020144	3.210440
112.113408	2997.094327	10.990208	-0.020166	3.210464
112.067509	2997.062458	10.995213	-0.020158	3.210441
112.062617	2997.092848	11.000218	-0.020157	3.210456
112.099625	2997.078223	11.005223	-0.020163	3.210453
111.941101	2997.099304	11.010227	-0.020135	3.210443
111.996497	2997.100346	11.015232	-0.020145	3.210451
112.176661	2997.043394	11.020237	-0.020177	3.210446
112.040943	2997.085618	11.025242	-0.020153	3.210449
112.178604	2997.064165	11.030247	-0.020177	3.210457
112.042224	2997.106565	11.035251	-0.020153	3.210460
112.166238	2997.103257	11.040256	-0.020175	3.210475
111.973962	2997.077080	11.045261	-0.020140	3.210435
112.030391	2997.077243	11.050266	-0.020150	3.210443
111.990765	2997.067894	11.055271	-0.020143	3.210433
112.082809	2997.099700	11.060275	-0.020160	3.210462
112.039422	2997.093770	11.065280	-0.020152	3.210453
112.143481	2997.092144	11.070285	-0.020171	3.210466
112.153316	2997.059352	11.075290	-0.020172	3.210451
112.110006	2997.076381	11.080295	-0.020165	3.210453
112.083849	2997.123919	11.085299	-0.020160	3.210474
112.231897	2997.040439	11.090304	-0.020187	3.210452
112.054672	2997.108221	11.095309	-0.020154	3.210462
111.911025	2997.092084	11.100314	-0.020128	3.210434
112.111578	2997.044823	11.105319	-0.020165	3.210437
112.112353	2997.120874	11.110323	-0.020165	3.210477
112.115489	2997.026973	11.115328	-0.020165	3.210428
112.235508	2997.095481	11.120333	-0.020187	3.210480
112.054478	2997.132830	11.125338	-0.020154	3.210475
112.173627	2997.057040	11.130343	-0.020176	3.210452
112.054193	2997.053810	11.135347	-0.020154	3.210434
112.122207	2997.100477	11.140352	-0.020166	3.210467
112.059970	2997.071142	11.145357	-0.020155	3.210443
112.290331	2997.076422	11.150362	-0.020197	3.210478
112.299505	2997.086741	11.155367	-0.020198	3.210484
112.234057	2997.096962	11.160371	-0.020186	3.210481
112.273851	2997.085829	11.165376	-0.020194	3.210480
112.322516	2997.065079	11.170381	-0.020202	3.210476
112.229688	2997.095285	11.175386	-0.020185	3.210479
112.262789	2997.096214	11.180391	-0.020191	3.210484
112.225754	2997.057147	11.185395	-0.020185	3.210459
112.187129	2997.083210	11.190400	-0.020178	3.210467
112.124888	2997.062341	11.195405	-0.020166	3.210448
112.230526	2997.103835	11.200410	-0.020185	3.210483
112.116006	2997.083573	11.205415	-0.020165	3.210457
112.212643	2997.093598	11.210419	-0.020182	3.210476
112.214857	2997.053158	11.215424	-0.020182	3.210455
112.332076	2997.063148	11.220429	-0.020204	3.210476
112.188209	2997.070048	11.225434	-0.020178	3.210460
112.419120	2997.097558	11.230439	-0.020219	3.210506
112.112244	2997.089780	11.235443	-0.020164	3.210460
112.222750	2997.097324	11.240448	-0.020184	3.210479
112.286974	2997.080899	11.245453	-0.020195	3.210479
112.268373	2997.090748	11.250458	-0.020192	3.210482
112.422670	2997.049146	11.255463	-0.020220	3.210481
112.232809	2997.110010	11.260467	-0.020185	3.210487
112.292235	2997.094258	11.265472	-0.020196	3.210487
112.259639	2997.087270	11.270477	-0.020190	3.210478
112.407114	2997.046879	11.275482	-0.020217	3.210478
112.466018	2997.122581	11.280487	-0.020227	3.210525
112.230674	2997.084277	11.285491	-0.020185	3.210473
112.316937	2997.098272	11.290496	-0.020200	3.210492
112.290244	2997.093342	11.295501	-0.020195	3.210486
112.363399	2997.058818	11.300506	-0.020209	3.210478
112.402423	2997.046680	11.305511	-0.020216	3.210477
112.310778	2997.086852	11.310515	-0.020199	3.210485
112.199312	2997.088153	11.315520	-0.020179	3.210470
112.442648	2997.098448	11.320525	-0.020223	3.210509
112.510766	2997.068288	11.325530	-0.020235	3.210503
112.452866	2997.100085	11.330535	-0.020224	3.210511
112.402989	2997.061411	11.335539	-0.020215	3.210484
112.327720	2997.063360	11.340544	-0.020202	3.210475
112.252424	2997.094343	11.345549	-0.020188	3.210481
112.392973	2997.042490	11.350554	-0.020214	3.210473
112.521534	2997.056115	11.355559	-0.020237	3.210498
112.546950	2997.083279	11.360563	-0.020241	3.210515
112.307558	2997.099269	11.365568	-0.020198	3.210491
112.346213	2997.127142	11.370573	-0.020205	3.210510
112.283998	2997.050026	11.375578	-0.020194	3.210462
112.310335	2997.082990	11.380583	-0.020198	3.210482
112.488529	2997.110621	11.385587	-0.020230	3.210521
112.364384	2997.066916	11.390592	-0.020208	3.210482
112.345154	2997.121078	11.395597	-0.020204	3.210507
112.467934	2997.031622	11.400602	-0.020227	3.210478
112.265645	2997.115750	11.405607	-0.020190	3.210493
112.335833	2997.088668	11.410611	-0.020203	3.210489
112.310257	2997.064694	11.415616	-0.020198	3.210473
112.286811	2997.072809	11.420621	-0.020194	3.210474
112.483512	2997.091886	11.425626	-0.020229	3.210511
112.462275	2997.081270	11.430631	-0.020225	3.210502
112.438804	2997.113581	11.435635	-0.020221	3.210516
112.575599	2997.066960	11.440640	-0.020246	3.210510
112.494783	2997.069175	11.445645	-0.020231	3.210500
112.445650	2997.112548	11.450650	-0.020222	3.210516
112.525364	2997.062370	11.455655	-0.020237	3.210501
112.500300	2997.081195	11.460659	-0.020232	3.210507
112.280934	2997.074320	11.465664	-0.020192	3.210473
112.383954	2997.101393	11.470669	-0.020211	3.210502
112.369930	2997.091277	11.475674	-0.020208	3.210494
112.403898	2997.056296	11.480679	-0.020214	3.210481
112.370550	2997.112400	11.485683	-0.020208	3.210505
112.457271	2997.027702	11.490688	-0.020224	3.210473
112.535246	2997.059626	11.495693	-0.020238	3.210501
112.620822	2997.056872	11.500698	-0.020253	3.210511
112.565161	2997.049974	11.505703	-0.020243	3.210500
112.552615	2997.068492	11.510707	-0.020241	3.210507
112.556040	2997.076713	11.515712	-0.020242	3.210512
112.539867	2997.044794	11.520717	-0.020239	3.210493
112.551236	2997.079324	11.525722	-0.020241	3.210513
112.509665	2997.086214	11.530727	-0.020233	3.210511
112.546556	2997.076458	11.535731	-0.020240	3.210511
112.573458	2997.083875	11.540736	-0.020245	3.210518
112.503944	2997.059497	11.545741	-0.020232	3.210496
112.510902	2997.103667	11.550746	-0.020233	3.210520
112.440813	2997.095771	11.555751	-0.020220	3.210506
112.441182	2997.103596	11.560755	-0.020220	3.210510
112.516905	2997.087740	11.565760	-0.020234	3.210512
112.562645	2997.073816	11.570765	-0.020242	3.210511
112.379621	2997.131651	11.575770	-0.020209	3.210516
112.388782	2997.070011	11.580775	-0.020211	3.210485
112.540353	2997.087189	11.585779	-0.020238	3.210515
112.650625	2997.045207	11.590784	-0.020258	3.210508
112.471524	2997.084461	11.595789	-0.020226	3.210504
112.590868	2997.067278	11.600794	-0.020247	3.210512
112.518458	2997.073908	11.605799	-0.020234	3.210505
112.605826	2997.064630	11.610803	-0.020250	3.210512
112.572468	2997.070544	11.615808	-0.020244	3.210511
112.686507	2997.026955	11.620813	-0.020264	3.210504
112.599818	2997.059761	11.625818	-0.020249	3.210509
112.543382	2997.063954	11.630823	-0.020238	3.210503
112.588116	2997.052112	11.635827	-0.020246	3.210503
112.700479	2997.027716	11.640832	-0.020267	3.210506
112.693441	2997.029045	11.645837	-0.020265	3.210506
112.624868	2997.040702	11.650842	-0.020253	3.210502
112.713773	2996.991706	11.655847	-0.020269	3.210489
112.683660	2997.012480	11.660851	-0.020263	3.210496
112.640947	2997.023303	11.665856	-0.020256	3.210495
112.839314	2997.003234	11.670861	-0.020291	3.210512
112.709772	2997.041396	11.675866	-0.020268	3.210514
112.686460	2997.022866	11.680871	-0.020264	3.210501
112.648312	2997.039126	11.685875	-0.020257	3.210504
112.629911	2997.039246	11.690880	-0.020253	3.210502
112.642763	2997.034678	11.695885	-0.020256	3.210501
112.632483	2997.055617	11.700890	-0.020254	3.210511
112.526857	2997.063829	11.705895	-0.020235	3.210500
112.682791	2997.058680	11.710899	-0.020263	3.210519
112.570557	2997.071070	11.715904	-0.020243	3.210510
112.560585	2997.056247	11.720909	-0.020241	3.210501
112.697247	2997.033851	11.725914	-0.020265	3.210508
112.654229	2997.018147	11.730919	-0.020258	3.210494
112.847123	2996.997720	11.735923	-0.020292	3.210510
112.558678	2997.072118	11.740928	-0.020240	3.210509
112.605585	2997.030670	11.745933	-0.020249	3.210494
112.753306	2997.027707	11.750938	-0.020275	3.210512
112.609998	2997.036271	11.755943	-0.020249	3.210497
112.682790	2997.053246	11.760947	-0.020262	3.210516
112.663827	2997.042026	11.765952	-0.020259	3.210507
112.567307	2997.031487	11.770957	-0.020242	3.210489
112.629525	2997.034343	11.775962	-0.020253	3.210499
112.730919	2996.975977	11.780967	-0.020271	3.210482
112.780795	2997.004493	11.785971	-0.020280	3.210504
112.799219	2997.004490	11.790976	-0.020283	3.210507
112.754196	2996.990528	11.795981	-0.020275	3.210493
112.757041	2997.026722	11.800986	-0.020276	3.210512
112.651554	2997.027035	11.805991	-0.020256	3.210498
112.684611	2997.019509	11.810995	-0.020262	3.210498
112.718182	2997.011242	11.816000	-0.020268	3.210499
112.718780	2997.074037	11.821005	-0.020268	3.210531
112.787792	2997.079925	11.826010	-0.020281	3.210544
112.736035	2997.051426	11.831015	-0.020272	3.210522
112.814130	2997.084529	11.836019	-0.020286	3.210550
112.940055	2997.093415	11.841024	-0.020308	3.210571
112.904687	2997.083535	11.846029	-0.020302	3.210561
112.952855	2997.099807	11.851034	-0.020311	3.210576
112.749565	2997.033619	11.856039	-0.020274	3.210514
112.933121	2997.051963	11.861043	-0.020307	3.210549
112.872022	2997.099125	11.866048	-0.020296	3.210565
112.752495	2997.051770	11.871053	-0.020274	3.210524
112.825830	2997.061950	11.876058	-0.020287	3.210539
112.889274	2997.111651	11.881063	-0.020299	3.210574
112.773402	2997.068766	11.886067	-0.020278	3.210536
112.826794	2997.084858	11.891072	-0.020287	3.210551
112.865723	2997.018318	11.896077	-0.020294	3.210522
112.724978	2997.088488	11.901082	-0.020269	3.210539
112.750968	2997.084657	11.906087	-0.020274	3.210541
112.695129	2997.080830	11.911091	-0.020263	3.210531
112.962926	2997.023540	11.916096	-0.020312	3.210538
112.867149	2997.096258	11.921101	-0.020294	3.210562
113.000932	2997.083701	11.926106	-0.020319	3.210574
112.942717	2997.082925	11.931111	-0.020308	3.210566
112.884471	2997.074900	11.936115	-0.020297	3.210554
112.900340	2997.041105	11.941120	-0.020300	3.210538
112.810228	2997.077845	11.946125	-0.020284	3.210545
112.917903	2997.063164	11.951130	-0.020303	3.210552
112.878089	2997.050839	11.956135	-0.020296	3.210540
112.788108	2997.083915	11.961139	-0.020280	3.210545
112.921001	2997.054057	11.966144	-0.020304	3.210548
112.923845	2997.065456	11.971149	-0.020304	3.210554
112.866399	2997.077780	11.976154	-0.020294	3.210552
113.020411	2997.055002	11.981159	-0.020322	3.210562
112.826441	2997.044994	11.986163	-0.020287	3.210530
112.662797	2997.090415	11.991168	-0.020257	3.210531
112.893761	2997.104611	11.996173	-0.020299	3.210570
112.814620	2997.046509	12.001178	-0.020284	3.210529
112.852273	2997.080697	12.006183	-0.020291	3.210552
112.946336	2997.069033	12.011187	-0.020308	3.210559
112.884557	2997.097629	12.016192	-0.020297	3.210565
112.970536	2997.042759	12.021197	-0.020312	3.210548
113.053359	2997.068558	12.026202	-0.020327	3.210573
112.969322	2997.073443	12.031207	-0.020312	3.210564
112.900251	2997.082813	12.036211	-0.020299	3.210559
113.008292	2997.066220	12.041216	-0.020319	3.210566
112.980611	2997.094813	12.046221	-0.020314	3.210576
113.028867	2997.055424	12.051226	-0.020323	3.210563
112.909844	2997.055710	12.056231	-0.020301	3.210546
112.879267	2997.030042	12.061235	-0.020295	3.210529
112.855913	2997.085907	12.066240	-0.020291	3.210555
112.921545	2997.033429	12.071245	-0.020303	3.210537
113.000741	2997.093453	12.076250	-0.020317	3.210578
113.063537	2997.073176	12.081255	-0.020329	3.210576
113.175808	2997.043362	12.086259	-0.020349	3.210576
113.039555	2997.060328	12.091264	-0.020324	3.210566
113.216550	2997.098563	12.096269	-0.020356	3.210610
113.140181	2997.071774	12.101274	-0.020342	3.210586
113.035459	2997.081559	12.106279	-0.020323	3.210577
112.713957	2997.035941	12.111283	-0.020265	3.210509
112.729340	2997.087545	12.116288	-0.020268	3.210538
112.820640	2997.066940	12.121293	-0.020284	3.210540
112.862798	2997.064250	12.126298	-0.020292	3.210544
112.900249	2997.083978	12.131303	-0.020299	3.210559
112.806940	2997.076817	12.136307	-0.020282	3.210543
112.751720	2997.049240	12.141312	-0.020272	3.210521
112.827181	2997.101791	12.146317	-0.020285	3.210558
112.758084	2997.067021	12.151322	-0.020273	3.210531
112.792119	2997.032626	12.156327	-0.020279	3.210518
112.790154	2997.079776	12.161331	-0.020279	3.210542
112.687928	2997.062893	12.166336	-0.020260	3.210519
112.775054	2996.993810	12.171341	-0.020276	3.210495

112.646379	2996.370192	12.176346	-0.020252	3.210156
112.795105	2994.804657	12.181351	-0.020279	3.209368
112.781270	2992.862730	12.186355	-0.020276	3.208363
112.761901	2990.623840	12.191360	-0.020273	3.207203
112.814564	2988.179976	12.196365	-0.020282	3.205947
112.919682	2985.493699	12.201370	-0.020301	3.204573
112.967921	2982.732597	12.206375	-0.020309	3.203151
112.969444	2979.968877	12.211379	-0.020309	3.201721
112.943587	2977.138943	12.216384	-0.020304	3.200252
112.940812	2974.160757	12.221389	-0.020303	3.198708
112.860850	2971.268441	12.226394	-0.020289	3.197198
112.719733	2968.370963	12.231399	-0.020263	3.195676
112.875788	2965.310729	12.236403	-0.020291	3.194110
112.946385	2962.304840	12.241408	-0.020303	3.192560
112.862904	2959.420897	12.246413	-0.020288	3.191051
112.847800	2956.386693	12.251418	-0.020285	3.189472
113.127035	2953.329952	12.256423	-0.020335	3.187922
112.769312	2950.464757	12.261427	-0.020270	3.186383
112.751178	2947.443622	12.266432	-0.020266	3.184808
112.773124	2944.415658	12.271437	-0.020270	3.183235
112.691887	2941.482130	12.276442	-0.020255	3.181696
112.828967	2938.462834	12.281447	-0.020280	3.180142
113.085945	2935.351787	12.286451	-0.020326	3.178556
112.690922	2932.493507	12.291456	-0.020254	3.177010
112.612923	2929.490160	12.296461	-0.020240	3.175431
113.063314	2926.302425	12.301466	-0.020321	3.173830
113.176069	2923.349524	12.306471	-0.020341	3.172304
112.663799	2920.527464	12.311475	-0.020248	3.170757
112.597367	2917.451781	12.316480	-0.020236	3.169139
112.496393	2914.486601	12.321485	-0.020217	3.167574
112.452158	2911.505295	12.326490	-0.020209	3.166007
112.448303	2908.455621	12.331495	-0.020208	3.164410
112.667291	2905.383354	12.336499	-0.020247	3.162831
112.512300	2902.469049	12.341504	-0.020219	3.161282
112.626137	2899.469655	12.346509	-0.020239	3.159725
112.355679	2896.454305	12.351514	-0.020190	3.158104
112.380723	2893.496642	12.356519	-0.020194	3.156555
112.421143	2890.462001	12.361523	-0.020201	3.154967
112.355234	2887.393946	12.366528	-0.020189	3.153345
112.351581	2884.472795	12.371533	-0.020188	3.151809
112.527998	2881.407839	12.376538	-0.020219	3.150222
112.478805	2878.394493	12.381543	-0.020210	3.148629
113.082750	2875.309182	12.386547	-0.020319	3.147090
112.442681	2872.461687	12.391552	-0.020203	3.145499
112.645735	2869.419801	12.396557	-0.020240	3.143925
112.928558	2866.383307	12.401562	-0.020290	3.142364
112.798961	2863.454222	12.406567	-0.020267	3.140800
112.706674	2860.455064	12.411571	-0.020250	3.139204
112.462139	2857.489121	12.416576	-0.020205	3.137602
112.726394	2854.415670	12.421581	-0.020253	3.136016
112.559308	2851.436641	12.426586	-0.020222	3.134417
112.576745	2848.398681	12.431591	-0.020225	3.132813
112.735131	2845.459222	12.436595	-0.020253	3.131280
112.665558	2842.390044	12.441600	-0.020240	3.129645
112.603434	2839.438317	12.446605	-0.020229	3.128073
112.619487	2836.472233	12.451610	-0.020231	3.126503
112.495648	2833.468989	12.456615	-0.020209	3.124892
112.523248	2830.443377	12.461619	-0.020214	3.123291
112.546684	2827.476885	12.466624	-0.020217	3.121720
112.597202	2824.435189	12.471629	-0.020226	3.120112
112.491002	2821.462789	12.476634	-0.020207	3.118517
112.480478	2818.460125	12.481639	-0.020205	3.116919
112.549833	2815.469023	12.486643	-0.020217	3.115338
112.441328	2812.431492	12.491648	-0.020197	3.113706
112.499433	2809.471707	12.496653	-0.020207	3.112138
112.578510	2806.444423	12.501658	-0.020221	3.110537
112.266247	2803.470501	12.506663	-0.020164	3.108907
112.330672	2800.489542	12.511667	-0.020176	3.107327
112.329080	2797.491750	12.516672	-0.020175	3.105727
112.402145	2794.419662	12.521677	-0.020188	3.104097
112.375613	2791.503644	12.526682	-0.020183	3.102536
112.467422	2788.479225	12.531687	-0.020199	3.100933
112.377761	2785.479450	12.536691	-0.020183	3.099316
112.229093	2782.509000	12.541696	-0.020156	3.097706
112.243947	2779.495615	12.546701	-0.020158	3.096095
112.191869	2776.461806	12.551706	-0.020148	3.094463
112.192299	2773.454339	12.556711	-0.020148	3.092852
112.061234	2770.505238	12.561715	-0.020124	3.091252
112.179515	2767.469939	12.566720	-0.020145	3.089641
112.123714	2764.445271	12.571725	-0.020135	3.088010
112.065936	2761.505890	12.576730	-0.020124	3.086423
112.058294	2758.459645	12.581735	-0.020122	3.084786
112.048428	2755.449890	12.586739	-0.020120	3.083167
112.063902	2752.536958	12.591744	-0.020123	3.081602
112.070905	2749.487417	12.596749	-0.020124	3.079963
112.143741	2746.414553	12.601754	-0.020137	3.078319
112.104927	2743.515226	12.606759	-0.020129	3.076752
111.968705	2740.483571	12.611763	-0.020104	3.075098
111.972408	2737.489424	12.616768	-0.020105	3.073485
111.980029	2734.518343	12.621773	-0.020106	3.071883
112.049689	2731.468795	12.626778	-0.020118	3.070247
111.993829	2728.454630	12.631783	-0.020108	3.068612
112.120749	2725.472919	12.636787	-0.020130	3.067019
111.976555	2722.486717	12.641792	-0.020104	3.065384
111.944789	2719.495588	12.646797	-0.020098	3.063761
111.865057	2716.533618	12.651802	-0.020083	3.062146
111.714113	2713.581230	12.656807	-0.020056	3.060526
111.799564	2710.474012	12.661811	-0.020071	3.058855
111.824492	2707.518664	12.666816	-0.020075	3.057257
111.895654	2704.433603	12.671821	-0.020088	3.055594
111.812494	2701.440879	12.676826	-0.020072	3.053958
111.909932	2698.499657	12.681831	-0.020090	3.052376
111.895783	2695.499213	12.686835	-0.020087	3.050744
111.822731	2692.467170	12.691840	-0.020073	3.049085
111.882265	2689.496220	12.696845	-0.020084	3.047479
111.825349	2686.475645	12.701850	-0.020073	3.045827
111.857921	2683.468812	12.706855	-0.020079	3.044195
111.681700	2680.539932	12.711859	-0.020046	3.042573
111.734396	2677.532491	12.716864	-0.020056	3.040942
111.655514	2674.511343	12.721869	-0.020041	3.039283
111.773464	2671.505757	12.726874	-0.020062	3.037662
111.661320	2668.486200	12.731879	-0.020042	3.035997
111.677014	2665.467405	12.736883	-0.020044	3.034350
111.757864	2662.484266	12.741888	-0.020058	3.032733
111.611790	2659.522436	12.746893	-0.020032	3.031091
111.554641	2656.496077	12.751898	-0.020021	3.029427
111.745266	2653.507982	12.756903	-0.020055	3.027821
111.586913	2650.527083	12.761907	-0.020026	3.026164
111.609624	2647.481935	12.766912	-0.020030	3.024499
111.725025	2644.497698	12.771917	-0.020051	3.022881
111.717647	2641.550642	12.776922	-0.020049	3.021264
111.639000	2638.504280	12.781927	-0.020035	3.019580
111.816208	2635.507165	12.786931	-0.020066	3.017961
111.676759	2632.520174	12.791936	-0.020041	3.016299
111.532705	2629.524791	12.796941	-0.020014	3.014631
111.629840	2626.524547	12.801946	-0.020032	3.012995
111.603641	2623.520325	12.806951	-0.020027	3.011338
111.506168	2620.499512	12.811955	-0.020009	3.009660
111.550356	2617.531842	12.816960	-0.020016	3.008032
111.444483	2614.535977	12.821965	-0.019997	3.006364
111.465002	2611.529994	12.826970	-0.020000	3.004710
111.426650	2608.552157	12.831975	-0.019993	3.003061
111.390392	2605.571995	12.836979	-0.019986	3.001410
111.304891	2602.534253	12.841984	-0.019971	2.999719
111.321009	2599.545731	12.846989	-0.019973	2.998069
111.305210	2596.552466	12.851994	-0.019970	2.996411
111.286924	2593.511351	12.856999	-0.019966	2.994726
111.281527	2590.526440	12.862003	-0.019965	2.993072
111.421212	2587.520914	12.867008	-0.019990	2.991429
111.277847	2584.510602	12.872013	-0.019964	2.989738
111.367797	2581.549759	12.877018	-0.019980	2.988110
111.463737	2578.523021	12.882023	-0.019997	2.986446
111.246777	2575.525361	12.887027	-0.019957	2.984748
111.351238	2572.587277	12.892032	-0.019976	2.983132
111.261196	2569.579081	12.897037	-0.019959	2.981446
111.193439	2566.551821	12.902042	-0.019947	2.979752
111.187394	2563.579798	12.907047	-0.019945	2.978097
111.143155	2560.523079	12.912051	-0.019937	2.976389
111.111547	2557.568265	12.917056	-0.019931	2.974738
111.155939	2554.552482	12.922061	-0.019939	2.973064
111.132819	2551.544331	12.927066	-0.019934	2.971383
111.138994	2548.531956	12.932071	-0.019935	2.969703
111.090248	2545.544990	12.937075	-0.019926	2.968027
111.093262	2542.567631	12.942080	-0.019926	2.966365
110.919194	2539.567657	12.947085	-0.019895	2.964661
110.909054	2536.595689	12.952090	-0.019892	2.962997
111.146786	2533.570668	12.957095	-0.019935	2.961341
110.955105	2530.501104	12.962099	-0.019900	2.959593
111.062649	2527.579892	12.967104	-0.019919	2.957973
111.077257	2524.503028	12.972109	-0.019922	2.956251
111.124107	2521.497959	12.977114	-0.019930	2.954573
111.006823	2518.602227	12.982119	-0.019908	2.952929
110.893902	2515.584632	12.987123	-0.019888	2.951217
110.937075	2512.549581	12.992128	-0.019895	2.949519
111.041696	2509.587342	12.997133	-0.019914	2.947870
110.806370	2506.585418	13.002138	-0.019871	2.946144
110.874628	2503.574601	13.007143	-0.019883	2.944461
110.963958	2500.612235	13.012147	-0.019899	2.942807
110.878061	2497.600908	13.017152	-0.019883	2.941096
110.881624	2494.561847	13.022157	-0.019883	2.939384
110.916044	2491.583959	13.027162	-0.019889	2.937709
110.790076	2488.586948	13.032167	-0.019866	2.935998
110.867369	2485.551262	13.037171	-0.019880	2.934296
110.732973	2482.623690	13.042176	-0.019855	2.932620
110.701043	2479.607231	13.047181	-0.019849	2.930910
110.771698	2476.524004	13.052186	-0.019862	2.929177
110.781413	2473.617399	13.057191	-0.019863	2.927533
110.681653	2470.582827	13.062195	-0.019845	2.925798
110.623939	2467.635750	13.067200	-0.019834	2.924119
110.581627	2464.656329	13.072205	-0.019826	2.922423
110.652416	2461.616576	13.077210	-0.019839	2.920709
110.505915	2458.628735	13.082215	-0.019812	2.918990
110.664173	2455.605816	13.087219	-0.019840	2.917298
110.585427	2452.569512	13.092224	-0.019826	2.915560
110.537836	2449.637679	13.097229	-0.019817	2.913885
110.423116	2446.627730	13.102234	-0.019796	2.912154
110.680738	2443.567292	13.107239	-0.019842	2.910452
110.634687	2440.589788	13.112243	-0.019833	2.908749
110.629549	2437.627692	13.117248	-0.019832	2.907059
110.491905	2434.618784	13.122253	-0.019807	2.905321
110.644757	2431.626004	13.127258	-0.019834	2.903638
110.480904	2428.629746	13.132263	-0.019804	2.901900
110.493261	2425.616719	13.137267	-0.019806	2.900181
110.465311	2422.619588	13.142272	-0.019801	2.898463
110.504774	2419.610654	13.147277	-0.019808	2.896748
110.563739	2416.543448	13.152282	-0.019818	2.895002
110.386998	2413.659144	13.157287	-0.019786	2.893321
110.454788	2410.612115	13.162291	-0.019798	2.891586
110.471128	2407.596141	13.167296	-0.019800	2.889859
110.347669	2404.643822	13.172301	-0.019778	2.888145
110.283088	2401.650538	13.177306	-0.019766	2.886416
110.241059	2398.613020	13.182311	-0.019758	2.884664
110.506981	2395.626440	13.187315	-0.019806	2.882991
110.428387	2392.624054	13.192320	-0.019791	2.881251
110.459290	2389.593563	13.197325	-0.019797	2.879512
110.282999	2386.671863	13.202330	-0.019764	2.877801
110.238040	2383.653509	13.207335	-0.019756	2.876055
110.289131	2380.613549	13.212339	-0.019765	2.874311
110.227048	2377.701668	13.217344	-0.019753	2.872621
109.952028	2374.686493	13.222349	-0.019703	2.870835
110.147601	2371.667221	13.227354	-0.019738	2.869123
110.088199	2368.681586	13.232359	-0.019727	2.867388
110.298218	2365.608832	13.237363	-0.019765	2.865646
110.113653	2362.717420	13.242368	-0.019731	2.863942
110.062003	2359.704835	13.247373	-0.019722	2.862190
110.138257	2356.639430	13.252378	-0.019735	2.860426
110.204929	2353.686837	13.257383	-0.019747	2.858726
109.959063	2350.681755	13.262387	-0.019702	2.856942
110.035171	2347.666060	13.267392	-0.019716	2.855205
109.965510	2344.683458	13.272397	-0.019703	2.853461
109.888272	2341.711841	13.277402	-0.019689	2.851721
109.976063	2338.665536	13.282407	-0.019704	2.849965
109.828492	2335.728906	13.287411	-0.019677	2.848232
109.847281	2332.686656	13.292416	-0.019680	2.846464
109.888991	2329.690653	13.297421	-0.019688	2.844725
109.803729	2326.720895	13.302426	-0.019672	2.842980
109.906248	2323.681230	13.307431	-0.019690	2.841224
109.835589	2320.683196	13.312435	-0.019677	2.839463
110.064049	2317.643357	13.317440	-0.019718	2.837726
109.987222	2314.659881	13.322445	-0.019704	2.835970
109.934825	2311.684646	13.327450	-0.019694	2.834221
109.718305	2308.727744	13.332455	-0.019655	2.832455
109.748244	2305.708195	13.337459	-0.019660	2.830692
109.722357	2302.713401	13.342464	-0.019655	2.828934
109.815264	2299.722185	13.347469	-0.019671	2.827196
109.901282	2296.656520	13.352474	-0.019686	2.825412
110.033897	2293.718233	13.357479	-0.019710	2.823710
109.787099	2290.743031	13.362483	-0.019665	2.821922
109.715602	2287.748830	13.367488	-0.019652	2.820150
109.715391	2284.726567	13.372493	-0.019652	2.818373
109.597246	2281.741051	13.377498	-0.019630	2.816597
109.655374	2278.702711	13.382503	-0.019640	2.814818
109.664974	2275.755413	13.387507	-0.019642	2.813083
109.580163	2272.687682	13.392512	-0.019626	2.811261
109.777752	2269.715598	13.397517	-0.019661	2.809541
109.663616	2266.727868	13.402522	-0.019641	2.807758
109.744487	2263.672375	13.407527	-0.019655	2.805968
109.664971	2260.752515	13.412531	-0.019640	2.804229
109.609149	2257.772267	13.417536	-0.019630	2.802457
109.734863	2254.687452	13.422541	-0.019652	2.800653
109.662938	2251.768900	13.427546	-0.019639	2.798913
109.667243	2248.702262	13.432551	-0.019639	2.797097
109.817087	2245.704229	13.437555	-0.019666	2.795345
109.502032	2242.798037	13.442560	-0.019609	2.793567
109.611185	2239.743391	13.447565	-0.019628	2.791773
109.602142	2236.748324	13.452570	-0.019626	2.789992
109.558148	2233.771007	13.457575	-0.019618	2.788215
109.533926	2230.753175	13.462579	-0.019613	2.786416
109.607176	2227.788423	13.467584	-0.019626	2.784665
109.474251	2224.819385	13.472589	-0.019602	2.782874
109.670188	2221.772209	13.477594	-0.019637	2.781092
109.522407	2218.766838	13.482599	-0.019610	2.779275
109.559286	2215.771447	13.487603	-0.019617	2.777494
109.472292	2212.753047	13.492608	-0.019601	2.775677
109.545032	2209.797149	13.497613	-0.019613	2.773923
109.419647	2206.794279	13.502618	-0.019590	2.772107
109.411984	2203.777703	13.507623	-0.019589	2.770301
109.428543	2200.798336	13.512627	-0.019591	2.768521
109.510274	2197.765058	13.517632	-0.019606	2.766718
109.385200	2194.790873	13.522637	-0.019583	2.764914
109.508346	2191.825518	13.527642	-0.019605	2.763157
109.296479	2188.789310	13.532647	-0.019566	2.761298
109.426327	2185.809206	13.537651	-0.019590	2.759531
109.288603	2182.826297	13.542656	-0.019564	2.757714
109.313915	2179.788886	13.547661	-0.019569	2.755892
109.243336	2176.863183	13.552666	-0.019556	2.754120
109.339814	2173.784756	13.557671	-0.019573	2.752283
109.199521	2170.812661	13.562675	-0.019547	2.750468
109.108008	2167.904029	13.567680	-0.019530	2.748698
109.251551	2164.775019	13.572685	-0.019556	2.746836
109.182652	2161.863204	13.577690	-0.019543	2.745066
109.156100	2158.863512	13.582695	-0.019538	2.743249
109.098679	2155.854633	13.587699	-0.019527	2.741420
109.147862	2152.840073	13.592704	-0.019536	2.739605
109.112441	2149.829356	13.597709	-0.019529	2.737777
109.049176	2146.819985	13.602714	-0.019518	2.735943
108.971900	2143.899114	13.607719	-0.019503	2.734159
109.006157	2140.810895	13.612723	-0.019509	2.732292
108.964349	2137.864124	13.617728	-0.019501	2.730496
108.860196	2134.857253	13.622733	-0.019482	2.728652
109.080327	2131.794129	13.627738	-0.019522	2.726829
109.107269	2128.818404	13.632743	-0.019526	2.725024
108.842314	2125.909546	13.637747	-0.019478	2.723207
108.904495	2122.835783	13.642752	-0.019489	2.721347
109.069307	2119.824373	13.647757	-0.019518	2.719541
109.005217	2116.831382	13.652762	-0.019507	2.717705
108.960795	2113.848009	13.657767	-0.019498	2.715876
108.792710	2110.924152	13.662771	-0.019468	2.714061
108.889105	2107.878760	13.667776	-0.019485	2.712218
108.840219	2104.871623	13.672781	-0.019476	2.710370
108.805425	2101.904274	13.677786	-0.019469	2.708549
108.907939	2098.832617	13.682791	-0.019487	2.706686
108.876538	2095.926402	13.687795	-0.019481	2.704900
108.735349	2092.950811	13.692800	-0.019455	2.703051
108.796060	2089.903618	13.697805	-0.019466	2.701192
108.695957	2086.922740	13.702810	-0.019448	2.699344
108.720920	2083.894710	13.707815	-0.019452	2.697489
108.669848	2080.901629	13.712819	-0.019442	2.695640
108.640903	2077.953366	13.717824	-0.019437	2.693821
108.500251	2074.927713	13.722829	-0.019411	2.691933
108.546588	2071.951897	13.727834	-0.019419	2.690108
108.602286	2068.887754	13.732839	-0.019429	2.688229
108.580655	2065.883773	13.737843	-0.019425	2.686372
108.568578	2062.953403	13.742848	-0.019422	2.684561
108.542572	2059.940672	13.747853	-0.019417	2.682695
108.391694	2056.963080	13.752858	-0.019390	2.680828
108.529335	2053.941447	13.757863	-0.019414	2.678983
108.457893	2050.914538	13.762867	-0.019401	2.677097
108.496409	2047.937669	13.767872	-0.019408	2.675260
108.401208	2044.937587	13.772877	-0.019390	2.673383
108.468313	2041.909657	13.777882	-0.019402	2.671517
108.369990	2038.959999	13.782887	-0.019384	2.669668
108.583519	2035.902822	13.787891	-0.019422	2.667808
108.489205	2032.908934	13.792896	-0.019405	2.665930
108.508775	2029.968046	13.797901	-0.019408	2.664104
108.552152	2026.915878	13.802906	-0.019416	2.662212
108.400722	2023.963676	13.807911	-0.019388	2.660345
108.389824	2020.938759	13.812915	-0.019386	2.658458
108.358688	2017.943457	13.817920	-0.019380	2.656584
108.360127	2014.957200	13.822925	-0.019380	2.654720
108.371165	2011.965969	13.827930	-0.019382	2.652853
108.211030	2008.970031	13.832935	-0.019352	2.650951
108.306668	2005.981856	13.837939	-0.019369	2.649099
108.247840	2002.967168	13.842944	-0.019358	2.647201
108.220741	1999.994891	13.847949	-0.019353	2.645334
108.277705	1996.979051	13.852954	-0.019363	2.643454
108.183375	1993.978072	13.857959	-0.019346	2.641554
108.142964	1991.000680	13.862963	-0.019338	2.639678
108.251796	1987.968009	13.867968	-0.019358	2.637793
108.184608	1984.964798	13.872973	-0.019345	2.635892
108.149177	1982.045438	13.877978	-0.019338	2.634049
108.158708	1978.972596	13.882983	-0.019340	2.632116
108.123287	1976.033911	13.887987	-0.019333	2.630258
107.870898	1973.066330	13.892992	-0.019287	2.628340
108.028557	1969.995745	13.897997	-0.019315	2.626432
107.920383	1967.085685	13.903002	-0.019296	2.624574
107.896205	1964.059552	13.908007	-0.019291	2.622658
107.954129	1961.012853	13.913011	-0.019301	2.620742
108.027043	1958.030509	13.918016	-0.019314	2.618869
108.015691	1954.967995	13.923021	-0.019312	2.616927
107.997676	1952.065603	13.928026	-0.019308	2.615085
107.990130	1949.015258	13.933031	-0.019306	2.613149
107.962810	1946.025649	13.938035	-0.019301	2.611246
107.965855	1943.055283	13.943040	-0.019301	2.609361
107.953250	1940.042835	13.948045	-0.019299	2.607444
107.851758	1937.087156	13.953050	-0.019280	2.605545
107.877351	1934.098461	13.958055	-0.019285	2.603647
107.884695	1931.027185	13.963059	-0.019286	2.601692
107.878855	1928.093341	13.968064	-0.019284	2.599821
107.742731	1925.081360	13.973069	-0.019259	2.597874
107.809075	1922.081289	13.978074	-0.019271	2.595972
107.783472	1919.098952	13.983079	-0.019266	2.594062
107.856252	1916.059592	13.988083	-0.019279	2.592132
107.776064	1913.103254	13.993088	-0.019264	2.590226
107.908218	1910.070210	13.998093	-0.019288	2.588309
107.703387	1907.067148	14.003098	-0.019250	2.586346
107.582516	1904.066316	14.008103	-0.019228	2.584399
107.540194	1901.021583	14.013107	-0.019220	2.582437
107.576705	1898.060953	14.018112	-0.019227	2.580543
107.621573	1895.022538	14.023117	-0.019234	2.578598
107.671327	1892.013329	14.028122	-0.019243	2.576673
107.661657	1889.073980	14.033127	-0.019241	2.574779
107.624012	1886.084799	14.038131	-0.019234	2.572847
107.645264	1883.072107	14.043136	-0.019237	2.570909
107.650577	1880.098841	14.048141	-0.019238	2.568992
107.409371	1877.115189	14.053146	-0.019194	2.567019
107.540867	1874.174290	14.058151	-0.019218	2.565145
107.510278	1871.133923	14.063155	-0.019212	2.563173
107.542691	1868.120530	14.068160	-0.019217	2.561230
107.399918	1865.141666	14.073165	-0.019191	2.559273
107.383898	1862.130204	14.078170	-0.019188	2.557319
107.488816	1859.155216	14.083175	-0.019207	2.555410
107.532569	1856.148974	14.088179	-0.019214	2.553467
107.370092	1853.141238	14.093184	-0.019185	2.551482
107.455610	1850.190985	14.098189	-0.019200	2.549581
107.391467	1847.140082	14.103194	-0.019188	2.547584
107.357964	1844.226023	14.108199	-0.019182	2.545681
107.438884	1841.197547	14.113203	-0.019196	2.543724
107.426067	1838.177143	14.118208	-0.019193	2.541752
107.461637	1835.179049	14.123213	-0.019200	2.539803
107.516238	1832.151977	14.128218	-0.019209	2.537837
107.380560	1829.210449	14.133223	-0.019184	2.535888
107.408711	1826.218843	14.138227	-0.019189	2.533937
107.100487	1823.224413	14.143232	-0.019133	2.531917
107.352975	1820.218893	14.148237	-0.019178	2.529998
107.173055	1817.223010	14.153242	-0.019146	2.527999
107.161604	1814.267315	14.158247	-0.019143	2.526057
107.316622	1811.231184	14.163251	-0.019171	2.524095
107.316538	1808.199458	14.168256	-0.019171	2.522103
107.291763	1805.237571	14.173261	-0.019166	2.520150
107.327107	1802.217265	14.178266	-0.019172	2.518169
107.251298	1799.222734	14.183271	-0.019158	2.516182
107.349976	1796.228161	14.188275	-0.019175	2.514228
107.305817	1793.213720	14.193280	-0.019167	2.512231
107.277935	1790.286626	14.198285	-0.019162	2.510293
107.207277	1787.270732	14.203290	-0.019149	2.508287
107.384643	1784.268864	14.208295	-0.019181	2.506337
107.247424	1781.303951	14.213299	-0.019155	2.504348
107.084995	1778.321934	14.218304	-0.019126	2.502341
107.014259	1775.328209	14.223309	-0.019113	2.500343
107.034436	1772.302959	14.228314	-0.019116	2.498340
107.037700	1769.299084	14.233319	-0.019116	2.496347
107.038667	1766.325779	14.238323	-0.019116	2.494371
106.992428	1763.289016	14.243328	-0.019108	2.492343
106.983919	1760.347024	14.248333	-0.019106	2.490384
107.132030	1757.262909	14.253338	-0.019132	2.488359
106.993304	1754.345203	14.258343	-0.019107	2.486387
106.886463	1751.370659	14.263347	-0.019087	2.484381
106.825060	1748.376907	14.268352	-0.019076	2.482371
106.732346	1745.383607	14.273357	-0.019059	2.480352
106.764610	1742.356464	14.278362	-0.019064	2.478334
106.884378	1739.315615	14.283367	-0.019086	2.476324
106.761523	1736.399144	14.288371	-0.019063	2.474346
106.640681	1733.365485	14.293376	-0.019041	2.472288
106.868010	1730.362024	14.298381	-0.019082	2.470319
106.717796	1727.351550	14.303386	-0.019054	2.468267
106.776743	1724.436699	14.308391	-0.019065	2.466321
106.727602	1721.412708	14.313395	-0.019056	2.464277
106.886488	1718.374229	14.318400	-0.019084	2.462265
106.618140	1715.420635	14.323405	-0.019035	2.460221
106.689436	1712.393897	14.328410	-0.019048	2.458195
106.615699	1709.423705	14.333415	-0.019034	2.456176
106.675607	1706.419444	14.338419	-0.019045	2.454159
106.589952	1703.408379	14.343424	-0.019029	2.452107
106.593564	1700.451494	14.348429	-0.019029	2.450108
106.559178	1697.393969	14.353434	-0.019023	2.448031
106.697332	1694.457413	14.358439	-0.019047	2.446070
106.601367	1691.445941	14.363443	-0.019030	2.444008
106.568450	1688.448046	14.368448	-0.019023	2.441967
106.596120	1685.460709	14.373453	-0.019028	2.439944
106.601797	1682.417547	14.378458	-0.019029	2.437877
106.669778	1679.464243	14.383463	-0.019041	2.435881
106.492628	1676.503202	14.388467	-0.019009	2.433829
106.303434	1673.526181	14.393472	-0.018974	2.431761
106.369691	1670.537071	14.398477	-0.018986	2.429736
106.523427	1667.429656	14.403482	-0.019013	2.427647
106.351638	1664.590313	14.408487	-0.018982	2.425671
106.402869	1661.498858	14.413491	-0.018991	2.423568
106.455817	1658.484783	14.418496	-0.019000	2.421516
106.272947	1655.531776	14.423501	-0.018967	2.419456
106.281609	1652.528305	14.428506	-0.018968	2.417399
106.219698	1649.537953	14.433511	-0.018957	2.415334
106.340932	1646.507592	14.438515	-0.018978	2.413279
106.231202	1643.534900	14.443520	-0.018958	2.411213
106.335030	1640.509033	14.448525	-0.018977	2.409153
106.258280	1637.533037	14.453530	-0.018962	2.407088
106.295099	1634.549688	14.458535	-0.018969	2.405040
106.289971	1631.537532	14.463539	-0.018967	2.402962
106.174416	1628.582013	14.468544	-0.018946	2.400898
106.192007	1625.547350	14.473549	-0.018949	2.398805
106.286605	1622.575550	14.478554	-0.018966	2.396770
106.025691	1619.597512	14.483559	-0.018919	2.394654
106.086188	1616.617338	14.488563	-0.018929	2.392603
106.104783	1613.598694	14.493568	-0.018932	2.390514
106.073792	1610.595580	14.498573	-0.018926	2.388424
105.827732	1607.715440	14.503578	-0.018882	2.386372
105.982647	1604.638967	14.508583	-0.018909	2.384267
106.086112	1601.626186	14.513587	-0.018928	2.382193
106.120817	1598.602276	14.518592	-0.018934	2.380095
105.987278	1595.605400	14.523597	-0.018909	2.377978
106.035648	1592.669000	14.528602	-0.018918	2.375940
105.963022	1589.618578	14.533607	-0.018904	2.373795
106.133596	1586.622869	14.538611	-0.018935	2.371739
105.998455	1583.643893	14.543616	-0.018910	2.369626
105.999655	1580.664423	14.548621	-0.018910	2.367541
105.882667	1577.714221	14.553626	-0.018888	2.365449
106.021685	1574.637237	14.558631	-0.018913	2.363322
106.002073	1571.658516	14.563635	-0.018909	2.361227
105.998639	1568.688367	14.568640	-0.018909	2.359140
105.755792	1565.748584	14.573645	-0.018864	2.357021
106.049730	1562.680957	14.578650	-0.018917	2.354926
106.022205	1559.668534	14.583655	-0.018912	2.352798
105.868718	1556.756625	14.588659	-0.018884	2.350712
105.844133	1553.720863	14.593664	-0.018879	2.348565
105.932313	1550.765038	14.598669	-0.018895	2.346496
105.858839	1547.739607	14.603674	-0.018881	2.344342
105.881988	1544.752345	14.608679	-0.018885	2.342233
105.823647	1541.732446	14.613683	-0.018874	2.340082
105.914008	1538.745558	14.618688	-0.018890	2.337985
105.651547	1535.814436	14.623693	-0.018843	2.335848
105.824125	1532.748271	14.628698	-0.018873	2.333709
105.743442	1529.796392	14.633703	-0.018859	2.331593
105.652095	1526.794580	14.638707	-0.018842	2.329438
105.540202	1523.857355	14.643712	-0.018821	2.327322
105.671351	1520.808998	14.648717	-0.018845	2.325178
105.647287	1517.798758	14.653722	-0.018840	2.323025
105.680724	1514.830847	14.658727	-0.018846	2.320914
105.497834	1511.822287	14.663731	-0.018812	2.318723
105.579084	1508.864311	14.668736	-0.018827	2.316625
105.457159	1505.852019	14.673741	-0.018804	2.314441
105.552307	1502.845740	14.678746	-0.018821	2.312308
105.550404	1499.848004	14.683751	-0.018821	2.310157
105.600330	1496.846834	14.688755	-0.018829	2.308014
105.511484	1493.905837	14.693760	-0.018813	2.305880
105.552921	1490.873988	14.698765	-0.018820	2.303709
105.526231	1487.880551	14.703770	-0.018815	2.301547
105.487336	1484.895657	14.708775	-0.018808	2.299388
105.405262	1481.919364	14.713779	-0.018793	2.297222
105.474654	1478.893448	14.718784	-0.018805	2.295053
105.333549	1475.940231	14.723789	-0.018779	2.292887
105.434522	1472.916680	14.728794	-0.018797	2.290722
105.404673	1469.923074	14.733799	-0.018791	2.288548
105.457681	1466.967379	14.738803	-0.018801	2.286418
105.302563	1463.952407	14.743808	-0.018772	2.284196
105.398685	1460.968965	14.748813	-0.018789	2.282051
105.310363	1457.947335	14.753818	-0.018773	2.279835
105.237113	1455.019231	14.758823	-0.018760	2.277688
105.126652	1452.022540	14.763827	-0.018739	2.275481
105.208970	1449.004764	14.768832	-0.018754	2.273300
105.254793	1445.990046	14.773837	-0.018762	2.271110
105.293193	1442.971969	14.778842	-0.018769	2.268915
105.204104	1440.032009	14.783847	-0.018752	2.266745
105.280055	1436.992914	14.788851	-0.018766	2.264539
105.095651	1434.045908	14.793856	-0.018732	2.262338
105.156676	1431.019228	14.798861	-0.018743	2.260133
105.189610	1428.002711	14.803866	-0.018748	2.257926
105.135163	1425.054729	14.808871	-0.018738	2.255748
105.105598	1422.031648	14.813875	-0.018733	2.253519
105.035605	1419.080317	14.818880	-0.018720	2.251330
105.036305	1416.045730	14.823885	-0.018719	2.249095
105.043496	1413.111783	14.828890	-0.018720	2.246933
105.056136	1410.057852	14.833895	-0.018722	2.244681
104.940077	1407.125591	14.838899	-0.018701	2.242487
104.928424	1404.099402	14.843904	-0.018699	2.240246
104.960901	1401.121501	14.848909	-0.018704	2.238049
104.889044	1398.130598	14.853914	-0.018691	2.235816
104.988664	1395.113246	14.858919	-0.018709	2.233600
104.878918	1392.145621	14.863923	-0.018689	2.231371
105.015978	1389.096911	14.868928	-0.018713	2.229136
104.854558	1386.208876	14.873933	-0.018684	2.226950
104.902537	1383.171695	14.878938	-0.018692	2.224699
104.756262	1380.220162	14.883943	-0.018665	2.222464
104.865077	1377.166109	14.888947	-0.018685	2.220210
104.850439	1374.186022	14.893952	-0.018682	2.217980
104.921735	1371.158730	14.898957	-0.018694	2.215732
104.698083	1368.227668	14.903962	-0.018654	2.213486
104.556245	1365.296814	14.908967	-0.018628	2.211256
104.663349	1362.207964	14.913971	-0.018647	2.208964
104.752456	1359.260662	14.918976	-0.018662	2.206772
104.709249	1356.218973	14.923981	-0.018654	2.204475
104.716213	1353.279234	14.928986	-0.018655	2.202265
104.600109	1350.258534	14.933991	-0.018634	2.199962
104.639570	1347.281332	14.938995	-0.018641	2.197727
104.604768	1344.288842	14.944000	-0.018634	2.195460
104.606845	1341.310209	14.949005	-0.018634	2.193210
104.635418	1338.282801	14.954010	-0.018639	2.190927
104.659286	1335.315854	14.959015	-0.018643	2.188686
104.582992	1332.331244	14.964019	-0.018629	2.186406
104.506429	1329.373105	14.969024	-0.018615	2.184144
104.352111	1326.377949	14.974029	-0.018587	2.181832
104.313608	1323.363663	14.979034	-0.018580	2.179531
104.199409	1320.438036	14.984039	-0.018559	2.177277
104.452393	1317.324467	14.989043	-0.018604	2.174966
104.321169	1314.411628	14.994048	-0.018580	2.172713
104.277752	1311.400319	14.999053	-0.018572	2.170403
104.279986	1308.402799	15.004058	-0.018572	2.168113
104.424661	1305.392030	15.009063	-0.018598	2.165844
104.238889	1302.411407	15.014067	-0.018564	2.163516
104.385408	1299.395745	15.019072	-0.018590	2.161239
104.260172	1296.420879	15.024077	-0.018567	2.158926
104.191720	1293.464499	15.029082	-0.018555	2.156638
104.267647	1290.447806	15.034087	-0.018568	2.154336
104.260379	1287.451768	15.039091	-0.018566	2.152027
104.359869	1284.409752	15.044096	-0.018584	2.149706
104.183276	1281.569114	15.049101	-0.018552	2.147471
104.129114	1278.504509	15.054106	-0.018542	2.145091
104.251252	1275.517307	15.059111	-0.018564	2.142811
104.139425	1272.511631	15.064115	-0.018543	2.140456
104.067287	1269.573708	15.069120	-0.018530	2.138162
104.134501	1266.530478	15.074125	-0.018542	2.135817
104.015901	1263.577886	15.079130	-0.018520	2.133495
104.119101	1260.539527	15.084135	-0.018538	2.131158
103.958131	1257.624695	15.089139	-0.018509	2.128849
103.969104	1254.599562	15.094144	-0.018510	2.126495
103.971597	1251.612448	15.099149	-0.018511	2.124165
103.886877	1248.621592	15.104154	-0.018495	2.121809
104.079245	1245.575496	15.109159	-0.018529	2.119475
103.897674	1242.657600	15.114163	-0.018496	2.117146
103.912377	1239.621828	15.119168	-0.018499	2.114771
103.916597	1236.663973	15.124173	-0.018499	2.112452
103.862032	1233.652259	15.129178	-0.018489	2.110073
103.908530	1230.692368	15.134183	-0.018497	2.107758
103.941374	1227.667075	15.139187	-0.018503	2.105385
103.663456	1224.729082	15.144192	-0.018452	2.103000
103.763536	1221.708509	15.149197	-0.018470	2.100643
103.736001	1218.717069	15.154202	-0.018465	2.098273
103.722470	1215.723005	15.159207	-0.018462	2.095903
103.663694	1212.753174	15.164211	-0.018451	2.093537
103.683074	1209.731636	15.169216	-0.018454	2.091148
103.534949	1206.797323	15.174221	-0.018427	2.088783
103.652455	1203.772153	15.179226	-0.018448	2.086410
103.721934	1200.734985	15.184231	-0.018460	2.084013
103.687644	1197.773003	15.189235	-0.018454	2.081646
103.553530	1194.804975	15.194240	-0.018429	2.079247
103.759852	1191.759743	15.199245	-0.018466	2.076869
103.501766	1188.837817	15.204250	-0.018419	2.074470
103.534506	1185.846736	15.209255	-0.018425	2.072086
103.393696	1182.884013	15.214259	-0.018399	2.069678
103.481790	1179.895079	15.219264	-0.018415	2.067305
103.360497	1176.901046	15.224269	-0.018393	2.064872
103.413671	1173.909114	15.229274	-0.018402	2.062481
103.324206	1170.893251	15.234279	-0.018386	2.060033
103.491292	1167.895684	15.239283	-0.018415	2.057661
103.521037	1164.860044	15.244288	-0.018421	2.055222
103.571310	1161.907462	15.249293	-0.018429	2.052851
103.459582	1158.908103	15.254298	-0.018409	2.050399
103.388788	1155.995380	15.259303	-0.018396	2.048024
103.448024	1152.926779	15.264307	-0.018406	2.045553
103.393783	1150.000153	15.269312	-0.018396	2.043166
103.235005	1147.003658	15.274317	-0.018367	2.040691
103.371331	1144.022345	15.279322	-0.018391	2.038303
103.414494	1140.980620	15.284327	-0.018399	2.035839
103.402421	1138.014542	15.289331	-0.018396	2.033418
103.500713	1134.979305	15.294336	-0.018414	2.030968
103.300505	1132.103106	15.299341	-0.018377	2.028566
103.285098	1129.080619	15.304346	-0.018374	2.026090
103.413836	1126.063816	15.309351	-0.018397	2.023654
103.196266	1123.086402	15.314355	-0.018358	2.021156
103.090845	1120.177120	15.319360	-0.018338	2.018740
103.070090	1117.132315	15.324365	-0.018334	2.016232
103.045352	1114.176761	15.329370	-0.018329	2.013794
102.948362	1111.177646	15.334375	-0.018312	2.011297
103.038611	1108.184833	15.339379	-0.018328	2.008853
102.992026	1105.178372	15.344384	-0.018319	2.006357
103.125871	1102.165101	15.349389	-0.018343	2.003901
102.919424	1099.196913	15.354394	-0.018305	2.001389
102.996321	1096.225217	15.359399	-0.018319	1.998946
102.976274	1093.197931	15.364403	-0.018315	1.996428
103.089901	1090.213125	15.369408	-0.018335	1.993978
103.088838	1087.196859	15.374413	-0.018335	1.991468
103.145197	1084.247636	15.379418	-0.018345	1.989026
102.951120	1081.291018	15.384423	-0.018309	1.986508
103.054215	1078.288722	15.389427	-0.018328	1.984028
102.953430	1075.294886	15.394432	-0.018309	1.981498
102.800849	1072.379495	15.399437	-0.018281	1.979016
102.926994	1069.295580	15.404442	-0.018304	1.976464
102.917599	1066.345688	15.409447	-0.018302	1.973986
102.858101	1063.346544	15.414451	-0.018291	1.971449
102.830013	1060.412387	15.419456	-0.018285	1.968972
102.864504	1057.385366	15.424461	-0.018291	1.966431
102.656184	1054.482609	15.429466	-0.018253	1.963925
102.625045	1051.448606	15.434471	-0.018247	1.961354
102.780341	1048.452337	15.439475	-0.018275	1.958861
102.617906	1045.455518	15.444480	-0.018245	1.956279
102.622062	1042.504439	15.449485	-0.018246	1.953777
102.799650	1039.431698	15.454490	-0.018278	1.951216
102.547391	1036.544724	15.459495	-0.018232	1.948692
102.452289	1033.533347	15.464499	-0.018214	1.946102
102.639948	1030.483642	15.469504	-0.018248	1.943554
102.585737	1027.493626	15.474509	-0.018238	1.940987
102.658960	1024.529680	15.479514	-0.018251	1.938473
102.610148	1021.509893	15.484519	-0.018242	1.935875
102.765241	1018.514545	15.489523	-0.018269	1.933351
102.558241	1015.559614	15.494528	-0.018232	1.930758
102.669321	1012.581695	15.499533	-0.018251	1.928229
102.677772	1009.580351	15.504538	-0.018253	1.925649
102.559180	1006.611710	15.509543	-0.018231	1.923058
102.605358	1003.615465	15.514547	-0.018239	1.920486
102.489600	1000.690659	15.519552	-0.018218	1.917927
102.262400	997.726474	15.524557	-0.018176	1.915299
102.521634	994.682271	15.529562	-0.018223	1.912735
102.296078	991.766463	15.534567	-0.018182	1.910142
102.497928	988.732038	15.539571	-0.018218	1.907563
102.334529	985.774489	15.544576	-0.018188	1.904945
102.170721	982.812638	15.549581	-0.018158	1.902319
102.201228	979.819300	15.554586	-0.018164	1.899717
102.132203	976.819739	15.559591	-0.018151	1.897077
102.295610	973.780196	15.564595	-0.018180	1.894465
102.243676	970.827638	15.569600	-0.018170	1.891864
102.223783	967.843890	15.574605	-0.018166	1.889242
102.114815	964.900785	15.579610	-0.018146	1.886626
102.078021	961.911303	15.584615	-0.018139	1.883987
102.098756	958.891444	15.589619	-0.018143	1.881333
102.188584	955.903309	15.594624	-0.018159	1.878723
102.304963	952.850603	15.599629	-0.018180	1.876060
102.116432	949.954493	15.604634	-0.018145	1.873445
102.235800	946.930770	15.609639	-0.018167	1.870801
102.112116	943.999085	15.614643	-0.018144	1.868165
102.145974	941.012395	15.619648	-0.018150	1.865523
101.983524	938.016657	15.624653	-0.018120	1.862811
102.102701	935.027612	15.629658	-0.018141	1.860183
101.960790	932.053027	15.634663	-0.018115	1.857489
102.020780	929.059674	15.639667	-0.018126	1.854832
102.051173	926.051066	15.644672	-0.018131	1.852150
102.057997	923.092938	15.649677	-0.018132	1.849502
101.815201	920.160921	15.654682	-0.018088	1.846800
102.053066	917.111549	15.659687	-0.018131	1.844130
101.843428	914.154654	15.664691	-0.018092	1.841408
101.826247	911.216836	15.669696	-0.018089	1.838756
101.622515	908.243561	15.674701	-0.018052	1.836013
101.770307	905.219252	15.679706	-0.018078	1.833323
101.672795	902.281246	15.684711	-0.018060	1.830635
101.839513	899.248625	15.689715	-0.018090	1.827936
101.672531	896.290967	15.694720	-0.018060	1.825201
101.660748	893.282453	15.699725	-0.018057	1.822463
101.524868	890.352506	15.704730	-0.018032	1.819755
101.633273	887.323216	15.709735	-0.018052	1.817025
101.534625	884.363043	15.714739	-0.018034	1.814292
101.682147	881.338492	15.719744	-0.018060	1.811570
101.560439	878.408132	15.724749	-0.018038	1.808849
101.606882	875.394203	15.729754	-0.018046	1.806098
101.667573	872.389176	15.734759	-0.018056	1.803356
101.517345	869.462147	15.739763	-0.018029	1.800617
101.459990	866.470562	15.744768	-0.018018	1.797843
101.543107	863.489773	15.749773	-0.018033	1.795117
101.395487	860.515139	15.754778	-0.018006	1.792322
101.464906	857.561040	15.759783	-0.018018	1.789608
101.340541	854.569610	15.764787	-0.017996	1.786797
101.318515	851.589128	15.769792	-0.017991	1.784022
101.315042	848.586930	15.774797	-0.017990	1.781229
101.215964	845.635467	15.779802	-0.017972	1.778449
101.381509	842.587501	15.784807	-0.018002	1.775655
101.301384	839.626168	15.789811	-0.017987	1.772863
101.246720	836.680207	15.794816	-0.017977	1.770089
101.193455	833.702667	15.799821	-0.017967	1.767281
101.205772	830.703082	15.804826	-0.017969	1.764469
101.259804	827.693927	15.809831	-0.017978	1.761655
101.099218	824.768689	15.814835	-0.017949	1.758850
101.160658	821.762010	15.819840	-0.017960	1.756032
101.123588	818.769815	15.824845	-0.017953	1.753193
101.172629	815.827727	15.829850	-0.017961	1.750424
101.128451	812.825264	15.834855	-0.017953	1.747563
101.075725	809.877856	15.839859	-0.017943	1.744748
101.006978	806.889005	15.844864	-0.017930	1.741884
101.110716	803.881524	15.849869	-0.017949	1.739051
101.070129	800.907001	15.854874	-0.017941	1.736200
100.979769	797.942813	15.859879	-0.017925	1.733338
100.956711	794.988498	15.864883	-0.017920	1.730503
101.131293	791.936473	15.869888	-0.017951	1.727631
101.118479	788.967269	15.874893	-0.017949	1.724775
101.123543	785.994026	15.879898	-0.017949	1.721916
101.018776	783.043407	15.884903	-0.017930	1.719039
100.988788	780.087562	15.889907	-0.017925	1.716176
100.926471	777.099890	15.894912	-0.017913	1.713267
100.975785	774.134830	15.899917	-0.017922	1.710410
100.862567	771.174857	15.904922	-0.017901	1.707502
100.967482	768.149569	15.909927	-0.017919	1.704595
101.004172	765.138870	15.914931	-0.017926	1.701676
100.790315	762.241816	15.919936	-0.017887	1.698782
100.776144	759.245681	15.924941	-0.017884	1.695850
100.967869	756.203073	15.929946	-0.017918	1.692935
100.836230	753.296275	15.934951	-0.017894	1.690043
100.668655	750.349860	15.939955	-0.017864	1.687095
100.730849	747.334133	15.944960	-0.017875	1.684149
100.925058	744.303624	15.949965	-0.017909	1.681226
100.740919	741.366698	15.954970	-0.017876	1.678266
100.819261	738.394425	15.959975	-0.017890	1.675353
100.667944	735.445524	15.964979	-0.017862	1.672382
100.674047	732.500389	15.969984	-0.017863	1.669461
100.620278	729.517280	15.974989	-0.017853	1.666478
100.645714	726.518052	15.979994	-0.017857	1.663500
100.620879	723.553462	15.984999	-0.017852	1.660534
100.699790	720.534263	15.990003	-0.017866	1.657542
100.504169	717.617226	15.995008	-0.017831	1.654557
100.567160	714.629782	16.000013	-0.017842	1.651581
100.467320	711.662475	16.005018	-0.017823	1.648566
100.489162	708.699559	16.010023	-0.017827	1.645590
100.454207	705.687035	16.015027	-0.017820	1.642540
100.435294	702.742724	16.020032	-0.017817	1.639559
100.493395	699.734495	16.025037	-0.017827	1.636533
100.394762	696.783743	16.030042	-0.017809	1.633507
100.372144	693.826980	16.035047	-0.017804	1.630496
100.281066	690.854583	16.040051	-0.017788	1.627439
100.174698	687.879452	16.045056	-0.017768	1.624369
100.231441	684.901222	16.050061	-0.017778	1.621345
100.077884	681.939047	16.055066	-0.017750	1.618261
100.182154	678.947962	16.060071	-0.017769	1.615228
100.107129	675.993119	16.065075	-0.017755	1.612167
100.170638	672.992919	16.070080	-0.017766	1.609100
100.016379	670.057747	16.075085	-0.017738	1.606019
100.124318	667.028645	16.080090	-0.017757	1.602926
100.058054	664.084452	16.085095	-0.017745	1.599854
100.015681	661.132301	16.090099	-0.017737	1.596777
99.983435	658.128340	16.095104	-0.017731	1.593643
100.073429	655.189509	16.100109	-0.017747	1.590614
100.056060	652.177749	16.105114	-0.017743	1.587465
100.064166	649.205254	16.110119	-0.017744	1.584360
99.916052	646.291187	16.115123	-0.017717	1.581255
99.916925	643.290548	16.120128	-0.017717	1.578106
99.984012	640.300371	16.125133	-0.017729	1.574984
99.974533	637.342167	16.130138	-0.017727	1.571863
99.858581	634.384864	16.135143	-0.017706	1.568699
99.790247	631.449871	16.140147	-0.017693	1.565570
99.664691	628.480015	16.145152	-0.017670	1.562377
99.907656	625.433471	16.150157	-0.017714	1.559226
99.772236	622.518833	16.155162	-0.017689	1.556075
99.854983	619.521312	16.160167	-0.017704	1.552907
99.877966	616.556200	16.165171	-0.017707	1.549746
99.738346	613.615445	16.170176	-0.017682	1.546546
99.761510	610.625066	16.175181	-0.017686	1.543345
99.651667	607.692839	16.180186	-0.017666	1.540152
99.598300	604.715641	16.185191	-0.017656	1.536924
99.741213	601.704541	16.190195	-0.017681	1.533723
99.536018	598.799123	16.195200	-0.017644	1.530504
99.646199	595.796676	16.200205	-0.017663	1.527288
99.572679	592.826461	16.205210	-0.017650	1.524033
99.547491	589.880981	16.210215	-0.017645	1.520816
99.473987	586.932058	16.215219	-0.017631	1.517570
99.448960	583.945475	16.220224	-0.017627	1.514294
99.519941	580.985854	16.225229	-0.017639	1.511075
99.574287	577.998151	16.230234	-0.017649	1.507813
99.358647	575.062408	16.235239	-0.017609	1.504502
99.473700	572.087086	16.240243	-0.017630	1.501261
99.341345	569.126406	16.245248	-0.017606	1.497938
99.377094	566.150378	16.250253	-0.017612	1.494654
99.227879	563.250602	16.255258	-0.017585	1.491377
99.438649	560.190344	16.260263	-0.017622	1.488050
99.150426	557.309043	16.265267	-0.017570	1.484727
99.225862	554.318259	16.270272	-0.017583	1.481412
99.379289	551.292328	16.275277	-0.017611	1.478078
99.234018	548.387666	16.280282	-0.017584	1.474761
99.251535	545.423217	16.285287	-0.017587	1.471431
99.174511	542.469297	16.290291	-0.017573	1.468069
99.033254	539.524211	16.295296	-0.017547	1.464685
99.043220	536.559852	16.300301	-0.017549	1.461329
98.978572	533.592646	16.305306	-0.017537	1.457933
98.917903	530.629833	16.310311	-0.017525	1.454536
99.050050	527.639735	16.315315	-0.017549	1.451174
99.015948	524.680200	16.320320	-0.017542	1.447775
98.986196	521.709451	16.325325	-0.017537	1.444357
98.957472	518.764668	16.330330	-0.017531	1.440961
98.943755	515.791750	16.335335	-0.017529	1.437530
98.810283	512.880979	16.340339	-0.017504	1.434117
98.801943	509.924734	16.345344	-0.017502	1.430691
98.835636	506.945685	16.350349	-0.017508	1.427247
98.822846	503.967334	16.355354	-0.017506	1.423778
98.804020	501.010982	16.360359	-0.017502	1.420323
98.882288	498.023089	16.365363	-0.017516	1.416861
98.827177	495.081942	16.370368	-0.017505	1.413393
98.812596	492.124298	16.375373	-0.017502	1.409913
98.864253	489.143002	16.380378	-0.017512	1.406422
98.682386	486.238491	16.385383	-0.017478	1.402921
98.772445	483.262900	16.390387	-0.017494	1.399435
98.547800	480.360952	16.395392	-0.017453	1.395902
98.526494	477.425670	16.400397	-0.017449	1.392403
98.648247	474.396491	16.405402	-0.017471	1.388839
98.619409	471.434971	16.410407	-0.017465	1.385287
98.571214	468.508551	16.415411	-0.017456	1.381760
98.542003	465.537814	16.420416	-0.017451	1.378178
98.490662	462.600419	16.425421	-0.017441	1.374619
98.365297	459.683456	16.430426	-0.017418	1.371044
98.381462	456.708565	16.435431	-0.017421	1.367448
98.503263	453.706229	16.440435	-0.017443	1.363852
98.305738	450.791736	16.445440	-0.017407	1.360222
98.285527	447.867576	16.450445	-0.017403	1.356644
98.340416	444.887873	16.455450	-0.017412	1.353020
98.210947	441.972319	16.460455	-0.017389	1.349388
98.200345	439.005710	16.465459	-0.017387	1.345733
97.944176	436.125348	16.470464	-0.017340	1.342071
98.304607	433.037623	16.475469	-0.017405	1.338402
98.130462	430.142397	16.480474	-0.017373	1.334737
97.977350	427.222919	16.485479	-0.017345	1.331040
98.152507	424.224814	16.490483	-0.017376	1.327374
98.077355	421.281173	16.495488	-0.017363	1.323659
97.954044	418.372280	16.500493	-0.017340	1.319957
97.866715	415.434797	16.505498	-0.017324	1.316224
98.047839	412.418445	16.510503	-0.017356	1.312496
98.006332	409.476716	16.515507	-0.017348	1.308756
97.832077	406.557765	16.520512	-0.017317	1.304977
97.760469	403.625367	16.525517	-0.017303	1.301215
97.737708	400.684179	16.530522	-0.017299	1.297451
97.819567	397.695378	16.535527	-0.017314	1.293661
97.934567	394.719678	16.540531	-0.017334	1.289891
97.853841	391.773903	16.545536	-0.017319	1.286063
97.741360	388.881644	16.550541	-0.017299	1.282279
97.726915	385.937049	16.555546	-0.017296	1.278458
97.545659	383.040536	16.560551	-0.017263	1.274615
97.662304	380.065797	16.565555	-0.017283	1.270791
97.672772	377.110806	16.570560	-0.017285	1.266934
97.447401	374.216073	16.575565	-0.017244	1.263038
97.642797	371.216045	16.580570	-0.017279	1.259181
97.583731	368.274068	16.585575	-0.017268	1.255274
97.619592	365.333735	16.590579	-0.017274	1.251400
97.494615	362.423660	16.595584	-0.017251	1.247481
97.416349	359.498972	16.600589	-0.017237	1.243551
97.317648	356.592100	16.605594	-0.017219	1.239624
97.395717	353.612808	16.610599	-0.017233	1.235667
97.312861	350.691159	16.615603	-0.017217	1.231702
97.459421	347.702916	16.620608	-0.017243	1.227740
97.402704	344.760546	16.625613	-0.017233	1.223733
97.367743	341.847762	16.630618	-0.017226	1.219763
97.196066	338.956476	16.635623	-0.017195	1.215745
97.308892	335.982377	16.640627	-0.017215	1.211735
97.351283	333.032493	16.645632	-0.017222	1.207711
97.270979	330.121070	16.650637	-0.017208	1.203668
97.311517	327.164909	16.655642	-0.017215	1.199608
97.222784	324.271186	16.660647	-0.017198	1.195559
97.139606	321.359332	16.665651	-0.017183	1.191473
97.037682	318.461347	16.670656	-0.017164	1.187384
96.938899	315.541756	16.675661	-0.017146	1.183252
96.966558	312.592337	16.680666	-0.017151	1.179125
97.076796	309.626113	16.685671	-0.017171	1.174999
97.083406	306.692806	16.690675	-0.017171	1.170855
97.068414	303.750132	16.695680	-0.017168	1.166672
97.031133	300.847427	16.700685	-0.017161	1.162520
96.749540	298.003134	16.705690	-0.017110	1.158318
96.916929	295.033469	16.710695	-0.017140	1.154141
96.679727	292.159359	16.715699	-0.017097	1.149886
96.736579	289.207105	16.720704	-0.017107	1.145649
96.831388	286.232066	16.725709	-0.017124	1.141381
96.780221	283.313026	16.730714	-0.017114	1.137107
96.626604	280.460030	16.735719	-0.017086	1.132861
96.694898	277.488482	16.740723	-0.017098	1.128537
96.602460	274.593527	16.745728	-0.017081	1.124228
96.496039	271.701148	16.750733	-0.017062	1.119899
96.554725	268.754302	16.755738	-0.017072	1.115557
96.543343	265.853735	16.760743	-0.017070	1.111231
96.382963	262.962351	16.765747	-0.017040	1.106825
96.390575	260.036069	16.770752	-0.017042	1.102435
96.453366	257.098543	16.775757	-0.017053	1.098040
96.426224	254.189502	16.780762	-0.017047	1.093624
96.406433	251.277241	16.785767	-0.017044	1.089188
96.511657	248.323080	16.790771	-0.017062	1.084736
96.406163	245.440054	16.795776	-0.017043	1.080264
96.402998	242.544489	16.800781	-0.017042	1.075808
96.256099	239.671449	16.805786	-0.017015	1.071292
96.349317	236.720646	16.810791	-0.017032	1.066764
96.201119	233.854216	16.815795	-0.017005	1.062219
96.121830	230.967598	16.820800	-0.016990	1.057659
96.092197	228.075310	16.825805	-0.016984	1.053098
96.230022	225.107550	16.830810	-0.017009	1.048490
96.146854	222.232175	16.835815	-0.016994	1.043886
96.126568	219.336834	16.840819	-0.016990	1.039265
96.079007	216.453369	16.845824	-0.016981	1.034627
96.057862	213.562660	16.850829	-0.016977	1.029971
96.001263	210.671358	16.855834	-0.016966	1.025274
96.011773	207.767930	16.860839	-0.016968	1.020573
95.812151	204.935286	16.865843	-0.016931	1.015847
95.714614	202.064820	16.870848	-0.016914	1.011094
95.846743	199.113149	16.875853	-0.016937	1.006317
95.897885	196.206431	16.880858	-0.016946	1.001544
95.827101	193.329906	16.885863	-0.016933	0.996729
95.832379	190.429387	16.890867	-0.016934	0.991894
95.711596	187.570931	16.895872	-0.016912	0.987033
95.651002	184.693199	16.900877	-0.016900	0.982151
95.621730	181.806590	16.905882	-0.016895	0.977247
95.679913	178.909049	16.910887	-0.016905	0.972352
95.537336	176.057426	16.915891	-0.016879	0.967391
95.575487	173.168829	16.920896	-0.016886	0.962449
95.608472	170.270876	16.925901	-0.016891	0.957462
95.601127	167.409425	16.930906	-0.016890	0.952489
95.375803	164.602035	16.935911	-0.016849	0.947451
95.369453	161.721051	16.940915	-0.016847	0.942391
95.319092	158.850349	16.945920	-0.016838	0.937295
95.415848	155.951821	16.950925	-0.016855	0.932212
95.337433	153.100589	16.955930	-0.016841	0.927077
95.271841	150.260167	16.960935	-0.016828	0.921940
95.177118	147.416611	16.965939	-0.016811	0.916752
95.223835	144.536926	16.970944	-0.016819	0.911557
95.060811	141.713389	16.975949	-0.016789	0.906301
94.963795	138.882114	16.980954	-0.016772	0.901044
94.978262	136.016683	16.985959	-0.016774	0.895763
94.991922	133.145419	16.990963	-0.016776	0.890440
94.929166	130.313766	16.995968	-0.016764	0.885110
94.919674	127.455271	17.000973	-0.016762	0.879731
94.944561	124.601069	17.005978	-0.016767	0.874350
94.758195	121.821261	17.010983	-0.016733	0.868938
94.775557	118.956062	17.015987	-0.016736	0.863463
94.907100	116.071244	17.020992	-0.016759	0.857993
94.859475	113.251584	17.025997	-0.016750	0.852493
94.807520	110.427924	17.031002	-0.016740	0.846947
94.680911	107.643440	17.036007	-0.016717	0.841390
94.608531	104.831091	17.041011	-0.016704	0.835778
94.571788	102.003953	17.046016	-0.016697	0.830123
94.619708	99.161158	17.051021	-0.016705	0.824458
94.523008	96.361428	17.056026	-0.016688	0.818738
94.508166	93.555074	17.061031	-0.016685	0.813023
94.340450	90.779268	17.066035	-0.016654	0.807221
94.419055	87.934945	17.071040	-0.016668	0.801412
94.438151	85.126066	17.076045	-0.016671	0.795592
94.398218	82.322200	17.081050	-0.016664	0.789696
94.227238	79.584832	17.086055	-0.016632	0.783800
94.225273	76.776156	17.091059	-0.016632	0.777833
94.069828	74.022799	17.096064	-0.016603	0.771823
94.207907	71.187723	17.101069	-0.016628	0.765811
93.962179	68.474106	17.106074	-0.016583	0.759724
94.021355	65.674594	17.111079	-0.016594	0.753633
93.853763	62.935808	17.116083	-0.016563	0.747452
93.727824	60.191326	17.121088	-0.016540	0.741239
93.752222	57.414651	17.126093	-0.016544	0.735019
93.795242	54.617882	17.131098	-0.016552	0.728715
93.727881	51.879443	17.136103	-0.016539	0.722402
93.777016	49.106211	17.141107	-0.016548	0.716046
93.522241	46.430958	17.146112	-0.016502	0.709614
93.580248	43.664183	17.151117	-0.016512	0.703166
93.560168	40.918510	17.156122	-0.016508	0.696643
93.405910	38.236000	17.161127	-0.016480	0.690097
93.333463	35.593245	17.166131	-0.016467	0.683655
93.334878	33.111606	17.171136	-0.016467	0.677609
