Tue Jun 02 09:19:19 2020

Number of Points = 3025
Depth (nm)	Load (µN)	Time (s)	Depth (V)	Load (V)
1.004766	0.042492	0.000000	0.000021	0.492802

1.003023	0.043365	0.005005	0.000022	0.492803
1.075712	0.018094	0.010010	0.000009	0.492804
0.972668	0.056127	0.015014	0.000027	0.492809
0.757514	0.125758	0.020019	0.000066	0.492788
0.996173	-0.002323	0.025024	0.000023	0.492640
0.799025	0.022276	0.030029	0.000059	0.492488
0.928368	-0.017939	0.035034	0.000035	0.492506
0.933811	-0.021806	0.040038	0.000034	0.492499
0.914737	-0.037538	0.045043	0.000038	0.492423
1.090199	-0.173426	0.050048	0.000006	0.492172
1.021699	-0.150120	0.055053	0.000019	0.492169
1.032595	-0.226026	0.060058	0.000017	0.491925
1.019153	-0.237599	0.065062	0.000019	0.491870
0.888055	-0.265728	0.070067	0.000043	0.491618
1.017310	-0.327209	0.075072	0.000020	0.491564
0.767632	-0.325412	0.080077	0.000065	0.491272
0.973079	-0.423918	0.085082	0.000028	0.491183
1.059506	-0.533471	0.090086	0.000012	0.490915
1.012897	-0.586376	0.095091	0.000021	0.490680
0.905066	-0.614396	0.100096	0.000040	0.490456
0.876187	-0.666464	0.105101	0.000045	0.490245
0.790355	-0.716919	0.110106	0.000061	0.489971
0.882682	-0.828103	0.115110	0.000044	0.489703
0.788022	-0.874703	0.120115	0.000062	0.489432
0.819761	-0.960135	0.125120	0.000056	0.489179
0.940251	-1.078958	0.130125	0.000034	0.488919
0.833169	-1.129573	0.135130	0.000054	0.488618
0.875728	-1.241077	0.140134	0.000046	0.488289
0.924381	-1.354160	0.145139	0.000037	0.487962
0.801946	-1.417159	0.150144	0.000059	0.487600
0.819462	-1.520667	0.155149	0.000056	0.487268
0.913756	-1.676761	0.160154	0.000039	0.486848
0.975566	-1.806722	0.165158	0.000028	0.486478
0.820953	-1.868884	0.170163	0.000056	0.486079
0.811740	-1.983098	0.175168	0.000058	0.485677
0.721381	-2.083344	0.180173	0.000074	0.485224
0.735110	-2.199381	0.185178	0.000072	0.484842
0.768108	-2.343223	0.190182	0.000066	0.484388
0.801280	-2.476927	0.195187	0.000060	0.483969
0.646054	-2.549002	0.200192	0.000088	0.483533
0.675650	-2.698350	0.205197	0.000083	0.483055
0.769951	-2.868642	0.210202	0.000066	0.482583
0.717988	-2.994134	0.215206	0.000075	0.482086
0.542336	-3.083144	0.220211	0.000107	0.481565
0.572705	-3.232989	0.225216	0.000102	0.481084
0.424684	-3.342643	0.230221	0.000128	0.480524
0.485121	-3.502569	0.235226	0.000118	0.480044
0.460576	-3.649659	0.240230	0.000122	0.479504
0.501064	-3.806746	0.245235	0.000115	0.479008
0.436249	-3.941407	0.250240	0.000127	0.478461
0.451367	-4.105529	0.255245	0.000124	0.477909
0.363040	-4.243337	0.260250	0.000140	0.477320
0.318922	-4.391751	0.265254	0.000148	0.476748
0.283278	-4.550631	0.270259	0.000154	0.476150
0.317071	-4.733815	0.275264	0.000148	0.475551
0.140231	-4.849776	0.280269	0.000180	0.474927
0.156458	-5.024168	0.285274	0.000177	0.474335
0.118645	-5.184683	0.290278	0.000184	0.473725
-0.416375	-5.173758	0.295283	0.000281	0.473101
-2.604456	-4.547593	0.300288	0.000677	0.472590
-2.356928	-4.751235	0.305293	0.000632	0.472180
-2.823242	-4.696842	0.310298	0.000716	0.471793
-3.143625	-4.685918	0.315302	0.000774	0.471433
-3.614175	-4.634472	0.320307	0.000859	0.471028
-3.651873	-4.709993	0.325312	0.000866	0.470714
-4.026276	-4.677328	0.330317	0.000934	0.470363
-4.345326	-4.646891	0.335322	0.000991	0.470073
-4.971431	-4.504536	0.340326	0.001105	0.469795
-4.744186	-4.662441	0.345331	0.001064	0.469519
-4.854528	-4.704370	0.350336	0.001084	0.469233
-5.212983	-4.640042	0.355341	0.001148	0.469012
-5.549389	-4.594578	0.360346	0.001209	0.468753
-5.408326	-4.709684	0.365350	0.001184	0.468520
-5.722083	-4.671016	0.370355	0.001241	0.468265
-5.901412	-4.688086	0.375360	0.001273	0.467979
-6.253257	-4.632284	0.380365	0.001337	0.467736
-6.229363	-4.695959	0.385370	0.001332	0.467540
-6.535091	-4.645832	0.390374	0.001388	0.467334
-6.632831	-4.694374	0.395379	0.001405	0.467038
-6.845224	-4.673209	0.400384	0.001444	0.466847
-7.041156	-4.644083	0.405389	0.001479	0.466704
-7.120845	-4.698349	0.410394	0.001494	0.466410
-7.136167	-4.743928	0.415398	0.001497	0.466228
-7.543277	-4.648784	0.420403	0.001570	0.466055
-7.754525	-4.653701	0.425408	0.001608	0.465771
-7.596781	-4.751646	0.430413	0.001580	0.465620
-8.121548	-4.611681	0.435418	0.001675	0.465459
-8.463555	-4.560201	0.440422	0.001737	0.465211
-8.140471	-4.684977	0.445427	0.001678	0.465172
-8.514764	-4.650354	0.450432	0.001746	0.464824
-8.410635	-4.705356	0.455437	0.001727	0.464758
-9.038469	-4.552378	0.460442	0.001841	0.464513
-8.706427	-4.700272	0.465446	0.001781	0.464402
-8.960323	-4.662302	0.470451	0.001827	0.464217
-9.106851	-4.662534	0.475456	0.001853	0.464031
-9.174354	-4.655121	0.480461	0.001865	0.463972
-9.309108	-4.694913	0.485466	0.001890	0.463659
-9.364292	-4.704241	0.490470	0.001900	0.463555
-9.858813	-4.592308	0.495475	0.001989	0.463331
-9.890129	-4.615648	0.500480	0.001995	0.463207
-9.858267	-4.682287	0.505485	0.001989	0.463008
-9.991527	-4.677893	0.510490	0.002013	0.462854
-10.174930	-4.657880	0.515494	0.002047	0.462694
-10.362330	-4.647076	0.520499	0.002080	0.462495
-10.520826	-4.625937	0.525504	0.002109	0.462369
-10.648577	-4.640656	0.530509	0.002132	0.462154
-10.631776	-4.668525	0.535514	0.002129	0.462075
-11.233865	-4.530984	0.540518	0.002238	0.461805
-10.805816	-4.693497	0.545523	0.002161	0.461763
-11.328024	-4.583212	0.550528	0.002255	0.461497
-11.115372	-4.672287	0.555533	0.002217	0.461446
-11.555929	-4.592739	0.560538	0.002297	0.461172
-11.423831	-4.657026	0.565542	0.002273	0.461108
-11.435842	-4.719242	0.570547	0.002275	0.460868
-11.748290	-4.628357	0.575552	0.002331	0.460798
-12.097146	-4.592192	0.580557	0.002394	0.460484
-11.887879	-4.663817	0.585562	0.002357	0.460492
-12.248417	-4.627177	0.590566	0.002422	0.460164
-12.079990	-4.690331	0.595571	0.002392	0.460150
-12.669927	-4.565425	0.600576	0.002498	0.459850
-12.445230	-4.644695	0.605581	0.002458	0.459849
-12.586102	-4.674942	0.610586	0.002483	0.459560
-12.511762	-4.725777	0.615590	0.002470	0.459470
-13.095635	-4.580420	0.620595	0.002575	0.459251
-12.946809	-4.650047	0.625600	0.002548	0.459188
-13.074962	-4.656797	0.630605	0.002572	0.459000
-13.039427	-4.706494	0.635610	0.002565	0.458865
-13.577879	-4.572947	0.640614	0.002663	0.458660
-13.349177	-4.696450	0.645619	0.002621	0.458505
-13.653539	-4.629419	0.650624	0.002676	0.458358
-13.824909	-4.626671	0.655629	0.002707	0.458148
-14.008980	-4.593502	0.660634	0.002741	0.458033
-13.999610	-4.646021	0.665638	0.002739	0.457854
-14.043250	-4.663766	0.670643	0.002747	0.457733
-14.150517	-4.692277	0.675648	0.002766	0.457492
-14.481786	-4.601160	0.680653	0.002826	0.457398
-14.528330	-4.650132	0.685658	0.002835	0.457160
-14.626229	-4.633039	0.690662	0.002853	0.457096
-14.785978	-4.651567	0.695667	0.002881	0.456823
-15.009326	-4.584160	0.700672	0.002922	0.456781
-14.993190	-4.661260	0.705677	0.002919	0.456521
-15.075952	-4.643696	0.710682	0.002934	0.456478
-15.333349	-4.638626	0.715686	0.002981	0.456166
-15.328622	-4.654192	0.720691	0.002980	0.456115
-15.673467	-4.603770	0.725696	0.003042	0.455855
-15.524601	-4.671918	0.730701	0.003015	0.455797
-15.740496	-4.667791	0.735706	0.003054	0.455534
-15.950505	-4.615535	0.740710	0.003092	0.455454
-16.108341	-4.620410	0.745715	0.003121	0.455233
-16.002708	-4.687450	0.750720	0.003102	0.455123
-16.414135	-4.598184	0.755725	0.003176	0.454919
-16.493881	-4.602874	0.760730	0.003191	0.454799
-16.626451	-4.608444	0.765734	0.003215	0.454607
-16.413830	-4.715804	0.770739	0.003176	0.454488
-16.844551	-4.616669	0.775744	0.003254	0.454295
-17.058183	-4.575495	0.780749	0.003293	0.454169
-17.237101	-4.550058	0.785754	0.003325	0.454031
-17.068043	-4.641546	0.790758	0.003295	0.453914
-17.251585	-4.634668	0.795763	0.003328	0.453702
-17.333964	-4.651383	0.800768	0.003343	0.453533
-17.558898	-4.610951	0.805773	0.003383	0.453390
-17.537145	-4.672563	0.810778	0.003380	0.453192
-17.635592	-4.672550	0.815782	0.003397	0.453064
-18.040031	-4.596947	0.820787	0.003471	0.452818
-17.912951	-4.659232	0.825792	0.003448	0.452753
-18.325452	-4.589899	0.830797	0.003522	0.452473
-18.218198	-4.638589	0.835802	0.003503	0.452433
-18.550237	-4.595379	0.840806	0.003563	0.452161
-18.461610	-4.633866	0.845811	0.003547	0.452134
-18.791054	-4.599608	0.850816	0.003607	0.451832
-18.567034	-4.682467	0.855821	0.003566	0.451818
-19.100284	-4.580799	0.860826	0.003663	0.451499
-19.036537	-4.600187	0.865830	0.003651	0.451510
-19.356404	-4.575010	0.870835	0.003709	0.451187
-19.195838	-4.634206	0.875840	0.003680	0.451177
-19.657726	-4.555104	0.880845	0.003763	0.450868
-19.501338	-4.605972	0.885850	0.003735	0.450883
-19.811821	-4.581856	0.890854	0.003791	0.450568
-19.667696	-4.635304	0.895859	0.003765	0.450558
-20.102796	-4.566153	0.900864	0.003844	0.450246
-20.004478	-4.598682	0.905869	0.003826	0.450254
-20.206522	-4.615030	0.910874	0.003863	0.449929
-20.098707	-4.666095	0.915878	0.003843	0.449881
-20.595281	-4.558925	0.920883	0.003933	0.449629
-20.352512	-4.659749	0.925888	0.003889	0.449573
-20.987723	-4.505819	0.930893	0.004004	0.449313
-20.599610	-4.652074	0.935898	0.003934	0.449278
-20.989324	-4.572776	0.940902	0.004005	0.449062
-20.940609	-4.616379	0.945907	0.003996	0.448964
-21.232486	-4.575006	0.950912	0.004049	0.448735
-21.170495	-4.632437	0.955917	0.004037	0.448603
-21.281610	-4.644142	0.960922	0.004058	0.448414
-21.390998	-4.661575	0.965926	0.004077	0.448206
-21.653394	-4.600008	0.970931	0.004125	0.448090
-21.657102	-4.660354	0.975936	0.004126	0.447861
-21.828247	-4.619782	0.980941	0.004157	0.447787
-22.297239	-4.536611	0.985946	0.004241	0.447481
-22.116404	-4.605205	0.990950	0.004209	0.447463
-22.253375	-4.636452	0.995955	0.004234	0.447167
-22.451425	-4.608367	1.000960	0.004269	0.447011

-22.654062	-4.594440	1.010957	0.004306	0.446796
-22.868349	-4.586927	1.020954	0.004345	0.446542
-22.924664	-4.601379	1.030950	0.004355	0.446414
-23.028578	-4.617153	1.040947	0.004374	0.446217
-23.027001	-4.616429	1.050944	0.004374	0.446222
-23.209158	-4.554014	1.060941	0.004407	0.446214
-23.301882	-4.590687	1.070938	0.004424	0.445955
-23.399814	-4.559579	1.080934	0.004441	0.445941
-23.323266	-4.595863	1.090931	0.004428	0.445906
-23.254036	-4.547082	1.100928	0.004415	0.446178
-23.072538	-4.652986	1.110925	0.004383	0.446022
-23.143185	-4.618106	1.120922	0.004395	0.446058
-23.247419	-4.546967	1.130918	0.004414	0.446186
-23.170475	-4.565080	1.140915	0.004401	0.446219
-23.073989	-4.598060	1.150912	0.004383	0.446222
-23.185840	-4.560515	1.160909	0.004403	0.446214
-23.012905	-4.620532	1.170906	0.004372	0.446217
-23.168152	-4.566581	1.180902	0.004400	0.446214
-22.789226	-4.610556	1.190899	0.004332	0.446547
-22.786855	-4.611002	1.200896	0.004332	0.446548
-22.713342	-4.636444	1.210893	0.004319	0.446549
-22.763335	-4.618338	1.220890	0.004328	0.446550
-22.751556	-4.623633	1.230886	0.004326	0.446545
-22.835386	-4.573236	1.240883	0.004341	0.446622
-22.515429	-4.624487	1.250880	0.004283	0.446851
-22.505905	-4.626668	1.260877	0.004281	0.446855
-22.432029	-4.650056	1.270874	0.004268	0.446864
-22.539083	-4.612213	1.280870	0.004288	0.446864
-22.410484	-4.626552	1.290867	0.004265	0.446979
-22.339323	-4.601683	1.300864	0.004252	0.447164
-22.278736	-4.622346	1.310861	0.004241	0.447166
-22.395078	-4.581017	1.320858	0.004262	0.447167
-22.173814	-4.593033	1.330854	0.004222	0.447412
-22.037170	-4.623139	1.340851	0.004197	0.447478
-22.063020	-4.614420	1.350848	0.004202	0.447476
-22.059067	-4.616527	1.360845	0.004202	0.447473
-21.885477	-4.610158	1.370842	0.004170	0.447723
-21.766085	-4.631959	1.380838	0.004149	0.447798
-21.788276	-4.622942	1.390835	0.004153	0.447802
-21.774493	-4.627675	1.400832	0.004151	0.447802
-21.728247	-4.591064	1.410829	0.004142	0.447998
-21.615987	-4.604391	1.420826	0.004122	0.448095
-21.659570	-4.588513	1.430822	0.004130	0.448096
-21.495073	-4.644296	1.440819	0.004100	0.448104
-21.488602	-4.569741	1.450816	0.004099	0.448388
-21.349635	-4.611557	1.460813	0.004074	0.448414
-21.474843	-4.568966	1.470810	0.004097	0.448408
-21.183225	-4.621339	1.480806	0.004044	0.448594
-21.153985	-4.594223	1.490803	0.004039	0.448733
-21.122591	-4.606684	1.500800	0.004034	0.448727
-21.038999	-4.635205	1.510797	0.004019	0.448730
-20.937092	-4.623680	1.520794	0.004000	0.448905
-21.041349	-4.541537	1.530790	0.004019	0.449073
-20.877992	-4.600149	1.540787	0.003990	0.449068
-20.845288	-4.611882	1.550784	0.003984	0.449067
-20.685887	-4.621621	1.560781	0.003955	0.449238
-20.717244	-4.588973	1.570778	0.003961	0.449318
-20.751883	-4.576607	1.580774	0.003967	0.449318
-20.626628	-4.599864	1.590771	0.003945	0.449395
-20.420014	-4.609451	1.600768	0.003907	0.449628
-20.419990	-4.610757	1.610765	0.003908	0.449623
-20.519857	-4.574058	1.620762	0.003926	0.449628
-20.191860	-4.640883	1.630758	0.003867	0.449808
-20.290989	-4.570454	1.640755	0.003885	0.449938
-20.165028	-4.615911	1.650752	0.003862	0.449934
-20.307070	-4.565974	1.660749	0.003888	0.449933
-19.941646	-4.620845	1.670746	0.003822	0.450205
-20.045546	-4.571207	1.680742	0.003841	0.450253
-19.968155	-4.598700	1.690739	0.003827	0.450252
-19.959972	-4.599829	1.700736	0.003825	0.450257
-19.689041	-4.613988	1.710733	0.003776	0.450557
-19.856608	-4.554892	1.720730	0.003807	0.450557
-19.630815	-4.635494	1.730726	0.003766	0.450553
-19.707858	-4.597423	1.740723	0.003780	0.450592
-19.461094	-4.608483	1.750720	0.003736	0.450872
-19.463818	-4.607479	1.760717	0.003736	0.450871
-19.511470	-4.590049	1.770714	0.003745	0.450873
-19.460143	-4.574471	1.780710	0.003736	0.450997
-19.198358	-4.615335	1.790707	0.003688	0.451186
-19.171803	-4.623395	1.800704	0.003684	0.451190
-19.117521	-4.642665	1.810701	0.003674	0.451189
-19.113097	-4.646598	1.820698	0.003673	0.451180
-18.971449	-4.607497	1.830694	0.003648	0.451507
-18.839813	-4.651650	1.840691	0.003624	0.451515
-19.090770	-4.562108	1.850688	0.003669	0.451518
-18.867572	-4.641276	1.860685	0.003629	0.451516
-19.052905	-4.500655	1.870682	0.003663	0.451793
-18.681620	-4.624852	1.880678	0.003596	0.451817
-18.870012	-4.558000	1.890675	0.003630	0.451818
-19.011596	-4.428469	1.900672	0.003656	0.452110
-19.375234	-4.262404	1.910669	0.003721	0.452249
-18.955867	-4.357439	1.920666	0.003646	0.452442
-19.023502	-4.267539	1.930662	0.003658	0.452685
-18.918884	-4.280593	1.940659	0.003639	0.452772
-18.730190	-4.266738	1.950656	0.003605	0.453066
-18.535377	-4.332586	1.960653	0.003570	0.453076
-18.551242	-4.241864	1.970650	0.003573	0.453388
-18.239690	-4.352433	1.980646	0.003517	0.453385
-18.233437	-4.296026	1.990643	0.003516	0.453599
-18.156697	-4.295609	2.000640	0.003502	0.453699
-18.230398	-4.266647	2.010637	0.003515	0.453710
-17.799165	-4.329534	2.020634	0.003437	0.454036
-17.882048	-4.301085	2.030630	0.003453	0.454032
-17.807999	-4.326697	2.040627	0.003439	0.454034
-17.776947	-4.287592	2.050624	0.003434	0.454216
-17.555124	-4.344167	2.060621	0.003394	0.454295
-17.628617	-4.319105	2.070618	0.003407	0.454291
-17.561252	-4.341250	2.080614	0.003395	0.454297
-17.359256	-4.329343	2.090611	0.003359	0.454600
-17.300403	-4.347225	2.100608	0.003348	0.454610
-17.452788	-4.294120	2.110605	0.003376	0.454607
-17.331872	-4.308770	2.120602	0.003354	0.454709
-17.224964	-4.290644	2.130598	0.003335	0.454913
-17.130667	-4.324677	2.140595	0.003318	0.454909
-17.117344	-4.330188	2.150592	0.003315	0.454905
-16.736784	-4.394157	2.160589	0.003247	0.455162
-16.752965	-4.369303	2.170586	0.003250	0.455231
-16.743708	-4.371349	2.180582	0.003248	0.455235
-16.760400	-4.366213	2.190579	0.003251	0.455231
-17.016833	-4.273757	2.200576	0.003298	0.455238
-16.776788	-4.278570	2.210573	0.003254	0.455529
-16.695311	-4.306842	2.220570	0.003240	0.455530
-16.684625	-4.309894	2.230566	0.003238	0.455532
-16.563990	-4.272002	2.240563	0.003216	0.455825
-16.433713	-4.312352	2.250560	0.003193	0.455845
-16.391937	-4.325950	2.260557	0.003185	0.455849
-16.323446	-4.313726	2.270554	0.003173	0.455981
-16.102602	-4.344993	2.280550	0.003133	0.456150
-16.096287	-4.346588	2.290547	0.003132	0.456152
-16.134865	-4.333404	2.300544	0.003139	0.456150
-16.029507	-4.368918	2.310541	0.003120	0.456155
-15.841598	-4.351376	2.320538	0.003086	0.456460
-15.888203	-4.325959	2.330534	0.003095	0.456492
-15.941182	-4.306861	2.340531	0.003105	0.456493
-15.897170	-4.325459	2.350528	0.003097	0.456481
-15.901100	-4.240662	2.360525	0.003097	0.456784
-15.678789	-4.315427	2.370522	0.003057	0.456797
-15.739570	-4.295413	2.380518	0.003068	0.456791
-15.455739	-4.319092	2.390515	0.003017	0.457069
-15.398609	-4.328953	2.400512	0.003007	0.457106
-15.390220	-4.330753	2.410509	0.003006	0.457109
-15.447511	-4.311272	2.420506	0.003016	0.457106
-15.149217	-4.356820	2.430502	0.002962	0.457322
-15.240111	-4.297699	2.440499	0.002979	0.457420
-15.099873	-4.348751	2.450496	0.002953	0.457414
-15.100789	-4.349268	2.460493	0.002954	0.457410
-15.058388	-4.333736	2.470490	0.002946	0.457520
-14.814535	-4.357474	2.480486	0.002902	0.457746
-14.764740	-4.373904	2.490483	0.002893	0.457749
-14.930639	-4.318108	2.500480	0.002923	0.457739
-14.882303	-4.334842	2.510477	0.002915	0.457739
-14.567196	-4.378466	2.520474	0.002858	0.457984
-14.703767	-4.313282	2.530470	0.002883	0.458045
-14.596244	-4.351488	2.540467	0.002863	0.458044
-14.707208	-4.313795	2.550464	0.002883	0.458038
-14.465136	-4.317541	2.560461	0.002840	0.458333
-14.434049	-4.320860	2.570458	0.002834	0.458361
-14.416655	-4.325047	2.580454	0.002831	0.458367
-14.315102	-4.341712	2.590451	0.002813	0.458436
-14.030721	-4.377350	2.600448	0.002762	0.458670
-14.141249	-4.335126	2.610445	0.002782	0.458681
-14.196739	-4.316963	2.620442	0.002792	0.458675
-14.171971	-4.305905	2.630438	0.002787	0.458746
-13.695348	-4.401508	2.640435	0.002701	0.459008
-13.721812	-4.391598	2.650432	0.002706	0.459010
-13.695357	-4.400335	2.660429	0.002701	0.459011
-13.925228	-4.317916	2.670426	0.002743	0.459016
-13.738671	-4.385865	2.680422	0.002709	0.459007
-13.644785	-4.355385	2.690419	0.002693	0.459237
-13.508439	-4.399557	2.700416	0.002668	0.459250
-13.708997	-4.328488	2.710413	0.002704	0.459251
-13.505275	-4.384301	2.720410	0.002668	0.459309
-13.437491	-4.338368	2.730406	0.002655	0.459561
-13.245753	-4.406095	2.740403	0.002621	0.459560
-13.278174	-4.395886	2.750400	0.002627	0.459555
-13.281079	-4.377721	2.760397	0.002627	0.459616
-13.148116	-4.355176	2.770394	0.002603	0.459867
-13.160982	-4.350729	2.780390	0.002606	0.459866
-13.256459	-4.317327	2.790387	0.002623	0.459864
-13.082123	-4.302728	2.800384	0.002592	0.460139
-13.023792	-4.310035	2.810381	0.002581	0.460186
-12.915761	-4.349144	2.820378	0.002562	0.460182
-12.817267	-4.331523	2.830374	0.002544	0.460370
-12.597194	-4.374780	2.840371	0.002505	0.460494
-12.616154	-4.368942	2.850368	0.002508	0.460490
-12.621035	-4.368165	2.860365	0.002509	0.460486
-12.572602	-4.354921	2.870362	0.002500	0.460595
-12.358415	-4.372437	2.880358	0.002462	0.460804
-12.410871	-4.353696	2.890355	0.002471	0.460804
-12.491151	-4.325404	2.900352	0.002486	0.460803
-12.355515	-4.322897	2.910349	0.002461	0.460984
-12.416676	-4.263050	2.920346	0.002473	0.461122
-12.179758	-4.347247	2.930342	0.002430	0.461119
-12.186236	-4.315933	2.940339	0.002431	0.461223
-12.008930	-4.314501	2.950336	0.002399	0.461453
-11.960808	-4.330007	2.960333	0.002391	0.461458
-11.968337	-4.329372	2.970330	0.002392	0.461450
-11.897224	-4.311895	2.980326	0.002379	0.461602
-11.802631	-4.303257	2.990323	0.002362	0.461753
-11.713568	-4.332655	3.000320	0.002346	0.461760
-11.690601	-4.342676	3.010317	0.002342	0.461752
-11.623800	-4.310086	3.020314	0.002330	0.461954
-11.486396	-4.327321	3.030310	0.002305	0.462065
-11.470341	-4.332876	3.040307	0.002303	0.462065
-11.618348	-4.279958	3.050304	0.002329	0.462067
-11.290261	-4.312257	3.060301	0.002270	0.462367
-11.245809	-4.325989	3.070298	0.002262	0.462373
-11.151044	-4.357047	3.080294	0.002245	0.462381
-11.205039	-4.339697	3.090291	0.002255	0.462374
-10.835388	-4.402342	3.100288	0.002188	0.462617
-10.897157	-4.358070	3.110285	0.002200	0.462697
-10.807898	-4.387957	3.120282	0.002184	0.462702
-10.956969	-4.334946	3.130278	0.002211	0.462703
-10.925257	-4.345011	3.140275	0.002205	0.462707
-10.837152	-4.319271	3.150272	0.002189	0.462910
-10.747069	-4.325390	3.160269	0.002173	0.463002
-10.676854	-4.348942	3.170266	0.002160	0.463006
-10.616546	-4.369741	3.180262	0.002150	0.463007
-10.557490	-4.310792	3.190259	0.002139	0.463293
-10.329533	-4.384385	3.200256	0.002098	0.463316
-10.273278	-4.402263	3.210253	0.002088	0.463323
-10.371479	-4.368211	3.220250	0.002106	0.463320
-10.270421	-4.375738	3.230246	0.002087	0.463420
-10.035355	-4.397507	3.240243	0.002045	0.463639
-10.174771	-4.348228	3.250240	0.002070	0.463639
-10.018225	-4.404284	3.260237	0.002042	0.463635
-10.010289	-4.405681	3.270234	0.002041	0.463639
-9.911104	-4.377302	3.280230	0.002023	0.463866
-9.880526	-4.356950	3.290227	0.002018	0.463977
-9.979571	-4.323136	3.300224	0.002035	0.463972
-9.890606	-4.354364	3.310221	0.002020	0.463972
-9.662895	-4.366366	3.320218	0.001978	0.464216
-9.549665	-4.403531	3.330214	0.001958	0.464226
-9.560285	-4.398930	3.340211	0.001960	0.464228
-9.566874	-4.398214	3.350208	0.001961	0.464222
-9.366015	-4.417602	3.360205	0.001925	0.464405
-9.265052	-4.419583	3.370202	0.001907	0.464525
-9.437899	-4.356030	3.380198	0.001938	0.464534
-9.415272	-4.365344	3.390195	0.001934	0.464529
-9.139987	-4.415597	3.400192	0.001885	0.464696
-9.076654	-4.397967	3.410189	0.001873	0.464838
-9.151889	-4.372332	3.420186	0.001887	0.464834
-9.170167	-4.365904	3.430182	0.001890	0.464833
-8.927551	-4.395082	3.440179	0.001847	0.465034
-8.771242	-4.414595	3.450176	0.001818	0.465161
-8.792844	-4.407836	3.460173	0.001822	0.465157
-8.914610	-4.364290	3.470170	0.001845	0.465159
-8.721199	-4.387177	3.480166	0.001810	0.465320
-8.565288	-4.400349	3.490163	0.001782	0.465469
-8.554241	-4.406873	3.500160	0.001780	0.465459
-8.548686	-4.406343	3.510157	0.001779	0.465467
-8.454088	-4.438943	3.520154	0.001762	0.465470
-8.355416	-4.387338	3.530150	0.001744	0.465777
-8.275532	-4.416173	3.540147	0.001730	0.465774
-8.308597	-4.405221	3.550144	0.001736	0.465771
-8.335379	-4.386976	3.560141	0.001741	0.465802
-8.058013	-4.404207	3.570138	0.001691	0.466089
-8.074662	-4.399679	3.580134	0.001694	0.466084
-8.111853	-4.387121	3.590131	0.001700	0.466081
-8.063337	-4.371726	3.600128	0.001692	0.466196
-7.830733	-4.390401	3.610125	0.001650	0.466422
-7.914804	-4.362313	3.620122	0.001665	0.466416
-7.852663	-4.384598	3.630118	0.001654	0.466414
-7.843108	-4.337633	3.640115	0.001652	0.466593
-7.663361	-4.363072	3.650112	0.001620	0.466727
-7.743680	-4.335453	3.660109	0.001635	0.466724
-7.655359	-4.339026	3.670106	0.001619	0.466822
-7.511488	-4.328099	3.680102	0.001593	0.467041
-7.407071	-4.366978	3.690099	0.001574	0.467033
-7.525338	-4.323282	3.700096	0.001595	0.467039
-7.176856	-4.361535	3.710093	0.001533	0.467340
-7.452194	-4.264475	3.720090	0.001582	0.467339
-7.150643	-4.369755	3.730086	0.001528	0.467342
-7.165363	-4.317844	3.740083	0.001531	0.467508
-6.809646	-4.398264	3.750080	0.001467	0.467667
-7.022380	-4.324517	3.760077	0.001505	0.467662
-6.828968	-4.391519	3.770074	0.001470	0.467666
-7.002373	-4.313198	3.780070	0.001502	0.467726
-6.547925	-4.403765	3.790067	0.001420	0.467973
-6.791743	-4.318006	3.800064	0.001464	0.467972
-6.657849	-4.365377	3.810061	0.001440	0.467971
-6.842305	-4.267843	3.820058	0.001473	0.468086
-6.330612	-4.390715	3.830054	0.001381	0.468289
-6.538919	-4.316661	3.840051	0.001418	0.468291
-6.365643	-4.378201	3.850048	0.001387	0.468289
-6.409711	-4.333733	3.860045	0.001395	0.468391
-6.057656	-4.399905	3.870042	0.001332	0.468596
-6.226978	-4.338592	3.880038	0.001362	0.468601
-6.094936	-4.383252	3.890035	0.001339	0.468607
-6.343223	-4.283642	3.900032	0.001384	0.468649
-5.868393	-4.369453	3.910029	0.001298	0.468938
-6.044778	-4.306443	3.920026	0.001330	0.468941
-5.873556	-4.366885	3.930022	0.001299	0.468940
-5.871409	-4.360277	3.940019	0.001299	0.468965
-5.467926	-4.437659	3.950016	0.001226	0.469195
-5.558787	-4.405790	3.960013	0.001242	0.469193
-5.579674	-4.399800	3.970010	0.001246	0.469188
-5.759123	-4.336427	3.980006	0.001279	0.469188
-5.595375	-4.365481	3.990003	0.001249	0.469289
-5.429652	-4.362666	4.000000	0.001219	0.469505
-5.406506	-4.371857	4.009997	0.001215	0.469501
-5.494555	-4.343418	4.019994	0.001231	0.469491
-5.200159	-4.391518	4.029990	0.001178	0.469688
-5.121832	-4.386246	4.039987	0.001164	0.469803
-5.165257	-4.369929	4.049984	0.001172	0.469806
-5.151455	-4.375982	4.059981	0.001170	0.469802
-4.867723	-4.436705	4.069978	0.001118	0.469940
-4.787690	-4.437450	4.079974	0.001104	0.470037
-4.677489	-4.448161	4.089971	0.001084	0.470136
-4.857247	-4.386724	4.099968	0.001117	0.470128
-4.777787	-4.414884	4.109965	0.001103	0.470127
-4.726980	-4.432171	4.119962	0.001093	0.470129
-4.509224	-4.423647	4.129958	0.001054	0.470430
-4.576653	-4.400967	4.139955	0.001066	0.470425
-4.466800	-4.439344	4.149952	0.001047	0.470426
-4.585189	-4.397276	4.159949	0.001068	0.470426
-4.409535	-4.380824	4.169946	0.001036	0.470703
-4.295719	-4.407126	4.179942	0.001016	0.470751
-4.411787	-4.368408	4.189939	0.001037	0.470743
-4.428043	-4.328371	4.199936	0.001040	0.470863
-4.051918	-4.407261	4.209933	0.000972	0.471052
-4.031901	-4.412044	4.219930	0.000969	0.471060
-4.063982	-4.402967	4.229926	0.000975	0.471051
-3.937927	-4.429300	4.239923	0.000952	0.471114
-3.680221	-4.441798	4.249920	0.000905	0.471390
-3.563019	-4.482166	4.259917	0.000884	0.471393
-3.362586	-4.553612	4.269914	0.000848	0.471390
-2.881125	-4.750135	4.279910	0.000761	0.471294
-3.292234	-4.652027	4.289907	0.000836	0.471129
-3.138961	-4.728345	4.299904	0.000808	0.471049
-3.223695	-4.696956	4.309901	0.000823	0.471054
-3.153135	-4.663493	4.319898	0.000811	0.471259
-3.058986	-4.659732	4.329894	0.000794	0.471389
-2.916312	-4.710951	4.339891	0.000768	0.471385
-3.046017	-4.666998	4.349888	0.000792	0.471379
-2.991172	-4.685596	4.359885	0.000782	0.471380
-3.006645	-4.680570	4.369882	0.000785	0.471378
-2.964531	-4.693927	4.379878	0.000777	0.471383
-3.045457	-4.667346	4.389875	0.000792	0.471376
-2.850048	-4.714890	4.399872	0.000757	0.471450
-2.816547	-4.659824	4.409869	0.000751	0.471685
-2.748928	-4.683634	4.419866	0.000739	0.471685
-2.759679	-4.678832	4.429862	0.000741	0.471688
-2.825652	-4.655584	4.439859	0.000753	0.471687
-2.411883	-4.714122	4.449856	0.000678	0.471994
-2.496538	-4.682615	4.459853	0.000693	0.472000
-2.571613	-4.653874	4.469850	0.000707	0.472007
-2.518331	-4.673484	4.479846	0.000697	0.472004
-2.297147	-4.728286	4.489843	0.000658	0.472085
-2.292584	-4.666547	4.499840	0.000657	0.472307
-2.182309	-4.704283	4.509837	0.000637	0.472311
-2.308988	-4.657950	4.519834	0.000660	0.472316
-2.162592	-4.682989	4.529830	0.000634	0.472409
-1.988499	-4.678533	4.539827	0.000602	0.472640
-2.069942	-4.651154	4.549824	0.000617	0.472635
-1.958243	-4.687524	4.559821	0.000597	0.472644
-1.862122	-4.721747	4.569818	0.000580	0.472643
-1.855191	-4.646034	4.579814	0.000578	0.472917
-1.744056	-4.678514	4.589811	0.000558	0.472940
-1.672943	-4.703654	4.599808	0.000546	0.472939
-1.665638	-4.703614	4.609805	0.000544	0.472948
-1.614995	-4.644503	4.619802	0.000535	0.473218
-1.633456	-4.626840	4.629798	0.000539	0.473256
-1.600643	-4.637846	4.639795	0.000533	0.473258
-1.497914	-4.614112	4.649792	0.000514	0.473468
-1.522466	-4.574177	4.659789	0.000519	0.473577
-1.456877	-4.598250	4.669786	0.000507	0.473573
-1.300034	-4.582304	4.679782	0.000479	0.473822
-1.456475	-4.501560	4.689779	0.000507	0.473912
-1.265523	-4.553027	4.699776	0.000473	0.473967
-1.293282	-4.483431	4.709773	0.000478	0.474176
-1.197477	-4.518678	4.719770	0.000461	0.474170
-1.154951	-4.470631	4.729766	0.000453	0.474390
-1.117022	-4.453316	4.739763	0.000446	0.474497
-1.132675	-4.415436	4.749760	0.000449	0.474610
-1.079568	-4.382986	4.759757	0.000440	0.474789
-0.958403	-4.405484	4.769754	0.000418	0.474859
-0.966603	-4.328380	4.779750	0.000420	0.475118
-0.884476	-4.338254	4.789747	0.000405	0.475184
-0.845372	-4.285134	4.799744	0.000398	0.475418
-1.034449	-4.184020	4.809741	0.000432	0.475538
-0.919301	-4.168206	4.819738	0.000411	0.475734
-0.890879	-4.107552	4.829734	0.000406	0.475981
-0.857854	-4.075194	4.839731	0.000400	0.476134
-0.790889	-4.030069	4.849728	0.000388	0.476373
-0.753585	-3.979507	4.859725	0.000382	0.476595
-0.854777	-3.884908	4.869722	0.000400	0.476800
-0.850351	-3.819932	4.879718	0.000399	0.477031
-0.824259	-3.751053	4.889715	0.000395	0.477303
-0.801330	-3.673002	4.899712	0.000391	0.477602
-0.655053	-3.652429	4.909709	0.000364	0.477853
-0.617063	-3.597653	4.919706	0.000358	0.478089
-0.692723	-3.491008	4.929702	0.000371	0.478367
-0.617587	-3.434955	4.939699	0.000358	0.478653
-0.637812	-3.341080	4.949696	0.000362	0.478954
-0.571450	-3.299332	4.959693	0.000350	0.479179
-0.697150	-3.162623	4.969690	0.000372	0.479499
-0.613287	-3.100622	4.979686	0.000357	0.479816
-0.590123	-3.010366	4.989683	0.000353	0.480156
-0.539936	-2.927507	4.999680	0.000344	0.480504
-0.522276	-2.837316	5.009677	0.000341	0.480837
-0.461423	-2.756842	5.019674	0.000330	0.481189
-0.564980	-2.617515	5.029670	0.000349	0.481543
-0.430380	-2.547038	5.039667	0.000325	0.481950
-0.415531	-2.441728	5.049664	0.000322	0.482330
-0.473187	-2.309453	5.059661	0.000333	0.482716
-0.553594	-2.169854	5.069658	0.000347	0.483098
-0.466741	-2.054626	5.079654	0.000332	0.483599
-0.301046	-2.004450	5.089651	0.000302	0.483972
-0.346938	-1.882644	5.099648	0.000310	0.484334
-0.262580	-1.777577	5.109645	0.000295	0.484796
-0.297693	-1.645321	5.119642	0.000301	0.485206
-0.176795	-1.558263	5.129638	0.000280	0.485650
-0.212297	-1.413700	5.139635	0.000286	0.486101
-0.202201	-1.288466	5.149632	0.000284	0.486541
-0.150703	-1.163332	5.159629	0.000275	0.487030
-0.042186	-1.074584	5.169626	0.000256	0.487463
-0.090014	-0.908342	5.179622	0.000264	0.487972
-0.076201	-0.782752	5.189619	0.000262	0.488415
-0.099797	-0.624919	5.199616	0.000266	0.488924
-0.006669	-0.520283	5.209613	0.000250	0.489390
0.058903	-0.404667	5.219610	0.000238	0.489861
0.135629	-0.278708	5.229606	0.000224	0.490379
0.030385	-0.099511	5.239603	0.000243	0.490860
0.131957	0.027924	5.249600	0.000225	0.491412
0.000000	0.171657	5.259597	0.000249	0.491741

0.157353	0.249068	5.264602	0.000220	0.492190
0.152263	0.542394	5.269606	0.000221	0.493173
0.131520	0.963872	5.274611	0.000225	0.494567
0.203281	1.498645	5.279616	0.000212	0.496447
0.233263	2.171497	5.284621	0.000207	0.498730
0.372648	2.926942	5.289626	0.000181	0.501405
0.401308	3.846507	5.294630	0.000176	0.504479
0.450104	4.874361	5.299635	0.000167	0.507911
0.777791	5.911388	5.304640	0.000108	0.511670
0.704935	7.213964	5.309645	0.000121	0.515803
0.787239	8.547910	5.314650	0.000106	0.520178
0.819653	10.003812	5.319654	0.000100	0.524847
1.024819	11.498174	5.324659	0.000063	0.529786
1.054058	13.152323	5.329664	0.000058	0.534985
1.178802	14.860660	5.334669	0.000035	0.540403
1.452057	16.617787	5.339674	-0.000014	0.546076
1.259189	18.614575	5.344678	0.000020	0.551918
1.522325	20.543693	5.349683	-0.000027	0.557975
1.542536	22.622453	5.354688	-0.000031	0.564156
1.675692	24.748503	5.359693	-0.000055	0.570525
1.756140	26.971369	5.364698	-0.000070	0.577048
1.945270	29.228840	5.369702	-0.000104	0.583706
2.130802	31.556317	5.374707	-0.000138	0.590482
2.487910	33.903416	5.379712	-0.000203	0.597404
2.558543	36.402296	5.384717	-0.000216	0.604387
2.528034	39.001237	5.389722	-0.000210	0.611466
2.757207	41.567468	5.394726	-0.000252	0.618621
2.929902	44.208702	5.399731	-0.000283	0.625840
2.915283	46.975629	5.404736	-0.000281	0.633135
3.138281	49.698408	5.409741	-0.000321	0.640448
3.296005	52.490583	5.414746	-0.000350	0.647799
3.419505	55.355775	5.419750	-0.000373	0.655221
3.474463	58.270536	5.424755	-0.000383	0.662624
3.792116	61.148795	5.429760	-0.000440	0.670084
4.043499	64.093851	5.434765	-0.000486	0.677568
4.106093	67.122985	5.439770	-0.000498	0.685014
4.370003	70.122314	5.444774	-0.000545	0.692477
4.347493	73.247978	5.449779	-0.000542	0.699923
4.568852	76.311202	5.454784	-0.000582	0.707344
4.614332	79.475898	5.459789	-0.000590	0.714781
4.633604	82.642899	5.464794	-0.000594	0.722125
4.930046	85.757398	5.469798	-0.000648	0.729497
4.811419	89.024181	5.474803	-0.000627	0.736811
5.006040	92.204712	5.479808	-0.000662	0.744105
5.423786	95.328944	5.484813	-0.000738	0.751377
5.590910	98.554089	5.489818	-0.000768	0.758607
5.789738	101.778603	5.494822	-0.000804	0.765792
5.991520	105.027948	5.499827	-0.000841	0.772966
6.107171	108.297895	5.504832	-0.000862	0.780053
6.440036	111.519327	5.509837	-0.000923	0.787135
6.705028	114.763616	5.514842	-0.000971	0.794151
7.131630	117.960980	5.519846	-0.001048	0.801125
7.278839	121.272926	5.524851	-0.001075	0.808075
7.510758	124.558428	5.529856	-0.001117	0.814971
7.673325	127.867436	5.534861	-0.001147	0.821808
7.733454	131.220145	5.539866	-0.001158	0.828604
7.935038	134.516575	5.544870	-0.001194	0.835332
8.259513	137.770458	5.549875	-0.001253	0.842006
8.425257	141.073523	5.554880	-0.001283	0.848615
8.677289	144.366392	5.559885	-0.001329	0.855212
9.029486	147.611701	5.564890	-0.001393	0.861734
9.172184	150.933713	5.569894	-0.001419	0.868214
9.302666	154.263536	5.574899	-0.001443	0.874652
9.466982	157.556669	5.579904	-0.001473	0.880997
9.399325	160.940535	5.584909	-0.001461	0.887315
9.661095	164.211409	5.589914	-0.001508	0.893591
9.852120	167.476408	5.594918	-0.001543	0.899767
10.141359	170.738266	5.599923	-0.001596	0.905958
10.757264	173.879806	5.604928	-0.001707	0.912094
11.097341	177.119446	5.609933	-0.001769	0.918193
11.404823	180.362032	5.614938	-0.001825	0.924237
11.824267	183.561283	5.619942	-0.001901	0.930233
12.084906	186.833205	5.624947	-0.001948	0.936222
12.433753	190.063867	5.629952	-0.002011	0.942154
12.477510	193.390387	5.634957	-0.002020	0.948031
12.590011	196.701237	5.639962	-0.002040	0.953886
12.549417	200.017564	5.644966	-0.002033	0.959624
12.802598	203.255217	5.649971	-0.002079	0.965366
12.904025	206.530802	5.654976	-0.002098	0.971050
12.903741	209.825563	5.659981	-0.002098	0.976674
13.234061	213.014066	5.664986	-0.002158	0.982279
13.794447	216.115705	5.669990	-0.002259	0.987840
14.077168	219.334591	5.674995	-0.002311	0.993405
14.213061	222.589127	5.680000	-0.002335	0.998913
14.466430	225.773879	5.685005	-0.002381	1.004344
14.687228	228.994601	5.690010	-0.002421	1.009785
14.860206	232.207328	5.695014	-0.002453	1.015158
15.071812	235.409584	5.700019	-0.002491	1.020506
15.416888	238.566225	5.705024	-0.002554	1.025828
15.396707	241.833707	5.710029	-0.002551	1.031097
15.997924	244.891149	5.715034	-0.002659	1.036346
16.176530	248.095784	5.720038	-0.002692	1.041572
16.705907	251.171711	5.725043	-0.002788	1.046758
17.207051	254.294609	5.730048	-0.002879	1.051978
17.424685	257.477950	5.735053	-0.002918	1.057114
17.661524	260.684446	5.740058	-0.002961	1.062271
18.135184	263.783706	5.745062	-0.003047	1.067363
18.348665	266.988461	5.750067	-0.003086	1.072455
18.662893	270.142474	5.755072	-0.003143	1.077499
18.678781	273.379775	5.760077	-0.003146	1.082489
19.053986	276.504874	5.765082	-0.003214	1.087473
19.198655	279.717935	5.770086	-0.003240	1.092448
19.305471	282.901477	5.775091	-0.003260	1.097336
19.492037	286.090511	5.780096	-0.003294	1.102252
19.737091	289.226324	5.785101	-0.003338	1.107097
19.928333	292.397262	5.790106	-0.003373	1.111945
20.121374	295.542946	5.795110	-0.003408	1.116735
20.170579	298.727939	5.800115	-0.003417	1.121490
20.425285	301.860331	5.805120	-0.003464	1.126251
20.491847	305.052496	5.810125	-0.003476	1.130985
20.850943	308.124156	5.815130	-0.003541	1.135670
21.040624	311.275656	5.820134	-0.003576	1.140367
21.198043	314.411745	5.825139	-0.003604	1.145006
21.366258	317.565641	5.830144	-0.003635	1.149658
21.710130	320.649293	5.835149	-0.003697	1.154276
22.113171	323.690338	5.840154	-0.003770	1.158844
22.617011	326.727925	5.845158	-0.003862	1.163439
22.867719	329.845537	5.850163	-0.003907	1.168006
23.110375	332.987095	5.855168	-0.003951	1.172584
23.398771	336.085284	5.860173	-0.004004	1.177106
23.535780	339.234746	5.865178	-0.004029	1.181610
23.991352	342.290432	5.870182	-0.004111	1.186118
24.120282	345.450944	5.875187	-0.004135	1.190599
24.289500	348.581431	5.880192	-0.004165	1.195040
24.643260	351.647389	5.885197	-0.004230	1.199464
24.723726	354.819564	5.890202	-0.004244	1.203888
25.026246	357.908821	5.895206	-0.004299	1.208287
25.145186	361.060798	5.900211	-0.004321	1.212669
25.233238	364.196211	5.905216	-0.004337	1.216999
25.583059	367.266048	5.910221	-0.004401	1.221346
25.751478	370.385388	5.915226	-0.004431	1.225660
25.907744	373.521152	5.920230	-0.004460	1.229976
26.130239	376.613889	5.925235	-0.004500	1.234249
26.287284	379.721144	5.930240	-0.004529	1.238497
26.689833	382.753416	5.935245	-0.004602	1.242742
26.697060	385.925778	5.940250	-0.004603	1.246979
26.928522	389.002621	5.945254	-0.004645	1.251177
26.987944	392.138388	5.950259	-0.004656	1.255361
27.199706	395.217926	5.955264	-0.004695	1.259526
27.335368	398.332625	5.960269	-0.004719	1.263689
27.591603	401.400861	5.965274	-0.004766	1.267831
28.158823	404.378751	5.970278	-0.004869	1.271980
28.391483	407.440616	5.975283	-0.004911	1.276076
28.595020	410.552123	5.980288	-0.004948	1.280211
28.635878	413.681898	5.985293	-0.004956	1.284284
28.996139	416.736420	5.990298	-0.005021	1.288388
29.367162	419.778295	5.995302	-0.005088	1.292466
29.433139	422.916073	6.000307	-0.005100	1.296522
29.685191	425.989267	6.005312	-0.005146	1.300564
29.568921	429.181031	6.010317	-0.005125	1.304585
30.016026	432.189545	6.015322	-0.005206	1.308603
29.806617	435.417304	6.020326	-0.005169	1.312605
30.044993	438.456022	6.025331	-0.005212	1.316547
30.285888	441.519538	6.030336	-0.005256	1.320511
30.286810	444.633808	6.035341	-0.005256	1.324423
30.750225	447.621697	6.040346	-0.005340	1.328363
30.710763	450.776775	6.045350	-0.005333	1.332286
30.973820	453.794885	6.050355	-0.005381	1.336155
31.106009	456.885501	6.055360	-0.005405	1.340048
31.101637	460.007371	6.060365	-0.005404	1.343911
31.200523	463.105762	6.065370	-0.005423	1.347777
31.480446	466.139958	6.070374	-0.005473	1.351629
31.581130	469.191626	6.075379	-0.005492	1.355416
31.809445	472.257004	6.080384	-0.005533	1.359262
31.634298	475.424880	6.085389	-0.005502	1.363056
31.963441	478.428403	6.090394	-0.005562	1.366848
32.309164	481.436314	6.095398	-0.005624	1.370640
32.510004	484.488783	6.100403	-0.005661	1.374417
32.601646	487.587061	6.105408	-0.005678	1.378194
32.921065	490.603949	6.110413	-0.005735	1.381956
33.075717	493.668175	6.115418	-0.005764	1.385697
33.255870	496.755738	6.120422	-0.005796	1.389467
33.727227	499.710441	6.125427	-0.005882	1.393185
33.920410	502.791386	6.130432	-0.005917	1.396931
34.098651	505.863092	6.135437	-0.005949	1.400650
34.402898	508.883863	6.140442	-0.006005	1.404350
34.287883	512.068307	6.145446	-0.005984	1.408066
34.433148	515.134759	6.150451	-0.006010	1.411737
34.702215	518.152030	6.155456	-0.006059	1.415389
35.146743	521.150216	6.160461	-0.006140	1.419079
35.405345	524.193019	6.165466	-0.006187	1.422738
35.863012	527.192521	6.170470	-0.006270	1.426416
36.263136	530.200417	6.175475	-0.006342	1.430071
36.278999	533.335893	6.180480	-0.006345	1.433714
36.372746	536.434496	6.185485	-0.006363	1.437336
36.508083	539.512252	6.190490	-0.006387	1.440941
36.569695	542.617783	6.195494	-0.006399	1.444540
36.922701	545.639198	6.200499	-0.006463	1.448147
36.943122	548.759104	6.205504	-0.006466	1.451729
37.107027	551.823166	6.210509	-0.006496	1.455293
37.157192	554.911898	6.215514	-0.006506	1.458834
37.141570	558.035109	6.220518	-0.006503	1.462380
37.394228	561.053828	6.225523	-0.006549	1.465901
37.264175	564.196754	6.230528	-0.006526	1.469408
37.603714	567.183253	6.235533	-0.006587	1.472909
37.878901	570.185893	6.240538	-0.006637	1.476395
38.025804	573.235626	6.245542	-0.006664	1.479877
38.034891	576.343258	6.250547	-0.006666	1.483365
38.343837	579.336647	6.255552	-0.006722	1.486829
38.525500	582.392333	6.260557	-0.006755	1.490306
38.599025	585.459308	6.265562	-0.006768	1.493748
38.810329	588.494834	6.270566	-0.006807	1.497198
39.324718	591.436687	6.275571	-0.006900	1.500649
39.446032	594.505211	6.280576	-0.006922	1.504086
39.648290	597.569341	6.285581	-0.006959	1.507541
39.871322	600.626918	6.290586	-0.006999	1.510988
40.106475	603.616325	6.295590	-0.007042	1.514357
40.443234	606.653199	6.300595	-0.007103	1.517807
40.386989	609.788066	6.305600	-0.007093	1.521213
40.669959	612.795363	6.310605	-0.007145	1.524596
41.053405	615.795526	6.315610	-0.007214	1.528000
41.296988	618.846477	6.320614	-0.007258	1.531401
41.345964	621.946987	6.325619	-0.007267	1.534778
41.617257	624.972990	6.330624	-0.007317	1.538147
41.648602	628.083434	6.335629	-0.007323	1.541513
41.758738	631.157690	6.340634	-0.007343	1.544861
41.830118	634.228668	6.345638	-0.007356	1.548185
41.955613	637.313179	6.350643	-0.007379	1.551535
42.139466	640.310756	6.355648	-0.007412	1.554806
42.158274	643.396235	6.360653	-0.007416	1.558105
42.161614	646.499301	6.365658	-0.007417	1.561410
42.216621	649.540097	6.370662	-0.007427	1.564660
42.399276	652.580222	6.375667	-0.007460	1.567949
42.665236	655.595431	6.380672	-0.007508	1.571233
42.678828	658.652736	6.385677	-0.007511	1.574466
42.938355	661.658282	6.390682	-0.007558	1.577724
42.825840	664.787932	6.395686	-0.007538	1.580975
43.123697	667.757511	6.400691	-0.007592	1.584196
43.280684	670.808329	6.405696	-0.007621	1.587445
43.456166	673.849212	6.410701	-0.007652	1.590685
43.891904	676.757122	6.415706	-0.007731	1.593869
44.084018	679.816495	6.420710	-0.007766	1.597120
44.250765	682.869942	6.425715	-0.007797	1.600349
44.409651	685.900960	6.430720	-0.007826	1.603546
44.456351	689.005651	6.435725	-0.007834	1.606774
44.657411	692.039460	6.440730	-0.007871	1.609976
44.731454	695.087703	6.445734	-0.007884	1.613142
44.812187	698.167577	6.450739	-0.007899	1.616337
45.007459	701.190774	6.455744	-0.007935	1.619507
45.415341	704.148726	6.460749	-0.008009	1.622676
45.633500	707.186600	6.465754	-0.008048	1.625855
45.933853	710.199508	6.470758	-0.008103	1.629031
46.103324	713.258573	6.475763	-0.008134	1.632204
46.202108	716.329334	6.480768	-0.008152	1.635359
46.330371	719.360909	6.485773	-0.008175	1.638477
46.412272	722.438108	6.490778	-0.008190	1.641620
46.602488	725.464979	6.495782	-0.008225	1.644743
46.755903	728.513197	6.500787	-0.008253	1.647869
46.648293	731.636684	6.505792	-0.008233	1.650978
46.711486	734.676624	6.510797	-0.008245	1.654053
46.851485	737.698724	6.515802	-0.008271	1.657131
47.053783	740.727477	6.520806	-0.008307	1.660230
47.041427	743.792710	6.525811	-0.008305	1.663289
47.134139	746.842304	6.530816	-0.008322	1.666362
47.240175	749.896804	6.535821	-0.008342	1.669438
47.365957	752.894838	6.540826	-0.008365	1.672458
47.362020	755.974483	6.545830	-0.008364	1.675512
47.712617	758.921645	6.550835	-0.008428	1.678545
47.804470	761.960170	6.555840	-0.008445	1.681578
48.168681	764.938405	6.560845	-0.008511	1.684635
48.335421	767.985605	6.565850	-0.008541	1.687690
48.719603	770.951924	6.570854	-0.008611	1.690730
48.955638	773.973864	6.575859	-0.008653	1.693772
49.185989	776.995157	6.580864	-0.008695	1.696806
49.308277	780.079874	6.585869	-0.008718	1.699861
49.376937	783.132362	6.590874	-0.008730	1.702862
49.579987	786.160755	6.595878	-0.008767	1.705878
49.986674	789.147493	6.600883	-0.008841	1.708913
50.175696	792.167444	6.605888	-0.008875	1.711905
50.240244	795.253151	6.610893	-0.008887	1.714916
50.541831	798.240298	6.615898	-0.008942	1.717901
50.429714	801.367721	6.620902	-0.008922	1.720886
50.617538	804.409261	6.625907	-0.008956	1.723877
50.596997	807.489693	6.630912	-0.008953	1.726835
50.939622	810.465077	6.635917	-0.009015	1.729802
51.127359	813.477845	6.640922	-0.009049	1.732751
51.284396	816.501729	6.645926	-0.009077	1.735695
51.207975	819.627019	6.650931	-0.009064	1.738658
51.492282	822.602744	6.655936	-0.009115	1.741587
51.646404	825.647265	6.660941	-0.009143	1.744535
51.711428	828.710199	6.665946	-0.009155	1.747468
51.971454	831.709221	6.670950	-0.009203	1.750396
52.260382	834.666221	6.675955	-0.009255	1.753288
52.603796	837.664098	6.680960	-0.009317	1.756232
52.931020	840.651062	6.685965	-0.009377	1.759154
53.136693	843.699648	6.690970	-0.009414	1.762093
53.215926	846.781473	6.695974	-0.009429	1.765019
53.515677	849.783741	6.700979	-0.009483	1.767933
53.706491	852.831692	6.705984	-0.009518	1.770851
53.730443	855.900434	6.710989	-0.009522	1.773733
53.763124	858.987861	6.715994	-0.009528	1.776631
54.086778	861.975067	6.720998	-0.009587	1.779519
54.075385	865.037951	6.726003	-0.009585	1.782371
54.362017	868.070167	6.731008	-0.009637	1.785280
54.483949	871.097345	6.736013	-0.009660	1.788130
54.752556	874.102356	6.741018	-0.009708	1.790999
54.936010	877.116259	6.746022	-0.009742	1.793847
55.082754	880.137108	6.751027	-0.009768	1.796684
55.221655	883.204142	6.756032	-0.009794	1.799558
55.353920	886.212589	6.761037	-0.009818	1.802371
55.597626	889.238148	6.766042	-0.009862	1.805229
55.999095	892.215127	6.771046	-0.009935	1.808085
56.240754	895.219109	6.776051	-0.009979	1.810913
56.733208	898.181084	6.781056	-0.010068	1.813774
56.774397	901.252571	6.786061	-0.010076	1.816595
56.836362	904.362459	6.791066	-0.010087	1.819453
56.820787	907.435048	6.796070	-0.010084	1.822250
56.960354	910.485977	6.801075	-0.010110	1.825069
57.215432	913.494282	6.806080	-0.010156	1.827879
57.433215	916.499912	6.811085	-0.010196	1.830671
57.461703	919.550546	6.816090	-0.010201	1.833443
57.614008	922.578454	6.821094	-0.010229	1.836228
57.825139	925.601421	6.826099	-0.010267	1.839021
57.830361	928.656122	6.831104	-0.010268	1.841777
58.231497	931.636732	6.836109	-0.010341	1.844579
58.188564	934.719316	6.841114	-0.010334	1.847339
58.471789	937.715393	6.846118	-0.010385	1.850112
58.500865	940.763745	6.851123	-0.010390	1.852853
58.700494	943.786157	6.856128	-0.010427	1.855617
58.716552	946.879834	6.861133	-0.010430	1.858388
58.804487	949.897564	6.866138	-0.010446	1.861107
59.274054	952.840539	6.871142	-0.010531	1.863866
59.525652	955.838401	6.876147	-0.010577	1.866606
59.693978	958.892290	6.881152	-0.010607	1.869369
60.225742	961.773037	6.886157	-0.010704	1.872078
60.136841	964.920261	6.891162	-0.010688	1.874841
60.373991	967.917257	6.896166	-0.010731	1.877560
60.499189	970.978736	6.901171	-0.010754	1.880301
60.745873	973.966079	6.906176	-0.010799	1.883007
60.873954	977.025918	6.911181	-0.010822	1.885739
60.879327	980.123806	6.916186	-0.010823	1.888465
61.248811	983.060603	6.921190	-0.010890	1.891150
61.322010	986.138866	6.926195	-0.010904	1.893870
61.502022	989.139946	6.931200	-0.010936	1.896550
61.632578	992.209252	6.936205	-0.010960	1.899271
61.760499	995.205910	6.941210	-0.010983	1.901924
61.791008	998.300665	6.946214	-0.010989	1.904632
61.919632	1001.337628	6.951219	-0.011013	1.907313
61.970723	1004.366463	6.956224	-0.011022	1.909961
62.041848	1007.385326	6.961229	-0.011035	1.912603
62.222137	1010.386470	6.966234	-0.011068	1.915256
62.295946	1013.437998	6.971238	-0.011081	1.917920
62.532058	1016.419014	6.976243	-0.011124	1.920564
62.469428	1019.527659	6.981248	-0.011113	1.923231
62.682789	1022.508233	6.986253	-0.011152	1.925861
63.008405	1025.506130	6.991258	-0.011211	1.928533
63.138163	1028.480019	6.996262	-0.011235	1.931127
63.376760	1031.520368	7.001267	-0.011278	1.933805
63.542311	1034.522153	7.006272	-0.011308	1.936425
63.792448	1037.556284	7.011277	-0.011354	1.939093
63.789756	1040.605893	7.016282	-0.011353	1.941701
63.976148	1043.657032	7.021286	-0.011387	1.944358
64.306585	1046.613342	7.026291	-0.011447	1.946971
64.586454	1049.627322	7.031296	-0.011498	1.949615
64.805015	1052.628022	7.036301	-0.011538	1.952228
65.080325	1055.629692	7.041306	-0.011588	1.954853
65.407512	1058.615195	7.046310	-0.011647	1.957476
65.510247	1061.665274	7.051315	-0.011666	1.960088
65.814139	1064.681031	7.056320	-0.011721	1.962723
66.089339	1067.664957	7.061325	-0.011771	1.965319
66.309847	1070.714432	7.066330	-0.011811	1.967952
66.524897	1073.719093	7.071334	-0.011850	1.970543
66.556475	1076.814217	7.076339	-0.011856	1.973156
66.607826	1079.879055	7.081344	-0.011865	1.975746
67.049717	1082.839911	7.086349	-0.011946	1.978351
67.228808	1085.841180	7.091354	-0.011978	1.980915
67.145220	1088.989839	7.096358	-0.011963	1.983529
67.276624	1091.983991	7.101363	-0.011987	1.986067
67.508511	1095.011001	7.106368	-0.012029	1.988657
67.729878	1097.978228	7.111373	-0.012070	1.991191
68.073217	1100.963726	7.116378	-0.012132	1.993769
68.123476	1104.025577	7.121382	-0.012141	1.996330
68.487453	1106.993931	7.126387	-0.012207	1.998893
68.810292	1109.989832	7.131392	-0.012266	2.001464
69.054823	1113.035762	7.136397	-0.012310	2.004053
68.940327	1116.129682	7.141402	-0.012290	2.006583
69.213353	1119.149590	7.146406	-0.012339	2.009151
69.314676	1122.162012	7.151411	-0.012358	2.011664
69.716891	1125.137384	7.156416	-0.012431	2.014223
69.883858	1128.195947	7.161421	-0.012461	2.016786
69.838553	1131.271618	7.166426	-0.012453	2.019303
70.101165	1134.268523	7.171430	-0.012501	2.021833
70.086398	1137.352963	7.176435	-0.012498	2.024359
70.262150	1140.372412	7.181440	-0.012530	2.026879
70.705401	1143.305184	7.186445	-0.012610	2.029394
71.089544	1146.237962	7.191450	-0.012680	2.031891
71.397224	1149.255219	7.196454	-0.012736	2.034434
71.643376	1152.281487	7.201459	-0.012781	2.036965
71.838888	1155.312647	7.206464	-0.012816	2.039483
72.036345	1158.383734	7.211469	-0.012852	2.042032
72.087124	1161.424153	7.216474	-0.012861	2.044514
72.279002	1164.461472	7.221478	-0.012896	2.047027
72.452339	1167.479231	7.226483	-0.012928	2.049517
72.518534	1170.512862	7.231488	-0.012940	2.051988
72.903288	1173.495367	7.236493	-0.013010	2.054498
73.135062	1176.488424	7.241498	-0.013052	2.056973
73.492757	1179.482547	7.246502	-0.013117	2.059479
73.636063	1182.546373	7.251507	-0.013143	2.061982
73.647222	1185.617369	7.256512	-0.013145	2.064455
73.913769	1188.641403	7.261517	-0.013194	2.066952
74.113350	1191.629587	7.266522	-0.013230	2.069400
74.173715	1194.675389	7.271526	-0.013241	2.071856
74.387315	1197.700369	7.276531	-0.013280	2.074332
74.400223	1200.754899	7.281536	-0.013282	2.076777
74.721114	1203.733073	7.286541	-0.013341	2.079236
74.811403	1206.775985	7.291546	-0.013357	2.081686
74.914807	1209.824054	7.296550	-0.013376	2.084140
75.120113	1212.835012	7.301555	-0.013413	2.086588
75.399359	1215.804161	7.306560	-0.013464	2.089018
75.443616	1218.866162	7.311565	-0.013472	2.091459
75.446604	1221.934795	7.316570	-0.013473	2.093893
75.569393	1224.947548	7.321574	-0.013495	2.096310
75.899309	1227.933387	7.326579	-0.013555	2.098754
75.964475	1230.959666	7.331584	-0.013567	2.101162
76.036970	1234.028493	7.336589	-0.013580	2.103602
76.538806	1236.938104	7.341594	-0.013671	2.106021
76.686180	1239.975969	7.346598	-0.013698	2.108449
76.845230	1242.967052	7.351603	-0.013727	2.110841
76.825878	1246.056194	7.356608	-0.013724	2.113263
77.330694	1248.958691	7.361613	-0.013815	2.115666
77.428268	1252.034305	7.366618	-0.013833	2.118100
77.828415	1254.958663	7.371622	-0.013906	2.120489
77.752239	1258.101288	7.376627	-0.013892	2.122927
77.981339	1261.084903	7.381632	-0.013934	2.125314
78.183362	1264.131187	7.386637	-0.013971	2.127741
78.387790	1267.101332	7.391642	-0.014008	2.130106
78.349526	1270.215858	7.396646	-0.014001	2.132521
78.506337	1273.203266	7.401651	-0.014030	2.134882
78.770840	1276.238730	7.406656	-0.014078	2.137304
78.847804	1279.231809	7.411661	-0.014092	2.139645
79.047222	1282.280104	7.416666	-0.014128	2.142056
79.336497	1285.246528	7.421670	-0.014180	2.144423
79.450034	1288.299807	7.426675	-0.014201	2.146811
79.600330	1291.296035	7.431680	-0.014229	2.149162
79.697931	1294.327997	7.436685	-0.014246	2.151525
79.815719	1297.342803	7.441690	-0.014268	2.153877
80.060432	1300.358361	7.446694	-0.014312	2.156258
80.056801	1303.412432	7.451699	-0.014312	2.158605
80.412033	1306.377111	7.456704	-0.014376	2.160968
80.696392	1309.379303	7.461709	-0.014428	2.163340
80.844281	1312.397260	7.466714	-0.014455	2.165689
80.878295	1315.484945	7.471718	-0.014461	2.168061
80.985858	1318.472872	7.476723	-0.014481	2.170372
81.060244	1321.552755	7.481728	-0.014495	2.172743
81.297425	1324.514734	7.486733	-0.014538	2.175060
81.185129	1327.635358	7.491738	-0.014518	2.177412
81.308320	1330.610757	7.496742	-0.014540	2.179707
81.373773	1333.685894	7.501747	-0.014552	2.182062
81.650023	1336.626550	7.506752	-0.014602	2.184362
81.783543	1339.678563	7.511757	-0.014627	2.186710
81.787836	1342.684410	7.516762	-0.014628	2.188991
81.873195	1345.720571	7.521766	-0.014643	2.191311
82.138530	1348.679881	7.526771	-0.014691	2.193613
82.430760	1351.647648	7.531776	-0.014744	2.195925
82.657222	1354.673201	7.536781	-0.014786	2.198263
82.726432	1357.681106	7.541786	-0.014798	2.200548
83.085853	1360.692577	7.546790	-0.014863	2.202901
83.250764	1363.689852	7.551795	-0.014893	2.205196
83.190530	1366.812458	7.556800	-0.014883	2.207530
83.354096	1369.773966	7.561805	-0.014913	2.209792
83.558568	1372.806986	7.566810	-0.014950	2.212116
83.629694	1375.816195	7.571814	-0.014963	2.214388
83.630549	1378.915976	7.576819	-0.014963	2.216709
83.644115	1381.934225	7.581824	-0.014966	2.218970
83.899707	1384.920134	7.586829	-0.015012	2.221260
83.900557	1387.959043	7.591834	-0.015013	2.223529
83.952031	1391.014582	7.596838	-0.015022	2.225819
84.204475	1393.964268	7.601843	-0.015068	2.228075
84.175879	1396.996100	7.606848	-0.015063	2.230324
84.384058	1400.010316	7.611853	-0.015101	2.232613
84.430704	1403.030541	7.616858	-0.015109	2.234867
84.638057	1406.035551	7.621862	-0.015147	2.237144
84.798941	1409.003197	7.626867	-0.015176	2.239380
84.839233	1412.086536	7.631872	-0.015184	2.241672
84.982972	1415.062292	7.636877	-0.015210	2.243906
85.034708	1418.132070	7.641882	-0.015220	2.246186
85.240328	1421.093636	7.646886	-0.015257	2.248420
85.292731	1424.139154	7.651891	-0.015267	2.250677
85.439631	1427.152222	7.656896	-0.015294	2.252930
85.414819	1430.186103	7.661901	-0.015289	2.255157
85.594074	1433.203946	7.666906	-0.015322	2.257417
85.607042	1436.218512	7.671910	-0.015324	2.259634
85.934391	1439.210549	7.676915	-0.015384	2.261904
86.050455	1442.231516	7.681920	-0.015405	2.264144
86.159067	1445.269787	7.686925	-0.015425	2.266394
86.435990	1448.227294	7.691930	-0.015475	2.268620
86.573082	1451.246182	7.696934	-0.015500	2.270857
86.511448	1454.303441	7.701939	-0.015489	2.273075
86.678811	1457.310631	7.706944	-0.015520	2.275306
86.720303	1460.325793	7.711949	-0.015527	2.277513
86.853766	1463.325906	7.716954	-0.015552	2.279727
86.848175	1466.400643	7.721958	-0.015551	2.281961
86.820753	1469.419160	7.726963	-0.015546	2.284148
87.021988	1472.448715	7.731968	-0.015583	2.286392
87.161539	1475.375947	7.736973	-0.015608	2.288546
87.212931	1478.447329	7.741978	-0.015618	2.290783
87.178139	1481.494451	7.746982	-0.015612	2.292980
87.316485	1484.472997	7.751987	-0.015637	2.295164
87.544628	1487.481376	7.756992	-0.015678	2.297388
87.593997	1490.465588	7.761997	-0.015687	2.299553
87.726988	1493.508240	7.767002	-0.015712	2.301776
87.909698	1496.496684	7.772006	-0.015745	2.303969
87.869522	1499.572533	7.777011	-0.015738	2.306173
87.884413	1502.571733	7.782016	-0.015741	2.308333
87.908067	1505.607573	7.787021	-0.015745	2.310518
87.895076	1508.646942	7.792026	-0.015743	2.312696
88.279767	1511.576271	7.797030	-0.015813	2.314881
88.299611	1514.606255	7.802035	-0.015817	2.317055
88.424422	1517.607598	7.807040	-0.015839	2.319230
88.487582	1520.651794	7.812045	-0.015851	2.321420
88.790573	1523.595675	7.817050	-0.015906	2.323589
88.998795	1526.647818	7.822054	-0.015944	2.325813
88.998144	1529.650097	7.827059	-0.015944	2.327953
89.296754	1532.627239	7.832064	-0.015998	2.330138
89.327458	1535.692421	7.837069	-0.016004	2.332326
89.525200	1538.674151	7.842074	-0.016040	2.334488
89.549898	1541.756181	7.847078	-0.016044	2.336682
89.572865	1544.745675	7.852083	-0.016049	2.338808
89.815048	1547.759721	7.857088	-0.016093	2.340997
89.883056	1550.785475	7.862093	-0.016105	2.343155
89.991126	1553.813433	7.867098	-0.016125	2.345320
90.205884	1556.786052	7.872102	-0.016164	2.347468
90.253557	1559.788706	7.877107	-0.016173	2.349599
90.323715	1562.847185	7.882112	-0.016186	2.351772
90.760307	1565.746631	7.887117	-0.016265	2.353910
90.875803	1568.812426	7.892122	-0.016286	2.356094
90.902732	1571.827718	7.897126	-0.016291	2.358222
90.942065	1574.884815	7.902131	-0.016298	2.360379
91.151271	1577.882632	7.907136	-0.016336	2.362530
91.188366	1580.919786	7.912141	-0.016343	2.364669
91.288835	1583.939392	7.917146	-0.016362	2.366807
91.227180	1586.957485	7.922150	-0.016351	2.368908
91.527780	1589.961899	7.927155	-0.016405	2.371074
91.589698	1592.950474	7.932160	-0.016417	2.373177
91.833953	1595.965502	7.937165	-0.016461	2.375335
91.921673	1598.974221	7.942170	-0.016477	2.377454
91.951857	1602.026781	7.947174	-0.016483	2.379589
91.994001	1605.076195	7.952179	-0.016491	2.381722
92.250667	1608.030682	7.957184	-0.016537	2.383833
92.431012	1611.069621	7.962189	-0.016570	2.385984
92.351209	1614.062306	7.967194	-0.016556	2.388047
92.533552	1617.072170	7.972198	-0.016589	2.390175
92.601435	1620.105117	7.977203	-0.016602	2.392292
92.883508	1623.059155	7.982208	-0.016653	2.394399
92.919732	1626.127280	7.987213	-0.016660	2.396531
93.080716	1629.109054	7.992218	-0.016689	2.398627
93.187856	1632.163715	7.997222	-0.016708	2.400761
93.268950	1635.156254	8.002227	-0.016723	2.402844
93.669354	1638.123567	8.007232	-0.016796	2.404975
93.566929	1641.190988	8.012237	-0.016778	2.407068
93.727852	1644.188496	8.017242	-0.016807	2.409166
93.702058	1647.260547	8.022246	-0.016802	2.411274
93.865867	1650.220057	8.027251	-0.016832	2.413343
93.956668	1653.292622	8.032256	-0.016849	2.415472
94.094233	1656.266318	8.037261	-0.016874	2.417542
94.153063	1659.306436	8.042266	-0.016885	2.419638
94.319773	1662.309560	8.047270	-0.016915	2.421730
94.399593	1665.327631	8.052275	-0.016930	2.423813
94.449719	1668.406912	8.057280	-0.016939	2.425929
94.563554	1671.303383	8.062285	-0.016960	2.427932
94.694701	1674.351201	8.067290	-0.016984	2.430040
94.843682	1677.342962	8.072294	-0.017011	2.432111
94.977497	1680.341026	8.077299	-0.017035	2.434182
95.217300	1683.365708	8.082304	-0.017079	2.436292
95.243563	1686.378279	8.087309	-0.017084	2.438347
95.355274	1689.412960	8.092314	-0.017104	2.440433
95.473098	1692.420610	8.097318	-0.017126	2.442500
95.445209	1695.470210	8.102323	-0.017121	2.444564
95.677948	1698.435994	8.107328	-0.017163	2.446622
95.661224	1701.464536	8.112333	-0.017160	2.448671
95.795093	1704.491042	8.117338	-0.017185	2.450747
96.105224	1707.419910	8.122342	-0.017241	2.452791
96.183954	1710.502072	8.127347	-0.017255	2.454890
96.272418	1713.508791	8.132352	-0.017272	2.456938
96.519322	1716.471726	8.137357	-0.017316	2.458988
96.335148	1719.600787	8.142362	-0.017283	2.461059
96.420838	1722.607191	8.147366	-0.017299	2.463102
96.502582	1725.637506	8.152371	-0.017314	2.465157
96.690940	1728.572197	8.157376	-0.017348	2.467169
96.877417	1731.557812	8.162381	-0.017382	2.469213
96.930092	1734.598732	8.167386	-0.017392	2.471264
97.137737	1737.586547	8.172390	-0.017430	2.473310
97.261990	1740.628201	8.177395	-0.017452	2.475374
97.543479	1743.548020	8.182400	-0.017503	2.477386
97.606684	1746.626298	8.187405	-0.017515	2.479458
97.667906	1749.658716	8.192410	-0.017526	2.481498
97.822679	1752.675493	8.197414	-0.017555	2.483544
97.718849	1755.775132	8.202419	-0.017536	2.485592
97.799100	1758.696744	8.207424	-0.017551	2.487556
98.017164	1761.741116	8.212429	-0.017590	2.489628
98.294072	1764.688058	8.217434	-0.017641	2.491646
98.151203	1767.789746	8.222438	-0.017615	2.493680
98.437107	1770.776561	8.227443	-0.017667	2.495723
98.373485	1773.773561	8.232448	-0.017656	2.497700
98.539749	1776.806103	8.237453	-0.017686	2.499746
98.692314	1779.797979	8.242458	-0.017714	2.501760
98.866652	1782.809351	8.247462	-0.017745	2.503790
98.819605	1785.902063	8.252467	-0.017737	2.505828
98.974309	1788.808672	8.257472	-0.017765	2.507781
99.133145	1791.865932	8.262477	-0.017794	2.509833
99.273489	1794.829630	8.267482	-0.017820	2.511818
99.339755	1797.870039	8.272486	-0.017832	2.513837
99.469065	1800.904651	8.277491	-0.017856	2.515864
99.539896	1803.881562	8.282496	-0.017869	2.517839
99.815037	1806.898702	8.287501	-0.017919	2.519879
99.855067	1809.922205	8.292506	-0.017926	2.521876
99.945962	1812.939045	8.297510	-0.017943	2.523876
100.142284	1815.940027	8.302515	-0.017978	2.525885
100.100681	1818.950286	8.307520	-0.017971	2.527853
100.261593	1821.971030	8.312525	-0.018000	2.529865
100.381579	1824.988149	8.317530	-0.018022	2.531865
100.265880	1828.042011	8.322534	-0.018002	2.533841
100.421486	1831.067848	8.327539	-0.018030	2.535851
100.444998	1834.046796	8.332544	-0.018034	2.537802
100.542915	1837.081585	8.337549	-0.018052	2.539803
100.674138	1840.096401	8.342554	-0.018076	2.541796
100.774901	1843.093525	8.347558	-0.018095	2.543770
100.744789	1846.135971	8.352563	-0.018089	2.545747
100.893784	1849.084791	8.357568	-0.018116	2.547695
100.973204	1852.105681	8.362573	-0.018131	2.549676
101.070507	1855.113760	8.367578	-0.018149	2.551650
101.293267	1858.090598	8.372582	-0.018189	2.553627
101.399679	1861.129581	8.377587	-0.018209	2.555620
101.447805	1864.142378	8.382592	-0.018218	2.557583
101.564548	1867.167162	8.387597	-0.018239	2.559566
101.835737	1870.122474	8.392602	-0.018288	2.561531
101.957082	1873.161524	8.397606	-0.018310	2.563521
102.136840	1876.157070	8.402611	-0.018343	2.565492
102.196798	1879.165305	8.407616	-0.018354	2.567447
102.434336	1882.171102	8.412621	-0.018397	2.569433
102.531331	1885.188727	8.417626	-0.018415	2.571398
102.586967	1888.231430	8.422630	-0.018425	2.573370
102.764675	1891.253979	8.427635	-0.018458	2.575350
102.891294	1894.215502	8.432640	-0.018481	2.577280
102.885864	1897.291181	8.437645	-0.018480	2.579257
103.000061	1900.319062	8.442650	-0.018501	2.581224
103.203175	1903.300491	8.447654	-0.018538	2.583177
103.257013	1906.364397	8.452659	-0.018548	2.585153
103.442289	1909.422313	8.457664	-0.018581	2.587149
103.487025	1912.441030	8.462669	-0.018590	2.589091
103.650846	1915.418134	8.467674	-0.018619	2.591028
103.822605	1918.361726	8.472678	-0.018651	2.592943
103.744584	1921.452044	8.477683	-0.018637	2.594903
103.902517	1924.380291	8.482688	-0.018666	2.596804
103.858757	1927.457177	8.487693	-0.018658	2.598759
103.979020	1930.430922	8.492698	-0.018680	2.600678
104.020459	1933.443505	8.497702	-0.018688	2.602605
104.197252	1936.459185	8.502707	-0.018720	2.604559
104.328351	1939.408027	8.507712	-0.018744	2.606460
104.341147	1942.469994	8.512717	-0.018746	2.608409
104.445672	1945.488912	8.517722	-0.018765	2.610347
104.739723	1948.401630	8.522726	-0.018819	2.612251
104.849459	1951.474257	8.527731	-0.018839	2.614221
104.934039	1954.459875	8.532736	-0.018854	2.616130
104.977085	1957.485377	8.537741	-0.018862	2.618054
105.207956	1960.490408	8.542746	-0.018904	2.620000
105.231895	1963.521143	8.547750	-0.018909	2.621921
105.234750	1966.588257	8.552755	-0.018909	2.623860
105.502857	1969.509078	8.557760	-0.018958	2.625755
105.529854	1972.536953	8.562765	-0.018963	2.627671
105.611241	1975.582191	8.567770	-0.018978	2.629606
105.651379	1978.548708	8.572775	-0.018986	2.631483
105.774574	1981.629483	8.577779	-0.019008	2.633446
105.801844	1984.636919	8.582784	-0.019013	2.635344
105.885872	1987.619616	8.587789	-0.019029	2.637235
106.014710	1990.639985	8.592794	-0.019052	2.639157
106.042789	1993.649271	8.597799	-0.019057	2.641051
106.362065	1996.618998	8.602803	-0.019115	2.642974
106.331255	1999.680408	8.607808	-0.019110	2.644888
106.590674	2002.594277	8.612813	-0.019157	2.646761
106.589449	2005.695512	8.617818	-0.019157	2.648703
106.815505	2008.638053	8.622823	-0.019198	2.650585
106.898996	2011.686148	8.627827	-0.019213	2.652506
107.032487	2014.698286	8.632832	-0.019238	2.654412
106.929977	2017.718232	8.637837	-0.019219	2.656279
107.171322	2020.736079	8.642842	-0.019263	2.658206
107.382292	2023.714533	8.647847	-0.019302	2.660101
107.455000	2026.746829	8.652851	-0.019315	2.662003
107.519862	2029.801183	8.657856	-0.019327	2.663917
107.498981	2032.801090	8.662861	-0.019323	2.665779
107.838218	2035.755689	8.667866	-0.019385	2.667677
107.892424	2038.769995	8.672871	-0.019395	2.669560
108.124127	2041.729863	8.677875	-0.019437	2.671439
108.226927	2044.771989	8.682880	-0.019456	2.673345
108.326343	2047.775999	8.687885	-0.019474	2.675225
108.604079	2050.756632	8.692890	-0.019524	2.677121
108.456970	2053.833659	8.697895	-0.019498	2.678999
108.590380	2056.847807	8.702899	-0.019522	2.680888
108.593833	2059.888533	8.707904	-0.019523	2.682768
108.797798	2062.868664	8.712909	-0.019560	2.684645
109.020448	2065.806530	8.717914	-0.019601	2.686499
108.929972	2068.893284	8.722919	-0.019584	2.688387
109.170139	2071.876370	8.727923	-0.019628	2.690268
109.204242	2074.890941	8.732928	-0.019634	2.692131
109.351390	2077.907557	8.737933	-0.019661	2.694015
109.530255	2080.892700	8.742938	-0.019694	2.695883
109.724078	2083.899492	8.747943	-0.019729	2.697766
109.772957	2086.948235	8.752947	-0.019738	2.699647
109.979155	2089.927252	8.757952	-0.019776	2.701512
109.964028	2092.975533	8.762957	-0.019773	2.703379
110.085783	2095.975793	8.767962	-0.019795	2.705240
110.441416	2098.878346	8.772967	-0.019860	2.707081
110.606021	2101.924417	8.777971	-0.019890	2.708975
110.486796	2104.999239	8.782976	-0.019868	2.710835
110.510078	2108.035626	8.787981	-0.019873	2.712695
110.666059	2111.038010	8.792986	-0.019901	2.714556
110.962220	2113.969970	8.797991	-0.019955	2.716399
110.974316	2117.030241	8.802995	-0.019957	2.718268
110.959391	2120.092800	8.808000	-0.019955	2.720132
111.143907	2123.058414	8.813005	-0.019988	2.721971
111.142147	2126.135687	8.818010	-0.019988	2.723844
111.197016	2129.104660	8.823015	-0.019998	2.725659
111.439923	2132.072861	8.828019	-0.020043	2.727507
111.512266	2135.118945	8.833024	-0.020056	2.729370
111.703249	2138.082257	8.838029	-0.020091	2.731203
111.635253	2141.150122	8.843034	-0.020079	2.733052
112.005756	2144.088095	8.848039	-0.020146	2.734898
111.946794	2147.132217	8.853043	-0.020135	2.736732
112.008439	2150.198042	8.858048	-0.020147	2.738599
112.181421	2153.182067	8.863053	-0.020178	2.740435
112.233424	2156.215634	8.868058	-0.020188	2.742278
112.261928	2159.256004	8.873063	-0.020193	2.744120
112.483746	2162.154992	8.878067	-0.020233	2.745909
112.529696	2165.203687	8.883072	-0.020242	2.747757
112.809245	2168.188345	8.888077	-0.020293	2.749605
113.026444	2171.136675	8.893082	-0.020332	2.751420
113.257746	2174.172150	8.898087	-0.020374	2.753288
113.297746	2177.188839	8.903091	-0.020382	2.755110
113.228341	2180.254249	8.908096	-0.020369	2.756942
113.334099	2183.305310	8.913101	-0.020389	2.758794
113.340419	2186.307648	8.918106	-0.020390	2.760598
113.548234	2189.292740	8.923111	-0.020428	2.762425
113.556496	2192.340145	8.928115	-0.020429	2.764255
113.693314	2195.253962	8.933120	-0.020454	2.766025
113.732819	2198.332828	8.938125	-0.020462	2.767876
113.919406	2201.300876	8.943130	-0.020496	2.769685
114.000439	2204.322798	8.948135	-0.020510	2.771506
114.096000	2207.374934	8.953139	-0.020528	2.773347
114.130429	2210.385602	8.958144	-0.020534	2.775152
114.245333	2213.387590	8.963149	-0.020555	2.776964
114.335837	2216.418505	8.968154	-0.020572	2.778788
114.253656	2219.415826	8.973159	-0.020557	2.780561
114.611328	2222.403102	8.978163	-0.020622	2.782402
114.287757	2225.502138	8.983168	-0.020564	2.784192
114.558367	2228.395775	8.988173	-0.020613	2.785960
114.809832	2231.403457	8.993178	-0.020659	2.787792
114.847928	2234.422052	8.998183	-0.020666	2.789592
115.055878	2237.380607	9.003187	-0.020704	2.791385
114.983269	2240.500738	9.008192	-0.020691	2.793225
115.191214	2243.438525	9.013197	-0.020728	2.795003
115.175967	2246.497189	9.018202	-0.020726	2.796813
115.383679	2249.473213	9.023207	-0.020764	2.798611
115.439366	2252.480643	9.028211	-0.020774	2.800401
115.562434	2255.530320	9.033216	-0.020796	2.802226
115.828193	2258.493002	9.038221	-0.020845	2.804023
115.848426	2261.483205	9.043226	-0.020849	2.805793
115.926536	2264.537505	9.048231	-0.020863	2.807610
116.051629	2267.527412	9.053235	-0.020886	2.809395
116.127199	2270.557293	9.058240	-0.020900	2.811195
116.172218	2273.591539	9.063245	-0.020908	2.812991
116.428135	2276.532846	9.068250	-0.020954	2.814766
116.442341	2279.569741	9.073255	-0.020957	2.816556
116.635499	2282.597679	9.078259	-0.020992	2.818370
116.759439	2285.601230	9.083264	-0.021015	2.820156
116.935055	2288.594598	9.088269	-0.021047	2.821944
116.933844	2291.638385	9.093274	-0.021047	2.823731
117.227692	2294.551275	9.098279	-0.021100	2.825489
117.162304	2297.629508	9.103283	-0.021089	2.827283
117.310472	2300.642238	9.108288	-0.021116	2.829073
117.544287	2303.587124	9.113293	-0.021158	2.830837
117.552405	2306.667770	9.118298	-0.021160	2.832641
117.605187	2309.697580	9.123303	-0.021169	2.834422
117.885279	2312.631295	9.128307	-0.021220	2.836183
118.148318	2315.623657	9.133312	-0.021268	2.837975
118.273061	2318.670833	9.138317	-0.021291	2.839774
118.371934	2321.667943	9.143322	-0.021309	2.841539
118.408953	2324.751543	9.148327	-0.021316	2.843343
118.576361	2327.651476	9.153331	-0.021346	2.845060
118.650396	2330.728923	9.158336	-0.021360	2.846865
118.661004	2333.781335	9.163341	-0.021362	2.848643
118.706226	2336.744175	9.168346	-0.021370	2.850373
118.926775	2339.787338	9.173351	-0.021410	2.852178
119.203512	2342.738552	9.178355	-0.021461	2.853938
119.278959	2345.727433	9.183360	-0.021474	2.855686
119.597813	2348.748530	9.188365	-0.021532	2.857491
119.528515	2351.787749	9.193370	-0.021520	2.859241
119.855563	2354.774355	9.198375	-0.021579	2.861025
119.933134	2357.812258	9.203379	-0.021594	2.862797
119.948761	2360.796809	9.208384	-0.021597	2.864527
120.060680	2363.819543	9.213389	-0.021617	2.866293
120.310980	2366.808134	9.218394	-0.021662	2.868062
120.451978	2369.814539	9.223399	-0.021688	2.869821
120.518533	2372.871551	9.228403	-0.021700	2.871597
120.562660	2375.865922	9.233408	-0.021709	2.873331
120.872128	2378.813417	9.238413	-0.021765	2.875081
120.593932	2381.926151	9.243418	-0.021715	2.876829
120.717684	2384.970160	9.248423	-0.021737	2.878602
121.022882	2387.900649	9.253427	-0.021793	2.880338
121.010023	2390.931233	9.258432	-0.021791	2.882079
121.155087	2393.973808	9.263437	-0.021817	2.883851
121.181752	2396.947975	9.268442	-0.021822	2.885564
121.131238	2399.993083	9.273447	-0.021813	2.887304
121.210622	2403.050621	9.278451	-0.021828	2.889071
121.211242	2405.989087	9.283456	-0.021828	2.890756
121.276500	2409.078845	9.288461	-0.021840	2.892537
121.448248	2411.987747	9.293466	-0.021871	2.894231
121.467328	2415.035390	9.298471	-0.021875	2.895978
121.692083	2418.043713	9.303475	-0.021916	2.897735
121.777987	2420.998636	9.308480	-0.021931	2.899438
121.942544	2424.044631	9.313485	-0.021961	2.901205
121.965337	2427.103008	9.318490	-0.021966	2.902955
122.169707	2429.995444	9.323495	-0.022003	2.904638
122.294987	2433.048829	9.328499	-0.022026	2.906400
122.450448	2436.050669	9.333504	-0.022054	2.908136
122.760415	2438.998200	9.338509	-0.022110	2.909864
122.739537	2442.064392	9.343514	-0.022107	2.911606
122.652374	2445.137908	9.348519	-0.022091	2.913341
122.722288	2448.098144	9.353523	-0.022104	2.915035
122.809115	2451.141096	9.358528	-0.022120	2.916778
122.953172	2454.129099	9.363533	-0.022146	2.918498
122.821835	2457.202438	9.368538	-0.022123	2.920221
123.045462	2460.172215	9.373543	-0.022163	2.921942
123.097126	2463.167924	9.378547	-0.022173	2.923648
123.212299	2466.145346	9.383552	-0.022194	2.925353
123.380115	2469.163801	9.388557	-0.022224	2.927089
123.598701	2472.133972	9.393562	-0.022264	2.928805
123.608216	2475.144234	9.398567	-0.022266	2.930509
123.477103	2478.257605	9.403571	-0.022243	2.932248
123.715764	2481.186642	9.408576	-0.022286	2.933940
123.670102	2484.246994	9.413581	-0.022278	2.935661
123.751403	2487.259127	9.418586	-0.022293	2.937373
123.803295	2490.272430	9.423591	-0.022302	2.939081
123.961741	2493.255420	9.428595	-0.022331	2.940787
123.912947	2496.332636	9.433600	-0.022323	2.942512
123.977730	2499.227270	9.438605	-0.022335	2.944152
124.110223	2502.267767	9.443610	-0.022359	2.945883
124.131854	2505.312804	9.448615	-0.022363	2.947599
124.138291	2508.281073	9.453619	-0.022364	2.949268
124.295299	2511.310097	9.458624	-0.022393	2.950994
124.341510	2514.335214	9.463629	-0.022401	2.952699
124.562517	2517.250875	9.468634	-0.022442	2.954369
124.450301	2520.361098	9.473639	-0.022422	2.956095
124.533262	2523.358930	9.478643	-0.022437	2.957788
124.525733	2526.348650	9.483648	-0.022436	2.959461
124.733682	2529.365257	9.488653	-0.022473	2.961182
124.706567	2532.406318	9.493658	-0.022469	2.962879
124.949136	2535.333073	9.498663	-0.022513	2.964553
125.133486	2538.336491	9.503667	-0.022546	2.966260
125.126325	2541.391197	9.508672	-0.022545	2.967964
125.175936	2544.374191	9.513677	-0.022554	2.969637
125.198082	2547.445481	9.518682	-0.022559	2.971353
125.258403	2550.442372	9.523687	-0.022570	2.973033
125.311379	2553.445825	9.528691	-0.022579	2.974715
125.311346	2556.467438	9.533696	-0.022580	2.976397
125.652320	2559.431744	9.538701	-0.022642	2.978100
125.705178	2562.413469	9.543706	-0.022651	2.979766
125.825472	2565.450029	9.548711	-0.022673	2.981473
125.891546	2568.468033	9.553715	-0.022685	2.983159
126.208977	2571.373447	9.558720	-0.022743	2.984822
126.243928	2574.449704	9.563725	-0.022750	2.986534
126.240818	2577.470741	9.568730	-0.022749	2.988209
126.421822	2580.442329	9.573735	-0.022782	2.989884
126.751062	2583.433107	9.578739	-0.022842	2.991591
126.667790	2586.470272	9.583744	-0.022827	2.993260
126.761229	2589.499570	9.588749	-0.022844	2.994951
126.801790	2592.500670	9.593754	-0.022852	2.996617
126.854190	2595.551017	9.598759	-0.022861	2.998311
126.783689	2598.581780	9.603763	-0.022849	2.999974
126.976533	2601.575148	9.608768	-0.022884	3.001656
127.087764	2604.567969	9.613773	-0.022904	3.003324
127.370524	2607.496856	9.618778	-0.022955	3.004983
127.402817	2610.571598	9.623783	-0.022962	3.006683
127.468043	2613.585684	9.628787	-0.022974	3.008353
127.409327	2616.609672	9.633792	-0.022963	3.010009
127.595158	2619.648241	9.638797	-0.022997	3.011709
127.646976	2622.589367	9.643802	-0.023006	3.013334
127.833720	2625.581719	9.648807	-0.023040	3.015007
127.920832	2628.636303	9.653811	-0.023056	3.016699
127.847157	2631.669368	9.658816	-0.023043	3.018353
127.859165	2634.686665	9.663821	-0.023046	3.020010
128.053980	2637.707530	9.668826	-0.023081	3.021696
128.082282	2640.631397	9.673831	-0.023086	3.023303
128.371320	2643.613705	9.678835	-0.023139	3.024981
128.176965	2646.724271	9.683840	-0.023104	3.026654
128.372048	2649.662895	9.688845	-0.023139	3.028292
128.454843	2652.683805	9.693850	-0.023155	3.029956
128.384949	2655.743343	9.698855	-0.023142	3.031618
128.563505	2658.669203	9.703859	-0.023175	3.033244
128.621773	2661.727048	9.708864	-0.023185	3.034922
128.685427	2664.724462	9.713869	-0.023197	3.036567
128.754677	2667.762632	9.718874	-0.023210	3.038235
128.730590	2670.792660	9.723879	-0.023206	3.039883
128.916709	2673.794583	9.728883	-0.023240	3.041546
129.028309	2676.721781	9.733888	-0.023260	3.043157
129.071368	2679.748018	9.738893	-0.023268	3.044810
129.303761	2682.758324	9.743898	-0.023310	3.046482
129.331538	2685.765687	9.748903	-0.023315	3.048121
129.245712	2688.808752	9.753907	-0.023300	3.049762
129.330526	2691.870405	9.758912	-0.023316	3.051437
129.405776	2694.805784	9.763917	-0.023329	3.053042
129.640000	2697.798121	9.768922	-0.023372	3.054700
129.508166	2700.896607	9.773927	-0.023348	3.056360
129.681155	2703.864733	9.778931	-0.023380	3.057994
129.814351	2706.845986	9.783936	-0.023404	3.059629
129.877879	2709.883738	9.788941	-0.023416	3.061282
129.761135	2712.893461	9.793946	-0.023395	3.062893
129.947796	2715.862058	9.798951	-0.023429	3.064526
129.988961	2718.839776	9.803955	-0.023437	3.066141
130.196140	2721.886373	9.808960	-0.023474	3.067818
130.465092	2724.789381	9.813965	-0.023523	3.069424
130.494502	2727.881061	9.818970	-0.023529	3.071097
130.645589	2730.873987	9.823975	-0.023556	3.072733
130.558411	2733.893132	9.828979	-0.023541	3.074348
130.668869	2736.952578	9.833984	-0.023561	3.076012
130.725373	2739.943772	9.838989	-0.023571	3.077631
130.720598	2742.949232	9.843994	-0.023571	3.079247
130.759690	2746.030225	9.848999	-0.023578	3.080910
130.846709	2748.937150	9.854003	-0.023594	3.082485
130.857973	2751.958674	9.859008	-0.023596	3.084110
130.928980	2754.991668	9.864013	-0.023609	3.085749
131.022388	2758.001569	9.869018	-0.023626	3.087378
131.048431	2760.993610	9.874023	-0.023631	3.088987
130.977757	2764.073569	9.879027	-0.023619	3.090628
131.095434	2767.022242	9.884032	-0.023640	3.092225
131.097520	2770.044187	9.889037	-0.023641	3.093844
131.154015	2773.055235	9.894042	-0.023651	3.095464
131.233018	2776.102610	9.899047	-0.023666	3.097106
131.264154	2779.028579	9.904051	-0.023671	3.098675
131.407853	2782.087856	9.909056	-0.023698	3.100331
131.479923	2785.070076	9.914061	-0.023711	3.101935
131.337205	2788.039716	9.919066	-0.023685	3.103499
131.598420	2791.063733	9.924071	-0.023733	3.105151
131.620267	2794.080106	9.929075	-0.023737	3.106763
131.670985	2797.036901	9.934080	-0.023746	3.108346
131.777481	2800.111954	9.939085	-0.023766	3.110000
131.801566	2803.134218	9.944090	-0.023770	3.111613
131.972134	2806.056122	9.949095	-0.023801	3.113192
132.051438	2809.094717	9.954099	-0.023816	3.114820
132.332150	2812.102639	9.959104	-0.023867	3.116460
132.265409	2815.116495	9.964109	-0.023855	3.118052
132.453815	2818.132114	9.969114	-0.023889	3.119681
132.518015	2821.174188	9.974119	-0.023901	3.121305
132.586315	2824.110812	9.979123	-0.023914	3.122873
132.700476	2827.101881	9.984128	-0.023934	3.124475
132.563224	2830.210869	9.989133	-0.023910	3.126103
132.677706	2833.181416	9.994138	-0.023931	3.127693
132.754178	2836.215689	9.999143	-0.023945	3.129311
132.854938	2839.233187	10.004147	-0.023963	3.130922
132.876552	2842.229381	10.009152	-0.023967	3.132510
132.925671	2845.198995	10.014157	-0.023976	3.134087
132.929892	2848.273259	10.019162	-0.023977	3.135712
133.099342	2851.246557	10.024167	-0.024008	3.137306
133.035369	2854.285609	10.029171	-0.023997	3.138901
133.243259	2857.256378	10.034176	-0.024035	3.140498
133.401981	2860.225997	10.039181	-0.024063	3.142087
133.377532	2863.222268	10.044186	-0.024059	3.143662
133.551596	2866.257811	10.049191	-0.024091	3.145286
133.519239	2869.252149	10.054195	-0.024085	3.146858
133.802347	2872.215798	10.059200	-0.024137	3.148458
133.858052	2875.271377	10.064205	-0.024147	3.150073
133.879951	2878.321009	10.069210	-0.024151	3.151679
133.881132	2881.287443	10.074215	-0.024152	3.153238
134.011854	2884.306709	10.079219	-0.024175	3.154842
134.064764	2887.363354	10.084224	-0.024185	3.156454
134.057201	2890.327125	10.089229	-0.024184	3.158008
134.068156	2893.373725	10.094234	-0.024186	3.159607
134.239943	2896.400102	10.099239	-0.024218	3.161217
134.248735	2899.283486	10.104243	-0.024219	3.162729
134.339912	2902.359641	10.109248	-0.024236	3.164352
134.360803	2905.372134	10.114253	-0.024240	3.165932
134.517094	2908.347412	10.119258	-0.024268	3.167510
134.604295	2911.383971	10.124263	-0.024284	3.169109
134.421252	2914.460505	10.129267	-0.024252	3.170691
134.489783	2917.420844	10.134272	-0.024264	3.172247
134.694982	2920.402256	10.139277	-0.024301	3.173832
134.680963	2923.431988	10.144282	-0.024299	3.175411
134.821868	2926.436097	10.149287	-0.024325	3.176997
134.713794	2929.433530	10.154291	-0.024305	3.178544
134.915672	2932.474097	10.159296	-0.024342	3.180157
134.827546	2935.473331	10.164301	-0.024326	3.181706
134.900783	2938.414033	10.169306	-0.024340	3.183247
135.012125	2941.457644	10.174311	-0.024360	3.184846
135.119857	2944.458138	10.179315	-0.024380	3.186421
135.095389	2947.437795	10.184320	-0.024376	3.187966
135.243403	2950.505067	10.189325	-0.024403	3.189579
135.337986	2953.486556	10.194330	-0.024420	3.191140
135.387859	2956.459204	10.199335	-0.024429	3.192690
135.477981	2959.455681	10.204339	-0.024446	3.194257
135.557675	2962.524507	10.209344	-0.024460	3.195858
135.727915	2965.485767	10.214349	-0.024491	3.197416
135.741619	2968.511365	10.219354	-0.024494	3.198985
135.980328	2971.525530	10.224359	-0.024537	3.200578
136.077186	2974.489136	10.229363	-0.024555	3.202125
135.951378	2977.516538	10.234368	-0.024533	3.203673
136.060414	2980.585533	10.239373	-0.024552	3.205274
135.962748	2983.579955	10.244378	-0.024535	3.206808
136.293639	2986.558487	10.249383	-0.024595	3.208391
136.191764	2989.520616	10.254387	-0.024577	3.209906
136.320958	2991.720519	10.259392	-0.024600	3.211059

136.515419	2993.156164	10.264397	-0.024636	3.211826
136.352533	2994.344468	10.269402	-0.024606	3.212416
136.476809	2995.105369	10.274407	-0.024629	3.212826
136.504561	2995.664311	10.279411	-0.024634	3.213117
136.612469	2995.963351	10.284416	-0.024653	3.213286
136.920170	2996.337105	10.289421	-0.024709	3.213521
136.771883	2996.537717	10.294426	-0.024682	3.213604
136.749887	2996.555743	10.299431	-0.024678	3.213610
136.686596	2996.566575	10.304435	-0.024666	3.213607
136.683543	2997.025411	10.309440	-0.024666	3.213843
136.783964	2996.947894	10.314445	-0.024684	3.213817
136.816507	2997.051379	10.319450	-0.024690	3.213875
136.932045	2996.972872	10.324455	-0.024711	3.213850
136.859815	2997.021821	10.329459	-0.024698	3.213865
137.136544	2997.020415	10.334464	-0.024748	3.213903
137.061428	2997.007733	10.339469	-0.024734	3.213886
137.100377	2996.979270	10.344474	-0.024741	3.213876
137.169460	2997.014887	10.349479	-0.024753	3.213904
137.255427	2996.993916	10.354483	-0.024769	3.213905
137.234017	2997.000883	10.359488	-0.024765	3.213906
137.130061	2997.013436	10.364493	-0.024746	3.213898
137.195158	2997.030727	10.369498	-0.024758	3.213916
137.185690	2996.984238	10.374503	-0.024756	3.213890
137.217441	2997.022509	10.379507	-0.024762	3.213915
137.314711	2996.988236	10.384512	-0.024779	3.213910
137.252460	2996.997578	10.389517	-0.024768	3.213906
137.314057	2996.996414	10.394522	-0.024779	3.213914
137.300402	2997.041909	10.399527	-0.024777	3.213936
137.203854	2997.029471	10.404531	-0.024759	3.213916
137.366015	2996.965832	10.409536	-0.024788	3.213905
137.462158	2996.973659	10.414541	-0.024806	3.213923
137.451440	2997.030490	10.419546	-0.024804	3.213950
137.374000	2996.996010	10.424551	-0.024790	3.213922
137.474323	2997.010602	10.429555	-0.024808	3.213943
137.498987	2996.995023	10.434560	-0.024812	3.213939
137.489376	2996.996430	10.439565	-0.024810	3.213938
137.439096	2997.034699	10.444570	-0.024801	3.213951
137.580616	2996.980787	10.449575	-0.024827	3.213942
137.684061	2996.930332	10.454579	-0.024845	3.213930
137.682077	2996.956369	10.459584	-0.024845	3.213944
137.625342	2996.916384	10.464589	-0.024835	3.213915
137.711089	2996.962113	10.469594	-0.024850	3.213950
137.752263	2996.909431	10.474599	-0.024858	3.213929
137.570083	2996.975491	10.479603	-0.024825	3.213938
137.649858	2996.948291	10.484608	-0.024839	3.213935
137.755906	2996.929859	10.489613	-0.024858	3.213940
137.668898	2996.922155	10.494618	-0.024842	3.213924
137.790467	2996.903837	10.499623	-0.024864	3.213931
137.659734	2996.943499	10.504627	-0.024841	3.213934
137.800490	2996.935228	10.509632	-0.024866	3.213949
137.809423	2996.908079	10.514637	-0.024868	3.213936
137.922140	2996.886662	10.519642	-0.024888	3.213940
137.941472	2996.844632	10.524647	-0.024891	3.213921
137.933307	2996.869888	10.529651	-0.024890	3.213933
137.929160	2996.846822	10.534656	-0.024889	3.213920
137.957370	2996.866044	10.539661	-0.024894	3.213934
138.154270	2996.802258	10.544666	-0.024930	3.213928
138.050671	2996.944363	10.549671	-0.024911	3.213987
138.012656	2996.988459	10.554675	-0.024904	3.214005
137.961613	2997.013602	10.559680	-0.024895	3.214011
138.002985	2996.971771	10.564685	-0.024902	3.213995
137.942576	2996.995163	10.569690	-0.024891	3.213998
137.923777	2997.016582	10.574695	-0.024888	3.214007
138.086491	2996.981877	10.579699	-0.024917	3.214011
137.996122	2997.030196	10.584704	-0.024901	3.214024
137.963518	2996.963802	10.589709	-0.024895	3.213985
138.019378	2996.992033	10.594714	-0.024905	3.214007
138.002202	2997.036648	10.599719	-0.024902	3.214028
138.008232	2997.010270	10.604723	-0.024903	3.214015
138.112053	2996.993643	10.609728	-0.024921	3.214021
138.131710	2996.976971	10.614733	-0.024925	3.214015
138.084602	2997.015608	10.619738	-0.024916	3.214028
137.977997	2997.006447	10.624743	-0.024897	3.214009
138.293643	2996.962595	10.629747	-0.024954	3.214029
138.167609	2997.025847	10.634752	-0.024931	3.214045
138.360109	2996.962625	10.639757	-0.024966	3.214038
138.178550	2997.029731	10.644762	-0.024933	3.214048
138.228343	2996.960216	10.649767	-0.024942	3.214019
138.175324	2997.024659	10.654771	-0.024932	3.214045
138.067094	2996.998359	10.659776	-0.024913	3.214017
138.087481	2996.980888	10.664781	-0.024917	3.214010
138.290147	2996.995542	10.669786	-0.024953	3.214046
138.216806	2997.024794	10.674791	-0.024940	3.214051
138.317948	2997.022814	10.679795	-0.024958	3.214063
138.208042	2996.943645	10.684800	-0.024938	3.214008
138.262078	2997.034764	10.689805	-0.024948	3.214062
138.229519	2996.958664	10.694810	-0.024942	3.214018
138.315719	2997.015788	10.699815	-0.024957	3.214059
138.357912	2996.976161	10.704819	-0.024965	3.214045
138.334044	2997.014680	10.709824	-0.024961	3.214061
138.224745	2996.994723	10.714829	-0.024941	3.214036
138.386599	2996.952976	10.719834	-0.024970	3.214037
138.356371	2996.998638	10.724839	-0.024965	3.214056
138.470781	2997.022213	10.729843	-0.024985	3.214084
138.418750	2996.994909	10.734848	-0.024976	3.214062
138.431208	2996.962581	10.739853	-0.024978	3.214048
138.369321	2997.001512	10.744858	-0.024967	3.214059
138.196521	2997.009945	10.749863	-0.024935	3.214040
138.480427	2996.958172	10.754867	-0.024987	3.214052
138.478777	2997.047737	10.759872	-0.024986	3.214098
138.423916	2996.956964	10.764877	-0.024976	3.214043
138.541840	2997.026256	10.769882	-0.024998	3.214095
138.425490	2996.988784	10.774887	-0.024977	3.214060
138.512176	2996.989435	10.779891	-0.024992	3.214072
138.587024	2996.992627	10.784896	-0.025006	3.214084
138.452377	2997.005459	10.789901	-0.024981	3.214072
138.505292	2997.010845	10.794906	-0.024991	3.214082
138.578507	2997.014472	10.799911	-0.025004	3.214094
138.383638	2996.972425	10.804915	-0.024969	3.214046
138.600356	2996.982740	10.809920	-0.025008	3.214081
138.558454	2997.027871	10.814925	-0.025000	3.214098
138.530967	2997.015248	10.819930	-0.024995	3.214088
138.457021	2996.952570	10.824935	-0.024982	3.214045
138.441339	2997.033141	10.829939	-0.024979	3.214085
138.611122	2997.005040	10.834944	-0.025010	3.214093
138.669329	2996.979938	10.839949	-0.025020	3.214088
138.629074	2996.966468	10.844954	-0.025013	3.214076
138.590764	2997.036090	10.849959	-0.025006	3.214107
138.526644	2997.003517	10.854963	-0.024994	3.214081
138.627192	2997.028354	10.859968	-0.025012	3.214107
138.567198	2996.974084	10.864973	-0.025001	3.214071
138.660141	2996.984584	10.869978	-0.025018	3.214089
138.531967	2997.009023	10.874983	-0.024995	3.214084
138.641624	2996.979940	10.879987	-0.025015	3.214084
138.604786	2996.989796	10.884992	-0.025008	3.214084
138.580230	2996.998811	10.889997	-0.025004	3.214086
138.580663	2997.052077	10.895002	-0.025004	3.214113
138.734246	2996.947095	10.900007	-0.025031	3.214080
138.569521	2997.003668	10.905011	-0.025002	3.214087
138.591837	2996.986894	10.910016	-0.025006	3.214081
138.752813	2997.003546	10.915021	-0.025035	3.214112
138.692339	2997.022108	10.920026	-0.025024	3.214113
138.738468	2996.993552	10.925031	-0.025032	3.214104
138.782776	2997.021221	10.930035	-0.025040	3.214125
138.631160	2997.013115	10.935040	-0.025012	3.214100
138.651445	2996.982341	10.940045	-0.025016	3.214087
138.545249	2996.992457	10.945050	-0.024997	3.214077
138.615822	2997.017991	10.950055	-0.025010	3.214100
138.650208	2996.991345	10.955059	-0.025016	3.214091
138.831501	2996.968061	10.960064	-0.025048	3.214104
138.666942	2997.018531	10.965069	-0.025019	3.214107
138.768591	2997.026111	10.970074	-0.025037	3.214125
138.627040	2996.997154	10.975079	-0.025011	3.214091
138.715973	2996.983273	10.980083	-0.025027	3.214096
138.695712	2997.014169	10.985088	-0.025024	3.214109
138.715963	2996.999157	10.990093	-0.025027	3.214104
138.604750	2997.000912	10.995098	-0.025007	3.214089
138.738341	2996.991520	11.000103	-0.025031	3.214103
138.712189	2997.035493	11.005107	-0.025026	3.214122
138.806785	2996.976485	11.010112	-0.025044	3.214104
138.718065	2997.020125	11.015117	-0.025027	3.214115
138.672744	2996.989825	11.020122	-0.025019	3.214093
138.672057	2996.982801	11.025127	-0.025019	3.214089
138.769966	2996.996222	11.030131	-0.025037	3.214109
138.729470	2996.979786	11.035136	-0.025029	3.214095
138.798808	2997.018372	11.040141	-0.025042	3.214125
138.768041	2997.005409	11.045146	-0.025036	3.214114
138.868766	2997.027170	11.050151	-0.025054	3.214139
138.769100	2996.985868	11.055155	-0.025036	3.214104
138.847773	2997.006220	11.060160	-0.025050	3.214125
138.855661	2996.990858	11.065165	-0.025052	3.214118
138.600824	2997.039877	11.070170	-0.025006	3.214108
138.790601	2997.001009	11.075175	-0.025040	3.214114
138.755926	2997.003625	11.080179	-0.025034	3.214111
138.639216	2997.014718	11.085184	-0.025013	3.214101
138.738638	2996.995020	11.090189	-0.025030	3.214104
138.619192	2996.998357	11.095194	-0.025009	3.214089
138.607358	2996.991267	11.100199	-0.025007	3.214084
138.663435	2996.988543	11.105203	-0.025017	3.214090
138.730857	2996.999163	11.110208	-0.025029	3.214105
138.744467	2996.983492	11.115213	-0.025031	3.214099
138.682102	2997.006192	11.120218	-0.025020	3.214102
138.665169	2996.992580	11.125223	-0.025017	3.214092
138.817152	2996.987993	11.130227	-0.025044	3.214111
138.737223	2996.992338	11.135232	-0.025030	3.214102
138.602600	2997.011222	11.140237	-0.025005	3.214093
138.823600	2996.987684	11.145242	-0.025045	3.214112
138.607281	2997.011318	11.150247	-0.025006	3.214094
138.804356	2997.005045	11.155251	-0.025042	3.214118
138.961444	2997.024549	11.160256	-0.025070	3.214149
138.797727	2997.004512	11.165261	-0.025041	3.214117
138.774167	2996.992056	11.170266	-0.025036	3.214107
138.740086	2997.024203	11.175271	-0.025030	3.214119
138.753731	2996.992164	11.180275	-0.025032	3.214104
138.772185	2997.008528	11.185280	-0.025036	3.214115
138.781123	2997.026211	11.190285	-0.025037	3.214125
138.738478	2996.959453	11.195290	-0.025030	3.214085
138.801876	2997.000829	11.200295	-0.025041	3.214115
138.884898	2996.986702	11.205299	-0.025056	3.214119
138.688714	2997.014072	11.210304	-0.025020	3.214106
138.653724	2996.997384	11.215309	-0.025014	3.214093
138.583263	2997.015572	11.220314	-0.025001	3.214092
138.652458	2996.986338	11.225319	-0.025014	3.214087
138.839428	2997.001533	11.230323	-0.025047	3.214120
138.606282	2997.046603	11.235328	-0.025005	3.214112
138.635219	2996.985054	11.240333	-0.025010	3.214084
138.680966	2996.995981	11.245338	-0.025019	3.214096
138.763362	2996.991715	11.250343	-0.025034	3.214105
138.596153	2996.992601	11.255347	-0.025003	3.214082
138.664013	2996.989168	11.260352	-0.025016	3.214090
138.655824	2997.037456	11.265357	-0.025014	3.214113
138.809693	2997.012980	11.270362	-0.025042	3.214122
138.672900	2996.995481	11.275367	-0.025017	3.214094
138.699195	2997.012185	11.280371	-0.025022	3.214106
138.636841	2996.982777	11.285376	-0.025010	3.214082
138.686296	2997.000595	11.290381	-0.025019	3.214098
138.601513	2997.022589	11.295386	-0.025004	3.214098
138.742379	2997.011263	11.300391	-0.025029	3.214112
138.727957	2996.995773	11.305395	-0.025027	3.214102
138.780837	2997.018740	11.310400	-0.025036	3.214121
138.615909	2996.991755	11.315405	-0.025006	3.214084
138.677991	2996.992282	11.320410	-0.025018	3.214093
138.698538	2997.006879	11.325415	-0.025021	3.214103
138.963127	2996.991749	11.330419	-0.025069	3.214131
138.854475	2997.000699	11.335424	-0.025049	3.214121
138.795860	2996.998167	11.340429	-0.025039	3.214112
138.740208	2997.008177	11.345434	-0.025029	3.214109
138.875811	2996.995826	11.350439	-0.025053	3.214122
138.926340	2996.995183	11.355443	-0.025062	3.214128
138.683910	2997.010005	11.360448	-0.025018	3.214102
138.743670	2996.983279	11.365453	-0.025029	3.214097
138.821166	2996.980314	11.370458	-0.025043	3.214106
138.827702	2997.025900	11.375463	-0.025044	3.214130
138.874632	2997.045601	11.380467	-0.025053	3.214147
138.883042	2996.981630	11.385472	-0.025054	3.214115
138.905383	2996.997568	11.390477	-0.025058	3.214126
138.915986	2997.006326	11.395482	-0.025060	3.214132
138.814199	2997.025569	11.400487	-0.025041	3.214128
138.786811	2996.975355	11.405491	-0.025036	3.214098
138.954145	2996.987893	11.410496	-0.025067	3.214128
138.800387	2997.028827	11.415501	-0.025039	3.214128
139.059357	2996.994592	11.420506	-0.025086	3.214146
138.854537	2996.988509	11.425511	-0.025049	3.214114
138.877702	2997.003016	11.430515	-0.025053	3.214125
138.950040	2996.976582	11.435520	-0.025066	3.214121
138.871943	2997.016793	11.440525	-0.025052	3.214131
138.919798	2997.021707	11.445530	-0.025060	3.214140
138.904133	2997.038053	11.450535	-0.025057	3.214146
139.077682	2996.980476	11.455539	-0.025089	3.214141
139.057857	2997.003380	11.460544	-0.025085	3.214150
139.038688	2996.980063	11.465549	-0.025081	3.214135
139.050687	2997.033285	11.470554	-0.025084	3.214164
139.169031	2996.957058	11.475559	-0.025105	3.214141
138.967671	2997.054874	11.480563	-0.025068	3.214164
138.918096	2997.000862	11.485568	-0.025059	3.214129
139.177597	2996.985268	11.490573	-0.025106	3.214156
138.977046	2997.027733	11.495578	-0.025070	3.214151
138.990350	2996.976396	11.500583	-0.025072	3.214126
139.090144	2996.998406	11.505587	-0.025090	3.214151
139.050859	2996.988918	11.510592	-0.025083	3.214141
138.995441	2997.017647	11.515597	-0.025073	3.214148
138.980603	2996.969550	11.520602	-0.025070	3.214121
138.964305	2997.039381	11.525607	-0.025067	3.214155
139.087615	2996.965469	11.530611	-0.025090	3.214134
139.138344	2997.028392	11.535616	-0.025099	3.214173
139.134689	2997.019127	11.540621	-0.025098	3.214168
139.071124	2997.011246	11.545626	-0.025087	3.214155
139.195925	2996.951479	11.550631	-0.025109	3.214141
139.266474	2996.997015	11.555635	-0.025122	3.214174
139.171754	2997.028315	11.560640	-0.025105	3.214177
139.180805	2996.950237	11.565645	-0.025106	3.214138
139.092062	2997.014484	11.570650	-0.025090	3.214159
139.202998	2997.048680	11.575655	-0.025110	3.214192
139.201647	2996.990937	11.580659	-0.025110	3.214162
139.153921	2997.023076	11.585664	-0.025101	3.214172
139.214157	2997.016218	11.590669	-0.025112	3.214177
139.197510	2996.997683	11.595674	-0.025109	3.214165
139.135337	2996.983978	11.600679	-0.025098	3.214149
139.076414	2997.033634	11.605683	-0.025087	3.214167
139.158415	2996.980396	11.610688	-0.025102	3.214151
139.047815	2997.028640	11.615693	-0.025082	3.214160
139.043787	2997.038257	11.620698	-0.025081	3.214165
139.073568	2996.962547	11.625703	-0.025086	3.214130
139.192039	2996.958386	11.630707	-0.025108	3.214144
138.997024	2997.026644	11.635712	-0.025072	3.214152
139.193825	2997.000452	11.640717	-0.025108	3.214166
139.188128	2997.000212	11.645722	-0.025107	3.214165
139.162742	2996.996118	11.650727	-0.025102	3.214159
139.187934	2997.006451	11.655731	-0.025107	3.214168
139.097953	2997.004379	11.660736	-0.025090	3.214154
139.073446	2997.025499	11.665741	-0.025086	3.214162
139.190738	2996.976816	11.670746	-0.025107	3.214153
139.093476	2997.016062	11.675751	-0.025090	3.214160
139.312957	2996.978389	11.680755	-0.025129	3.214170
139.185036	2997.008819	11.685760	-0.025106	3.214168
139.176094	2997.022772	11.690765	-0.025104	3.214174
139.219853	2996.982122	11.695770	-0.025112	3.214159
139.209471	2997.015846	11.700775	-0.025110	3.214175
139.221641	2996.990863	11.705779	-0.025112	3.214164
139.242018	2996.995206	11.710784	-0.025116	3.214169
139.160780	2996.997474	11.715789	-0.025101	3.214159
139.193425	2997.029456	11.720794	-0.025107	3.214180
139.260783	2997.004346	11.725799	-0.025119	3.214176
139.307142	2997.001782	11.730803	-0.025128	3.214181
139.427946	2997.003062	11.735808	-0.025149	3.214198
139.318720	2997.000651	11.740813	-0.025130	3.214182
139.184915	2997.001139	11.745818	-0.025105	3.214164
139.322980	2997.006312	11.750823	-0.025130	3.214186
139.197139	2997.004683	11.755827	-0.025108	3.214167
139.222539	2997.002237	11.760832	-0.025112	3.214170
139.205597	2996.979539	11.765837	-0.025109	3.214156
139.321977	2997.031678	11.770842	-0.025130	3.214198
139.348912	2997.008223	11.775847	-0.025135	3.214190
139.265098	2997.008753	11.780851	-0.025120	3.214179
139.403714	2996.988332	11.785856	-0.025145	3.214187
139.364313	2996.966757	11.790861	-0.025137	3.214171
139.445435	2997.003425	11.795866	-0.025152	3.214200
139.411412	2996.997385	11.800871	-0.025146	3.214193
139.394479	2997.012250	11.805875	-0.025143	3.214198
139.495000	2996.980143	11.810880	-0.025161	3.214195
139.314345	2997.019743	11.815885	-0.025128	3.214191
139.471543	2997.003472	11.820890	-0.025157	3.214204
139.331062	2996.994827	11.825895	-0.025131	3.214180
139.415573	2996.999088	11.830899	-0.025146	3.214194
139.379712	2996.971118	11.835904	-0.025140	3.214175
139.378289	2997.007914	11.840909	-0.025140	3.214193
139.291754	2996.997049	11.845914	-0.025124	3.214176
139.482819	2996.972988	11.850919	-0.025158	3.214190
139.498175	2997.032591	11.855923	-0.025161	3.214222
139.507220	2996.967237	11.860928	-0.025163	3.214190
139.367548	2997.046839	11.865933	-0.025137	3.214212
139.380802	2996.985819	11.870938	-0.025140	3.214182
139.309527	2997.012705	11.875943	-0.025127	3.214186
139.352284	2996.980804	11.880947	-0.025134	3.214176
139.312739	2997.007133	11.885952	-0.025127	3.214184
139.359619	2997.017154	11.890957	-0.025136	3.214195
139.357671	2996.966235	11.895962	-0.025135	3.214169
139.325990	2997.060152	11.900967	-0.025130	3.214213
139.269758	2996.983672	11.905971	-0.025119	3.214166
139.440610	2996.979525	11.910976	-0.025150	3.214187
139.279756	2997.041732	11.915981	-0.025121	3.214197
139.213061	2997.001358	11.920986	-0.025109	3.214167
139.205500	2997.005250	11.925991	-0.025108	3.214168
139.300589	2996.987916	11.930995	-0.025125	3.214172
139.282992	2996.980539	11.936000	-0.025121	3.214166
139.359647	2997.042631	11.941005	-0.025135	3.214208
139.254741	2996.980300	11.946010	-0.025116	3.214161
139.428898	2997.035259	11.951015	-0.025148	3.214214
139.321845	2996.975316	11.956019	-0.025128	3.214168
139.225969	2996.996017	11.961024	-0.025111	3.214166
139.260021	2997.048832	11.966029	-0.025117	3.214197
139.269480	2996.991851	11.971034	-0.025119	3.214169
139.258401	2997.015461	11.976039	-0.025117	3.214180
139.201022	2996.996240	11.981043	-0.025106	3.214162
139.152650	2996.995832	11.986048	-0.025098	3.214155
139.408454	2997.034542	11.991053	-0.025144	3.214210
139.507606	2996.987045	11.996058	-0.025162	3.214199
139.436616	2996.981136	12.001063	-0.025149	3.214186
139.390541	2997.003141	12.006067	-0.025140	3.214191
139.223170	2997.034969	12.011072	-0.025110	3.214185
139.334911	2996.993820	12.016077	-0.025130	3.214179
139.501812	2997.008901	12.021082	-0.025160	3.214210
139.238991	2996.990361	12.026087	-0.025113	3.214164
139.299336	2997.010133	12.031091	-0.025124	3.214182
139.230915	2996.996272	12.036096	-0.025111	3.214166
139.284819	2997.049868	12.041101	-0.025121	3.214201
139.292485	2996.991547	12.046106	-0.025122	3.214172
139.336324	2996.981776	12.051111	-0.025130	3.214173
139.342223	2997.034803	12.056115	-0.025131	3.214201
139.432328	2997.024854	12.061120	-0.025147	3.214208
139.442940	2996.985743	12.066125	-0.025149	3.214189
139.318829	2997.007284	12.071130	-0.025127	3.214183
139.441277	2996.956624	12.076135	-0.025149	3.214174
139.327749	2997.031701	12.081139	-0.025128	3.214197
139.456796	2996.983529	12.086144	-0.025152	3.214190
139.357744	2996.985079	12.091149	-0.025134	3.214177
139.448616	2997.007644	12.096154	-0.025150	3.214201
139.450567	2997.018702	12.101159	-0.025150	3.214207
139.402641	2997.015145	12.106163	-0.025142	3.214199
139.381844	2996.982565	12.111168	-0.025138	3.214179
139.502820	2997.020759	12.116173	-0.025160	3.214215
139.456640	2996.979172	12.121178	-0.025151	3.214187
139.408984	2997.004021	12.126183	-0.025143	3.214194
139.605370	2997.030655	12.131187	-0.025178	3.214234
139.628001	2996.974413	12.136192	-0.025182	3.214208
139.408932	2997.019981	12.141197	-0.025142	3.214202
139.428123	2996.962231	12.146202	-0.025146	3.214175
139.477412	2996.987366	12.151207	-0.025155	3.214194
139.461745	2997.009166	12.156211	-0.025152	3.214203
139.475039	2997.034780	12.161216	-0.025154	3.214218
139.497579	2997.029459	12.166221	-0.025158	3.214219
139.475543	2996.961460	12.171226	-0.025154	3.214181
139.269633	2997.005955	12.176231	-0.025117	3.214175
139.473025	2996.999824	12.181235	-0.025154	3.214200
139.427158	2997.039345	12.186240	-0.025145	3.214214
139.604241	2996.984464	12.191245	-0.025177	3.214210
139.362847	2997.034149	12.196250	-0.025134	3.214202
139.560142	2996.992679	12.201255	-0.025169	3.214208
139.499542	2996.964013	12.206259	-0.025158	3.214185
139.482432	2997.011039	12.211264	-0.025155	3.214207
139.462676	2997.001812	12.216269	-0.025152	3.214199
139.601583	2997.023123	12.221274	-0.025177	3.214229
139.623137	2996.992010	12.226279	-0.025180	3.214216
139.628065	2997.012577	12.231283	-0.025181	3.214227
139.584506	2996.965446	12.236288	-0.025173	3.214197
139.681197	2997.042209	12.241293	-0.025191	3.214250
139.439573	2997.007732	12.246298	-0.025147	3.214199
139.662986	2996.959926	12.251303	-0.025187	3.214205
139.442021	2997.048412	12.256307	-0.025147	3.214220
139.608322	2996.537136	12.261312	-0.025177	3.213979

139.549374	2995.956123	12.266317	-0.025167	3.213672
139.611269	2994.532002	12.271322	-0.025178	3.212946
139.649592	2992.609467	12.276327	-0.025184	3.211960
139.688875	2990.485700	12.281331	-0.025191	3.210871
139.544414	2988.001909	12.286336	-0.025165	3.209569
139.426185	2985.443236	12.291341	-0.025143	3.208232
139.569215	2982.635966	12.296346	-0.025169	3.206803
139.584399	2979.874827	12.301351	-0.025171	3.205378
139.417834	2977.015352	12.306355	-0.025141	3.203878
139.447902	2974.088572	12.311360	-0.025146	3.202368
139.505821	2971.231164	12.316365	-0.025156	3.200898
139.510940	2968.235939	12.321370	-0.025157	3.199349
139.529093	2965.191668	12.326375	-0.025160	3.197775
139.595146	2962.286740	12.331379	-0.025171	3.196279
139.599509	2959.235204	12.336384	-0.025172	3.194698
139.567888	2956.274841	12.341389	-0.025166	3.193159
139.530575	2953.305401	12.346394	-0.025159	3.191613
139.505780	2950.324445	12.351399	-0.025154	3.190062
139.404086	2947.333637	12.356403	-0.025135	3.188495
139.566642	2944.306740	12.361408	-0.025165	3.186945
139.401477	2941.341270	12.366413	-0.025134	3.185381
139.362644	2938.363323	12.371418	-0.025127	3.183827
139.327251	2935.330132	12.376423	-0.025120	3.182243
139.377197	2932.436309	12.381427	-0.025129	3.180744
139.550158	2929.296953	12.386432	-0.025160	3.179133
139.355438	2926.354638	12.391437	-0.025125	3.177573
139.243396	2923.386888	12.396442	-0.025104	3.176010
139.444949	2920.289322	12.401447	-0.025140	3.174422
139.391398	2917.296916	12.406451	-0.025130	3.172853
139.341051	2914.378678	12.411456	-0.025121	3.171322
139.156125	2911.361727	12.416461	-0.025087	3.169720
139.479012	2908.290129	12.421466	-0.025145	3.168160
139.284467	2905.348081	12.426471	-0.025110	3.166595
139.219939	2902.394714	12.431475	-0.025098	3.165040
139.201637	2899.323062	12.436480	-0.025094	3.163430
139.267753	2896.369771	12.441485	-0.025106	3.161893
139.151800	2893.396528	12.446490	-0.025084	3.160319
139.027522	2890.388335	12.451495	-0.025062	3.158724
138.975868	2887.380023	12.456499	-0.025052	3.157139
139.040510	2884.376455	12.461504	-0.025063	3.155572
138.894764	2881.329899	12.466509	-0.025037	3.153952
139.114995	2878.348668	12.471514	-0.025076	3.152418
138.948475	2875.365453	12.476519	-0.025046	3.150826
139.002483	2872.359424	12.481523	-0.025055	3.149253
138.924746	2869.367827	12.486528	-0.025041	3.147669
139.025929	2866.378169	12.491533	-0.025059	3.146110
138.878474	2863.379344	12.496538	-0.025032	3.144510
138.826948	2860.356812	12.501543	-0.025022	3.142910
138.799467	2857.432382	12.506547	-0.025017	3.141364
138.946804	2854.365750	12.511552	-0.025043	3.139768
138.935511	2851.286071	12.516557	-0.025041	3.138142
139.073978	2848.339017	12.521562	-0.025066	3.136606
139.055948	2845.294394	12.526567	-0.025062	3.134995
138.930240	2842.340092	12.531571	-0.025039	3.133416
138.974154	2839.360954	12.536576	-0.025047	3.131847
138.969840	2836.363290	12.541581	-0.025046	3.130261
139.011033	2833.287016	12.546586	-0.025053	3.128639
138.782437	2830.430319	12.551591	-0.025011	3.127093
138.588822	2827.407741	12.556595	-0.024976	3.125464
138.856889	2824.329534	12.561600	-0.025024	3.123871
138.766016	2821.348249	12.566605	-0.025007	3.122277
138.838170	2818.384355	12.571610	-0.025020	3.120715
138.622453	2815.377041	12.576615	-0.024981	3.119087
138.671771	2812.385912	12.581619	-0.024990	3.117506
138.532055	2809.401724	12.586624	-0.024964	3.115900
138.487087	2806.382853	12.591629	-0.024956	3.114288
138.479415	2803.352507	12.596634	-0.024954	3.112675
138.580321	2800.379300	12.601639	-0.024972	3.111107
138.635733	2797.316162	12.606643	-0.024982	3.109484
138.625195	2794.351605	12.611648	-0.024979	3.107903
138.695150	2791.357910	12.616653	-0.024992	3.106317
138.563035	2788.369128	12.621658	-0.024967	3.104704
138.561057	2785.340718	12.626663	-0.024967	3.103088
138.487173	2782.477843	12.631667	-0.024953	3.101549
138.520214	2779.372874	12.636672	-0.024959	3.099895
138.628082	2776.347893	12.641677	-0.024978	3.098294
138.472883	2773.424641	12.646682	-0.024950	3.096708
138.397789	2770.410530	12.651687	-0.024936	3.095085
138.532166	2767.324068	12.656691	-0.024960	3.093452
138.548620	2764.390211	12.661696	-0.024962	3.091884
138.382232	2761.383003	12.666701	-0.024932	3.090248
138.423698	2758.357459	12.671706	-0.024939	3.088632
138.404994	2755.395281	12.676711	-0.024936	3.087040
138.418868	2752.409465	12.681715	-0.024938	3.085440
138.403781	2749.331949	12.686720	-0.024935	3.083785
138.479521	2746.406759	12.691725	-0.024948	3.082225
138.299754	2743.438385	12.696730	-0.024915	3.080603
138.505283	2740.322877	12.701735	-0.024952	3.078958
138.440938	2737.352304	12.706739	-0.024940	3.077350
138.355802	2734.367533	12.711744	-0.024925	3.075731
138.283259	2731.353683	12.716749	-0.024911	3.074097
138.284884	2728.410368	12.721754	-0.024911	3.072511
138.219853	2725.379135	12.726759	-0.024899	3.070867
138.262001	2722.395432	12.731763	-0.024906	3.069263
138.173294	2719.426537	12.736768	-0.024890	3.067647
138.222233	2716.409412	12.741773	-0.024899	3.066025
138.183604	2713.397054	12.746778	-0.024891	3.064392
138.195965	2710.414491	12.751783	-0.024893	3.062781
138.127100	2707.441903	12.756787	-0.024881	3.061163
138.120381	2704.420998	12.761792	-0.024879	3.059527
138.090045	2701.398965	12.766797	-0.024873	3.057886
138.266758	2698.372467	12.771802	-0.024905	3.056273
138.085251	2695.344459	12.776807	-0.024872	3.054604
138.159822	2692.378514	12.781811	-0.024885	3.053007
138.140288	2689.401396	12.786816	-0.024881	3.051388
137.991408	2686.390102	12.791821	-0.024854	3.049731
138.079730	2683.371634	12.796826	-0.024870	3.048105
138.066430	2680.397031	12.801831	-0.024867	3.046486
138.118365	2677.379105	12.806835	-0.024876	3.044852
138.191527	2674.395378	12.811840	-0.024889	3.043240
138.064597	2671.401167	12.816845	-0.024866	3.041591
138.018876	2668.433836	12.821850	-0.024857	3.039968
137.934787	2665.432846	12.826855	-0.024842	3.038320
137.985367	2662.397006	12.831859	-0.024850	3.036672
138.135124	2659.352075	12.836864	-0.024877	3.035033
138.256938	2656.345027	12.841869	-0.024899	3.033410
137.954775	2653.455243	12.846874	-0.024844	3.031786
137.952222	2650.416543	12.851879	-0.024843	3.030125
137.969758	2647.365407	12.856883	-0.024846	3.028460
138.017410	2644.442857	12.861888	-0.024854	3.026868
138.063744	2641.338572	12.866893	-0.024863	3.025176
137.899943	2638.427939	12.871898	-0.024833	3.023557
137.817072	2635.534167	12.876903	-0.024817	3.021959
137.893261	2632.429506	12.881907	-0.024831	3.020269
137.919246	2629.403584	12.886912	-0.024835	3.018613
137.960493	2626.441634	12.891917	-0.024842	3.016993
137.864038	2623.389734	12.896922	-0.024825	3.015303
137.956433	2620.377678	12.901927	-0.024841	3.013662
137.897328	2617.426738	12.906931	-0.024830	3.012031
137.786489	2614.454845	12.911936	-0.024810	3.010379
137.813288	2611.393213	12.916941	-0.024814	3.008698
137.884183	2608.437839	12.921946	-0.024827	3.007082
137.762855	2605.440391	12.926951	-0.024805	3.005412
137.863899	2602.376251	12.931955	-0.024822	3.003738
137.792444	2599.456090	12.936960	-0.024809	3.002116
137.972919	2596.411137	12.941965	-0.024842	3.000463
137.743677	2593.407359	12.946970	-0.024800	2.998770
137.648744	2590.505948	12.951975	-0.024782	2.997152
137.579663	2587.445942	12.956979	-0.024770	2.995450
137.689119	2584.401914	12.961984	-0.024789	2.993783
137.626461	2581.488545	12.966989	-0.024777	2.992161
137.634858	2578.439230	12.971994	-0.024779	2.990474
137.507189	2575.439572	12.976999	-0.024755	2.988793
137.618848	2572.471984	12.982003	-0.024775	2.987165
137.600549	2569.396349	12.987008	-0.024772	2.985456
137.595546	2566.457141	12.992013	-0.024770	2.983824
137.480132	2563.512026	12.997018	-0.024749	2.982171
137.489348	2560.472107	13.002023	-0.024751	2.980484
137.476555	2557.455192	13.007027	-0.024748	2.978805
137.588709	2554.440551	13.012032	-0.024768	2.977146
137.685903	2551.382364	13.017037	-0.024785	2.975459
137.618832	2548.413117	13.022042	-0.024773	2.973795
137.414536	2545.484910	13.027047	-0.024736	2.972132
137.468095	2542.457980	13.032051	-0.024745	2.970453
137.354665	2539.457479	13.037056	-0.024724	2.968762
137.399091	2536.505860	13.042061	-0.024732	2.967121
137.452441	2533.436544	13.047066	-0.024741	2.965416
137.344078	2530.478908	13.052071	-0.024721	2.963747
137.311661	2527.517965	13.057075	-0.024715	2.962086
137.400469	2524.442811	13.062080	-0.024731	2.960380
137.352522	2521.442734	13.067085	-0.024722	2.958694
137.410169	2518.447764	13.072090	-0.024732	2.957026
137.324488	2515.416536	13.077095	-0.024716	2.955314
137.444918	2512.482571	13.082099	-0.024738	2.953688
137.317357	2509.481541	13.087104	-0.024714	2.951984
137.321982	2506.475335	13.092109	-0.024715	2.950298
137.188442	2503.502285	13.097114	-0.024690	2.948607
137.195366	2500.515549	13.102119	-0.024691	2.946930
137.239834	2497.476695	13.107123	-0.024699	2.945229
137.187012	2494.512884	13.112128	-0.024689	2.943553
137.131875	2491.535900	13.117133	-0.024679	2.941869
137.255225	2488.476807	13.122138	-0.024701	2.940165
137.108950	2485.493928	13.127143	-0.024674	2.938461
137.146830	2482.486647	13.132147	-0.024681	2.936772
137.100196	2479.451681	13.137152	-0.024672	2.935052
137.091337	2476.505221	13.142157	-0.024670	2.933388
137.088183	2473.480918	13.147162	-0.024669	2.931679
137.034905	2470.481288	13.152167	-0.024659	2.929975
136.974288	2467.504801	13.157171	-0.024648	2.928282
137.174750	2464.487595	13.162176	-0.024684	2.926607
137.047306	2461.468273	13.167181	-0.024661	2.924878
137.038986	2458.578734	13.172186	-0.024659	2.923240
137.184160	2455.465375	13.177191	-0.024685	2.921498
137.186005	2452.486049	13.182195	-0.024685	2.919809
137.097564	2449.496448	13.187200	-0.024669	2.918098
137.135408	2446.510465	13.192205	-0.024675	2.916409
137.129454	2443.441287	13.197210	-0.024674	2.914664
137.141609	2440.551140	13.202215	-0.024676	2.913023
136.927444	2437.517846	13.207219	-0.024637	2.911264
137.001857	2434.515369	13.212224	-0.024650	2.909567
137.095704	2431.513524	13.217229	-0.024666	2.907873
137.092049	2428.521170	13.222234	-0.024666	2.906167
136.966839	2425.515039	13.227239	-0.024643	2.904433
136.952662	2422.567507	13.232243	-0.024640	2.902749
136.880516	2419.512281	13.237248	-0.024626	2.900994
136.982492	2416.531639	13.242253	-0.024645	2.899308
136.792693	2413.515481	13.247258	-0.024610	2.897554
136.773928	2410.539688	13.252263	-0.024606	2.895849
136.966222	2407.470553	13.257267	-0.024641	2.894124
136.815405	2404.559047	13.262272	-0.024613	2.892433
136.743275	2401.526244	13.267277	-0.024600	2.890684
136.851236	2398.503720	13.272282	-0.024619	2.888969
136.690434	2395.558447	13.277287	-0.024590	2.887254
136.778121	2392.513109	13.282291	-0.024605	2.885521
136.625773	2389.555458	13.287296	-0.024577	2.883798
136.781843	2386.544887	13.292301	-0.024605	2.882093
136.728853	2383.507849	13.297306	-0.024595	2.880339
136.765782	2380.543240	13.302311	-0.024602	2.878640
136.713810	2377.522056	13.307315	-0.024592	2.876892
136.669138	2374.506075	13.312320	-0.024584	2.875148
136.693540	2371.545466	13.317325	-0.024588	2.873446
136.636622	2368.566910	13.322330	-0.024577	2.871719
136.568425	2365.523040	13.327335	-0.024565	2.869952
136.616022	2362.601737	13.332339	-0.024573	2.868273
136.593408	2359.516738	13.337344	-0.024568	2.866487
136.695524	2356.554294	13.342349	-0.024587	2.864792
136.648956	2353.608288	13.347354	-0.024578	2.863080
136.652621	2350.575355	13.352359	-0.024578	2.861326
136.475755	2347.608537	13.357363	-0.024546	2.859578
136.534569	2344.571726	13.362368	-0.024556	2.857829
136.388415	2341.589673	13.367373	-0.024530	2.856076
136.496985	2338.563386	13.372378	-0.024549	2.854338
136.224439	2335.633397	13.377383	-0.024499	2.852592
136.432811	2332.586107	13.382387	-0.024537	2.850856
136.393377	2329.566601	13.387392	-0.024529	2.849095
136.374257	2326.597393	13.392397	-0.024526	2.847365
136.296028	2323.562095	13.397402	-0.024511	2.845586
136.287942	2320.606820	13.402407	-0.024509	2.843864
136.411291	2317.579969	13.407411	-0.024531	2.842121
136.323239	2314.568649	13.412416	-0.024515	2.840351
136.194259	2311.628698	13.417421	-0.024492	2.838614
136.231925	2308.617898	13.422426	-0.024498	2.836863
136.229186	2305.544597	13.427431	-0.024497	2.835068
136.268061	2302.630652	13.432435	-0.024504	2.833371
136.271129	2299.579223	13.437440	-0.024504	2.831587
136.300281	2296.592135	13.442445	-0.024509	2.829844
136.291235	2293.612997	13.447450	-0.024507	2.828098
136.239811	2290.603067	13.452455	-0.024498	2.826326
136.194225	2287.633303	13.457459	-0.024489	2.824578
136.167598	2284.673270	13.462464	-0.024484	2.822837
136.393777	2281.557653	13.467469	-0.024525	2.821046
136.312556	2278.627575	13.472474	-0.024510	2.819311
135.906501	2275.646294	13.477479	-0.024436	2.817491
136.121785	2272.595267	13.482483	-0.024475	2.815733
136.071610	2269.627428	13.487488	-0.024465	2.813978
136.086294	2266.612126	13.492493	-0.024468	2.812205
136.010176	2263.595085	13.497498	-0.024453	2.810415
135.857926	2260.688114	13.502503	-0.024426	2.808675
135.988257	2257.594013	13.507507	-0.024449	2.806872
136.023324	2254.600563	13.512512	-0.024455	2.805111
135.952282	2251.663212	13.517517	-0.024442	2.803364
136.005790	2248.658163	13.522522	-0.024451	2.801597
135.843706	2245.655688	13.527527	-0.024422	2.799793
136.067111	2242.613554	13.532531	-0.024462	2.798031
135.892748	2239.633270	13.537536	-0.024430	2.796236
135.821299	2236.674363	13.542541	-0.024417	2.794471
135.840549	2233.648635	13.547546	-0.024420	2.792680
135.883701	2230.625857	13.552551	-0.024427	2.790894
135.890853	2227.640589	13.557555	-0.024428	2.789123
135.941214	2224.641626	13.562560	-0.024437	2.787350
135.877101	2221.608727	13.567565	-0.024425	2.785536
135.904274	2218.725739	13.572570	-0.024430	2.783826
135.812425	2215.695264	13.577575	-0.024413	2.782006
135.932451	2212.644535	13.582579	-0.024434	2.780210
135.818819	2209.671456	13.587584	-0.024413	2.778419
135.881420	2206.645864	13.592589	-0.024424	2.776625
135.777689	2203.682198	13.597594	-0.024405	2.774839
135.784284	2200.705379	13.602599	-0.024406	2.773062
135.569824	2197.695526	13.607603	-0.024367	2.771227
135.786922	2194.690550	13.612608	-0.024406	2.769467
135.738697	2191.678977	13.617613	-0.024397	2.767657
135.706286	2188.676292	13.622618	-0.024391	2.765854
135.640806	2185.738791	13.627623	-0.024379	2.764083
135.629525	2182.718808	13.632627	-0.024377	2.762271
135.586381	2179.693891	13.637632	-0.024368	2.760449
135.609068	2176.737745	13.642637	-0.024372	2.758678
135.547932	2173.688218	13.647642	-0.024361	2.756836
135.636803	2170.707438	13.652647	-0.024377	2.755060
135.582541	2167.704583	13.657651	-0.024367	2.753244
135.711158	2164.668420	13.662656	-0.024389	2.751439
135.470691	2161.771654	13.667661	-0.024346	2.749653
135.642735	2158.716455	13.672666	-0.024377	2.747842
135.383774	2155.741504	13.677671	-0.024329	2.746003
135.525237	2152.767412	13.682675	-0.024355	2.744233
135.501978	2149.732326	13.687680	-0.024350	2.742396
135.581547	2146.702004	13.692685	-0.024364	2.740579
135.556276	2143.697363	13.697690	-0.024359	2.738758
135.492750	2140.707892	13.702695	-0.024348	2.736938
135.361475	2137.740612	13.707699	-0.024324	2.735119
135.495942	2134.719320	13.712704	-0.024348	2.733312
135.393667	2131.703348	13.717709	-0.024329	2.731466
135.455230	2128.732406	13.722714	-0.024340	2.729674
135.443742	2125.721892	13.727719	-0.024337	2.727845
135.510050	2122.705687	13.732723	-0.024349	2.726024
135.385123	2119.786100	13.737728	-0.024326	2.724228
135.310088	2116.787779	13.742733	-0.024312	2.722391
135.308993	2113.747948	13.747738	-0.024312	2.720540
135.394816	2110.735108	13.752743	-0.024327	2.718721
135.234061	2107.746872	13.757747	-0.024298	2.716871
135.189353	2104.805234	13.762752	-0.024289	2.715069
135.141058	2101.800127	13.767757	-0.024280	2.713226
135.248348	2098.769634	13.772762	-0.024299	2.711394
135.217252	2095.784034	13.777767	-0.024293	2.709564
135.199572	2092.795529	13.782771	-0.024290	2.707734
135.295337	2089.735169	13.787776	-0.024307	2.705878
135.140962	2086.868078	13.792781	-0.024279	2.704095
135.109279	2083.811282	13.797786	-0.024273	2.702216
135.220879	2080.799800	13.802791	-0.024292	2.700389
135.144054	2077.791411	13.807795	-0.024278	2.698529
135.252701	2074.772636	13.812800	-0.024298	2.696695
135.034796	2071.826888	13.817805	-0.024258	2.694846
135.194914	2068.790544	13.822810	-0.024287	2.693008
134.935953	2065.816321	13.827815	-0.024239	2.691131
135.123835	2062.830706	13.832819	-0.024273	2.689327
135.213678	2059.764768	13.837824	-0.024289	2.687454
135.039653	2056.839881	13.842829	-0.024257	2.685619
134.945129	2053.872042	13.847834	-0.024240	2.683771
134.914750	2050.853636	13.852839	-0.024234	2.681901
134.872823	2047.826079	13.857843	-0.024226	2.680023
135.042923	2044.798624	13.862848	-0.024257	2.678182
134.896069	2041.782818	13.867853	-0.024230	2.676290
134.974220	2038.839359	13.872858	-0.024244	2.674481
134.799328	2035.836536	13.877863	-0.024212	2.672589
134.742458	2032.840056	13.882867	-0.024201	2.670721
134.771661	2029.859681	13.887872	-0.024206	2.668877
134.879282	2026.814111	13.892877	-0.024225	2.667006
134.620671	2023.900226	13.897882	-0.024178	2.665148
134.681665	2020.905180	13.902887	-0.024189	2.663297
134.605077	2017.823179	13.907891	-0.024175	2.661366
134.806730	2014.857700	13.912896	-0.024211	2.659556
134.676599	2011.812828	13.917901	-0.024187	2.657635
134.812138	2008.806245	13.922906	-0.024211	2.655785
134.723300	2005.859421	13.927911	-0.024195	2.653930
134.743143	2002.808748	13.932915	-0.024198	2.652029
134.751665	1999.838509	13.937920	-0.024200	2.650175
134.708564	1996.865569	13.942925	-0.024191	2.648308
134.533648	1993.855978	13.947930	-0.024160	2.646393
134.646263	1990.922724	13.952935	-0.024180	2.644577
134.608203	1987.851029	13.957939	-0.024172	2.642645
134.610166	1984.880295	13.962944	-0.024172	2.640783
134.523458	1981.881583	13.967949	-0.024157	2.638885
134.599976	1978.850364	13.972954	-0.024170	2.636996
134.586325	1975.905239	13.977959	-0.024167	2.635142
134.576879	1972.886255	13.982963	-0.024165	2.633242
134.498194	1969.874259	13.987968	-0.024151	2.631332
134.401268	1966.962288	13.992973	-0.024133	2.629480
134.427319	1963.882884	13.997978	-0.024137	2.627545
134.442143	1960.971866	14.002983	-0.024140	2.625712
134.313889	1957.979772	14.007987	-0.024116	2.623799
134.435575	1954.902719	14.012992	-0.024138	2.621879
134.119672	1952.013738	14.017997	-0.024081	2.619994
134.101093	1948.959122	14.023002	-0.024077	2.618058
134.265768	1945.903614	14.028007	-0.024106	2.616155
134.131755	1942.988627	14.033011	-0.024082	2.614284
134.077730	1939.944037	14.038016	-0.024072	2.612344
134.194272	1936.954319	14.043021	-0.024093	2.610469
134.083249	1933.943120	14.048026	-0.024072	2.608537
134.291875	1930.901926	14.053031	-0.024110	2.606644
134.078859	1928.004943	14.058035	-0.024071	2.604762
134.212620	1924.935513	14.063040	-0.024095	2.602835
134.042018	1921.994544	14.068045	-0.024063	2.600930
134.255835	1918.935455	14.073050	-0.024102	2.599021
134.206640	1915.922264	14.078055	-0.024093	2.597091
134.125759	1913.013421	14.083059	-0.024078	2.595220
134.159825	1909.938430	14.088064	-0.024084	2.593263
134.206778	1906.953006	14.093069	-0.024092	2.591364
134.309030	1903.932348	14.098074	-0.024110	2.589451
134.246301	1900.968241	14.103079	-0.024098	2.587543
134.144622	1897.918991	14.108083	-0.024080	2.585571
134.219719	1894.869487	14.113088	-0.024093	2.583630
134.118929	1891.880364	14.118093	-0.024074	2.581694
134.185451	1888.924730	14.123098	-0.024086	2.579810
134.100017	1885.913907	14.128103	-0.024070	2.577859
134.295752	1882.931711	14.133107	-0.024105	2.575980
134.244697	1879.941126	14.138112	-0.024096	2.574046
134.153169	1876.974066	14.143117	-0.024079	2.572118
133.962295	1874.032307	14.148122	-0.024044	2.570186
134.152134	1870.962015	14.153127	-0.024078	2.568243
134.023033	1868.021640	14.158131	-0.024055	2.566321
134.162843	1865.033345	14.163136	-0.024080	2.564418
134.172892	1861.972156	14.168141	-0.024081	2.562442
134.054412	1859.060714	14.173146	-0.024059	2.560537
133.923995	1856.048714	14.178151	-0.024036	2.558562
134.037638	1853.026745	14.183155	-0.024056	2.556627
133.993776	1850.064618	14.188160	-0.024048	2.554698
134.031127	1847.035273	14.193165	-0.024054	2.552740
133.862158	1844.093162	14.198170	-0.024023	2.550798
133.903404	1841.075676	14.203175	-0.024030	2.548845
133.990542	1837.992292	14.208179	-0.024046	2.546858
133.961568	1835.141676	14.213184	-0.024040	2.544997
133.875349	1832.107766	14.218189	-0.024024	2.543005
133.697291	1829.149945	14.223194	-0.023992	2.541043
133.679713	1826.116806	14.228199	-0.023988	2.539061
133.758785	1823.081270	14.233203	-0.024002	2.537096
133.683683	1820.139349	14.238208	-0.023989	2.535159
133.798498	1817.092239	14.243213	-0.024009	2.533190
133.758540	1814.095470	14.248218	-0.024001	2.531222
133.811891	1811.108609	14.253223	-0.024011	2.529277
133.647710	1808.089176	14.258227	-0.023981	2.527266
133.977962	1805.111783	14.263232	-0.024040	2.525379
133.777205	1802.121852	14.268237	-0.024004	2.523377
133.788475	1799.132805	14.273242	-0.024005	2.521416
133.531643	1796.193500	14.278247	-0.023959	2.519434
133.664065	1793.102092	14.283251	-0.023982	2.517427
133.641806	1790.151731	14.288256	-0.023978	2.515480
133.595430	1787.170872	14.293261	-0.023969	2.513507
133.655856	1784.121483	14.298266	-0.023980	2.511509
133.724278	1781.143512	14.303271	-0.023992	2.509557
133.450883	1778.181690	14.308275	-0.023942	2.507547
133.605442	1775.197849	14.313280	-0.023970	2.505606
133.482128	1772.207081	14.318285	-0.023947	2.503603
133.668110	1769.158976	14.323290	-0.023981	2.501623
133.424202	1766.203193	14.328295	-0.023936	2.499616
133.467108	1763.186172	14.333299	-0.023944	2.497624
133.402117	1760.211070	14.338304	-0.023932	2.495637
133.229529	1757.273344	14.343309	-0.023900	2.493652
133.318313	1754.190984	14.348314	-0.023916	2.491621
133.432416	1751.194029	14.353319	-0.023936	2.489651
133.141421	1748.236142	14.358323	-0.023883	2.487623
133.277355	1745.252114	14.363328	-0.023908	2.485663
133.165232	1742.253898	14.368333	-0.023887	2.483641
133.257742	1739.226853	14.373338	-0.023903	2.481640
133.221775	1736.238633	14.378343	-0.023897	2.479637
133.285759	1733.199097	14.383347	-0.023908	2.477619
133.157724	1730.287626	14.388352	-0.023884	2.475646
133.182932	1727.249739	14.393357	-0.023889	2.473617
133.029555	1724.301342	14.398362	-0.023861	2.471611
133.169600	1721.243484	14.403367	-0.023886	2.469589
133.127801	1718.228606	14.408371	-0.023878	2.467557
133.135492	1715.330913	14.413376	-0.023879	2.465613
133.162691	1712.278702	14.418381	-0.023884	2.463567
133.058939	1709.331481	14.423386	-0.023864	2.461563
133.018772	1706.293299	14.428391	-0.023857	2.459509
133.125628	1703.265513	14.433395	-0.023876	2.457491
132.950861	1700.339995	14.438400	-0.023844	2.455482
133.109065	1697.268958	14.443405	-0.023872	2.453442
132.938069	1694.362023	14.448410	-0.023841	2.451443
132.914472	1691.329548	14.453415	-0.023837	2.449388
132.978914	1688.321608	14.458419	-0.023848	2.447366
132.997045	1685.350442	14.463424	-0.023851	2.445358
132.925132	1682.315992	14.468429	-0.023838	2.443287
133.007880	1679.352950	14.473434	-0.023852	2.441294
132.883040	1676.335744	14.478439	-0.023829	2.439220
132.914546	1673.365574	14.483443	-0.023835	2.437209
132.928657	1670.364112	14.488448	-0.023837	2.435171
132.764115	1667.392805	14.493453	-0.023807	2.433115
132.822166	1664.398393	14.498458	-0.023817	2.431087
132.871639	1661.364426	14.503463	-0.023826	2.429029
132.921717	1658.363927	14.508467	-0.023835	2.426992
132.940929	1655.421009	14.513472	-0.023838	2.424987
132.837924	1652.377717	14.518477	-0.023819	2.422885
132.940693	1649.403868	14.523482	-0.023837	2.420873
132.803278	1646.377194	14.528487	-0.023812	2.418772
132.798958	1643.421333	14.533491	-0.023811	2.416746
132.724841	1640.423437	14.538496	-0.023797	2.414674
132.659550	1637.428413	14.543501	-0.023785	2.412605
132.735183	1634.413960	14.548506	-0.023798	2.410550
132.513095	1631.465287	14.553511	-0.023758	2.408476
132.658344	1628.449027	14.558515	-0.023784	2.406431
132.644590	1625.463345	14.563520	-0.023781	2.404372
132.748435	1622.384831	14.568525	-0.023800	2.402272
132.769668	1619.446116	14.573530	-0.023803	2.400249
132.581414	1616.445873	14.578535	-0.023769	2.398138
132.763713	1613.451099	14.583539	-0.023801	2.396107
132.618425	1610.462453	14.588544	-0.023775	2.394009
132.715960	1607.453960	14.593549	-0.023792	2.391947
132.608007	1604.486459	14.598554	-0.023772	2.389868
132.550109	1601.525643	14.603559	-0.023762	2.387802
132.444650	1598.563962	14.608563	-0.023742	2.385724
132.699677	1595.493139	14.613568	-0.023788	2.383645
132.432895	1592.559973	14.618573	-0.023740	2.381549
132.633428	1589.480073	14.623578	-0.023776	2.379449
132.476183	1586.519431	14.628583	-0.023747	2.377353
132.529251	1583.530455	14.633587	-0.023756	2.375281
132.361682	1580.540936	14.638592	-0.023726	2.373159
132.532287	1577.531049	14.643597	-0.023756	2.371093
132.288991	1574.564982	14.648602	-0.023712	2.368968
132.380889	1571.605154	14.653607	-0.023728	2.366917
132.242815	1568.602449	14.658611	-0.023703	2.364785
132.233626	1565.610871	14.663616	-0.023701	2.362686
132.209919	1562.582362	14.668621	-0.023696	2.360557
132.251362	1559.575504	14.673626	-0.023703	2.358455
132.330709	1556.585436	14.678631	-0.023718	2.356370
132.486117	1553.548235	14.683635	-0.023745	2.354268
132.481506	1550.550828	14.688640	-0.023744	2.352157
132.364979	1547.619265	14.693645	-0.023723	2.350066
132.406389	1544.597823	14.698650	-0.023730	2.347944
132.388563	1541.661396	14.703655	-0.023726	2.345867
132.154068	1538.665181	14.708659	-0.023684	2.343700
132.182368	1535.682851	14.713664	-0.023689	2.341597
132.121943	1532.641185	14.718669	-0.023677	2.339431
132.222735	1529.652108	14.723674	-0.023695	2.337335
132.039891	1526.684711	14.728679	-0.023662	2.335191
132.142909	1523.668864	14.733683	-0.023680	2.333073
132.055733	1520.687017	14.738688	-0.023664	2.330936
132.160591	1517.661324	14.743693	-0.023683	2.328807
131.977482	1514.740850	14.748698	-0.023649	2.326689
131.958946	1511.708237	14.753703	-0.023646	2.324524
131.951122	1508.712576	14.758707	-0.023644	2.322387
131.950771	1505.725461	14.763712	-0.023644	2.320255
131.831580	1502.719627	14.768717	-0.023622	2.318082
132.025246	1499.719254	14.773722	-0.023657	2.315979
131.798860	1496.728131	14.778727	-0.023615	2.313788
131.969643	1493.741327	14.783731	-0.023646	2.311687
131.933219	1490.721010	14.788736	-0.023639	2.309513
131.959947	1487.779066	14.793741	-0.023644	2.307408
131.844585	1484.809168	14.798746	-0.023622	2.305249
131.957699	1481.763710	14.803751	-0.023643	2.303085
131.829870	1478.786624	14.808755	-0.023619	2.300914
131.839318	1475.772141	14.813760	-0.023621	2.298744
131.751807	1472.814495	14.818765	-0.023605	2.296592
131.890061	1469.776867	14.823770	-0.023629	2.294431
131.820474	1466.788835	14.828775	-0.023616	2.292257
131.801719	1463.819014	14.833779	-0.023613	2.290105
131.859026	1460.800205	14.838784	-0.023623	2.287933
131.735636	1457.883471	14.843789	-0.023600	2.285793
131.761092	1454.836926	14.848794	-0.023604	2.283590
131.735413	1451.867190	14.853799	-0.023599	2.281428
131.700171	1448.830434	14.858803	-0.023593	2.279214
131.736059	1445.899045	14.863808	-0.023599	2.277091
131.632456	1442.865064	14.868813	-0.023580	2.274859
131.688793	1439.899936	14.873818	-0.023590	2.272711
131.572807	1436.908453	14.878823	-0.023569	2.270503
131.719101	1433.879376	14.883827	-0.023595	2.268325
131.442292	1430.973992	14.888832	-0.023544	2.266140
131.583846	1427.893445	14.893837	-0.023570	2.263919
131.582294	1424.905047	14.898842	-0.023569	2.261730
131.441966	1421.931349	14.903847	-0.023543	2.259519
131.474553	1418.931786	14.908851	-0.023549	2.257326
131.551627	1415.922782	14.913856	-0.023563	2.255134
131.469121	1412.941437	14.918861	-0.023547	2.252924
131.439090	1409.958614	14.923866	-0.023542	2.250723
131.422389	1406.955082	14.928871	-0.023538	2.248507
131.380296	1403.992263	14.933875	-0.023530	2.246314
131.560447	1400.917936	14.938880	-0.023563	2.244087
131.416381	1397.999894	14.943885	-0.023536	2.241898
131.414930	1394.941591	14.948890	-0.023536	2.239637
131.430137	1392.018225	14.953895	-0.023538	2.237477
131.433860	1388.978457	14.958899	-0.023539	2.235226
131.423350	1386.013515	14.963904	-0.023536	2.233025
131.283027	1383.057281	14.968909	-0.023511	2.230798
131.307382	1380.053766	14.973914	-0.023515	2.228572
131.120770	1377.148619	14.978919	-0.023481	2.226368
131.251242	1374.071224	14.983923	-0.023504	2.224107
131.155764	1371.093157	14.988928	-0.023487	2.221866
131.135499	1368.092778	14.993933	-0.023483	2.219623
131.027369	1365.126637	14.998938	-0.023463	2.217383
131.060407	1362.114861	15.003943	-0.023468	2.215139
131.067559	1359.101277	15.008947	-0.023469	2.212886
131.101927	1356.102457	15.013952	-0.023475	2.210647
131.068436	1353.127868	15.018957	-0.023469	2.208409
131.096217	1350.128835	15.023962	-0.023474	2.206165
131.091685	1347.108679	15.028967	-0.023473	2.203895
131.010646	1344.164114	15.033971	-0.023458	2.201661
130.941062	1341.142518	15.038976	-0.023445	2.199370
131.083855	1338.181429	15.043981	-0.023470	2.197172
130.891877	1335.176242	15.048986	-0.023435	2.194860
130.898039	1332.230851	15.053991	-0.023436	2.192637
130.872364	1329.197696	15.058995	-0.023431	2.190338
130.991179	1326.197713	15.064000	-0.023452	2.188096
130.919005	1323.228271	15.069005	-0.023439	2.185829
130.869850	1320.244439	15.074010	-0.023430	2.183555
130.810536	1317.224584	15.079015	-0.023419	2.181248
130.853510	1314.233558	15.084019	-0.023426	2.178985
130.704251	1311.279679	15.089024	-0.023399	2.176703
130.670776	1308.274193	15.094029	-0.023393	2.174406
130.551929	1305.310978	15.099034	-0.023371	2.172119
130.702542	1302.251602	15.104039	-0.023398	2.169820
130.684292	1299.300514	15.109043	-0.023394	2.167561
130.779778	1296.257809	15.114048	-0.023411	2.165257
130.794284	1293.276964	15.119053	-0.023413	2.162979
130.793761	1290.282801	15.124058	-0.023413	2.160684
130.655948	1287.326447	15.129063	-0.023388	2.158383
130.740562	1284.328542	15.134067	-0.023403	2.156101
130.628166	1281.337913	15.139072	-0.023382	2.153775
130.667303	1278.356399	15.144077	-0.023389	2.151490
130.574297	1275.374267	15.149082	-0.023372	2.149170
130.514409	1272.454561	15.154087	-0.023361	2.146903
130.433229	1269.437572	15.159091	-0.023346	2.144554
130.463452	1266.440706	15.164096	-0.023351	2.142245
130.489060	1263.386808	15.169101	-0.023355	2.139888
130.620760	1260.422455	15.174106	-0.023379	2.137624
130.466984	1257.404514	15.179111	-0.023351	2.135246
130.580892	1254.447474	15.184115	-0.023371	2.132979
130.415290	1251.435947	15.189120	-0.023341	2.130598
130.570565	1248.451546	15.194125	-0.023368	2.128314
130.462098	1245.456361	15.199130	-0.023349	2.125954
130.576864	1242.455503	15.204135	-0.023369	2.123643
130.478028	1239.473342	15.209139	-0.023351	2.121291
130.422509	1236.533564	15.214144	-0.023341	2.118980
130.462341	1233.509250	15.219149	-0.023347	2.116624
130.436276	1230.529828	15.224154	-0.023342	2.114284
130.469385	1227.509534	15.229159	-0.023348	2.111924
130.486409	1224.539227	15.234163	-0.023351	2.109597
130.254019	1221.628846	15.239168	-0.023309	2.107253
130.425293	1218.547489	15.244173	-0.023339	2.104871
130.349462	1215.576262	15.249178	-0.023325	2.102512
130.424504	1212.557873	15.254183	-0.023338	2.100151
130.220951	1209.629674	15.259187	-0.023301	2.097789
130.461710	1206.563351	15.264192	-0.023345	2.095427
130.276113	1203.621441	15.269197	-0.023311	2.093053
130.445117	1200.572946	15.274202	-0.023341	2.090681
130.326737	1197.649225	15.279207	-0.023319	2.088333
130.301016	1194.656623	15.284211	-0.023314	2.085951
130.186410	1191.686415	15.289216	-0.023293	2.083562
130.286813	1188.664793	15.294221	-0.023311	2.081183
130.107904	1185.708766	15.299226	-0.023279	2.078783
130.114329	1182.718740	15.304231	-0.023279	2.076401
129.942124	1179.771662	15.309235	-0.023248	2.074004
130.163279	1176.691824	15.314240	-0.023288	2.071599
129.998115	1173.779116	15.319245	-0.023258	2.069226
130.018895	1170.773744	15.324250	-0.023261	2.066824
130.017377	1167.773105	15.329255	-0.023260	2.064416
129.997066	1164.781938	15.334259	-0.023256	2.062009
129.923719	1161.783390	15.339264	-0.023243	2.059580
130.148462	1158.765889	15.344269	-0.023283	2.057209
130.038590	1155.775354	15.349274	-0.023263	2.054771
129.876048	1152.854694	15.354279	-0.023233	2.052373
129.863484	1149.836668	15.359283	-0.023231	2.049932
129.860240	1146.861137	15.364288	-0.023230	2.047525
129.931964	1143.836511	15.369293	-0.023243	2.045095
130.063932	1140.819532	15.374298	-0.023266	2.042683
129.951342	1137.840154	15.379303	-0.023245	2.040236
129.968457	1134.905817	15.384307	-0.023248	2.037856
129.898322	1131.878441	15.389312	-0.023235	2.035375
129.952078	1128.921969	15.394317	-0.023245	2.032981
129.886919	1125.902424	15.399322	-0.023233	2.030502
129.787044	1123.004691	15.404327	-0.023214	2.028111
129.907285	1119.929078	15.409331	-0.023236	2.025628
129.599038	1117.034208	15.414336	-0.023180	2.023178
129.632290	1113.997193	15.419341	-0.023185	2.020698
129.629709	1111.043982	15.424346	-0.023185	2.018275
129.601733	1107.997209	15.429351	-0.023179	2.015765
129.658149	1105.036913	15.434355	-0.023189	2.013345
129.530114	1102.008951	15.439360	-0.023166	2.010818
129.578457	1099.081167	15.444365	-0.023174	2.008417
129.609056	1096.031928	15.449370	-0.023179	2.005909
129.724282	1093.029814	15.454375	-0.023200	2.003458
129.637848	1090.048716	15.459379	-0.023184	2.000968
129.758642	1087.059261	15.464384	-0.023206	1.998524
129.476451	1084.119507	15.469389	-0.023154	1.996010
129.527498	1081.153880	15.474394	-0.023163	1.993561
129.366047	1078.153396	15.479399	-0.023134	1.991022
129.462376	1075.212111	15.484403	-0.023151	1.988599
129.475622	1072.155210	15.489408	-0.023153	1.986054
129.389802	1069.217338	15.494413	-0.023137	1.983579
129.432178	1066.180649	15.499418	-0.023144	1.981052
129.365106	1063.238662	15.504423	-0.023132	1.978572
129.202933	1060.253092	15.509427	-0.023102	1.976027
129.235299	1057.291758	15.514432	-0.023108	1.973551
129.095732	1054.279198	15.519437	-0.023082	1.970983
129.218521	1051.322145	15.524442	-0.023104	1.968529
129.257107	1048.249233	15.529447	-0.023111	1.965951
129.151427	1045.328248	15.534451	-0.023092	1.963460
129.086212	1042.312661	15.539456	-0.023080	1.960896
129.176741	1039.336043	15.544461	-0.023096	1.958404
128.989027	1036.362527	15.549466	-0.023061	1.955835
129.028496	1033.391351	15.554471	-0.023068	1.953328
129.134360	1030.322461	15.559475	-0.023087	1.950752
129.071219	1027.402817	15.564480	-0.023075	1.948253
128.816465	1024.436628	15.569485	-0.023029	1.945659
129.050594	1021.377343	15.574490	-0.023071	1.943117
129.133768	1018.343668	15.579495	-0.023086	1.940551
129.104817	1015.387876	15.584499	-0.023080	1.938018
128.916585	1012.452830	15.589504	-0.023046	1.935455
128.908283	1009.470151	15.594509	-0.023044	1.932898
128.922790	1006.458239	15.599514	-0.023046	1.930319
128.845615	1003.532768	15.604519	-0.023032	1.927785
128.766643	1000.527961	15.609523	-0.023018	1.925179
128.825437	997.532805	15.614528	-0.023028	1.922616
128.750894	994.550997	15.619533	-0.023014	1.920024
128.957339	991.498791	15.624538	-0.023051	1.917446
128.835305	988.568377	15.629543	-0.023029	1.914878
128.740217	985.593619	15.634547	-0.023011	1.912276
128.593576	982.670752	15.639552	-0.022985	1.909700
128.680951	979.656149	15.644557	-0.023000	1.907108
128.583396	976.675948	15.649562	-0.022982	1.904490
128.810793	973.609511	15.654567	-0.023023	1.901884
128.546184	970.706999	15.659571	-0.022975	1.899279
128.662227	967.660447	15.664576	-0.022995	1.896653
128.400435	964.764236	15.669581	-0.022948	1.894047
128.638591	961.667195	15.674586	-0.022991	1.891403
128.658872	958.716778	15.679591	-0.022994	1.888823
128.570371	955.740567	15.684595	-0.022978	1.886185
128.477570	952.782032	15.689600	-0.022961	1.883558
128.580195	949.769131	15.694605	-0.022979	1.880935
128.453713	946.798352	15.699610	-0.022956	1.878280
128.574227	943.801245	15.704615	-0.022977	1.875669
128.466766	940.819875	15.709619	-0.022957	1.873003
128.608348	937.822820	15.714624	-0.022983	1.870391
128.367771	934.900723	15.719629	-0.022939	1.867731
128.394312	931.899223	15.724634	-0.022943	1.865075
128.431786	928.866668	15.729639	-0.022950	1.862389
128.422752	925.919096	15.734643	-0.022948	1.859763
128.185451	922.975999	15.739648	-0.022905	1.857070
128.457555	919.924569	15.744653	-0.022954	1.854425
128.214873	916.975012	15.749658	-0.022909	1.851717
128.247324	914.033334	15.754663	-0.022915	1.849093
128.218842	910.998022	15.759667	-0.022910	1.846363
128.365869	907.987775	15.764672	-0.022936	1.843702
128.382979	904.980851	15.769677	-0.022939	1.841003
128.472863	901.997420	15.774682	-0.022955	1.838343
128.177631	899.093451	15.779687	-0.022901	1.835637
128.160893	896.112427	15.784691	-0.022898	1.832939
127.878920	893.223215	15.789696	-0.022846	1.830243
128.213350	890.116458	15.794701	-0.022907	1.827527
128.125785	887.158481	15.799706	-0.022890	1.824817
128.064527	884.167707	15.804711	-0.022879	1.822081
128.138741	881.186148	15.809715	-0.022892	1.819390
128.200984	878.174853	15.814720	-0.022903	1.816664
128.056214	875.234703	15.819725	-0.022877	1.813938
127.931972	872.291515	15.824730	-0.022854	1.811210
127.867914	869.313601	15.829735	-0.022842	1.808465
127.968989	866.297058	15.834739	-0.022860	1.805730
127.952623	863.299242	15.839744	-0.022857	1.802972
127.919649	860.346722	15.844749	-0.022850	1.800247
127.819529	857.366095	15.849754	-0.022832	1.797471
127.895268	854.386269	15.854759	-0.022845	1.794745
127.842453	851.377467	15.859763	-0.022836	1.791950
127.757789	848.479723	15.864768	-0.022820	1.789243
127.648219	845.477918	15.869773	-0.022800	1.786428
127.648654	842.484588	15.874778	-0.022800	1.783649
127.451316	839.541504	15.879783	-0.022764	1.780853
127.501337	836.519532	15.884787	-0.022772	1.778055
127.530748	833.527425	15.889792	-0.022777	1.775273
127.489897	830.533599	15.894797	-0.022770	1.772464
127.443481	827.580379	15.899802	-0.022761	1.769687
127.547678	824.553509	15.904807	-0.022780	1.766883
127.543897	821.542655	15.909811	-0.022779	1.764056
127.658953	818.558404	15.914816	-0.022799	1.761287
127.385278	815.646911	15.919821	-0.022749	1.758461
127.307033	812.701661	15.924826	-0.022735	1.755660
127.354597	809.679758	15.929831	-0.022743	1.752820
127.441738	806.704302	15.934835	-0.022759	1.750032
127.509631	803.676462	15.939840	-0.022771	1.747184
127.626816	800.668714	15.944845	-0.022792	1.744366
127.329895	797.767930	15.949850	-0.022738	1.741516
127.481309	794.756117	15.954855	-0.022765	1.738696
127.310779	791.804653	15.959859	-0.022734	1.735827
127.381341	788.812419	15.964864	-0.022746	1.732991
127.229744	785.893986	15.969869	-0.022718	1.730151
127.329292	782.853926	15.974874	-0.022736	1.727268
127.333671	779.881197	15.979879	-0.022736	1.724416
127.280095	776.913468	15.984883	-0.022726	1.721545
127.201809	773.941205	15.989888	-0.022712	1.718657
127.380836	770.930836	15.994893	-0.022744	1.715809
127.248044	767.947628	15.999898	-0.022720	1.712884
127.303845	765.030587	16.004903	-0.022730	1.710078
127.184110	762.032801	16.009907	-0.022708	1.707132
127.198869	759.059539	16.014912	-0.022710	1.704249
127.296529	756.043292	16.019917	-0.022727	1.701345
127.144680	753.087490	16.024922	-0.022700	1.698415
127.075643	750.135146	16.029927	-0.022687	1.695511
127.195855	747.119425	16.034931	-0.022708	1.692600
127.183933	744.143955	16.039936	-0.022706	1.689681
127.173675	741.187383	16.044941	-0.022704	1.686776
127.115511	738.188105	16.049946	-0.022693	1.683808
127.112804	735.245997	16.054951	-0.022692	1.680910
127.051022	732.250215	16.059955	-0.022681	1.677934
127.076977	729.287616	16.064960	-0.022685	1.675014
127.056837	726.308053	16.069965	-0.022681	1.672058
126.985134	723.372199	16.074970	-0.022668	1.669123
127.093947	720.344832	16.079975	-0.022687	1.666150
127.036590	717.381803	16.084979	-0.022676	1.663182
127.042254	714.402785	16.089984	-0.022677	1.660214
126.969097	711.458755	16.094989	-0.022664	1.657249
126.796206	708.506605	16.099994	-0.022632	1.654237
126.811595	705.541660	16.104999	-0.022635	1.651270
126.815447	702.541743	16.110003	-0.022635	1.648258
126.961545	699.526541	16.115008	-0.022661	1.645273
126.849086	696.569080	16.120013	-0.022641	1.642255
126.782235	693.631833	16.125018	-0.022628	1.639266
126.901091	690.602671	16.130023	-0.022649	1.636241
126.893393	687.641741	16.135027	-0.022648	1.633238
126.725336	684.711174	16.140032	-0.022617	1.630205
126.785742	681.703967	16.145037	-0.022628	1.627166
126.609133	678.750206	16.150042	-0.022595	1.624096
126.649012	675.768957	16.155047	-0.022602	1.621065
126.512864	672.816619	16.160051	-0.022577	1.617998
126.677225	669.797434	16.165056	-0.022607	1.614960
126.621588	666.834690	16.170061	-0.022596	1.611898
126.590992	663.876721	16.175066	-0.022591	1.608844
126.287885	660.986347	16.180071	-0.022536	1.605761
126.333135	657.978125	16.185075	-0.022543	1.602669
126.343258	654.988246	16.190080	-0.022545	1.599578
126.498147	651.963360	16.195085	-0.022573	1.596495
126.426183	648.994273	16.200090	-0.022559	1.593386
126.338311	646.099403	16.205095	-0.022543	1.590342
126.266372	643.120049	16.210099	-0.022530	1.587210
126.358429	640.108751	16.215104	-0.022546	1.584096
126.251641	637.159671	16.220109	-0.022527	1.580971
126.285420	634.178607	16.225114	-0.022532	1.577855
126.092416	631.246455	16.230119	-0.022497	1.574705
126.102549	628.280025	16.235123	-0.022499	1.571584
126.149136	625.270233	16.240128	-0.022507	1.568424
126.049458	622.326726	16.245133	-0.022489	1.565276
125.953605	619.371311	16.250138	-0.022471	1.562111
126.158753	616.334336	16.255143	-0.022508	1.558959
126.075156	613.392186	16.260147	-0.022492	1.555799
125.988144	610.464238	16.265152	-0.022476	1.552646
125.966107	607.471856	16.270157	-0.022472	1.549442
125.954745	604.509499	16.275162	-0.022470	1.546267
125.856152	601.540058	16.280167	-0.022452	1.543046
125.774688	598.595980	16.285171	-0.022436	1.539852
125.946638	595.567022	16.290176	-0.022467	1.536651
125.866953	592.614024	16.295181	-0.022453	1.533435
125.895603	589.633226	16.300186	-0.022457	1.530221
125.964132	586.657262	16.305191	-0.022470	1.527020
125.849491	583.691174	16.310195	-0.022449	1.523756
125.737749	580.785714	16.315200	-0.022428	1.520553
125.594318	577.838178	16.320205	-0.022402	1.517285
125.853449	574.765921	16.325210	-0.022448	1.514021
125.683994	571.894366	16.330215	-0.022417	1.510813
125.743716	568.891367	16.335219	-0.022428	1.507538
125.572763	565.949574	16.340224	-0.022397	1.504238
125.576330	562.998326	16.345229	-0.022397	1.500985
125.695166	559.968126	16.350234	-0.022418	1.497680
125.563038	557.048063	16.355239	-0.022394	1.494397
125.481462	554.111957	16.360243	-0.022379	1.491107
125.525138	551.121321	16.365248	-0.022387	1.487796
125.557057	548.120679	16.370253	-0.022392	1.484463
125.420208	545.223564	16.375258	-0.022367	1.481174
125.436679	542.225564	16.380263	-0.022370	1.477823
125.454675	539.255498	16.385267	-0.022373	1.474495
125.425883	536.305607	16.390272	-0.022367	1.471166
125.456270	533.332989	16.395277	-0.022372	1.467825
125.523849	530.313077	16.400282	-0.022384	1.464438
125.405436	527.402507	16.405287	-0.022363	1.461096
125.433200	524.424974	16.410291	-0.022367	1.457726
125.490638	521.429104	16.415296	-0.022377	1.454339
125.348927	518.525450	16.420301	-0.022352	1.450972
125.380220	515.549590	16.425306	-0.022357	1.447582
125.306348	512.577277	16.430311	-0.022343	1.444147
125.165318	509.687366	16.435315	-0.022317	1.440773
125.142536	506.700894	16.440320	-0.022313	1.437325
125.174931	503.734357	16.445325	-0.022319	1.433914
125.168266	500.786784	16.450330	-0.022317	1.430501
125.167821	497.812552	16.455335	-0.022317	1.427051
125.312129	494.801544	16.460339	-0.022342	1.423607
125.232025	491.864089	16.465344	-0.022328	1.420153
125.144420	488.920098	16.470349	-0.022312	1.416679
125.173682	485.970348	16.475354	-0.022317	1.413236
124.970369	483.047507	16.480359	-0.022280	1.409725
124.940845	480.104631	16.485363	-0.022274	1.406249
124.940789	477.123554	16.490368	-0.022274	1.402732
124.998090	474.144814	16.495373	-0.022284	1.399232
124.832354	471.245096	16.500378	-0.022253	1.395727
124.945108	468.246159	16.505383	-0.022273	1.392208
125.009656	465.255922	16.510387	-0.022285	1.388670
124.997631	462.297277	16.515392	-0.022282	1.385131
124.878223	459.364404	16.520397	-0.022260	1.381569
124.898935	456.416105	16.525402	-0.022264	1.378037
124.785534	453.468249	16.530407	-0.022243	1.374442
124.812130	450.519985	16.535411	-0.022248	1.370893
124.828564	447.542565	16.540416	-0.022250	1.367296
124.813798	444.587235	16.545421	-0.022247	1.363704
124.715423	441.656213	16.550426	-0.022229	1.360097
124.565282	438.755316	16.555431	-0.022202	1.356497
124.541544	435.806584	16.560435	-0.022197	1.352880
124.601339	432.836178	16.565440	-0.022208	1.349262
124.527913	429.861511	16.570445	-0.022194	1.345573
124.689242	426.888124	16.575450	-0.022223	1.341974
124.461869	423.985853	16.580455	-0.022182	1.338290
124.560536	420.995134	16.585459	-0.022199	1.334623
124.361732	418.099564	16.590464	-0.022163	1.330939
124.346282	415.146692	16.595469	-0.022160	1.327251
124.252525	412.211464	16.600474	-0.022143	1.323542
124.438166	409.200403	16.605479	-0.022176	1.319846
124.324484	406.274641	16.610483	-0.022155	1.316119
124.418153	403.307690	16.615488	-0.022172	1.312418
124.329416	400.344504	16.620493	-0.022155	1.308633
124.244817	397.423976	16.625498	-0.022140	1.304893
124.317660	394.429339	16.630503	-0.022153	1.301117
124.138036	391.543492	16.635507	-0.022120	1.297358
124.167344	388.584550	16.640512	-0.022125	1.293586
124.206866	385.616743	16.645517	-0.022132	1.289796
124.036897	382.704278	16.650522	-0.022101	1.285974
124.116096	379.754938	16.655527	-0.022115	1.282203
123.966838	376.829008	16.660531	-0.022087	1.278350
124.123587	373.851518	16.665536	-0.022116	1.274554
123.859051	370.978465	16.670541	-0.022067	1.270696
123.888187	368.012794	16.675546	-0.022072	1.266836
124.016959	365.019367	16.680551	-0.022095	1.262972
123.880604	362.119533	16.685555	-0.022070	1.259100
123.849915	359.171404	16.690560	-0.022065	1.255200
123.795578	356.257202	16.695565	-0.022054	1.251323
123.729183	353.312658	16.700570	-0.022042	1.247387
123.743130	350.370739	16.705575	-0.022044	1.243479
123.766116	347.409495	16.710579	-0.022048	1.239537
123.598171	344.527913	16.715584	-0.022018	1.235602
123.562753	341.591084	16.720589	-0.022011	1.231641
123.599579	338.629461	16.725594	-0.022017	1.227667
123.434102	335.724446	16.730599	-0.021987	1.223663
123.462280	332.770842	16.735603	-0.021992	1.219669
123.396116	329.836308	16.740608	-0.021980	1.215645
123.418164	326.902293	16.745613	-0.021983	1.211649
123.454379	323.934957	16.750618	-0.021990	1.207601
123.469276	320.995849	16.755623	-0.021992	1.203568
123.360062	318.082848	16.760627	-0.021972	1.199499
123.311665	315.165693	16.765632	-0.021963	1.195440
123.339033	312.226335	16.770637	-0.021968	1.191371
123.290587	309.312009	16.775642	-0.021958	1.187287
123.238090	306.375147	16.780647	-0.021949	1.183156
123.317296	303.425924	16.785651	-0.021963	1.179056
123.177350	300.528147	16.790656	-0.021937	1.174909
123.095826	297.623953	16.795661	-0.021922	1.170766
122.957873	294.721832	16.800666	-0.021897	1.166584
122.963164	291.790381	16.805671	-0.021898	1.162415
122.997552	288.833855	16.810675	-0.021903	1.158210
123.093964	285.889336	16.815680	-0.021921	1.154037
122.992904	282.971063	16.820685	-0.021902	1.149788
122.905278	280.071877	16.825690	-0.021886	1.145559
122.786310	277.163509	16.830695	-0.021864	1.141285
122.903646	274.194485	16.835699	-0.021885	1.137024
122.875393	271.288311	16.840704	-0.021880	1.132767
122.853786	268.357578	16.845709	-0.021875	1.128460
122.749796	265.471110	16.850714	-0.021856	1.124161
122.792806	262.532112	16.855719	-0.021864	1.119842
122.704177	259.628700	16.860723	-0.021847	1.115492
122.703311	256.730361	16.865728	-0.021847	1.111178
122.564943	253.822302	16.870733	-0.021822	1.106761
122.775711	250.845092	16.875738	-0.021860	1.102403
122.498620	248.007545	16.880743	-0.021809	1.097986
122.531993	245.085845	16.885747	-0.021815	1.093585
122.487500	242.172878	16.890752	-0.021807	1.089138
122.381060	239.289143	16.895757	-0.021787	1.084686
122.456164	236.335939	16.900762	-0.021800	1.080204
122.391387	233.451490	16.905767	-0.021788	1.075736
122.322925	230.553025	16.910771	-0.021776	1.071225
122.417480	227.610417	16.915776	-0.021792	1.066714
122.404684	224.684212	16.920781	-0.021790	1.062151
122.391875	221.784473	16.925786	-0.021787	1.057610
122.322256	218.905513	16.930791	-0.021774	1.053052
122.341923	215.984501	16.935795	-0.021778	1.048456
122.356435	213.074472	16.940800	-0.021780	1.043854
122.366585	210.171284	16.945805	-0.021781	1.039241
122.152577	207.346872	16.950810	-0.021743	1.034609
122.250417	204.420532	16.955815	-0.021760	1.029965
122.113530	201.547646	16.960819	-0.021735	1.025256
122.159920	198.639510	16.965824	-0.021743	1.020571
122.027329	195.772012	16.970829	-0.021719	1.015829
121.939749	192.902878	16.975834	-0.021703	1.011088
121.961156	189.997369	16.980839	-0.021706	1.006327
121.896319	187.125311	16.985843	-0.021694	1.001549
121.830732	184.242183	16.990848	-0.021682	0.996730
121.847118	181.337015	16.995853	-0.021685	0.991897
121.885337	178.413138	17.000858	-0.021691	0.987022
121.736007	175.580862	17.005863	-0.021664	0.982168
121.537992	172.742033	17.010867	-0.021628	0.977250
121.639081	169.823047	17.015872	-0.021646	0.972348
121.412169	167.000949	17.020877	-0.021605	0.967391
121.538991	164.065176	17.025882	-0.021627	0.962425
121.510313	161.188505	17.030887	-0.021622	0.957441
121.530348	158.315277	17.035891	-0.021625	0.952467
121.464399	155.440155	17.040896	-0.021613	0.947412
121.530698	152.556133	17.045901	-0.021625	0.942394
121.497819	149.671721	17.050906	-0.021618	0.937288
121.468857	146.825222	17.055911	-0.021613	0.932223
121.384335	143.967374	17.060915	-0.021597	0.927077
121.251818	141.143139	17.065920	-0.021573	0.921932
121.362068	138.245302	17.070925	-0.021593	0.916777
121.295258	135.406549	17.075930	-0.021580	0.911589
121.179298	132.560952	17.080935	-0.021559	0.906328
121.113066	129.728086	17.085939	-0.021547	0.901090
120.966492	126.902995	17.090944	-0.021520	0.895785
121.048912	124.021436	17.095949	-0.021535	0.890492
120.912312	121.197528	17.100954	-0.021510	0.885132
120.919405	118.337277	17.105959	-0.021511	0.879765
120.819236	115.531758	17.110963	-0.021492	0.874398
120.862235	112.659486	17.115968	-0.021500	0.868966
120.777895	109.832207	17.120973	-0.021484	0.863501
120.763915	106.996332	17.125978	-0.021481	0.858032
120.611265	104.193142	17.130983	-0.021454	0.852497
120.724387	101.328194	17.135987	-0.021474	0.846986
120.488989	98.556585	17.140992	-0.021431	0.841384
120.441398	95.746115	17.145997	-0.021422	0.835797
120.324948	92.937039	17.151002	-0.021401	0.830128
120.417595	90.075738	17.156007	-0.021417	0.824461
120.302570	87.278210	17.161011	-0.021396	0.818737
120.425732	84.416489	17.166016	-0.021418	0.813011
120.192324	81.661989	17.171021	-0.021376	0.807210
120.282437	78.822097	17.176026	-0.021392	0.801423
120.215883	76.025443	17.181031	-0.021379	0.795570
120.167815	73.239744	17.186035	-0.021370	0.789711
120.124168	70.437381	17.191040	-0.021362	0.783776
119.971214	67.691377	17.196045	-0.021334	0.777834
119.766262	64.952037	17.201050	-0.021297	0.771822
119.817252	62.133113	17.206055	-0.021306	0.765783
119.888711	59.312607	17.211059	-0.021318	0.759709
119.930902	56.521317	17.216064	-0.021326	0.753628
119.687696	53.807579	17.221069	-0.021282	0.747448
119.576228	51.063771	17.226074	-0.021261	0.741252
119.572446	48.282322	17.231079	-0.021260	0.735004
119.450324	45.551210	17.236083	-0.021238	0.728723
119.330465	42.815098	17.241088	-0.021216	0.722377
119.335742	40.056773	17.246093	-0.021217	0.716025
119.126768	37.358997	17.251098	-0.021178	0.709583
119.041118	34.702994	17.256103	-0.021163	0.703281
118.931451	32.246829	17.261107	-0.021143	0.697378
