Tue Jun 02 09:25:21 2020

Number of Points = 3020
Depth (nm)	Load (µN)	Time (s)	Depth (V)	Load (V)
1.239007	0.156303	0.000000	0.000030	0.492813

1.090557	0.203449	0.005005	0.000057	0.492796
1.233658	0.159255	0.010010	0.000031	0.492816
1.199203	0.165220	0.015014	0.000038	0.492795
1.317853	0.097629	0.020019	0.000016	0.492708
1.212264	0.073420	0.025024	0.000035	0.492500
1.260878	0.054594	0.030029	0.000027	0.492494
1.189731	0.082252	0.035034	0.000040	0.492503
1.182286	0.087477	0.040038	0.000041	0.492511
1.269010	-0.013395	0.045043	0.000025	0.492274
1.354000	-0.068210	0.050048	0.000010	0.492189
1.135795	0.003358	0.055053	0.000050	0.492171
1.367293	-0.165583	0.060058	0.000008	0.491875
1.231728	-0.119896	0.065062	0.000032	0.491868
1.246029	-0.210978	0.070067	0.000030	0.491577
1.294242	-0.245279	0.075072	0.000021	0.491518
1.339558	-0.338823	0.080077	0.000013	0.491255
1.204987	-0.345666	0.085082	0.000037	0.491071
1.301798	-0.429347	0.090086	0.000020	0.490903
1.149796	-0.463784	0.095091	0.000047	0.490605
1.233465	-0.549751	0.100096	0.000032	0.490413
1.199817	-0.607383	0.105101	0.000038	0.490177
1.101561	-0.634548	0.110106	0.000056	0.489967
1.106306	-0.725792	0.115110	0.000055	0.489663
0.985110	-0.760177	0.120115	0.000077	0.489401
0.921964	-0.814699	0.125120	0.000089	0.489139
1.118675	-0.949646	0.130125	0.000053	0.488916
1.096989	-1.030122	0.135130	0.000057	0.488616
1.054767	-1.107572	0.140134	0.000065	0.488301
1.080213	-1.216089	0.145139	0.000060	0.487962
1.026743	-1.296707	0.150144	0.000070	0.487623
1.081324	-1.416495	0.155149	0.000060	0.487279
0.994148	-1.493656	0.160154	0.000076	0.486911
0.905716	-1.573774	0.165158	0.000092	0.486530
1.085823	-1.744576	0.170163	0.000060	0.486163
1.074755	-1.859229	0.175168	0.000062	0.485757
1.091757	-1.984460	0.180173	0.000059	0.485348
1.067332	-2.108741	0.185178	0.000063	0.484893
1.113204	-2.242387	0.190182	0.000055	0.484489
1.095270	-2.372616	0.195187	0.000058	0.484020
1.004035	-2.456078	0.200192	0.000075	0.483623
1.074589	-2.634876	0.205197	0.000062	0.483093
1.017051	-2.739121	0.210202	0.000073	0.482664
0.938321	-2.872292	0.215206	0.000087	0.482109
1.003751	-3.031656	0.220211	0.000075	0.481638
0.758006	-3.093363	0.225216	0.000119	0.481125
0.914682	-3.302620	0.230221	0.000091	0.480592
0.971726	-3.474634	0.235226	0.000081	0.480066
0.945477	-3.622675	0.240230	0.000086	0.479521
0.813166	-3.721713	0.245235	0.000110	0.479015
0.711114	-3.846510	0.250240	0.000128	0.478456
0.786398	-4.037725	0.255245	0.000115	0.477883
0.590774	-4.134113	0.260250	0.000150	0.477308
0.731273	-4.353086	0.265254	0.000125	0.476717
0.540008	-4.454582	0.270259	0.000159	0.476127
0.599659	-4.651973	0.275264	0.000149	0.475510
0.572790	-4.817158	0.280269	0.000154	0.474899
0.465041	-4.953554	0.285274	0.000173	0.474287
0.310904	-5.068615	0.290278	0.000201	0.473693
0.450910	-5.302120	0.295283	0.000176	0.473046
0.451465	-5.487462	0.300288	0.000176	0.472394
-0.087508	-5.485455	0.305293	0.000273	0.471732
-2.262529	-4.873525	0.310298	0.000666	0.471186
-2.640046	-4.843326	0.315302	0.000735	0.470822
-3.586082	-4.616094	0.320307	0.000905	0.470446
-3.632682	-4.683757	0.325312	0.000914	0.470149
-3.803184	-4.717932	0.330317	0.000945	0.469815
-4.194198	-4.664533	0.335322	0.001016	0.469515
-4.594415	-4.600831	0.340326	0.001088	0.469241
-4.688314	-4.628777	0.345331	0.001105	0.469024
-4.510747	-4.758904	0.350336	0.001073	0.468784
-4.874425	-4.716831	0.355341	0.001139	0.468478
-5.290486	-4.638787	0.360346	0.001214	0.468235
-5.580719	-4.613475	0.365350	0.001266	0.467961
-5.355750	-4.756625	0.370355	0.001226	0.467733
-5.442646	-4.795386	0.375360	0.001241	0.467486
-6.004773	-4.659670	0.380365	0.001343	0.467264
-6.327259	-4.611975	0.385370	0.001401	0.467029
-6.094393	-4.756281	0.390374	0.001359	0.466807
-6.298425	-4.746514	0.395379	0.001396	0.466585
-6.497820	-4.721191	0.400384	0.001432	0.466424
-6.790754	-4.714505	0.405389	0.001485	0.466079
-6.825899	-4.739505	0.410394	0.001492	0.465946
-6.973227	-4.733022	0.415398	0.001518	0.465783
-7.179139	-4.748547	0.420403	0.001556	0.465468
-7.592118	-4.631186	0.425408	0.001630	0.465367
-7.654553	-4.669538	0.430413	0.001642	0.465151
-7.500238	-4.787526	0.435418	0.001614	0.464923
-7.744419	-4.732553	0.440422	0.001658	0.464811
-8.302878	-4.616732	0.445427	0.001759	0.464521
-7.984364	-4.748091	0.450432	0.001701	0.464452
-8.136462	-4.757358	0.455437	0.001729	0.464227
-8.392347	-4.717493	0.460442	0.001775	0.464046
-8.591717	-4.669091	0.465446	0.001811	0.463967
-8.718483	-4.705750	0.470451	0.001834	0.463675
-8.541900	-4.795020	0.475456	0.001802	0.463578
-9.035916	-4.688717	0.480461	0.001892	0.463334
-9.209174	-4.668386	0.485466	0.001923	0.463188
-9.442181	-4.637481	0.490470	0.001965	0.463003
-9.235769	-4.746320	0.495475	0.001928	0.462873
-9.471039	-4.711737	0.500480	0.001971	0.462699
-9.880698	-4.621717	0.505485	0.002045	0.462503
-9.990689	-4.622456	0.510490	0.002065	0.462361
-9.900703	-4.695240	0.515494	0.002048	0.462213
-10.066257	-4.675528	0.520499	0.002078	0.462073
-10.524543	-4.572155	0.525504	0.002161	0.461864
-10.420562	-4.636699	0.530509	0.002142	0.461763
-10.358143	-4.701886	0.535514	0.002131	0.461607
-10.431617	-4.719113	0.540518	0.002144	0.461451
-10.755173	-4.672036	0.545523	0.002203	0.461209
-10.847301	-4.665654	0.550528	0.002220	0.461115
-10.868268	-4.718531	0.555533	0.002224	0.460897
-11.059115	-4.677530	0.560538	0.002258	0.460802
-11.351396	-4.652478	0.565542	0.002311	0.460520
-11.102041	-4.746905	0.570547	0.002266	0.460496
-11.612972	-4.654522	0.575552	0.002358	0.460179
-11.406861	-4.731452	0.580557	0.002321	0.460163
-12.126283	-4.563096	0.585562	0.002451	0.459854
-11.769318	-4.686222	0.590566	0.002387	0.459864
-12.076405	-4.660057	0.595571	0.002442	0.459566
-11.917398	-4.726044	0.600576	0.002414	0.459530
-12.321681	-4.660656	0.605581	0.002487	0.459251
-12.308954	-4.671298	0.610586	0.002484	0.459228
-12.496417	-4.664746	0.615590	0.002518	0.459012
-12.424854	-4.715781	0.620595	0.002505	0.458918
-12.954746	-4.596873	0.625600	0.002601	0.458672
-12.692955	-4.711822	0.630605	0.002554	0.458589
-13.016405	-4.660106	0.635610	0.002612	0.458363
-12.861282	-4.761456	0.640614	0.002584	0.458193
-13.333451	-4.633704	0.645619	0.002670	0.458052
-13.262316	-4.705837	0.650624	0.002657	0.457881
-13.489550	-4.663768	0.655629	0.002698	0.457742
-13.564988	-4.694566	0.660634	0.002712	0.457533
-13.883735	-4.614898	0.665638	0.002769	0.457414
-13.991591	-4.632614	0.670643	0.002789	0.457211
-13.916965	-4.689056	0.675648	0.002776	0.457101
-14.272449	-4.622610	0.680653	0.002840	0.456886
-14.499380	-4.570512	0.685658	0.002881	0.456784
-14.269278	-4.692076	0.690662	0.002839	0.456637
-14.281193	-4.731019	0.695667	0.002841	0.456479
-14.572274	-4.696480	0.700672	0.002894	0.456231
-14.740375	-4.657241	0.705677	0.002925	0.456157
-14.841580	-4.691297	0.710682	0.002943	0.455903
-14.902586	-4.682535	0.715686	0.002954	0.455856
-15.186132	-4.664472	0.720691	0.003005	0.455556
-15.168341	-4.679564	0.725696	0.003002	0.455524
-15.363736	-4.688680	0.730701	0.003037	0.455239
-15.429151	-4.681345	0.735706	0.003049	0.455181
-15.526109	-4.721004	0.740710	0.003067	0.454911
-15.637840	-4.709201	0.745715	0.003087	0.454809
-15.990555	-4.639139	0.750720	0.003151	0.454610
-15.885259	-4.710180	0.755725	0.003132	0.454486
-16.199470	-4.652144	0.760730	0.003189	0.454292
-16.307464	-4.642386	0.765734	0.003208	0.454188
-16.391181	-4.656861	0.770739	0.003223	0.454027
-16.212007	-4.765792	0.775744	0.003191	0.453859
-16.400572	-4.740761	0.780749	0.003225	0.453707
-16.941367	-4.626907	0.785754	0.003323	0.453424
-16.813896	-4.681975	0.790758	0.003300	0.453387
-16.979303	-4.695245	0.795763	0.003330	0.453124
-17.071320	-4.680664	0.800768	0.003347	0.453058
-17.518160	-4.594624	0.805773	0.003427	0.452795
-17.388165	-4.651811	0.810778	0.003404	0.452753
-17.271050	-4.763039	0.815782	0.003383	0.452496
-17.395976	-4.744542	0.820787	0.003405	0.452401
-18.040407	-4.593318	0.825792	0.003522	0.452121
-17.801491	-4.681497	0.830797	0.003479	0.452106
-17.984009	-4.700206	0.835802	0.003512	0.451800
-17.904153	-4.750920	0.840806	0.003497	0.451717
-18.554904	-4.576686	0.845811	0.003615	0.451513
-18.315140	-4.682305	0.850816	0.003572	0.451435
-18.472882	-4.692873	0.855821	0.003600	0.451191
-18.417849	-4.751573	0.860826	0.003590	0.451046
-19.110083	-4.552100	0.865830	0.003716	0.450881
-18.840329	-4.673448	0.870835	0.003667	0.450784
-18.955837	-4.693667	0.875840	0.003688	0.450558
-19.050188	-4.694673	0.880845	0.003705	0.450431
-19.297082	-4.653470	0.885850	0.003750	0.450262
-19.413808	-4.658091	0.890854	0.003771	0.450092
-19.266572	-4.749992	0.895859	0.003744	0.449944
-19.677764	-4.672493	0.900864	0.003818	0.449694
-19.988917	-4.581165	0.905869	0.003875	0.449625
-19.925964	-4.655613	0.910874	0.003863	0.449432
-19.917615	-4.690390	0.915878	0.003862	0.449314
-19.819685	-4.772702	0.920883	0.003844	0.449136
-20.207978	-4.657662	0.925888	0.003915	0.449055
-20.543550	-4.623968	0.930893	0.003975	0.448741
-20.324811	-4.712291	0.935898	0.003936	0.448699
-20.611103	-4.686674	0.940902	0.003988	0.448419
-20.716811	-4.667505	0.945907	0.004007	0.448352
-21.149507	-4.581492	0.950912	0.004085	0.448104
-20.895850	-4.691352	0.955917	0.004039	0.448028
-21.143092	-4.662231	0.960922	0.004084	0.447812
-21.282695	-4.644701	0.965926	0.004109	0.447694
-21.650633	-4.572328	0.970931	0.004176	0.447480
-21.412974	-4.678617	0.975936	0.004133	0.447397
-21.609102	-4.670260	0.980941	0.004168	0.447170
-21.612498	-4.707035	0.985946	0.004169	0.447028
-22.039131	-4.604220	0.990950	0.004246	0.446851
-22.095874	-4.620957	0.995955	0.004256	0.446713
-22.111627	-4.671794	1.000960	0.004259	0.446503

-22.562706	-4.588238	1.010957	0.004341	0.446221
-22.504367	-4.657586	1.020954	0.004330	0.446038
-22.795326	-4.589602	1.030950	0.004383	0.445909
-22.694494	-4.648705	1.040947	0.004365	0.445820
-22.885599	-4.642524	1.050944	0.004399	0.445591
-22.809730	-4.667214	1.060941	0.004386	0.445598
-22.956855	-4.616465	1.070938	0.004413	0.445593
-22.892112	-4.639313	1.080934	0.004401	0.445592
-23.004708	-4.599310	1.090931	0.004421	0.445593
-22.883368	-4.639556	1.100928	0.004400	0.445602
-22.953834	-4.615834	1.110925	0.004412	0.445597
-22.926962	-4.626403	1.120922	0.004408	0.445592
-22.981834	-4.607972	1.130918	0.004418	0.445588
-23.018238	-4.593429	1.140915	0.004424	0.445594
-22.976567	-4.608537	1.150912	0.004417	0.445592
-22.824471	-4.632023	1.160909	0.004389	0.445704
-22.659763	-4.635983	1.170906	0.004360	0.445905
-22.612860	-4.653250	1.180902	0.004351	0.445902
-22.641419	-4.641107	1.190899	0.004357	0.445909
-22.557203	-4.669336	1.200896	0.004341	0.445914
-22.600969	-4.654069	1.210893	0.004349	0.445913
-22.510399	-4.654094	1.220890	0.004333	0.446031
-22.374619	-4.652044	1.230886	0.004309	0.446217
-22.387830	-4.646140	1.240883	0.004311	0.446221
-22.490859	-4.610947	1.250880	0.004330	0.446216
-22.437586	-4.619458	1.260877	0.004320	0.446254
-22.290491	-4.591889	1.270874	0.004294	0.446549
-22.290125	-4.589609	1.280870	0.004294	0.446558
-22.371984	-4.557479	1.290867	0.004309	0.446569
-21.883081	-4.652746	1.300864	0.004220	0.446856
-22.000289	-4.611642	1.310861	0.004242	0.446854
-22.066176	-4.589330	1.320858	0.004254	0.446850
-22.042788	-4.570652	1.330854	0.004250	0.446950
-21.678627	-4.641631	1.340851	0.004184	0.447163
-21.949484	-4.545707	1.350848	0.004233	0.447164
-21.758236	-4.612909	1.360845	0.004198	0.447164
-21.649939	-4.605512	1.370842	0.004179	0.447333
-21.658638	-4.566693	1.380838	0.004181	0.447466
-21.638680	-4.572600	1.390835	0.004177	0.447469
-21.586063	-4.565454	1.400832	0.004168	0.447564
-21.517731	-4.526034	1.410829	0.004155	0.447800
-21.366945	-4.580669	1.420826	0.004128	0.447794
-21.448009	-4.529418	1.430822	0.004143	0.447877
-21.102667	-4.590049	1.440819	0.004081	0.448104
-21.194841	-4.557755	1.450816	0.004097	0.448102
-21.011783	-4.621214	1.460813	0.004064	0.448106
-21.084902	-4.574297	1.470810	0.004078	0.448184
-20.879177	-4.584002	1.480806	0.004041	0.448416
-20.856334	-4.590072	1.490803	0.004036	0.448423
-20.918025	-4.570045	1.500800	0.004048	0.448416
-20.864662	-4.546727	1.510797	0.004038	0.448572
-20.713995	-4.557353	1.520794	0.004011	0.448729
-20.735748	-4.547978	1.530790	0.004015	0.448735
-20.631366	-4.584626	1.540787	0.003996	0.448735
-20.617718	-4.507458	1.550784	0.003994	0.449038
-20.288627	-4.616099	1.560781	0.003934	0.449065
-20.372979	-4.585415	1.570778	0.003950	0.449068
-20.338660	-4.597543	1.580774	0.003944	0.449067
-20.352038	-4.538430	1.590771	0.003946	0.449268
-20.165509	-4.590299	1.600768	0.003913	0.449319
-20.152194	-4.595020	1.610765	0.003910	0.449318
-20.056567	-4.628896	1.620762	0.003893	0.449317
-19.977992	-4.581709	1.630758	0.003879	0.449593
-19.865570	-4.611647	1.640755	0.003859	0.449629
-20.002599	-4.563177	1.650752	0.003884	0.449629
-19.936375	-4.581974	1.660749	0.003872	0.449645
-19.879213	-4.525965	1.670746	0.003861	0.449926
-19.669837	-4.598404	1.680742	0.003824	0.449931
-19.727784	-4.578394	1.690739	0.003834	0.449928
-19.450120	-4.622556	1.700736	0.003784	0.450127
-19.580033	-4.542213	1.710733	0.003808	0.450254
-19.217527	-4.670018	1.720730	0.003742	0.450253
-19.424109	-4.598046	1.730726	0.003780	0.450249
-19.284130	-4.646834	1.740723	0.003754	0.450251
-19.352446	-4.547517	1.750720	0.003767	0.450528
-19.093932	-4.630531	1.760717	0.003720	0.450558
-19.293009	-4.562297	1.770714	0.003756	0.450550
-19.005773	-4.635321	1.780710	0.003704	0.450653
-19.004164	-4.577233	1.790707	0.003704	0.450869
-18.831118	-4.636877	1.800704	0.003673	0.450874
-18.906038	-4.611783	1.810701	0.003687	0.450868
-18.859390	-4.626904	1.820698	0.003678	0.450873
-18.813630	-4.564322	1.830694	0.003670	0.451162
-18.682250	-4.603920	1.840691	0.003647	0.451187
-18.742546	-4.583063	1.850688	0.003658	0.451185
-18.612167	-4.598546	1.860685	0.003634	0.451296
-18.455022	-4.596879	1.870682	0.003606	0.451506
-18.483729	-4.584618	1.880678	0.003611	0.451513
-18.478297	-4.587089	1.890675	0.003610	0.451511
-18.363155	-4.567622	1.900672	0.003589	0.451731
-18.265802	-4.579687	1.910669	0.003572	0.451813
-18.288393	-4.569518	1.920666	0.003576	0.451820
-18.233760	-4.579928	1.930662	0.003566	0.451852
-18.051453	-4.571529	1.940659	0.003533	0.452119
-17.962912	-4.602726	1.950656	0.003517	0.452119
-18.058163	-4.569108	1.960653	0.003535	0.452118
-17.929227	-4.577996	1.970650	0.003512	0.452252
-17.755926	-4.591265	1.980646	0.003480	0.452428
-17.733900	-4.600451	1.990643	0.003476	0.452422
-17.713341	-4.604592	2.000640	0.003473	0.452433
-17.596860	-4.629489	2.010637	0.003452	0.452492
-17.495179	-4.593159	2.020634	0.003434	0.452756
-17.492453	-4.595103	2.030630	0.003433	0.452752
-17.323942	-4.654225	2.040627	0.003403	0.452753
-17.544851	-4.575327	2.050624	0.003443	0.452756
-17.238432	-4.601354	2.060621	0.003387	0.453056
-17.229885	-4.602554	2.070618	0.003386	0.453062
-17.056453	-4.664580	2.080614	0.003355	0.453059
-17.271456	-4.589352	2.090611	0.003394	0.453056
-17.000430	-4.618738	2.100608	0.003345	0.453298
-17.028417	-4.585694	2.110605	0.003350	0.453383
-16.817853	-4.662477	2.120602	0.003312	0.453373
-17.048328	-4.582198	2.130598	0.003354	0.453369
-16.772405	-4.609163	2.140595	0.003304	0.453626
-16.793696	-4.583258	2.150592	0.003308	0.453693
-16.682639	-4.624558	2.160589	0.003288	0.453684
-16.821926	-4.561155	2.170586	0.003313	0.453736
-16.380815	-4.638113	2.180582	0.003233	0.454024
-16.340841	-4.650733	2.190579	0.003226	0.454028
-16.386330	-4.635881	2.200576	0.003235	0.454023
-16.453785	-4.612526	2.210573	0.003247	0.454021
-16.305201	-4.641209	2.220570	0.003220	0.454108
-16.366390	-4.568281	2.230566	0.003231	0.454295
-16.346202	-4.574605	2.240563	0.003228	0.454297
-16.403652	-4.534290	2.250560	0.003238	0.454370
-16.153008	-4.559614	2.260557	0.003193	0.454600
-16.073850	-4.587470	2.270554	0.003179	0.454600
-16.111416	-4.545065	2.280550	0.003186	0.454706
-15.791430	-4.603801	2.290547	0.003128	0.454903
-15.750414	-4.618463	2.300544	0.003121	0.454902
-15.753034	-4.617192	2.310541	0.003121	0.454903
-15.860264	-4.544805	2.320538	0.003141	0.455029
-15.630098	-4.572427	2.330534	0.003099	0.455224
-15.895488	-4.478839	2.340531	0.003147	0.455223
-15.607971	-4.552867	2.350528	0.003095	0.455322
-15.471482	-4.545099	2.360525	0.003071	0.455526
-15.249421	-4.621965	2.370522	0.003031	0.455531
-15.429248	-4.559298	2.380518	0.003063	0.455527
-15.223632	-4.582143	2.390515	0.003026	0.455708
-15.363116	-4.493932	2.400512	0.003051	0.455850
-15.063375	-4.599644	2.410509	0.002997	0.455849
-15.287156	-4.505878	2.420506	0.003038	0.455903
-14.831806	-4.596129	2.430502	0.002956	0.456159
-15.108383	-4.500505	2.440499	0.003006	0.456151
-14.724783	-4.634427	2.450496	0.002937	0.456156
-14.962661	-4.537898	2.460493	0.002980	0.456201
-14.350583	-4.676365	2.470490	0.002869	0.456482
-14.588249	-4.588943	2.480486	0.002912	0.456495
-14.542998	-4.605827	2.490483	0.002904	0.456491
-14.576917	-4.592608	2.500480	0.002910	0.456495
-14.479476	-4.629086	2.510477	0.002893	0.456487
-14.466736	-4.578621	2.520474	0.002890	0.456686
-14.258054	-4.622988	2.530470	0.002853	0.456792
-14.430289	-4.561415	2.540467	0.002884	0.456795
-14.348508	-4.593231	2.550464	0.002869	0.456783
-14.319347	-4.521768	2.560461	0.002864	0.457080
-14.059980	-4.606005	2.570458	0.002817	0.457106
-14.188386	-4.560401	2.580454	0.002841	0.457106
-14.037641	-4.565129	2.590451	0.002814	0.457282
-14.038161	-4.529727	2.600448	0.002814	0.457410
-13.930162	-4.567193	2.610445	0.002794	0.457411
-14.042385	-4.509577	2.620442	0.002815	0.457476
-13.574812	-4.601662	2.630438	0.002730	0.457740
-13.704991	-4.555681	2.640435	0.002754	0.457740
-13.574413	-4.602247	2.650432	0.002730	0.457737
-13.702360	-4.546182	2.660429	0.002754	0.457777
-13.388145	-4.585499	2.670426	0.002697	0.458036
-13.452675	-4.561967	2.680422	0.002709	0.458038
-13.433412	-4.568014	2.690419	0.002705	0.458040
-13.399637	-4.558054	2.700416	0.002699	0.458119
-13.050811	-4.613956	2.710413	0.002636	0.458362
-13.061555	-4.610133	2.720410	0.002638	0.458361
-12.987569	-4.637864	2.730406	0.002625	0.458355
-13.287955	-4.531588	2.740403	0.002679	0.458355
-12.920538	-4.609317	2.750400	0.002613	0.458543
-12.977231	-4.551920	2.760397	0.002623	0.458678
-12.887860	-4.586661	2.770394	0.002607	0.458666
-12.834631	-4.604963	2.780390	0.002598	0.458667
-12.597577	-4.636032	2.790387	0.002555	0.458857
-12.567633	-4.606236	2.800384	0.002550	0.459002
-12.592240	-4.597351	2.810381	0.002554	0.459002
-12.735804	-4.546825	2.820378	0.002580	0.459001
-12.594775	-4.569925	2.830374	0.002555	0.459097
-12.475000	-4.571609	2.840371	0.002533	0.459244
-12.411628	-4.593853	2.850368	0.002522	0.459243
-12.509833	-4.551413	2.860365	0.002540	0.459271
-12.201616	-4.580528	2.870362	0.002484	0.459559
-12.269803	-4.555360	2.880358	0.002496	0.459562
-12.212152	-4.575717	2.890355	0.002486	0.459561
-12.210382	-4.527858	2.900352	0.002486	0.459736
-12.033108	-4.556370	2.910349	0.002454	0.459859
-11.899677	-4.601156	2.920346	0.002430	0.459866
-11.801572	-4.634523	2.930342	0.002412	0.459870
-11.759334	-4.585282	2.940339	0.002405	0.460101
-11.609648	-4.615056	2.950336	0.002378	0.460184
-11.740849	-4.566977	2.960333	0.002402	0.460190
-11.646718	-4.599763	2.970330	0.002385	0.460191
-11.621040	-4.581840	2.980326	0.002380	0.460288
-11.443906	-4.590240	2.990323	0.002348	0.460482
-11.534916	-4.555292	3.000320	0.002365	0.460492
-11.452869	-4.584348	3.010317	0.002350	0.460491
-11.390161	-4.534272	3.020314	0.002339	0.460751
-11.192424	-4.589798	3.030310	0.002303	0.460802
-11.299015	-4.550394	3.040307	0.002322	0.460808
-11.129267	-4.601560	3.050304	0.002292	0.460838
-10.949524	-4.587104	3.060301	0.002259	0.461119
-10.876344	-4.615319	3.070298	0.002246	0.461109
-11.090944	-4.538060	3.080294	0.002285	0.461115
-11.021362	-4.543828	3.090291	0.002273	0.461182
-10.729048	-4.573308	3.100288	0.002220	0.461446
-10.823693	-4.539979	3.110285	0.002237	0.461446
-10.935015	-4.500271	3.120282	0.002257	0.461447
-10.581455	-4.547907	3.130278	0.002193	0.461724
-10.711426	-4.492404	3.140275	0.002217	0.461758
-10.586713	-4.540136	3.150272	0.002195	0.461744
-10.500666	-4.527706	3.160269	0.002179	0.461897
-10.249951	-4.571615	3.170266	0.002134	0.462057
-10.240286	-4.574032	3.180262	0.002132	0.462060
-10.230318	-4.576861	3.190259	0.002131	0.462062
-10.323114	-4.525123	3.200256	0.002147	0.462130
-10.007474	-4.570666	3.210253	0.002090	0.462366
-9.996207	-4.575668	3.220250	0.002088	0.462361
-10.042796	-4.556177	3.230246	0.002097	0.462372
-9.970606	-4.579020	3.240243	0.002084	0.462380
-9.757440	-4.566290	3.250240	0.002046	0.462696
-9.758281	-4.566111	3.260237	0.002046	0.462695
-9.746049	-4.570411	3.270234	0.002044	0.462694
-9.643769	-4.603915	3.280230	0.002025	0.462703
-9.562983	-4.584038	3.290227	0.002011	0.462876
-9.330395	-4.631617	3.300224	0.001969	0.462999
-9.441861	-4.593013	3.310221	0.001989	0.462996
-9.347292	-4.625570	3.320218	0.001972	0.462998
-9.472142	-4.580549	3.330214	0.001995	0.463001
-9.181007	-4.637304	3.340211	0.001942	0.463166
-9.149304	-4.604611	3.350208	0.001937	0.463323
-9.156023	-4.603188	3.360205	0.001938	0.463319
-9.282758	-4.557198	3.370202	0.001961	0.463323
-9.068522	-4.599210	3.380198	0.001922	0.463442
-8.942075	-4.590364	3.390195	0.001899	0.463634
-8.867195	-4.616609	3.400192	0.001886	0.463633
-9.006160	-4.567788	3.410189	0.001911	0.463632
-8.732135	-4.628024	3.420186	0.001862	0.463762
-8.645333	-4.601730	3.430182	0.001846	0.463966
-8.601515	-4.614626	3.440179	0.001838	0.463974
-8.592072	-4.617670	3.450176	0.001837	0.463975
-8.633761	-4.605816	3.460173	0.001844	0.463964
-8.380453	-4.632889	3.470170	0.001799	0.464186
-8.272593	-4.659278	3.480166	0.001779	0.464227
-8.354355	-4.630614	3.490163	0.001794	0.464226
-8.304653	-4.649401	3.500160	0.001785	0.464221
-8.220154	-4.676758	3.510157	0.001770	0.464229
-8.143642	-4.618755	3.520154	0.001756	0.464533
-8.126223	-4.622298	3.530150	0.001753	0.464542
-8.139720	-4.619982	3.540147	0.001756	0.464532
-7.988562	-4.651193	3.550144	0.001728	0.464611
-7.815268	-4.651563	3.560141	0.001697	0.464828
-7.694420	-4.691469	3.570138	0.001675	0.464837
-7.852977	-4.635066	3.580134	0.001704	0.464838
-7.738831	-4.676235	3.590131	0.001684	0.464834
-7.674271	-4.650859	3.600128	0.001672	0.465006
-7.544838	-4.652074	3.610125	0.001649	0.465164
-7.477655	-4.675714	3.620122	0.001637	0.465163
-7.465472	-4.680489	3.630118	0.001635	0.465161
-7.471886	-4.672380	3.640115	0.001636	0.465181
-7.141737	-4.708552	3.650112	0.001576	0.465468
-7.137940	-4.710403	3.660109	0.001576	0.465465
-7.242705	-4.673938	3.670106	0.001595	0.465463
-7.240537	-4.676342	3.680102	0.001594	0.465456
-7.230018	-4.633675	3.690099	0.001593	0.465621
-7.065864	-4.647136	3.700096	0.001563	0.465779
-7.154656	-4.614016	3.710093	0.001579	0.465785
-7.092784	-4.619686	3.720090	0.001568	0.465842
-6.838903	-4.640626	3.730086	0.001522	0.466087
-6.927963	-4.608921	3.740083	0.001538	0.466087
-6.863288	-4.630987	3.750080	0.001527	0.466089
-6.561290	-4.659310	3.760077	0.001472	0.466367
-6.633183	-4.618405	3.770074	0.001485	0.466422
-6.612109	-4.626535	3.780070	0.001482	0.466419
-6.553155	-4.646726	3.790067	0.001471	0.466421
-6.382896	-4.628582	3.800064	0.001440	0.466699
-6.388094	-4.618010	3.810061	0.001441	0.466729
-6.380981	-4.620857	3.820058	0.001440	0.466727
-6.422769	-4.576712	3.830054	0.001448	0.466832
-6.033722	-4.655831	3.840051	0.001378	0.467038
-6.067161	-4.644634	3.850048	0.001384	0.467035
-6.020704	-4.660375	3.860045	0.001375	0.467037
-6.141386	-4.602567	3.870042	0.001397	0.467091
-5.727308	-4.675950	3.880038	0.001323	0.467348
-5.813630	-4.646859	3.890035	0.001338	0.467343
-5.872415	-4.627189	3.900032	0.001349	0.467339
-5.906553	-4.604788	3.910029	0.001355	0.467375
-5.646512	-4.612903	3.920026	0.001308	0.467672
-5.571421	-4.639056	3.930022	0.001295	0.467672
-5.472702	-4.675032	3.940019	0.001277	0.467667
-5.597298	-4.630944	3.950016	0.001300	0.467667
-5.288261	-4.655144	3.960013	0.001244	0.467968
-5.413155	-4.610423	3.970010	0.001267	0.467970
-5.446067	-4.601515	3.980006	0.001273	0.467960
-5.312296	-4.633884	3.990003	0.001249	0.468012
-5.079297	-4.634395	4.000000	0.001206	0.468301
-5.130215	-4.615356	4.009997	0.001216	0.468304
-5.024614	-4.655279	4.019994	0.001197	0.468294
-5.151597	-4.585800	4.029990	0.001220	0.468381
-4.891978	-4.614261	4.039987	0.001173	0.468605
-4.900977	-4.609327	4.049984	0.001175	0.468610
-4.730908	-4.671031	4.059981	0.001144	0.468604
-4.854944	-4.587179	4.069978	0.001167	0.468745
-4.396653	-4.691663	4.079974	0.001084	0.468947
-4.692660	-4.586842	4.089971	0.001137	0.468948
-4.492343	-4.659749	4.099968	0.001101	0.468940
-4.615809	-4.609582	4.109965	0.001124	0.468963
-4.209918	-4.686692	4.119962	0.001050	0.469196
-4.266985	-4.667777	4.129958	0.001061	0.469191
-4.183685	-4.694981	4.139955	0.001046	0.469198
-4.250361	-4.671577	4.149952	0.001058	0.469197
-4.139141	-4.711732	4.159949	0.001038	0.469193
-4.206763	-4.610086	4.169946	0.001050	0.469468
-3.986307	-4.679274	4.179942	0.001010	0.469498
-4.215820	-4.597750	4.189939	0.001052	0.469500
-3.989930	-4.624982	4.199936	0.001011	0.469685
-3.841917	-4.642657	4.209933	0.000985	0.469806
-3.914596	-4.614840	4.219930	0.000998	0.469813
-3.893910	-4.606181	4.229926	0.000994	0.469869
-3.461982	-4.683723	4.239923	0.000916	0.470133
-3.613403	-4.629275	4.249920	0.000944	0.470136
-3.567639	-4.646125	4.259917	0.000935	0.470133
-3.633784	-4.622202	4.269914	0.000948	0.470135
-3.440898	-4.606273	4.279910	0.000913	0.470431
-3.357951	-4.631755	4.289907	0.000898	0.470444
-3.216184	-4.683962	4.299904	0.000872	0.470435
-3.405002	-4.602868	4.309901	0.000907	0.470486
-2.993229	-4.675880	4.319898	0.000832	0.470740
-2.930962	-4.697377	4.329894	0.000821	0.470741
-2.942336	-4.691897	4.339891	0.000823	0.470746
-3.005602	-4.669553	4.349888	0.000835	0.470745
-2.914399	-4.695210	4.359885	0.000818	0.470768
-2.991477	-4.586128	4.369882	0.000832	0.471056
-2.642737	-4.706393	4.379878	0.000769	0.471065
-2.903995	-4.614223	4.389875	0.000817	0.471065
-2.605788	-4.662947	4.399872	0.000763	0.471263
-2.613639	-4.623768	4.409869	0.000764	0.471391
-2.397387	-4.698136	4.419866	0.000725	0.471397
-2.454213	-4.680532	4.429862	0.000736	0.471388
-2.463032	-4.676705	4.439859	0.000737	0.471390
-2.281824	-4.666694	4.449856	0.000705	0.471650
-2.065487	-4.730706	4.459853	0.000666	0.471693
-2.222178	-4.676217	4.469850	0.000694	0.471689
-2.152407	-4.700258	4.479846	0.000682	0.471691
-2.198833	-4.678874	4.489843	0.000690	0.471708
-1.981092	-4.672618	4.499840	0.000651	0.472000
-1.908027	-4.697820	4.509837	0.000638	0.472001
-1.915549	-4.694171	4.519834	0.000639	0.472004
-1.956406	-4.678994	4.529830	0.000647	0.472006
-1.863914	-4.627848	4.539827	0.000630	0.472301
-1.756906	-4.662339	4.549824	0.000611	0.472312
-1.774335	-4.656963	4.559821	0.000614	0.472308
-1.615290	-4.675676	4.569818	0.000585	0.472439
-1.550103	-4.640595	4.579814	0.000574	0.472643
-1.597387	-4.626651	4.589811	0.000582	0.472633
-1.551691	-4.639983	4.599808	0.000574	0.472642
-1.492601	-4.574782	4.609805	0.000563	0.472944
-1.460323	-4.586439	4.619802	0.000558	0.472942
-1.398974	-4.605021	4.629798	0.000547	0.472953
-1.457101	-4.498000	4.639795	0.000557	0.473256
-1.347692	-4.534799	4.649792	0.000538	0.473262
-1.276009	-4.498391	4.659789	0.000525	0.473478
-1.212139	-4.494279	4.669786	0.000513	0.473571
-1.325022	-4.428662	4.679782	0.000534	0.473661
-1.167772	-4.414723	4.689779	0.000505	0.473904
-1.236715	-4.376627	4.699776	0.000518	0.473952
-1.118720	-4.354848	4.709773	0.000497	0.474173
-1.053678	-4.361240	4.719770	0.000485	0.474231
-1.087659	-4.277014	4.729766	0.000491	0.474483
-0.932995	-4.310970	4.739763	0.000463	0.474555
-0.936440	-4.243026	4.749760	0.000464	0.474788
-0.915245	-4.213767	4.759757	0.000460	0.474916
-1.016519	-4.123124	4.769754	0.000479	0.475108
-1.005918	-4.053965	4.779750	0.000477	0.475362
-1.037030	-3.986448	4.789747	0.000483	0.475560
-0.873981	-3.993211	4.799744	0.000453	0.475736
-0.918737	-3.891011	4.809741	0.000461	0.476038
-0.836654	-3.846937	4.819738	0.000447	0.476292
-0.761121	-3.817939	4.829734	0.000433	0.476486
-0.765054	-3.756160	4.839731	0.000434	0.476696
-0.703327	-3.693390	4.849728	0.000423	0.476990
-0.645410	-3.640776	4.859725	0.000412	0.477244
-0.611027	-3.582655	4.869722	0.000406	0.477488
-0.656444	-3.497418	4.879718	0.000415	0.477729
-0.633246	-3.425164	4.889715	0.000410	0.478008
-0.546940	-3.375039	4.899712	0.000395	0.478287
-0.554781	-3.289266	4.909709	0.000396	0.478575
-0.518231	-3.207994	4.919706	0.000390	0.478902
-0.608995	-3.112785	4.929702	0.000406	0.479121
-0.501310	-3.059845	4.939699	0.000387	0.479435
-0.518990	-2.958254	4.949696	0.000390	0.479766
-0.415127	-2.898383	4.959693	0.000372	0.480099
-0.367487	-2.824332	4.969690	0.000363	0.480413
-0.307795	-2.749814	4.979686	0.000352	0.480743
-0.481425	-2.586141	4.989683	0.000384	0.481097
-0.435699	-2.495287	4.999680	0.000376	0.481466
-0.378788	-2.403627	5.009677	0.000365	0.481851
-0.311028	-2.321774	5.019674	0.000353	0.482215
-0.476253	-2.136371	5.029670	0.000383	0.482653
-0.362239	-2.063742	5.039667	0.000363	0.483041
-0.286371	-1.971388	5.049664	0.000349	0.483450
-0.333252	-1.818757	5.059661	0.000358	0.483918
-0.367738	-1.701922	5.069658	0.000364	0.484277
-0.344731	-1.573197	5.079654	0.000360	0.484746
-0.312203	-1.452814	5.089651	0.000354	0.485197
-0.296905	-1.316377	5.099648	0.000351	0.485683
-0.284277	-1.189310	5.109645	0.000349	0.486132
-0.416120	-0.984867	5.119642	0.000373	0.486672
-0.178439	-0.927769	5.129638	0.000330	0.487152
-0.169456	-0.777133	5.139635	0.000328	0.487676
-0.184217	-0.628542	5.149632	0.000331	0.488164
-0.098293	-0.513896	5.159629	0.000316	0.488657
-0.184806	-0.331138	5.169626	0.000331	0.489175
-0.061040	-0.219813	5.179622	0.000309	0.489700
-0.139652	-0.038305	5.189619	0.000323	0.490222
-0.105760	0.112030	5.199616	0.000317	0.490771
0.000000	0.216621	5.209613	0.000298	0.491251

-0.050966	0.334928	5.214618	0.000308	0.491591
0.091991	0.578343	5.219622	0.000282	0.492583
0.008549	1.024872	5.224627	0.000297	0.493989
0.124047	1.539393	5.229632	0.000276	0.495854
0.169392	2.216046	5.234637	0.000268	0.498171
0.231290	2.988068	5.239642	0.000257	0.500814
0.396725	3.863890	5.244646	0.000227	0.503905
0.395954	4.909202	5.249651	0.000227	0.507342
0.421789	6.049301	5.254656	0.000222	0.511094
0.689639	7.229702	5.259661	0.000174	0.515225
0.680611	8.594919	5.264666	0.000175	0.519602
0.801987	10.019320	5.269670	0.000153	0.524276
0.829392	11.577213	5.274675	0.000148	0.529224
0.973478	13.190273	5.279680	0.000122	0.534426
1.236492	14.854456	5.284685	0.000074	0.539864
1.228288	16.702973	5.289690	0.000076	0.545518
1.334362	18.597121	5.294694	0.000056	0.551374
1.391004	20.593813	5.299699	0.000046	0.557422
1.511035	22.641761	5.304704	0.000024	0.563623
1.649061	24.771079	5.309709	-0.000001	0.570011
1.616235	27.026993	5.314714	0.000005	0.576521
1.749060	29.303138	5.319718	-0.000019	0.583182
1.897564	31.642325	5.324723	-0.000046	0.589961
2.060756	34.046658	5.329728	-0.000076	0.596858
2.266251	36.494937	5.334733	-0.000113	0.603839
2.399476	39.030952	5.339738	-0.000137	0.610909
2.440700	41.663647	5.344742	-0.000145	0.618072
2.557206	44.320015	5.349747	-0.000166	0.625286
2.766099	47.002456	5.354752	-0.000204	0.632572
2.714381	49.819819	5.359757	-0.000195	0.639887
2.878937	52.605060	5.364762	-0.000225	0.647232
3.058283	55.442676	5.369766	-0.000258	0.654641
3.311064	58.287025	5.374771	-0.000304	0.662048
3.288343	61.280829	5.379776	-0.000300	0.669505
3.591830	64.196790	5.384781	-0.000355	0.676969
3.632810	67.236799	5.389786	-0.000362	0.684430
3.841564	70.240378	5.394790	-0.000400	0.691863
4.132038	73.253320	5.399795	-0.000453	0.699308
4.191600	76.377846	5.404800	-0.000464	0.706747
4.317547	79.502501	5.409805	-0.000487	0.714163
4.617633	82.579939	5.414810	-0.000541	0.721534
4.677934	85.781528	5.419814	-0.000553	0.728922
4.802092	88.965247	5.424819	-0.000575	0.736246
5.018500	92.149622	5.429824	-0.000615	0.743571
5.308580	95.317400	5.434829	-0.000667	0.750846
5.443640	98.562730	5.439834	-0.000692	0.758101
5.533459	101.827245	5.444838	-0.000708	0.765295
5.618054	105.098911	5.449843	-0.000724	0.772434
6.101423	108.255874	5.454848	-0.000811	0.779559
6.063566	111.597886	5.459853	-0.000805	0.786626
6.031513	114.946035	5.464858	-0.000799	0.793648
6.328406	118.174961	5.469862	-0.000853	0.800598
6.559728	121.430932	5.474867	-0.000895	0.807497
6.758814	124.729342	5.479872	-0.000931	0.814402
6.851596	128.046719	5.484877	-0.000948	0.821212
7.024177	131.341764	5.489882	-0.000980	0.827976
7.136987	134.674847	5.494886	-0.001001	0.834720
7.466840	137.907085	5.499891	-0.001060	0.841360
7.567085	141.227319	5.504896	-0.001079	0.847964
7.892608	144.482890	5.509901	-0.001138	0.854543
8.024897	147.781331	5.514906	-0.001162	0.861025
8.309792	151.059134	5.519910	-0.001214	0.867521
8.570078	154.335645	5.524915	-0.001261	0.873949
8.731043	157.620523	5.529920	-0.001290	0.880281
8.948345	160.911168	5.534925	-0.001330	0.886616
9.033416	164.234266	5.539930	-0.001345	0.892880
9.089601	167.561726	5.544934	-0.001356	0.899090
9.153673	170.879817	5.549939	-0.001368	0.905245
9.562759	174.080175	5.554944	-0.001442	0.911362
9.999995	177.278315	5.559949	-0.001521	0.917452
10.072010	180.582178	5.564954	-0.001534	0.923464
10.380395	183.812069	5.569958	-0.001590	0.929452
10.645506	187.057603	5.574963	-0.001638	0.935402
10.890973	190.296737	5.579968	-0.001683	0.941291
11.076305	193.570027	5.584973	-0.001717	0.947167
11.397426	196.788324	5.589978	-0.001775	0.952993
11.724110	199.979793	5.594982	-0.001834	0.958740
11.905103	203.242618	5.599987	-0.001867	0.964488
12.365825	206.393894	5.604992	-0.001951	0.970178
12.572269	209.651726	5.609997	-0.001988	0.975865
12.786789	212.891696	5.615002	-0.002027	0.981494
12.790019	216.195388	5.620006	-0.002028	0.987075
12.976165	219.444326	5.625011	-0.002062	0.992639
13.037509	222.702364	5.630016	-0.002073	0.998115
13.399866	225.854525	5.635021	-0.002139	1.003559
13.481411	229.105219	5.640026	-0.002154	1.008975
13.614054	232.331386	5.645030	-0.002178	1.014351
13.769614	235.544687	5.650035	-0.002207	1.019690
13.922898	238.747463	5.655040	-0.002234	1.024984
14.202440	241.915588	5.660045	-0.002285	1.030264
14.288093	245.133590	5.665050	-0.002301	1.035490
14.552832	248.275588	5.670054	-0.002349	1.040668
14.801385	251.446613	5.675059	-0.002394	1.045856
14.864662	254.670802	5.680064	-0.002406	1.051003
15.293176	257.762853	5.685069	-0.002483	1.056114
15.616059	260.900394	5.690074	-0.002542	1.061215
15.780276	264.080450	5.695078	-0.002572	1.066272
15.966608	267.277660	5.700083	-0.002606	1.071344
16.053631	270.475514	5.705088	-0.002622	1.076340
16.190759	273.644436	5.710093	-0.002647	1.081294
16.339270	276.816380	5.715098	-0.002674	1.086237
16.797965	279.879826	5.720102	-0.002757	1.091155
16.654063	283.152781	5.725107	-0.002731	1.096054
16.992151	286.252139	5.730112	-0.002793	1.100920
17.503681	289.280441	5.735117	-0.002885	1.105746
18.020991	292.344597	5.740122	-0.002979	1.110609
18.138671	295.519075	5.745126	-0.003000	1.115409
18.419813	298.645107	5.750131	-0.003051	1.120201
18.871893	301.719824	5.755136	-0.003133	1.124983
19.014571	304.896732	5.760141	-0.003159	1.129738
19.320478	308.023175	5.765146	-0.003215	1.134482
19.489893	311.177011	5.770150	-0.003246	1.139178
19.749280	314.306496	5.775155	-0.003293	1.143863
19.938083	317.465799	5.780160	-0.003327	1.148538
19.964262	320.668079	5.785165	-0.003332	1.153175
20.320775	323.733037	5.790170	-0.003397	1.157759
20.719488	326.799949	5.795174	-0.003469	1.162349
20.893338	329.936625	5.800179	-0.003501	1.166910
21.489726	332.952663	5.805184	-0.003609	1.171487
21.668560	336.095692	5.810189	-0.003641	1.176024
21.834067	339.243504	5.815194	-0.003671	1.180543
22.126332	342.355948	5.820198	-0.003724	1.185057
22.324050	345.479381	5.825203	-0.003760	1.189523
22.638619	348.584006	5.830208	-0.003818	1.194002
22.765000	351.717246	5.835213	-0.003841	1.198415
23.066342	354.808822	5.840218	-0.003895	1.202836
23.521908	357.854206	5.845222	-0.003978	1.207251
23.561213	361.040446	5.850227	-0.003985	1.211647
23.526793	364.234105	5.855232	-0.003979	1.216003
23.862726	367.296757	5.860237	-0.004040	1.220337
23.905822	370.457231	5.865242	-0.004048	1.224653
24.180966	373.551120	5.870246	-0.004098	1.228971
24.265303	376.691476	5.875251	-0.004114	1.233249
24.515545	379.766642	5.880256	-0.004159	1.237500
25.015577	382.763701	5.885261	-0.004250	1.241746
25.066875	385.911499	5.890266	-0.004259	1.245975
25.395717	388.977935	5.895270	-0.004319	1.250206
25.736754	392.035257	5.900275	-0.004381	1.254417
26.018919	395.107832	5.905280	-0.004432	1.258608
26.122925	398.252748	5.910285	-0.004451	1.262799
26.217782	401.380784	5.915290	-0.004468	1.266951
26.527721	404.448340	5.920294	-0.004524	1.271105
26.582997	407.582448	5.925299	-0.004535	1.275220
26.659584	410.700993	5.930304	-0.004549	1.279311
27.105802	413.700508	5.935309	-0.004630	1.283397
27.549046	416.717818	5.940314	-0.004710	1.287493
27.652229	419.853147	5.945318	-0.004729	1.291578
27.926893	422.914601	5.950323	-0.004779	1.295630
28.269005	425.966597	5.955328	-0.004841	1.299686
28.401861	429.086882	5.960333	-0.004865	1.303727
28.635024	432.181090	5.965338	-0.004907	1.307765
29.043288	435.213716	5.970342	-0.004981	1.311788
29.333046	438.285029	5.975347	-0.005034	1.315796
29.451002	441.398233	5.980352	-0.005055	1.319772
29.709761	444.456388	5.985357	-0.005102	1.323726
29.802557	447.595601	5.990362	-0.005119	1.327700
30.251355	450.585023	5.995366	-0.005201	1.331625
30.772225	453.568767	6.000371	-0.005295	1.335562
31.538420	456.486807	6.005376	-0.005434	1.339510
32.179990	459.467655	6.010381	-0.005550	1.343471
32.791546	462.480580	6.015386	-0.005661	1.347447
33.254055	465.542773	6.020390	-0.005744	1.351409
33.278471	468.718954	6.025395	-0.005749	1.355318
33.515905	471.844338	6.030400	-0.005792	1.359242
33.473783	475.021540	6.035405	-0.005785	1.363102
33.764192	478.121622	6.040410	-0.005837	1.366995
34.167087	481.149279	6.045414	-0.005911	1.370834
34.399915	484.231914	6.050419	-0.005953	1.374660
34.484438	487.391298	6.055424	-0.005968	1.378507
34.592543	490.502926	6.060429	-0.005988	1.382296
34.836080	493.577829	6.065434	-0.006032	1.386085
34.901705	496.709650	6.070438	-0.006044	1.389859
35.100085	499.768547	6.075443	-0.006080	1.393590
35.142530	502.907168	6.080448	-0.006088	1.397344
35.169832	506.002514	6.085453	-0.006094	1.401030
35.391494	509.058786	6.090458	-0.006134	1.404737
35.626481	512.100479	6.095462	-0.006176	1.408423
35.905574	515.140024	6.100467	-0.006227	1.412114
35.959612	518.244701	6.105472	-0.006237	1.415783
36.043498	521.319683	6.110477	-0.006253	1.419419
36.359792	524.349168	6.115482	-0.006310	1.423085
36.797641	527.336715	6.120486	-0.006389	1.426739
36.847827	530.431675	6.125491	-0.006399	1.430358
37.179407	533.467503	6.130496	-0.006459	1.434008
37.403456	536.506552	6.135501	-0.006499	1.437611
37.633413	539.566909	6.140506	-0.006541	1.441232
37.897263	542.604783	6.145510	-0.006589	1.444831
38.160978	545.649458	6.150515	-0.006637	1.448429
38.205400	548.782701	6.155520	-0.006645	1.452035
38.344796	551.836849	6.160525	-0.006671	1.455578
38.541402	554.893330	6.165530	-0.006706	1.459137
38.545345	558.025530	6.170534	-0.006707	1.462700
38.958911	561.004023	6.175539	-0.006782	1.466235
39.211662	564.061685	6.180544	-0.006828	1.469791
39.191644	567.167106	6.185549	-0.006825	1.473289
39.426325	570.199088	6.190554	-0.006867	1.476792
39.774271	573.195053	6.195558	-0.006930	1.480288
40.554162	576.054877	6.200563	-0.007072	1.483787
40.874233	579.117437	6.205568	-0.007130	1.487331
41.231973	582.166855	6.210573	-0.007195	1.490866
41.445943	585.213504	6.215578	-0.007233	1.494336
41.851961	588.249657	6.220582	-0.007307	1.497857
41.902915	591.382855	6.225587	-0.007316	1.501346
42.056593	594.466486	6.230592	-0.007344	1.504811
42.317183	597.520283	6.235597	-0.007392	1.508273
42.215718	600.690797	6.240602	-0.007374	1.511723
42.302523	603.757295	6.245606	-0.007390	1.515120
42.455863	606.813054	6.250611	-0.007418	1.518522
42.576361	609.873782	6.255616	-0.007439	1.521910
42.661600	612.962843	6.260621	-0.007455	1.525308
42.728693	616.036348	6.265626	-0.007467	1.528676
42.691629	619.144461	6.270630	-0.007461	1.532035
42.832393	622.180586	6.275635	-0.007487	1.535374
43.042853	625.200879	6.280640	-0.007525	1.538713
43.108927	628.282539	6.285645	-0.007537	1.542060
43.212460	631.328665	6.290650	-0.007556	1.545374
43.381959	634.370751	6.295654	-0.007587	1.548700
43.526319	637.415814	6.300659	-0.007613	1.552014
43.554184	640.463999	6.305664	-0.007618	1.555282
43.858518	643.449229	6.310669	-0.007674	1.558575
44.096071	646.456269	6.315674	-0.007717	1.561860
44.172724	649.528066	6.320678	-0.007731	1.565150
44.352582	652.569039	6.325683	-0.007764	1.568437
44.537090	655.607465	6.330688	-0.007797	1.571716
44.778572	658.620089	6.335693	-0.007841	1.574981
44.990218	661.659349	6.340698	-0.007879	1.578256
45.020091	664.747656	6.345702	-0.007885	1.581513
45.045463	667.829703	6.350707	-0.007890	1.584755
45.304265	670.833966	6.355712	-0.007937	1.587990
45.427099	673.898498	6.360717	-0.007959	1.591234
45.675543	676.872747	6.365722	-0.008004	1.594421
45.697857	679.958852	6.370726	-0.008009	1.597640
46.002258	682.979373	6.375731	-0.008064	1.600882
46.077181	686.021642	6.380736	-0.008078	1.604060
46.209612	689.077940	6.385741	-0.008102	1.607267
46.340353	692.153578	6.390746	-0.008126	1.610486
46.514101	695.150512	6.395750	-0.008157	1.613633
46.776259	698.177730	6.400755	-0.008205	1.616834
47.126076	701.161813	6.405760	-0.008268	1.620015
47.147110	704.250032	6.410765	-0.008272	1.623185
47.252376	707.333784	6.415770	-0.008292	1.626372
47.285806	710.413957	6.420774	-0.008298	1.629526
47.508122	713.422136	6.425779	-0.008338	1.632663
47.510849	716.508469	6.430784	-0.008339	1.635800
47.498941	719.559515	6.435789	-0.008337	1.638891
47.712383	722.576831	6.440794	-0.008376	1.642017
47.785058	725.633555	6.445798	-0.008389	1.645129
47.764340	728.701648	6.450803	-0.008386	1.648216
47.849448	731.744628	6.455808	-0.008401	1.651307
48.180368	734.705945	6.460813	-0.008461	1.654393
48.210727	737.773139	6.465818	-0.008467	1.657478
48.445814	740.788643	6.470822	-0.008510	1.660574
48.549792	743.807973	6.475827	-0.008529	1.663625
48.919120	746.795321	6.480832	-0.008596	1.666726
48.972749	749.872481	6.485837	-0.008606	1.669807
49.108635	752.878486	6.490842	-0.008630	1.672838
49.258728	755.923479	6.495846	-0.008658	1.675907
49.402043	758.960311	6.500851	-0.008684	1.678960
49.592944	761.972521	6.505856	-0.008718	1.681998
49.705304	765.044925	6.510861	-0.008739	1.685065
49.642460	768.115141	6.515866	-0.008728	1.688067
49.999741	771.098251	6.520870	-0.008793	1.691115
50.074460	774.150287	6.525875	-0.008806	1.694133
50.232899	777.177340	6.530880	-0.008835	1.697149
50.312085	780.257603	6.535885	-0.008850	1.700185
50.264495	783.319573	6.540890	-0.008841	1.703157
50.510684	786.331270	6.545894	-0.008886	1.706170
50.645324	789.381689	6.550899	-0.008911	1.709179
50.760427	792.378187	6.555904	-0.008932	1.712125
51.114689	795.368742	6.560909	-0.008996	1.715135
51.077279	798.429784	6.565914	-0.008989	1.718084
51.256864	801.461375	6.570918	-0.009022	1.721068
51.293307	804.535568	6.575923	-0.009029	1.724043
51.466034	807.534715	6.580928	-0.009060	1.726984
51.595168	810.592142	6.585933	-0.009084	1.729962
51.766139	813.583018	6.590938	-0.009115	1.732884
51.777429	816.661736	6.595942	-0.009117	1.735835
51.821853	819.724515	6.600947	-0.009125	1.738776
51.951588	822.725191	6.605952	-0.009149	1.741679
51.966227	825.827481	6.610957	-0.009152	1.744639
51.924499	828.879130	6.615962	-0.009145	1.747528
52.200381	831.862820	6.620966	-0.009195	1.750446
52.325684	834.858074	6.625971	-0.009218	1.753324
52.750383	837.797933	6.630976	-0.009295	1.756237
52.671668	840.914195	6.635981	-0.009281	1.759156
52.766695	843.940013	6.640986	-0.009298	1.762039
53.003743	846.947035	6.645990	-0.009341	1.764943
53.109228	850.003786	6.650995	-0.009360	1.767849
53.104630	853.051927	6.656000	-0.009360	1.770708
53.239238	856.077407	6.661005	-0.009384	1.773584
53.301893	859.132954	6.666010	-0.009396	1.776461
53.183023	862.235187	6.671014	-0.009374	1.779322
53.302042	865.242193	6.676019	-0.009396	1.782162
53.448717	868.266008	6.681024	-0.009423	1.785021
53.544720	871.289158	6.686029	-0.009440	1.787860
53.775187	874.290550	6.691034	-0.009482	1.790715
53.792421	877.299993	6.696038	-0.009486	1.793508
54.057439	880.303245	6.701043	-0.009534	1.796366
54.350298	883.281561	6.706048	-0.009587	1.799205
54.371393	886.325259	6.711053	-0.009591	1.802018
54.644970	889.343201	6.716058	-0.009641	1.804878
54.571208	892.416800	6.721062	-0.009628	1.807681
54.836844	895.418049	6.726067	-0.009676	1.810515
55.246891	898.354726	6.731072	-0.009750	1.813329
55.418450	901.371991	6.736077	-0.009781	1.816140
55.649122	904.417525	6.741082	-0.009823	1.818991
55.703947	907.463319	6.746086	-0.009833	1.821785
56.023188	910.470356	6.751091	-0.009891	1.824618
56.216981	913.502199	6.756096	-0.009926	1.827431
56.111576	916.622033	6.761101	-0.009908	1.830232
56.333319	919.600042	6.766106	-0.009948	1.832997
56.527528	922.622210	6.771110	-0.009983	1.835789
56.678557	925.649508	6.776115	-0.010011	1.838569
56.744044	928.704130	6.781120	-0.010023	1.841345
56.931453	931.729287	6.786125	-0.010057	1.844125
57.198434	934.719360	6.791130	-0.010105	1.846893
57.114583	937.843302	6.796134	-0.010090	1.849674
57.423784	940.789600	6.801139	-0.010147	1.852407
57.514679	943.856053	6.806144	-0.010163	1.855179
57.564769	946.909662	6.811149	-0.010172	1.857924
57.624007	949.955925	6.816154	-0.010183	1.860661
57.756750	952.987222	6.821158	-0.010208	1.863402
57.745830	956.049703	6.826163	-0.010206	1.866125
57.838538	959.104631	6.831168	-0.010223	1.868868
58.016700	962.055603	6.836173	-0.010255	1.871539
58.293920	965.055962	6.841178	-0.010306	1.874278
58.386621	968.076072	6.846182	-0.010322	1.876977
58.491428	971.124943	6.851187	-0.010342	1.879702
58.536776	974.154210	6.856192	-0.010350	1.882388
58.675645	977.203085	6.861197	-0.010375	1.885115
58.759808	980.226431	6.866202	-0.010391	1.887799
59.033309	983.191393	6.871206	-0.010440	1.890482
59.207002	986.210501	6.876211	-0.010472	1.893181
59.257204	989.271857	6.881216	-0.010481	1.895877
59.245746	992.343987	6.886221	-0.010479	1.898562
59.325660	995.362115	6.891226	-0.010494	1.901222
59.509325	998.386591	6.896230	-0.010528	1.903912
59.712805	1001.383415	6.901235	-0.010565	1.906581
59.921151	1004.400228	6.906240	-0.010602	1.909264
60.018131	1007.384228	6.911245	-0.010620	1.911884
60.217620	1010.401195	6.916250	-0.010656	1.914558
60.486572	1013.397004	6.921254	-0.010705	1.917228
60.601564	1016.448493	6.926259	-0.010726	1.919901
60.618856	1019.501855	6.931264	-0.010730	1.922544
60.693935	1022.555080	6.936269	-0.010743	1.925199
60.971876	1025.557089	6.941274	-0.010794	1.927863
60.826399	1028.627919	6.946278	-0.010768	1.930465
60.929829	1031.685802	6.951283	-0.010787	1.933121
61.063318	1034.666724	6.956288	-0.010811	1.935716
61.254449	1037.704967	6.961293	-0.010846	1.938372
61.512182	1040.666348	6.966298	-0.010893	1.940977
61.639580	1043.712411	6.971302	-0.010916	1.943616
61.599490	1046.789902	6.976307	-0.010909	1.946231
61.738400	1049.823229	6.981312	-0.010934	1.948854
61.811884	1052.817368	6.986317	-0.010948	1.951423
61.996276	1055.852027	6.991322	-0.010981	1.954053
62.394126	1058.732428	6.996326	-0.011053	1.956607
62.656713	1061.779165	7.001331	-0.011101	1.959261
62.793590	1064.787583	7.006336	-0.011126	1.961846
62.964938	1067.829614	7.011341	-0.011157	1.964464
62.851013	1070.941571	7.016346	-0.011137	1.967061
62.924484	1073.964587	7.021350	-0.011150	1.969630
63.056823	1076.965453	7.026355	-0.011174	1.972193
63.260741	1079.992262	7.031360	-0.011211	1.974794
63.275107	1083.031582	7.036365	-0.011214	1.977351
63.520037	1086.029906	7.041370	-0.011259	1.979932
63.636776	1089.041528	7.046374	-0.011280	1.982486
63.724492	1092.092359	7.051379	-0.011296	1.985062
63.821054	1095.133151	7.056384	-0.011314	1.987629
63.880338	1098.132231	7.061389	-0.011325	1.990148
63.955344	1101.168336	7.066394	-0.011338	1.992698
64.173309	1104.158821	7.071398	-0.011378	1.995246
64.340511	1107.163876	7.076403	-0.011408	1.997788
64.491527	1110.174840	7.081408	-0.011436	2.000328
64.733112	1113.176172	7.086413	-0.011480	2.002881
64.669013	1116.280617	7.091418	-0.011468	2.005435
64.993067	1119.247237	7.096422	-0.011527	2.007975
64.974773	1122.290991	7.101427	-0.011524	2.010484
65.245885	1125.307528	7.106432	-0.011573	2.013044
65.273481	1128.331975	7.111437	-0.011579	2.015544
65.370521	1131.386207	7.116442	-0.011596	2.018083
65.486221	1134.396760	7.121446	-0.011617	2.020587
65.623495	1137.415639	7.126451	-0.011642	2.023101
65.871815	1140.416798	7.131456	-0.011688	2.025627
66.029248	1143.452003	7.136461	-0.011716	2.028153
66.276166	1146.384409	7.141466	-0.011761	2.030616
66.414262	1149.448740	7.146470	-0.011786	2.033155
66.456008	1152.467680	7.151475	-0.011794	2.035629
66.529982	1155.539463	7.156480	-0.011808	2.038151
66.572217	1158.565520	7.161485	-0.011815	2.040624
66.658996	1161.600290	7.166490	-0.011831	2.043114
67.012426	1164.559428	7.171494	-0.011895	2.045607
66.944943	1167.648937	7.176499	-0.011883	2.048095
67.121122	1170.620403	7.181504	-0.011916	2.050547
67.146773	1173.696739	7.186509	-0.011920	2.053042
67.312251	1176.658862	7.191514	-0.011950	2.055477
67.371316	1179.740710	7.196518	-0.011961	2.057979
67.591927	1182.693752	7.201523	-0.012001	2.060416
67.782261	1185.728335	7.206528	-0.012036	2.062907
67.981886	1188.743730	7.211533	-0.012072	2.065383
67.839102	1191.842897	7.216538	-0.012047	2.067835
68.095223	1194.781134	7.221542	-0.012093	2.070257
68.062491	1197.858767	7.226547	-0.012088	2.072715
68.270730	1200.824665	7.231552	-0.012125	2.075141
68.237001	1203.922949	7.236557	-0.012120	2.077609
68.430087	1206.858800	7.241562	-0.012155	2.080001
68.574324	1209.909415	7.246566	-0.012181	2.082470
68.796415	1212.899811	7.251571	-0.012221	2.084908
68.877365	1215.954098	7.256576	-0.012236	2.087358
69.126041	1218.930534	7.261581	-0.012281	2.089786
69.217279	1221.947281	7.266586	-0.012298	2.092203
69.597712	1224.912374	7.271590	-0.012367	2.094649
69.676303	1227.973408	7.276595	-0.012381	2.097093
69.760761	1230.995316	7.281600	-0.012397	2.099504
69.896388	1234.041117	7.286605	-0.012422	2.101944
70.029164	1237.066492	7.291610	-0.012446	2.104364
69.940830	1240.160831	7.296614	-0.012430	2.106781
70.006493	1243.178014	7.301619	-0.012442	2.109173
70.085529	1246.168605	7.306624	-0.012457	2.111544
70.386343	1249.148948	7.311629	-0.012511	2.113960
70.358332	1252.185838	7.316634	-0.012506	2.116335
70.624919	1255.179065	7.321638	-0.012555	2.118747
70.576853	1258.227564	7.326643	-0.012546	2.121121
70.615904	1261.265520	7.331648	-0.012554	2.123506
70.682568	1264.306391	7.336653	-0.012566	2.125898
70.733205	1267.345569	7.341658	-0.012575	2.128281
70.825616	1270.309460	7.346662	-0.012592	2.130614
70.970167	1273.364126	7.351667	-0.012618	2.133027
70.940835	1276.368703	7.356672	-0.012613	2.135356
71.141454	1279.386079	7.361677	-0.012650	2.137749
71.090544	1282.413154	7.366682	-0.012641	2.140085
71.137433	1285.473348	7.371686	-0.012650	2.142468
71.100048	1288.495734	7.376691	-0.012643	2.144799
71.362712	1291.495147	7.381696	-0.012691	2.147182
71.302331	1294.484903	7.386701	-0.012680	2.149477
71.484631	1297.499799	7.391706	-0.012713	2.151847
71.728112	1300.451845	7.396710	-0.012757	2.154181
71.771955	1303.517905	7.401715	-0.012766	2.156553
71.748457	1306.542337	7.406720	-0.012762	2.158873
71.826638	1309.570767	7.411725	-0.012776	2.161218
71.966244	1312.566527	7.416730	-0.012801	2.163551
72.140573	1315.598482	7.421734	-0.012833	2.165917
72.169219	1318.606391	7.426739	-0.012838	2.168227
72.629969	1321.520588	7.431744	-0.012922	2.170567
72.727810	1324.559280	7.436749	-0.012940	2.172912
72.706038	1327.615527	7.441754	-0.012936	2.175240
72.864423	1330.657004	7.446758	-0.012965	2.177596
72.756723	1333.705572	7.451763	-0.012946	2.179892
73.027434	1336.699365	7.456768	-0.012995	2.182235
73.115092	1339.723088	7.461773	-0.013011	2.184554
73.192893	1342.757272	7.466778	-0.013025	2.186876
73.311014	1345.750780	7.471782	-0.013047	2.189174
73.469502	1348.745357	7.476787	-0.013076	2.191480
73.488891	1351.792516	7.481792	-0.013079	2.193791
73.532430	1354.830169	7.486797	-0.013087	2.196097
73.817220	1357.776069	7.491802	-0.013139	2.198389
74.148813	1360.740762	7.496806	-0.013199	2.200704
74.072297	1363.844518	7.501811	-0.013186	2.203025
74.230573	1366.845700	7.506816	-0.013214	2.205322
74.457059	1369.847033	7.511821	-0.013256	2.207632
74.695756	1372.783564	7.516826	-0.013299	2.209894
74.936191	1375.842344	7.521830	-0.013343	2.212246
74.818628	1378.884688	7.526835	-0.013322	2.214499
74.945184	1381.949123	7.531840	-0.013345	2.216823
74.972863	1384.948132	7.536845	-0.013350	2.219073
75.025690	1388.008383	7.541850	-0.013360	2.221373
75.225014	1391.010627	7.546854	-0.013396	2.223661
75.278520	1394.047946	7.551859	-0.013406	2.225938
75.267480	1397.058227	7.556864	-0.013404	2.228178
75.349451	1400.079455	7.561869	-0.013419	2.230446
75.511895	1403.068415	7.566874	-0.013449	2.232706
75.589262	1406.108026	7.571878	-0.013463	2.234982
75.652561	1409.143788	7.576883	-0.013474	2.237249
75.727034	1412.138516	7.581888	-0.013488	2.239486
75.970405	1415.137455	7.586893	-0.013532	2.241763
75.983557	1418.145156	7.591898	-0.013535	2.243991
76.108996	1421.189372	7.596902	-0.013558	2.246270
76.221579	1424.190815	7.601907	-0.013578	2.248511
76.245111	1427.197810	7.606912	-0.013583	2.250734
76.496499	1430.210903	7.611917	-0.013628	2.253012
76.562340	1433.221200	7.616922	-0.013641	2.255243
76.571378	1436.282745	7.621926	-0.013642	2.257496
76.697141	1439.270053	7.626931	-0.013665	2.259719
76.651791	1442.353948	7.631936	-0.013657	2.261972
76.731705	1445.342987	7.636941	-0.013672	2.264182
76.935683	1448.380265	7.641946	-0.013709	2.266453
76.894803	1451.372462	7.646950	-0.013702	2.268633
77.034092	1454.409461	7.651955	-0.013727	2.270885
76.914830	1457.435647	7.656960	-0.013706	2.273067
77.130342	1460.412239	7.661965	-0.013745	2.275288
77.261881	1463.400304	7.666970	-0.013769	2.277495
77.210308	1466.428995	7.671974	-0.013760	2.279689
77.300495	1469.471612	7.676979	-0.013777	2.281923
77.431469	1472.455191	7.681984	-0.013800	2.284120
77.508822	1475.494877	7.686989	-0.013815	2.286345
77.531690	1478.507919	7.691994	-0.013819	2.288535
77.623100	1481.503289	7.696998	-0.013836	2.290726
77.995164	1484.449675	7.702003	-0.013903	2.292943
78.027396	1487.494493	7.707008	-0.013909	2.295152
78.100414	1490.525754	7.712013	-0.013923	2.297358
78.244955	1493.517296	7.717018	-0.013949	2.299550
78.162483	1496.616790	7.722022	-0.013934	2.301767
78.255254	1499.602871	7.727027	-0.013951	2.303939
78.423392	1502.626461	7.732032	-0.013982	2.306152
78.501356	1505.572291	7.737037	-0.013996	2.308288
78.749214	1508.586689	7.742042	-0.014041	2.310509
78.773443	1511.603928	7.747046	-0.014046	2.312679
78.849689	1514.631267	7.752051	-0.014060	2.314867
79.151673	1517.619556	7.757056	-0.014115	2.317074
79.342118	1520.590460	7.762061	-0.014149	2.319243
79.435973	1523.652547	7.767066	-0.014166	2.321453
79.626763	1526.637214	7.772070	-0.014201	2.323627
79.696686	1529.691548	7.777075	-0.014214	2.325822
79.727619	1532.715905	7.782080	-0.014220	2.327985
79.821557	1535.717547	7.787085	-0.014237	2.330144
79.889655	1538.777151	7.792090	-0.014249	2.332336
80.013893	1541.778455	7.797094	-0.014272	2.334497
80.040952	1544.832723	7.802099	-0.014277	2.336672
80.231401	1547.793815	7.807104	-0.014312	2.338815
80.375323	1550.824661	7.812109	-0.014338	2.340995
80.528799	1553.828121	7.817114	-0.014366	2.343156
80.534476	1556.891102	7.822118	-0.014367	2.345325
80.493242	1559.905070	7.827123	-0.014360	2.347447
80.736587	1562.873019	7.832128	-0.014404	2.349597
80.666330	1565.929034	7.837133	-0.014392	2.351738
80.825921	1568.901956	7.842138	-0.014421	2.353869
80.853391	1571.984697	7.847142	-0.014426	2.356047
80.979821	1574.930990	7.852147	-0.014449	2.358147
80.878716	1578.032821	7.857152	-0.014431	2.360307
80.998953	1581.017553	7.862157	-0.014453	2.362430
81.029554	1584.030055	7.867162	-0.014459	2.364551
81.304276	1587.017443	7.872166	-0.014509	2.366705
81.273397	1590.010594	7.877171	-0.014503	2.368795
81.413866	1593.064540	7.882176	-0.014529	2.370963
81.433371	1596.052768	7.887181	-0.014533	2.373057
81.579839	1599.079197	7.892186	-0.014559	2.375203
81.801542	1602.035295	7.897190	-0.014600	2.377314
81.943512	1605.053217	7.902195	-0.014625	2.379450
81.967113	1608.115048	7.907200	-0.014630	2.381588
82.052065	1611.124768	7.912205	-0.014645	2.383702
82.253140	1614.134699	7.917210	-0.014682	2.385839
82.517223	1617.044797	7.922214	-0.014730	2.387917
82.443056	1620.133081	7.927219	-0.014717	2.390046
82.611148	1623.140184	7.932224	-0.014747	2.392168
82.617854	1626.165741	7.937229	-0.014749	2.394266
82.676905	1629.221946	7.942234	-0.014760	2.396395
82.629068	1632.215113	7.947238	-0.014751	2.398456
82.784237	1635.262969	7.952243	-0.014780	2.400596
82.787587	1638.279882	7.957248	-0.014780	2.402681
83.012690	1641.281355	7.962253	-0.014821	2.404800
83.210001	1644.245577	7.967258	-0.014857	2.406885
83.086408	1647.296875	7.972262	-0.014835	2.408961
83.237533	1650.319917	7.977267	-0.014863	2.411074
83.347502	1653.299398	7.982272	-0.014883	2.413146
83.659591	1656.266761	7.987277	-0.014939	2.415250
83.935381	1659.265413	7.992282	-0.014989	2.417366
83.910182	1662.305132	7.997286	-0.014985	2.419446
84.088298	1665.333681	8.002291	-0.015017	2.421558
84.171844	1668.362697	8.007296	-0.015033	2.423650
84.146537	1671.444582	8.012301	-0.015028	2.425753
84.324688	1674.370645	8.017306	-0.015061	2.427790
84.291305	1677.434861	8.022310	-0.015055	2.429876
84.338258	1680.445936	8.027315	-0.015064	2.431940
84.573321	1683.418491	8.032320	-0.015106	2.434016
84.743264	1686.406349	8.037325	-0.015137	2.436086
85.090143	1689.353669	8.042330	-0.015200	2.438164
85.097588	1692.428927	8.047334	-0.015202	2.440257
85.501900	1695.365290	8.052339	-0.015275	2.442335
85.656561	1698.404192	8.057344	-0.015303	2.444430
85.772717	1701.426360	8.062349	-0.015324	2.446504
85.874627	1704.439100	8.067354	-0.015343	2.448567
85.869674	1707.517475	8.072358	-0.015342	2.450650
85.909100	1710.504930	8.077363	-0.015350	2.452679
86.054073	1713.581649	8.082368	-0.015376	2.454789
86.042178	1716.570538	8.087373	-0.015374	2.456805
86.393609	1719.553957	8.092378	-0.015438	2.458890
86.401483	1722.607186	8.097382	-0.015439	2.460951
86.666558	1725.560838	8.102387	-0.015488	2.462995
86.904278	1728.607914	8.107392	-0.015531	2.465094
87.134640	1731.518282	8.112397	-0.015573	2.467099
87.237461	1734.557495	8.117402	-0.015591	2.469162
87.438673	1737.607474	8.122406	-0.015628	2.471251
87.322637	1740.631881	8.127411	-0.015607	2.473256
87.573792	1743.694574	8.132416	-0.015653	2.475360
87.645477	1746.635098	8.137421	-0.015666	2.477344
87.686950	1749.717794	8.142426	-0.015674	2.479416
88.003238	1752.667860	8.147430	-0.015731	2.481452
88.144939	1755.671504	8.152435	-0.015757	2.483488
88.213361	1758.760118	8.157440	-0.015770	2.485563
88.266724	1761.716114	8.162445	-0.015779	2.487546
88.370522	1764.786516	8.167450	-0.015798	2.489613
88.574258	1767.776877	8.172454	-0.015835	2.491645
88.687500	1770.769795	8.177459	-0.015856	2.493659
88.904850	1773.798189	8.182464	-0.015896	2.495716
88.798409	1776.825320	8.187469	-0.015877	2.497706
88.927912	1779.864512	8.192474	-0.015900	2.499749
88.903294	1782.917527	8.197478	-0.015896	2.501769
88.918846	1785.946542	8.202483	-0.015899	2.503780
89.168779	1788.925215	8.207488	-0.015944	2.505802
89.188825	1791.896899	8.212493	-0.015948	2.507772
89.398551	1794.879832	8.217498	-0.015986	2.509785
89.574377	1797.883468	8.222502	-0.016018	2.511804
89.545779	1800.933477	8.227507	-0.016013	2.513812
89.687887	1803.932291	8.232512	-0.016039	2.515818
89.728302	1806.954363	8.237517	-0.016047	2.517817
89.703137	1810.021061	8.242522	-0.016042	2.519832
89.824948	1813.002915	8.247526	-0.016065	2.521818
90.045133	1816.014913	8.252531	-0.016105	2.523841
90.168880	1818.983922	8.257536	-0.016127	2.525816
90.285954	1821.992276	8.262541	-0.016149	2.527813
90.238177	1825.043165	8.267546	-0.016140	2.529805
90.444270	1828.031592	8.272550	-0.016178	2.531804
90.525416	1831.040802	8.277555	-0.016193	2.533790
90.739325	1834.038914	8.282560	-0.016231	2.535794
90.788601	1837.047193	8.287565	-0.016241	2.537770
90.883603	1840.095789	8.292570	-0.016258	2.539780
90.969260	1843.100112	8.297574	-0.016274	2.541758
91.032942	1846.165812	8.302579	-0.016285	2.543770
91.145940	1849.133443	8.307584	-0.016306	2.545726
91.223393	1852.119297	8.312589	-0.016320	2.547686
91.546204	1855.074734	8.317594	-0.016379	2.549671
91.633939	1858.107859	8.322598	-0.016395	2.551661
91.648137	1861.173274	8.327603	-0.016398	2.553655
91.955907	1864.128683	8.332608	-0.016453	2.555633
92.004567	1867.139273	8.337613	-0.016462	2.557596
92.206520	1870.162596	8.342618	-0.016499	2.559594
92.374720	1873.153824	8.347622	-0.016530	2.561564
92.394236	1876.232048	8.352627	-0.016534	2.563560
92.314784	1879.282289	8.357632	-0.016519	2.565517
92.355730	1882.279376	8.362637	-0.016527	2.567462
92.446516	1885.310821	8.367642	-0.016544	2.569436
92.636751	1888.269999	8.372646	-0.016578	2.571382
92.846299	1891.286540	8.377651	-0.016616	2.573367
92.929282	1894.321347	8.382656	-0.016632	2.575338
92.833001	1897.325245	8.387661	-0.016614	2.577253
93.179002	1900.318250	8.392666	-0.016677	2.579245
93.186567	1903.340488	8.397670	-0.016679	2.581189
93.372181	1906.366052	8.402675	-0.016712	2.583167
93.478339	1909.411784	8.407680	-0.016732	2.585142
93.556577	1912.492047	8.412685	-0.016746	2.587132
93.608759	1915.505683	8.417690	-0.016756	2.589073
93.741418	1918.477949	8.422694	-0.016780	2.591001
93.725767	1921.476493	8.427699	-0.016777	2.592917
93.849644	1924.498856	8.432704	-0.016800	2.594873
93.913825	1927.439329	8.437709	-0.016812	2.596763
94.071442	1930.461885	8.442714	-0.016841	2.598723
94.077375	1933.483045	8.447718	-0.016842	2.600651
94.134008	1936.500973	8.452723	-0.016852	2.602585
94.187108	1939.540847	8.457728	-0.016862	2.604532
94.522309	1942.467302	8.462733	-0.016923	2.606458
94.478769	1945.506502	8.467738	-0.016915	2.608382
94.785015	1948.486627	8.472742	-0.016971	2.610334
94.901833	1951.438371	8.477747	-0.016992	2.612230
94.941300	1954.524940	8.482752	-0.016999	2.614196
94.948126	1957.538790	8.487757	-0.017001	2.616109
95.348727	1960.472405	8.492762	-0.017074	2.618043
95.541942	1963.493580	8.497766	-0.017109	2.619992
95.661923	1966.520954	8.502771	-0.017131	2.621930
95.806121	1969.538518	8.507776	-0.017157	2.623864
96.036543	1972.506942	8.512781	-0.017199	2.625783
95.983529	1975.529908	8.517786	-0.017189	2.627681
96.085875	1978.602991	8.522790	-0.017208	2.629639
96.104138	1981.593726	8.527795	-0.017212	2.631527
96.425575	1984.599551	8.532800	-0.017270	2.633480
96.374592	1987.667463	8.537805	-0.017261	2.635402
96.510328	1990.655229	8.542810	-0.017286	2.637306
96.508108	1993.692081	8.547814	-0.017285	2.639215
96.555674	1996.703779	8.552819	-0.017294	2.641115
96.723639	1999.693141	8.557824	-0.017325	2.643022
96.722557	2002.777586	8.562829	-0.017325	2.644957
96.605776	2005.765548	8.567834	-0.017304	2.646808
96.668066	2008.822281	8.572839	-0.017315	2.648733
96.859953	2011.781995	8.577843	-0.017350	2.650621
96.928636	2014.777636	8.582848	-0.017363	2.652507
97.145141	2017.780189	8.587853	-0.017402	2.654423
97.257054	2020.743977	8.592858	-0.017423	2.656295
97.184227	2023.809235	8.597863	-0.017410	2.658194
97.250296	2026.867397	8.602867	-0.017422	2.660113
97.269335	2029.842372	8.607872	-0.017426	2.661970
97.485636	2032.874852	8.612877	-0.017465	2.663898
97.527588	2035.831303	8.617882	-0.017473	2.665745
97.595438	2038.830433	8.622887	-0.017485	2.667623
97.778539	2041.863228	8.627891	-0.017518	2.669541
97.747150	2044.836949	8.632896	-0.017513	2.671381
98.075957	2047.827889	8.637901	-0.017573	2.673297
98.082209	2050.857222	8.642906	-0.017574	2.675176
98.012572	2053.870604	8.647911	-0.017562	2.677031
98.137502	2056.921350	8.652915	-0.017584	2.678942
98.180907	2059.899773	8.657920	-0.017592	2.680793
98.440793	2062.893660	8.662925	-0.017640	2.682691
98.493297	2065.938336	8.667930	-0.017649	2.684582
98.781608	2068.843845	8.672935	-0.017702	2.686428
98.910704	2071.889650	8.677939	-0.017725	2.688331
99.123381	2074.866618	8.682944	-0.017764	2.690204
99.329766	2077.851128	8.687949	-0.017801	2.692080
99.360670	2080.949952	8.692954	-0.017807	2.693994
99.471772	2083.901166	8.697959	-0.017827	2.695830
99.615457	2086.975965	8.702963	-0.017854	2.697746
99.591537	2090.023157	8.707968	-0.017850	2.699614
99.809800	2092.975810	8.712973	-0.017889	2.701466
99.912628	2096.027374	8.717978	-0.017908	2.703357
100.100966	2098.974667	8.722983	-0.017942	2.705197
100.249704	2101.966169	8.727987	-0.017969	2.707057
100.212577	2105.055289	8.732992	-0.017963	2.708941
100.238363	2108.032759	8.737997	-0.017968	2.710768
100.510928	2111.030741	8.743002	-0.018017	2.712649
100.452501	2114.084392	8.748007	-0.018007	2.714505
100.476356	2117.105917	8.753011	-0.018011	2.716354
100.698837	2120.087037	8.758016	-0.018052	2.718213
100.809851	2123.109891	8.763021	-0.018072	2.720075
100.764105	2126.162531	8.768026	-0.018064	2.721927
100.931848	2129.163852	8.773031	-0.018095	2.723785
100.929705	2132.137647	8.778035	-0.018094	2.725594
101.030508	2135.176958	8.783040	-0.018113	2.727460
101.043435	2138.190992	8.788045	-0.018115	2.729294
101.088695	2141.185320	8.793050	-0.018124	2.731120
101.207243	2144.216988	8.798055	-0.018145	2.732981
101.472879	2147.168921	8.803059	-0.018194	2.734818
101.442258	2150.199654	8.808064	-0.018188	2.736649
101.634218	2153.220412	8.813069	-0.018223	2.738512
101.772304	2156.204746	8.818074	-0.018248	2.740343
101.820656	2159.267751	8.823079	-0.018257	2.742204
101.840600	2162.299237	8.828083	-0.018261	2.744040
102.006257	2165.231064	8.833088	-0.018291	2.745839
102.301756	2168.190891	8.838093	-0.018345	2.747678
102.365797	2171.240563	8.843098	-0.018357	2.749528
102.596924	2174.204034	8.848103	-0.018399	2.751355
102.719124	2177.260713	8.853107	-0.018421	2.753218
102.668689	2180.296836	8.858112	-0.018412	2.755037
102.930724	2183.269980	8.863117	-0.018460	2.756871
103.059461	2186.274922	8.868122	-0.018483	2.758700
103.265492	2189.279308	8.873127	-0.018521	2.760540
103.346937	2192.298378	8.878131	-0.018536	2.762367
103.508469	2195.320276	8.883136	-0.018565	2.764208
103.522444	2198.301452	8.888141	-0.018568	2.765998
103.574361	2201.361168	8.893146	-0.018577	2.767840
103.596521	2204.385112	8.898151	-0.018582	2.769655
103.741859	2207.389064	8.903155	-0.018608	2.771477
103.701692	2210.444914	8.908160	-0.018601	2.773298
103.868871	2213.440334	8.913165	-0.018631	2.775117
103.913641	2216.428106	8.918170	-0.018640	2.776909
104.091175	2219.459609	8.923175	-0.018672	2.778749
104.219071	2222.402244	8.928179	-0.018695	2.780526
104.287635	2225.477597	8.933184	-0.018708	2.782370
104.289215	2228.498809	8.938189	-0.018708	2.784170
104.418246	2231.423895	8.943194	-0.018732	2.785934
104.375101	2234.496508	8.948199	-0.018724	2.787754
104.609947	2237.472732	8.953203	-0.018767	2.789563
104.625637	2240.480902	8.958208	-0.018770	2.791353
104.745581	2243.540976	8.963213	-0.018792	2.793191
104.870924	2246.488391	8.968218	-0.018815	2.794961
104.995325	2249.515937	8.973223	-0.018838	2.796777
105.235261	2252.501758	8.978227	-0.018881	2.798587
105.324064	2255.501894	8.983232	-0.018897	2.800379
105.446360	2258.542913	8.988237	-0.018920	2.802199
105.395377	2261.608766	8.993242	-0.018911	2.804004
105.438442	2264.536509	8.998247	-0.018919	2.805742
105.581516	2267.603406	9.003251	-0.018945	2.807577
105.615813	2270.621554	9.008256	-0.018951	2.809365
105.713339	2273.640446	9.013261	-0.018969	2.811162
105.668161	2276.675191	9.018266	-0.018961	2.812944
105.682449	2279.678901	9.023271	-0.018964	2.814716
105.621906	2282.712840	9.028275	-0.018953	2.816492
105.742006	2285.745236	9.033280	-0.018975	2.818296
105.820879	2288.695826	9.038285	-0.018990	2.820045
105.938943	2291.723677	9.043290	-0.019011	2.821844
106.116620	2294.723151	9.048295	-0.019043	2.823635
106.166938	2297.654070	9.053299	-0.019053	2.825364
106.107898	2300.719763	9.058304	-0.019042	2.827152
106.176907	2303.737452	9.063309	-0.019055	2.828933
106.236671	2306.727188	9.068314	-0.019066	2.830694
106.334430	2309.769829	9.073319	-0.019084	2.832492
106.315175	2312.754448	9.078323	-0.019081	2.834235
106.644286	2315.716204	9.083328	-0.019140	2.836021
106.673055	2318.736810	9.088333	-0.019146	2.837791
106.664680	2321.787557	9.093338	-0.019144	2.839571
106.995824	2324.733198	9.098343	-0.019205	2.841346
106.980155	2327.812358	9.103347	-0.019202	2.843139
107.025747	2330.746869	9.108352	-0.019210	2.844857
107.128431	2333.776261	9.113357	-0.019229	2.846639
107.264677	2336.811971	9.118362	-0.019254	2.848429
107.233689	2339.835541	9.123367	-0.019249	2.850182
107.306015	2342.831544	9.128371	-0.019262	2.851936
107.401759	2345.909815	9.133376	-0.019279	2.853741
107.367882	2348.850024	9.138381	-0.019273	2.855443
107.516381	2351.877307	9.143386	-0.019301	2.857224
107.558178	2354.929875	9.148391	-0.019308	2.859001
107.722427	2357.872498	9.153395	-0.019338	2.860734
107.556644	2360.981385	9.158400	-0.019308	2.862508
107.940993	2363.877031	9.163405	-0.019378	2.864247
107.780802	2366.876349	9.168410	-0.019349	2.865956
108.034631	2369.921860	9.173415	-0.019395	2.867759
107.865471	2372.937593	9.178419	-0.019365	2.869474
108.106763	2375.924026	9.183424	-0.019409	2.871238
108.212738	2378.943734	9.188429	-0.019428	2.872998
108.345513	2381.885180	9.193434	-0.019453	2.874717
108.533388	2384.897860	9.198439	-0.019487	2.876484
108.827914	2387.888734	9.203443	-0.019540	2.878255
108.817033	2390.931206	9.208448	-0.019538	2.880005
108.985492	2393.974655	9.213453	-0.019569	2.881784
108.996264	2396.978888	9.218458	-0.019571	2.883513
109.353878	2399.929124	9.223463	-0.019636	2.885267
109.481771	2402.936504	9.228467	-0.019659	2.887015
109.575566	2405.997834	9.233472	-0.019677	2.888787
109.736977	2408.959745	9.238477	-0.019706	2.890512
109.729807	2412.033247	9.243482	-0.019705	2.892273
109.870894	2415.036732	9.248487	-0.019731	2.894017
109.958119	2418.034934	9.253491	-0.019747	2.895747
109.950820	2421.093859	9.258496	-0.019745	2.897497
110.194430	2424.075035	9.263501	-0.019790	2.899241
110.175482	2427.081399	9.268506	-0.019786	2.900956
110.234195	2430.180240	9.273511	-0.019797	2.902736
110.375016	2433.076763	9.278515	-0.019823	2.904412
110.640213	2436.084975	9.283520	-0.019871	2.906171
110.691696	2439.119760	9.288525	-0.019881	2.907910
110.824831	2442.071435	9.293530	-0.019905	2.909613
110.689459	2445.172381	9.298535	-0.019881	2.911357
110.811387	2448.204302	9.303539	-0.019903	2.913102
110.718256	2451.141083	9.308544	-0.019886	2.914758
110.940167	2454.170982	9.313549	-0.019927	2.916516
110.943132	2457.188554	9.318554	-0.019927	2.918231
111.039633	2460.178833	9.323559	-0.019945	2.919944
111.090065	2463.224581	9.328563	-0.019954	2.921681
111.238615	2466.198313	9.333568	-0.019981	2.923391
111.220081	2469.202073	9.338573	-0.019978	2.925091
111.328695	2472.234686	9.343578	-0.019998	2.926826
111.406060	2475.219995	9.348583	-0.020012	2.928528
111.471767	2478.229106	9.353587	-0.020024	2.930241
111.353899	2481.288779	9.358592	-0.020003	2.931953
111.535913	2484.279843	9.363597	-0.020036	2.933672
111.795640	2487.210555	9.368602	-0.020084	2.935368
111.797889	2490.301021	9.373607	-0.020084	2.937113
111.777851	2493.314328	9.378611	-0.020081	2.938810
111.957171	2496.295083	9.383616	-0.020113	2.940519
111.945949	2499.345438	9.388621	-0.020112	2.942236
112.202081	2502.258346	9.393626	-0.020158	2.943917
112.132334	2505.291460	9.398631	-0.020146	2.945613
112.215052	2508.345230	9.403635	-0.020161	2.947344
112.256317	2511.325216	9.408640	-0.020169	2.949026
112.304080	2514.350116	9.413645	-0.020177	2.950733
112.409363	2517.377377	9.418650	-0.020197	2.952450
112.517615	2520.319355	9.423655	-0.020216	2.954118
112.509854	2523.372851	9.428659	-0.020215	2.955829
112.736836	2526.395379	9.433664	-0.020256	2.957559
112.524182	2529.428309	9.438669	-0.020218	2.959225
112.809384	2532.401909	9.443674	-0.020270	2.960935
112.678383	2535.491297	9.448679	-0.020247	2.962643
112.894138	2538.353863	9.453683	-0.020286	2.964278
112.817180	2541.452274	9.458688	-0.020272	2.965998
113.036150	2544.436925	9.463693	-0.020312	2.967699
113.055846	2547.405661	9.468698	-0.020316	2.969360
113.379297	2550.436329	9.473703	-0.020374	2.971101
113.326870	2553.459405	9.478707	-0.020365	2.972779
113.429334	2556.454463	9.483712	-0.020384	2.974464
113.456439	2559.468317	9.488717	-0.020389	2.976147
113.640888	2562.504021	9.493722	-0.020422	2.977866
113.509673	2565.504806	9.498727	-0.020399	2.979515
113.670403	2568.552886	9.503731	-0.020428	2.981235
113.804856	2571.512882	9.508736	-0.020453	2.982901
114.047549	2574.448410	9.513741	-0.020497	2.984569
114.164941	2577.469433	9.518746	-0.020518	2.986264
114.130367	2580.542886	9.523751	-0.020512	2.987964
114.305633	2583.490509	9.528755	-0.020544	2.989626
114.520419	2586.516190	9.533760	-0.020583	2.991336
114.621627	2589.527849	9.538765	-0.020602	2.993019
114.755899	2592.515700	9.543770	-0.020626	2.994694
114.948286	2595.516797	9.548775	-0.020661	2.996384
114.889414	2598.600079	9.553779	-0.020651	2.998080
115.008360	2601.545365	9.558784	-0.020672	2.999726
115.143087	2604.626451	9.563789	-0.020697	3.001448
115.324938	2607.532800	9.568794	-0.020730	3.003080
115.510643	2610.552359	9.573799	-0.020764	3.004775
115.515452	2613.609624	9.578803	-0.020765	3.006461
115.484067	2616.631028	9.583808	-0.020759	3.008121
115.727233	2619.607580	9.588813	-0.020804	3.009798
115.709966	2622.654529	9.593818	-0.020801	3.011473
115.729719	2625.646384	9.598823	-0.020804	3.013122
115.843238	2628.668474	9.603827	-0.020825	3.014801
115.915546	2631.674128	9.608832	-0.020839	3.016463
116.078451	2634.703617	9.613837	-0.020868	3.018152
116.046899	2637.706091	9.618842	-0.020863	3.019796
116.124393	2640.732437	9.623847	-0.020877	3.021468
116.256038	2643.695987	9.628851	-0.020901	3.023113
116.210440	2646.734046	9.633856	-0.020893	3.024771
116.286070	2649.721491	9.638861	-0.020907	3.026419
116.426232	2652.753825	9.643866	-0.020932	3.028100
116.282927	2655.750193	9.648871	-0.020907	3.029718
116.378346	2658.801086	9.653875	-0.020924	3.031400
116.663428	2661.716304	9.658880	-0.020976	3.033037
116.804218	2664.718671	9.663885	-0.021001	3.034698
116.715269	2667.786001	9.668890	-0.020986	3.036359
116.858070	2670.788313	9.673895	-0.021012	3.038019
116.961322	2673.772848	9.678899	-0.021031	3.039662
116.909329	2676.849300	9.683904	-0.021021	3.041331
116.970231	2679.801785	9.688909	-0.021033	3.042948
117.082861	2682.833977	9.693914	-0.021053	3.044616
117.030492	2685.835178	9.698919	-0.021044	3.046241
117.301627	2688.843802	9.703923	-0.021093	3.047918
117.403896	2691.824153	9.708928	-0.021112	3.049554
117.507384	2694.850635	9.713933	-0.021131	3.051213
117.470457	2697.874789	9.718938	-0.021124	3.052850
117.495969	2700.889746	9.723943	-0.021129	3.054490
117.463722	2703.921026	9.728947	-0.021123	3.056129
117.660610	2706.910660	9.733952	-0.021159	3.057779
117.567436	2709.922140	9.738957	-0.021143	3.059397
117.846731	2712.942652	9.743962	-0.021193	3.061074
117.793118	2715.906698	9.748967	-0.021184	3.062670
117.879111	2718.870396	9.753971	-0.021200	3.064286
117.802346	2721.973826	9.758976	-0.021186	3.065953
118.131339	2724.898487	9.763981	-0.021246	3.067582
118.150513	2727.902660	9.768986	-0.021249	3.069207
118.075526	2730.985681	9.773991	-0.021236	3.070860
118.180353	2733.963273	9.778995	-0.021255	3.072482
118.417069	2736.938262	9.784000	-0.021298	3.074121
118.336004	2739.958897	9.789005	-0.021284	3.075737
118.286224	2743.048492	9.794010	-0.021275	3.077394
118.417161	2745.983057	9.799015	-0.021299	3.078993
118.419722	2749.026791	9.804019	-0.021299	3.080631
118.726936	2751.971555	9.809024	-0.021355	3.082260
118.748122	2754.944326	9.814029	-0.021359	3.083861
118.814373	2758.016216	9.819034	-0.021371	3.085521
118.831156	2761.066049	9.824039	-0.021375	3.087161
118.795062	2763.999833	9.829043	-0.021368	3.088730
118.925186	2767.095892	9.834048	-0.021392	3.090410
119.038221	2770.056779	9.839053	-0.021413	3.092013
119.206429	2773.015865	9.844058	-0.021443	3.093623
119.098176	2776.094395	9.849063	-0.021424	3.095256
119.145146	2779.096671	9.854067	-0.021433	3.096870
119.352094	2782.059910	9.859072	-0.021470	3.098485
119.255586	2785.144109	9.864077	-0.021453	3.100120
119.520546	2788.097707	9.869082	-0.021501	3.101737
119.641259	2791.017893	9.874087	-0.021523	3.103314
119.634221	2794.053292	9.879091	-0.021522	3.104934
119.771538	2797.137087	9.884096	-0.021547	3.106599
119.708836	2800.098890	9.889101	-0.021536	3.108169
119.906085	2803.122236	9.894106	-0.021572	3.109809
119.698756	2806.226578	9.899111	-0.021535	3.111433
119.963504	2809.099978	9.904115	-0.021583	3.113001
119.981545	2812.159190	9.909120	-0.021586	3.114632
120.171647	2815.169828	9.914125	-0.021621	3.116261
120.303036	2818.117541	9.919130	-0.021645	3.117847
120.332684	2821.220139	9.924135	-0.021650	3.119500
120.411210	2824.205891	9.929139	-0.021665	3.121096
120.603516	2827.150025	9.934144	-0.021700	3.122687
120.720111	2830.145649	9.939149	-0.021721	3.124293
120.903990	2833.187654	9.944154	-0.021754	3.125932
121.067833	2836.158365	9.949159	-0.021784	3.127530
121.163537	2839.193293	9.954163	-0.021802	3.129151
121.148700	2842.240249	9.959168	-0.021799	3.130762
121.300849	2845.240089	9.964173	-0.021827	3.132371
121.454669	2848.216857	9.969178	-0.021855	3.133968
121.483393	2851.274472	9.974183	-0.021860	3.135588
121.454127	2854.293777	9.979187	-0.021855	3.137179
121.643635	2857.277423	9.984192	-0.021890	3.138781
121.713042	2860.282048	9.989197	-0.021903	3.140377
121.914004	2863.303639	9.994202	-0.021939	3.141999
121.789212	2866.248874	9.999207	-0.021917	3.143535
121.967391	2869.302259	10.004211	-0.021949	3.145169
122.055407	2872.311629	10.009216	-0.021965	3.146766
122.110075	2875.290017	10.014221	-0.021975	3.148342
122.129984	2878.337438	10.019226	-0.021979	3.149948
122.286224	2881.346145	10.024231	-0.022008	3.151553
122.372036	2884.266079	10.029235	-0.022023	3.153100
122.591217	2887.316821	10.034240	-0.022063	3.154734
122.477692	2890.382596	10.039245	-0.022043	3.156327
122.733209	2893.313746	10.044250	-0.022089	3.157902
122.742457	2896.344196	10.049255	-0.022091	3.159493
122.951822	2899.404584	10.054259	-0.022129	3.161127
122.936152	2902.342351	10.059264	-0.022127	3.162664
123.108302	2905.371797	10.064269	-0.022158	3.164275
123.204988	2908.399242	10.069274	-0.022176	3.165873
123.386775	2911.369594	10.074279	-0.022209	3.167453
123.503079	2914.352487	10.079283	-0.022230	3.169029
123.640004	2917.437708	10.084288	-0.022255	3.170661
123.529198	2920.418251	10.089293	-0.022235	3.172203
123.880988	2923.397595	10.094298	-0.022299	3.173808
123.904755	2926.421587	10.099303	-0.022303	3.175390
123.868194	2929.471037	10.104307	-0.022297	3.176975
124.050517	2932.451400	10.109312	-0.022330	3.178555
124.061878	2935.522814	10.114317	-0.022333	3.180157
124.147216	2938.472264	10.119322	-0.022348	3.181705
124.283012	2941.420472	10.124327	-0.022373	3.183259
124.328615	2944.459095	10.129331	-0.022381	3.184846
124.496996	2947.510850	10.134336	-0.022412	3.186457
124.448280	2950.463040	10.139341	-0.022403	3.187985
124.538937	2953.539254	10.144346	-0.022420	3.189596
124.531264	2956.577174	10.149351	-0.022419	3.191173
124.802405	2959.460322	10.154355	-0.022468	3.192707
124.785759	2962.521073	10.159360	-0.022465	3.194292
124.974559	2965.560430	10.164365	-0.022500	3.195895
124.847490	2968.542243	10.169370	-0.022477	3.197423
125.106330	2971.579247	10.174375	-0.022524	3.199032
125.031314	2974.609769	10.179379	-0.022511	3.200590
125.273866	2977.555901	10.184384	-0.022555	3.202149
125.198969	2980.577252	10.189389	-0.022541	3.203701
125.507039	2983.581997	10.194394	-0.022597	3.205297
125.452044	2986.599798	10.199399	-0.022587	3.206849
125.496154	2989.500773	10.204403	-0.022596	3.208354
125.440885	2991.744324	10.209408	-0.022586	3.209504

125.689034	2993.279996	10.214413	-0.022631	3.210331
125.459744	2994.469956	10.219418	-0.022589	3.210914
125.667283	2995.221375	10.224423	-0.022627	3.211330
125.635568	2995.712170	10.229427	-0.022621	3.211579
125.713082	2996.025068	10.234432	-0.022635	3.211751
125.781577	2996.388803	10.239437	-0.022647	3.211948
125.769969	2996.572921	10.244442	-0.022645	3.212041
125.773615	2996.564145	10.249447	-0.022646	3.212037
126.003071	2996.638153	10.254451	-0.022687	3.212107
125.902703	2997.063188	10.259456	-0.022669	3.212312
125.963479	2997.013189	10.264461	-0.022680	3.212295
125.993178	2997.065278	10.269466	-0.022685	3.212325
126.163892	2997.050810	10.274471	-0.022716	3.212341
126.345920	2996.999435	10.279475	-0.022749	3.212340
126.180122	2997.057514	10.284480	-0.022719	3.212347
126.125427	2997.054568	10.289485	-0.022709	3.212338
126.307740	2997.029147	10.294490	-0.022742	3.212350
126.172986	2997.051124	10.299495	-0.022718	3.212343
126.306806	2997.054943	10.304499	-0.022742	3.212363
126.305725	2997.011710	10.309504	-0.022742	3.212340
126.447973	2997.030236	10.314509	-0.022767	3.212369
126.461031	2996.995954	10.319514	-0.022770	3.212354
126.443181	2996.994105	10.324519	-0.022766	3.212350
126.530176	2996.981322	10.329523	-0.022782	3.212355
126.622650	2996.970713	10.334528	-0.022799	3.212363
126.564188	2996.972401	10.339533	-0.022788	3.212355
126.733074	2996.941471	10.344538	-0.022819	3.212363
126.664873	2996.903376	10.349543	-0.022806	3.212334
126.631418	2996.965604	10.354547	-0.022800	3.212361
126.624304	2996.920948	10.359552	-0.022799	3.212337
126.775438	2996.929243	10.364557	-0.022826	3.212362
126.709721	2996.917727	10.369562	-0.022814	3.212347
126.731532	2996.926517	10.374567	-0.022818	3.212354
126.763538	2996.922909	10.379571	-0.022824	3.212357
126.677040	2996.933264	10.384576	-0.022808	3.212350
126.711372	2996.892719	10.389581	-0.022814	3.212334
126.832638	2996.899271	10.394586	-0.022836	3.212354
126.625358	2996.915719	10.399591	-0.022799	3.212334
126.734469	2997.055045	10.404595	-0.022818	3.212421
126.787868	2997.022141	10.409600	-0.022828	3.212411
126.986663	2997.046214	10.414605	-0.022864	3.212451
127.009269	2997.056609	10.419610	-0.022868	3.212459
126.901529	2997.006629	10.424615	-0.022848	3.212419
126.908438	2997.020593	10.429619	-0.022850	3.212427
126.968002	2997.078062	10.434624	-0.022860	3.212465
126.772347	2997.055094	10.439629	-0.022825	3.212426
126.841555	2997.040988	10.444634	-0.022837	3.212428
126.989512	2997.001097	10.449639	-0.022864	3.212428
127.021293	2997.075640	10.454643	-0.022870	3.212471
126.968845	2997.002480	10.459648	-0.022860	3.212426
127.041331	2997.018376	10.464653	-0.022873	3.212444
127.118165	2997.030694	10.469658	-0.022887	3.212461
127.103292	2997.069822	10.474663	-0.022884	3.212479
127.230235	2997.031282	10.479667	-0.022907	3.212476
127.152319	2997.074464	10.484672	-0.022893	3.212488
127.243039	2997.004998	10.489677	-0.022910	3.212464
127.198249	2997.033317	10.494682	-0.022901	3.212473
127.273428	2997.035784	10.499687	-0.022915	3.212484
127.335454	2997.079888	10.504691	-0.022926	3.212516
127.318953	2997.024407	10.509696	-0.022923	3.212485
127.523402	2997.050613	10.514701	-0.022960	3.212526
127.376466	2997.034662	10.519706	-0.022933	3.212498
127.347275	2997.011614	10.524711	-0.022928	3.212482
127.451315	2997.030016	10.529715	-0.022947	3.212506
127.534148	2997.028027	10.534720	-0.022962	3.212516
127.398546	2997.047201	10.539725	-0.022937	3.212507
127.422142	2997.076099	10.544730	-0.022941	3.212525
127.572089	2997.053841	10.549735	-0.022968	3.212534
127.618798	2997.039666	10.554739	-0.022977	3.212533
127.569475	2997.037711	10.559744	-0.022968	3.212526
127.620698	2997.038680	10.564749	-0.022977	3.212533
127.585396	2997.039655	10.569754	-0.022971	3.212529
127.701918	2997.032340	10.574759	-0.022992	3.212541
127.671828	2997.056749	10.579763	-0.022986	3.212549
127.696060	2997.083664	10.584768	-0.022991	3.212566
127.715956	2997.031215	10.589773	-0.022994	3.212542
127.734299	2997.039718	10.594778	-0.022997	3.212549
127.654450	2997.030746	10.599783	-0.022983	3.212533
127.599085	2997.047348	10.604787	-0.022973	3.212534
127.747642	2997.081155	10.609792	-0.023000	3.212572
127.965664	2997.002655	10.614797	-0.023039	3.212561
127.881726	2997.078313	10.619802	-0.023024	3.212589
127.879490	2997.022669	10.624807	-0.023023	3.212560
127.836880	2997.035879	10.629811	-0.023016	3.212561
127.872579	2997.073063	10.634816	-0.023022	3.212585
127.986228	2997.062275	10.639821	-0.023043	3.212595
127.902771	2997.006435	10.644826	-0.023027	3.212555
127.863941	2997.076152	10.649831	-0.023020	3.212585
127.945854	2997.079252	10.654835	-0.023035	3.212598
127.909808	2996.999303	10.659840	-0.023029	3.212552
127.980779	2997.079776	10.664845	-0.023041	3.212603
127.834647	2997.074505	10.669850	-0.023015	3.212580
127.901494	2997.001701	10.674855	-0.023027	3.212552
128.012395	2997.065501	10.679859	-0.023047	3.212600
128.087807	2997.059433	10.684864	-0.023061	3.212607
128.026715	2997.056974	10.689869	-0.023049	3.212597
128.111446	2997.065985	10.694874	-0.023065	3.212614
128.009243	2997.009076	10.699879	-0.023046	3.212570
128.035197	2997.074278	10.704883	-0.023051	3.212607
128.106904	2997.026818	10.709888	-0.023064	3.212593
128.251877	2997.047052	10.714893	-0.023090	3.212623
128.261285	2997.027661	10.719898	-0.023092	3.212614
128.110079	2997.050376	10.724903	-0.023064	3.212605
128.146231	2997.071095	10.729907	-0.023071	3.212621
128.138973	2997.045844	10.734912	-0.023069	3.212607
128.060158	2997.019645	10.739917	-0.023055	3.212582
128.133109	2997.025129	10.744922	-0.023068	3.212595
128.099066	2997.072989	10.749927	-0.023062	3.212615
128.157220	2997.058798	10.754931	-0.023072	3.212616
128.039242	2997.026062	10.759936	-0.023051	3.212583
128.239243	2997.040137	10.764941	-0.023087	3.212617
128.251004	2997.066737	10.769946	-0.023089	3.212633
128.199563	2997.035074	10.774951	-0.023080	3.212609
128.063137	2997.026011	10.779955	-0.023055	3.212586
128.413623	2997.038814	10.784960	-0.023119	3.212640
128.138991	2997.065292	10.789965	-0.023069	3.212616
128.262074	2997.026569	10.794970	-0.023091	3.212613
128.298159	2997.075155	10.799975	-0.023098	3.212643
128.119417	2997.047679	10.804979	-0.023065	3.212605
128.072896	2997.055875	10.809984	-0.023057	3.212602
128.269150	2997.003143	10.814989	-0.023092	3.212602
128.268035	2997.059199	10.819994	-0.023092	3.212631
128.414825	2997.063815	10.824999	-0.023118	3.212653
128.347661	2997.058127	10.830003	-0.023106	3.212641
128.480040	2997.053862	10.835008	-0.023130	3.212657
128.379039	2997.024480	10.840013	-0.023112	3.212628
128.426518	2997.036133	10.845018	-0.023120	3.212640
128.544068	2997.024914	10.850023	-0.023142	3.212651
128.549331	2997.036896	10.855027	-0.023142	3.212658
128.420398	2997.079721	10.860032	-0.023119	3.212662
128.602066	2997.020576	10.865037	-0.023152	3.212656
128.380708	2997.066183	10.870042	-0.023112	3.212649
128.301113	2997.035347	10.875047	-0.023097	3.212623
128.344646	2997.030492	10.880051	-0.023105	3.212626
128.528406	2997.026489	10.885056	-0.023138	3.212649
128.384550	2997.061173	10.890061	-0.023112	3.212647
128.400782	2997.051470	10.895066	-0.023115	3.212644
128.436132	2997.026997	10.900071	-0.023122	3.212637
128.480343	2997.015908	10.905075	-0.023130	3.212637
128.479935	2997.059668	10.910080	-0.023129	3.212659
128.594919	2997.024916	10.915085	-0.023150	3.212657
128.484998	2997.048760	10.920090	-0.023130	3.212654
128.603082	2997.078568	10.925095	-0.023152	3.212686
128.427315	2997.011553	10.930099	-0.023120	3.212627
128.436782	2997.037552	10.935104	-0.023121	3.212642
128.588172	2997.017940	10.940109	-0.023149	3.212653
128.632881	2997.037595	10.945114	-0.023157	3.212669
128.565833	2997.070622	10.950119	-0.023145	3.212677
128.564357	2997.063812	10.955123	-0.023144	3.212673
128.595608	2996.973228	10.960128	-0.023150	3.212630
128.734950	2997.030681	10.965133	-0.023175	3.212679
128.630890	2997.018457	10.970138	-0.023156	3.212659
128.560165	2997.064571	10.975143	-0.023143	3.212673
128.579131	2997.040216	10.980147	-0.023147	3.212663
128.682069	2997.048019	10.985152	-0.023165	3.212681
128.626640	2997.027707	10.990157	-0.023155	3.212663
128.554185	2997.053091	10.995162	-0.023142	3.212666
128.670309	2997.031960	11.000167	-0.023163	3.212671
128.811267	2997.009068	11.005171	-0.023189	3.212678
128.621122	2997.007629	11.010176	-0.023154	3.212651
128.736895	2997.015651	11.015181	-0.023175	3.212671
128.637667	2997.004565	11.020186	-0.023157	3.212652
128.697955	2997.015233	11.025191	-0.023168	3.212666
128.629225	2997.009961	11.030195	-0.023155	3.212654
128.697947	2997.024441	11.035200	-0.023168	3.212670
128.738161	2996.988988	11.040205	-0.023175	3.212658
128.800675	2997.002092	11.045210	-0.023186	3.212673
128.640977	2997.002242	11.050215	-0.023157	3.212651
128.600507	2997.056656	11.055219	-0.023150	3.212674
128.690568	2997.012185	11.060224	-0.023166	3.212663
128.741222	2997.018151	11.065229	-0.023175	3.212673
128.814025	2996.963133	11.070234	-0.023188	3.212654
128.690841	2997.008061	11.075239	-0.023166	3.212661
128.632318	2996.994626	11.080243	-0.023156	3.212646
128.738692	2997.015440	11.085248	-0.023175	3.212671
128.862302	2996.946912	11.090253	-0.023197	3.212653
128.741878	2997.005031	11.095258	-0.023175	3.212666
128.731873	2996.995645	11.100263	-0.023173	3.212660
128.802163	2996.976411	11.105267	-0.023186	3.212659
128.869928	2996.958452	11.110272	-0.023198	3.212659
128.730119	2997.026570	11.115277	-0.023173	3.212675
128.745747	2996.980097	11.120282	-0.023176	3.212654
128.902788	2996.968064	11.125287	-0.023204	3.212669
128.758302	2996.966591	11.130291	-0.023178	3.212648
128.892223	2996.983106	11.135296	-0.023202	3.212675
128.816988	2996.978353	11.140301	-0.023188	3.212662
128.706693	2997.022275	11.145306	-0.023168	3.212670
128.831662	2996.992738	11.150311	-0.023191	3.212672
128.762737	2997.000232	11.155315	-0.023179	3.212666
128.745848	2996.992071	11.160320	-0.023175	3.212659
128.855301	2997.009040	11.165325	-0.023195	3.212683
128.800579	2996.977642	11.170330	-0.023185	3.212659
128.877242	2997.008779	11.175335	-0.023199	3.212686
128.790544	2996.985278	11.180339	-0.023183	3.212662
128.794344	2997.008547	11.185344	-0.023184	3.212674
128.917158	2996.968080	11.190349	-0.023206	3.212670
128.741541	2997.011816	11.195354	-0.023174	3.212669
128.627914	2997.052386	11.200359	-0.023154	3.212674
128.772033	2996.997172	11.205363	-0.023180	3.212665
128.663214	2997.001955	11.210368	-0.023160	3.212653
128.803217	2997.002324	11.215373	-0.023185	3.212672
128.794280	2996.959961	11.220378	-0.023184	3.212649
129.011626	2996.968823	11.225383	-0.023223	3.212684
128.751767	2996.978656	11.230387	-0.023176	3.212653
128.707067	2997.019060	11.235392	-0.023168	3.212668
128.771331	2997.069235	11.240397	-0.023179	3.212702
128.748847	2997.020788	11.245402	-0.023175	3.212674
128.737358	2997.067496	11.250407	-0.023173	3.212697
128.761083	2997.052168	11.255411	-0.023177	3.212692
128.847513	2997.034695	11.260416	-0.023193	3.212695
128.734267	2997.041866	11.265421	-0.023172	3.212683
128.657556	2997.045981	11.270426	-0.023159	3.212674
128.826578	2997.013205	11.275431	-0.023189	3.212681
128.749814	2997.074245	11.280435	-0.023175	3.212702
128.781794	2997.013131	11.285440	-0.023181	3.212674
128.885702	2997.024914	11.290445	-0.023200	3.212695
128.734585	2997.031258	11.295450	-0.023172	3.212677
128.768480	2997.029572	11.300455	-0.023178	3.212681
128.885571	2997.047537	11.305459	-0.023199	3.212706
128.666734	2997.044040	11.310464	-0.023160	3.212674
128.831024	2997.085173	11.315469	-0.023190	3.212718
128.745598	2996.996554	11.320474	-0.023174	3.212661
128.914524	2997.025557	11.325479	-0.023205	3.212699
128.841916	2997.057035	11.330483	-0.023191	3.212705
128.727782	2997.028722	11.335488	-0.023171	3.212675
128.862234	2997.094743	11.340493	-0.023195	3.212727
128.787921	2997.024358	11.345498	-0.023181	3.212681
128.785891	2997.017089	11.350503	-0.023181	3.212677
128.874303	2997.034205	11.355507	-0.023197	3.212698
128.777701	2997.033922	11.360512	-0.023179	3.212684
128.797816	2997.032268	11.365517	-0.023183	3.212686
128.811004	2997.039116	11.370522	-0.023185	3.212691
128.886122	2997.025862	11.375527	-0.023199	3.212695
128.831680	2997.088836	11.380531	-0.023189	3.212720
128.833201	2996.994047	11.385536	-0.023189	3.212671
128.894970	2997.040043	11.390541	-0.023200	3.212703
129.132774	2997.054364	11.395546	-0.023243	3.212743
128.846076	2996.996259	11.400551	-0.023191	3.212674
128.959604	2997.070871	11.405555	-0.023212	3.212728
128.823073	2997.027928	11.410560	-0.023187	3.212687
128.955655	2997.053278	11.415565	-0.023211	3.212718
128.956527	2997.017993	11.420570	-0.023211	3.212700
129.045263	2997.004751	11.425575	-0.023227	3.212705
128.875463	2997.047545	11.430579	-0.023197	3.212704
128.918485	2997.039194	11.435584	-0.023204	3.212706
128.816769	2997.036033	11.440589	-0.023186	3.212690
128.840905	2997.037548	11.445594	-0.023190	3.212694
128.912771	2997.022737	11.450599	-0.023203	3.212696
128.966099	2997.026176	11.455603	-0.023213	3.212705
128.966684	2997.026083	11.460608	-0.023213	3.212705
128.950110	2997.037818	11.465613	-0.023210	3.212709
128.996864	2997.071460	11.470618	-0.023218	3.212733
129.011176	2997.041077	11.475623	-0.023221	3.212719
128.927177	2997.016858	11.480627	-0.023205	3.212695
128.979368	2997.055715	11.485632	-0.023215	3.212722
129.095890	2997.021159	11.490637	-0.023236	3.212720
128.876648	2997.017768	11.495642	-0.023196	3.212689
128.984574	2997.008504	11.500647	-0.023216	3.212698
128.963053	2997.091180	11.505651	-0.023212	3.212738
128.904362	2997.006347	11.510656	-0.023201	3.212686
129.093273	2997.069391	11.515661	-0.023235	3.212745
129.030160	2997.003897	11.520666	-0.023224	3.212702
129.063899	2997.074299	11.525671	-0.023230	3.212743
128.842041	2997.037700	11.530675	-0.023190	3.212694
129.078667	2997.003293	11.535680	-0.023232	3.212708
129.022466	2997.045545	11.540685	-0.023222	3.212723
129.132134	2997.035213	11.545690	-0.023242	3.212732
128.961458	2997.019513	11.550695	-0.023211	3.212701
129.142733	2997.047050	11.555699	-0.023244	3.212740
129.187372	2997.015262	11.560704	-0.023252	3.212729
129.255964	2997.046126	11.565709	-0.023264	3.212755
129.009676	2997.042660	11.570714	-0.023220	3.212719
129.200969	2997.033630	11.575719	-0.023254	3.212741
129.073595	2997.062719	11.580723	-0.023231	3.212738
129.174956	2997.038250	11.585728	-0.023249	3.212739
129.129443	2996.998347	11.590733	-0.023241	3.212713
129.193835	2997.035170	11.595738	-0.023253	3.212740
129.110452	2997.049535	11.600743	-0.023238	3.212736
129.118348	2997.001484	11.605747	-0.023239	3.212713
128.977891	2997.070380	11.610752	-0.023214	3.212729
129.241052	2997.033762	11.615757	-0.023261	3.212746
129.019225	2996.988677	11.620762	-0.023221	3.212692
129.141107	2997.062885	11.625767	-0.023243	3.212747
129.166813	2997.026445	11.630771	-0.023248	3.212732
129.244773	2997.026362	11.635776	-0.023262	3.212743
129.168246	2997.041930	11.640781	-0.023248	3.212740
129.143902	2996.988528	11.645786	-0.023243	3.212709
129.156193	2997.064634	11.650791	-0.023245	3.212750
129.185215	2997.035183	11.655795	-0.023251	3.212739
129.279625	2997.011351	11.660800	-0.023268	3.212739
129.271988	2997.046744	11.665805	-0.023266	3.212757
129.172865	2997.039865	11.670810	-0.023248	3.212739
129.118864	2997.054287	11.675815	-0.023238	3.212739
129.205395	2997.024074	11.680819	-0.023254	3.212736
129.297023	2997.003403	11.685824	-0.023271	3.212738
129.100591	2997.055701	11.690829	-0.023235	3.212738
129.110523	2997.039197	11.695834	-0.023237	3.212730
129.166866	2997.030936	11.700839	-0.023247	3.212734
129.146348	2996.991047	11.705843	-0.023243	3.212710
129.282158	2997.039151	11.710848	-0.023268	3.212754
129.231892	2997.031995	11.715853	-0.023259	3.212743
129.295069	2997.014047	11.720858	-0.023270	3.212743
129.224140	2997.036603	11.725863	-0.023257	3.212744
129.008095	2997.063238	11.730867	-0.023218	3.212728
129.038073	2997.040193	11.735872	-0.023223	3.212721
128.789595	2996.985851	11.740877	-0.023178	3.212659
128.888120	2997.078376	11.745882	-0.023196	3.212720
128.825893	2996.993880	11.750887	-0.023185	3.212668
128.994846	2997.021665	11.755891	-0.023215	3.212705
128.876852	2997.048866	11.760896	-0.023194	3.212703
128.934001	2997.048868	11.765901	-0.023204	3.212711
128.913666	2997.050705	11.770906	-0.023201	3.212709
128.919251	2997.037173	11.775911	-0.023202	3.212703
128.808063	2997.029266	11.780915	-0.023181	3.212683
129.010235	2997.048219	11.785920	-0.023218	3.212721
128.782764	2997.063968	11.790925	-0.023177	3.212698
128.839275	2997.042343	11.795930	-0.023187	3.212694
128.868552	2997.018879	11.800935	-0.023192	3.212686
129.206277	2997.046588	11.805939	-0.023253	3.212747
128.910417	2997.039959	11.810944	-0.023200	3.212703
128.929108	2997.053819	11.815949	-0.023203	3.212712
128.829255	2997.021708	11.820954	-0.023185	3.212682
128.999477	2997.048551	11.825959	-0.023216	3.212719
128.674922	2997.017467	11.830963	-0.023157	3.212659
128.905592	2997.020969	11.835968	-0.023199	3.212692
128.940362	2997.024499	11.840973	-0.023205	3.212698
129.074078	2997.019275	11.845978	-0.023229	3.212714
129.120684	2997.051141	11.850983	-0.023237	3.212737
128.998499	2997.009226	11.855987	-0.023215	3.212698
129.016533	2997.014180	11.860992	-0.023218	3.212703
129.174265	2997.081882	11.865997	-0.023247	3.212760
128.926183	2997.017746	11.871002	-0.023202	3.212693
129.224150	2996.983374	11.876007	-0.023256	3.212716
129.055698	2997.087564	11.881011	-0.023225	3.212747
129.173003	2997.050984	11.886016	-0.023246	3.212744
129.051492	2996.983462	11.891021	-0.023224	3.212692
129.166975	2997.033338	11.896026	-0.023245	3.212734
129.124424	2997.038055	11.901031	-0.023238	3.212730
129.221639	2997.047382	11.906035	-0.023255	3.212748
129.256703	2997.026617	11.911040	-0.023261	3.212743
129.178082	2997.018524	11.916045	-0.023247	3.212728
129.016033	2997.024747	11.921050	-0.023218	3.212708
129.105848	2997.071157	11.926055	-0.023234	3.212745
129.081247	2997.048095	11.931059	-0.023230	3.212729
129.198781	2997.040514	11.936064	-0.023251	3.212742
129.185558	2997.016848	11.941069	-0.023248	3.212728
129.054132	2997.050648	11.946074	-0.023224	3.212727
129.032177	2996.997822	11.951079	-0.023220	3.212697
129.128933	2997.035120	11.956083	-0.023238	3.212729
129.056706	2997.061048	11.961088	-0.023225	3.212733
129.182790	2997.013658	11.966093	-0.023248	3.212725
129.168832	2997.001690	11.971098	-0.023245	3.212717
129.745157	2997.033161	11.976103	-0.023349	3.212812
129.161992	2997.101110	11.981107	-0.023244	3.212767
129.077952	2996.993351	11.986112	-0.023228	3.212700
128.989273	2997.049688	11.991117	-0.023212	3.212717
129.164663	2997.021879	11.996122	-0.023244	3.212727
129.097491	2997.032538	12.001127	-0.023232	3.212723
129.289897	2997.067409	12.006131	-0.023267	3.212767
129.138030	2997.034597	12.011136	-0.023239	3.212730
129.326951	2997.018327	12.016141	-0.023273	3.212747
129.250970	2997.049492	12.021146	-0.023259	3.212753
129.157991	2997.007680	12.026151	-0.023243	3.212718
129.188631	2997.069221	12.031155	-0.023248	3.212754
129.220202	2997.016690	12.036160	-0.023254	3.212732
129.075036	2997.025083	12.041165	-0.023227	3.212716
129.279937	2997.063896	12.046170	-0.023264	3.212764
129.229833	2997.001602	12.051175	-0.023255	3.212725
129.229653	2997.021692	12.056179	-0.023255	3.212735
129.726068	2997.078046	12.061184	-0.023345	3.212832
129.337227	2996.996843	12.066189	-0.023275	3.212737
129.290841	2997.061914	12.071194	-0.023266	3.212764
129.130412	2997.039855	12.076199	-0.023237	3.212731
129.130598	2997.026548	12.081203	-0.023237	3.212724
129.336537	2997.071141	12.086208	-0.023274	3.212775
129.152077	2997.005825	12.091213	-0.023241	3.212716
129.236890	2997.041456	12.096218	-0.023256	3.212746
129.111815	2997.003337	12.101223	-0.023234	3.212709
129.195004	2997.075120	12.106227	-0.023249	3.212758
129.344555	2997.006353	12.111232	-0.023276	3.212743
129.214490	2997.044635	12.116237	-0.023252	3.212745
129.330711	2997.047091	12.121242	-0.023273	3.212762
129.457490	2997.014047	12.126247	-0.023296	3.212762
129.302870	2997.063701	12.131251	-0.023268	3.212767
129.339823	2997.018216	12.136256	-0.023275	3.212748
129.184370	2997.032371	12.141261	-0.023246	3.212734
129.439268	2997.002189	12.146266	-0.023292	3.212753
129.368197	2997.039919	12.151271	-0.023280	3.212763
129.280801	2997.034765	12.156275	-0.023264	3.212748
129.267961	2997.029161	12.161280	-0.023261	3.212744
129.197666	2997.078793	12.166285	-0.023249	3.212760
129.178022	2997.047753	12.171290	-0.023245	3.212741
129.354940	2997.012878	12.176295	-0.023277	3.212747
129.115168	2997.041584	12.181299	-0.023234	3.212729
129.415284	2997.001194	12.186304	-0.023288	3.212749
129.250039	2997.002212	12.191309	-0.023258	3.212727
129.312863	2997.072147	12.196314	-0.023269	3.212772
129.224384	2997.020057	12.201319	-0.023253	3.212733
129.383376	2997.020827	12.206323	-0.023282	3.212755
129.276807	2996.863964	12.211328	-0.023262	3.212659

129.241941	2996.258214	12.216333	-0.023256	3.212342
129.219591	2994.790326	12.221338	-0.023252	3.211582
129.250729	2992.894094	12.226343	-0.023257	3.210608
129.149513	2990.587282	12.231347	-0.023239	3.209404
129.275426	2988.058273	12.236352	-0.023261	3.208115
129.062063	2985.536578	12.241357	-0.023222	3.206783
129.110875	2982.769174	12.246362	-0.023231	3.205360
129.137718	2979.913441	12.251367	-0.023236	3.203887
129.195288	2977.035134	12.256371	-0.023246	3.202406
129.025866	2974.236747	12.261376	-0.023215	3.200935
129.131831	2971.252911	12.266381	-0.023234	3.199405
128.981456	2968.247849	12.271386	-0.023206	3.197828
129.099624	2965.316018	12.276391	-0.023227	3.196325
129.004348	2962.352793	12.281395	-0.023210	3.194775
129.073047	2959.316564	12.286400	-0.023222	3.193210
129.018453	2956.374276	12.291405	-0.023212	3.191676
128.960899	2953.412568	12.296410	-0.023201	3.190130
128.869350	2950.359247	12.301415	-0.023184	3.188531
129.034155	2947.384295	12.306419	-0.023214	3.187008
128.928555	2944.362966	12.311424	-0.023194	3.185422
129.012833	2941.375781	12.316429	-0.023209	3.183880
128.977183	2938.356740	12.321434	-0.023202	3.182304
128.919479	2935.455400	12.326439	-0.023192	3.180785
129.047557	2932.372713	12.331443	-0.023214	3.179197
129.027879	2929.372421	12.336448	-0.023211	3.177630
128.874383	2926.429817	12.341453	-0.023183	3.176074
129.012258	2923.378904	12.346458	-0.023207	3.174501
128.961411	2920.332222	12.351463	-0.023198	3.172904
128.794568	2917.475375	12.356467	-0.023167	3.171388
128.759855	2914.388567	12.361472	-0.023161	3.169771
128.852043	2911.370190	12.366477	-0.023177	3.168206
128.862759	2908.397227	12.371482	-0.023179	3.166652
128.773164	2905.407323	12.376487	-0.023162	3.165075
128.753388	2902.384087	12.381491	-0.023158	3.163489
128.840144	2899.407038	12.386496	-0.023174	3.161942
128.808777	2896.408972	12.391501	-0.023168	3.160366
128.918411	2893.372714	12.396506	-0.023187	3.158790
128.767697	2890.369286	12.401511	-0.023160	3.157193
128.729283	2887.432358	12.406515	-0.023152	3.155646
128.807602	2884.345402	12.411520	-0.023166	3.154036
128.797726	2881.393049	12.416525	-0.023164	3.152483
128.920584	2878.390377	12.421530	-0.023186	3.150922
128.820232	2875.401803	12.426535	-0.023168	3.149336
128.684092	2872.403055	12.431539	-0.023143	3.147739
128.649516	2869.482841	12.436544	-0.023136	3.146197
128.733264	2866.361498	12.441549	-0.023151	3.144565
129.318309	2863.263497	12.446554	-0.023257	3.143015
129.088807	2860.397268	12.451559	-0.023215	3.141471
129.069536	2857.417791	12.456563	-0.023211	3.139897
129.143536	2854.333019	12.461568	-0.023224	3.138279
129.157611	2851.391903	12.466573	-0.023226	3.136728
128.713442	2848.480316	12.471578	-0.023146	3.135127
128.573256	2845.448645	12.476583	-0.023120	3.133504
128.780390	2842.406740	12.481587	-0.023157	3.131925
129.323502	2839.310261	12.486592	-0.023255	3.130364
128.664756	2836.424680	12.491597	-0.023136	3.128743
128.431968	2833.542231	12.496602	-0.023093	3.127182
128.476101	2830.454403	12.501607	-0.023101	3.125552
128.664259	2827.385104	12.506611	-0.023135	3.123952
128.585483	2824.406675	12.511616	-0.023120	3.122361
128.486745	2821.458133	12.516621	-0.023102	3.120782
128.396024	2818.424297	12.521626	-0.023085	3.119158
128.399669	2815.448149	12.526631	-0.023086	3.117577
128.421472	2812.403994	12.531635	-0.023089	3.115962
128.389008	2809.413691	12.536640	-0.023083	3.114367
128.211147	2806.453237	12.541645	-0.023051	3.112766
128.354251	2803.445350	12.546650	-0.023076	3.111185
128.460433	2800.347011	12.551655	-0.023095	3.109550
128.389728	2797.394360	12.556659	-0.023082	3.107967
128.279185	2794.438839	12.561664	-0.023062	3.106375
128.386568	2791.394632	12.566669	-0.023081	3.104766
128.332869	2788.386988	12.571674	-0.023071	3.103153
128.412321	2785.500186	12.576679	-0.023085	3.101623
128.310778	2782.432682	12.581683	-0.023066	3.099969
128.462880	2779.378984	12.586688	-0.023094	3.098359
128.455803	2776.415672	12.591693	-0.023092	3.096773
128.401441	2773.410760	12.596698	-0.023082	3.095157
128.529277	2770.327496	12.601703	-0.023105	3.093525
128.649817	2767.401629	12.606707	-0.023126	3.091975
128.768768	2764.355909	12.611712	-0.023147	3.090360
128.731696	2761.375814	12.616717	-0.023140	3.088757
128.645501	2758.417073	12.621722	-0.023124	3.087157
128.522406	2755.461237	12.626727	-0.023102	3.085552
128.632469	2752.402091	12.631731	-0.023121	3.083925
128.659791	2749.446105	12.636736	-0.023126	3.082341
128.554784	2746.454612	12.641741	-0.023107	3.080717
128.636916	2743.410134	12.646746	-0.023121	3.079091
128.354968	2740.483528	12.651751	-0.023070	3.077475
128.470622	2737.473647	12.656755	-0.023091	3.075871
128.373146	2734.397274	12.661760	-0.023073	3.074199
128.382445	2731.452054	12.666765	-0.023074	3.072613
128.388463	2728.451377	12.671770	-0.023075	3.070995
128.345158	2725.439169	12.676775	-0.023067	3.069363
128.337557	2722.472566	12.681779	-0.023065	3.067760
128.374060	2719.450948	12.686784	-0.023071	3.066134
128.298291	2716.421250	12.691789	-0.023057	3.064485
128.387831	2713.493362	12.696794	-0.023073	3.062915
128.228485	2710.507091	12.701799	-0.023044	3.061275
128.429560	2707.436344	12.706803	-0.023080	3.059643
128.187575	2704.481184	12.711808	-0.023036	3.058006
128.270577	2701.450625	12.716813	-0.023051	3.056376
128.101426	2698.451706	12.721818	-0.023020	3.054725
128.171086	2695.438963	12.726823	-0.023032	3.053101
128.166699	2692.436631	12.731827	-0.023031	3.051471
128.160056	2689.441698	12.736832	-0.023030	3.049843
128.119269	2686.412367	12.741837	-0.023022	3.048191
128.202201	2683.445989	12.746842	-0.023037	3.046591
128.119925	2680.419836	12.751847	-0.023022	3.044932
128.277302	2677.426371	12.756851	-0.023050	3.043327
128.152198	2674.493227	12.761856	-0.023027	3.041711
128.154493	2671.433246	12.766861	-0.023027	3.040044
128.007688	2668.470376	12.771866	-0.023000	3.038407
128.158970	2665.465413	12.776871	-0.023027	3.036790
128.166652	2662.400890	12.781875	-0.023028	3.035119
128.334040	2659.387227	12.786880	-0.023058	3.033499
128.122016	2656.489400	12.791885	-0.023020	3.031884
128.141740	2653.475617	12.796890	-0.023023	3.030240
128.231921	2650.392097	12.801895	-0.023039	3.028567
128.069728	2647.517339	12.806899	-0.023009	3.026969
128.064090	2644.481226	12.811904	-0.023008	3.025306
128.134731	2641.446811	12.816909	-0.023020	3.023655
128.004976	2638.532575	12.821914	-0.022997	3.022038
128.181642	2635.477820	12.826919	-0.023028	3.020389
127.959823	2632.458544	12.831923	-0.022988	3.018699
128.061161	2629.498970	12.836928	-0.023006	3.017090
127.970348	2626.460530	12.841933	-0.022989	3.015407
127.821704	2623.475017	12.846938	-0.022962	3.013744
127.787748	2620.527587	12.851943	-0.022956	3.012118
127.829969	2617.489200	12.856947	-0.022963	3.010452
127.707313	2614.489047	12.861952	-0.022941	3.008782
127.769878	2611.523179	12.866957	-0.022952	3.007158
127.780331	2608.449862	12.871962	-0.022953	3.005466
127.984191	2605.425441	12.876967	-0.022990	3.003829
127.762694	2602.525012	12.881971	-0.022949	3.002195
127.839380	2599.496073	12.886976	-0.022963	3.000535
127.749139	2596.473822	12.891981	-0.022946	2.998852
127.798569	2593.487976	12.896986	-0.022955	2.997209
127.733498	2590.466655	12.901991	-0.022943	2.995529
127.515199	2587.511020	12.906995	-0.022903	2.993860
127.533521	2584.522416	12.912000	-0.022906	2.992209
127.680899	2581.496795	12.917005	-0.022932	2.990556
127.650755	2578.422990	12.922010	-0.022927	2.988847
127.666506	2575.533525	12.927015	-0.022929	2.987248
127.661347	2572.481509	12.932019	-0.022928	2.985554
127.719851	2569.456256	12.937024	-0.022938	2.983883
127.602809	2566.570299	12.942029	-0.022917	2.982263
127.450473	2563.544681	12.947034	-0.022889	2.980558
127.454728	2560.507572	12.952039	-0.022889	2.978870
127.682201	2557.494748	12.957043	-0.022930	2.977229
127.588656	2554.438345	12.962048	-0.022913	2.975513
127.332570	2551.563512	12.967053	-0.022866	2.973872
127.478623	2548.513311	12.972058	-0.022893	2.972195
127.454812	2545.491424	12.977063	-0.022888	2.970506
127.396930	2542.508736	12.982067	-0.022877	2.968833
127.322149	2539.529665	12.987072	-0.022863	2.967158
127.429368	2536.492018	12.992077	-0.022882	2.965478
127.390958	2533.515133	12.997082	-0.022875	2.963809
127.398156	2530.504319	13.002087	-0.022876	2.962126
127.225917	2527.584375	13.007091	-0.022845	2.960466
127.130803	2524.535859	13.012096	-0.022827	2.958744
127.211275	2521.548738	13.017101	-0.022842	2.957084
127.036492	2518.527138	13.022106	-0.022810	2.955363
127.236405	2515.515012	13.027111	-0.022846	2.953705
127.255351	2512.520640	13.032115	-0.022849	2.952028
127.256965	2509.500011	13.037120	-0.022849	2.950332
127.164444	2506.534133	13.042125	-0.022832	2.948652
127.152104	2503.541421	13.047130	-0.022829	2.946968
127.135725	2500.498828	13.052135	-0.022826	2.945254
127.221555	2497.539206	13.057139	-0.022841	2.943602
127.245639	2494.551951	13.062144	-0.022845	2.941924
127.164158	2491.557753	13.067149	-0.022830	2.940224
127.128333	2488.539775	13.072154	-0.022823	2.938518
127.138299	2485.552224	13.077159	-0.022825	2.936834
127.173571	2482.482404	13.082163	-0.022831	2.935107
127.148544	2479.575572	13.087168	-0.022826	2.933462
126.861686	2476.585879	13.092173	-0.022774	2.931728
127.135216	2473.527923	13.097178	-0.022823	2.930042
127.089865	2470.533618	13.102183	-0.022815	2.928341
127.141011	2467.542078	13.107187	-0.022823	2.926657
127.002927	2464.516692	13.112192	-0.022798	2.924921
126.971844	2461.602427	13.117197	-0.022792	2.923265
126.976823	2458.544801	13.122202	-0.022793	2.921532
126.954375	2455.550072	13.127207	-0.022789	2.919830
126.924428	2452.573503	13.132211	-0.022783	2.918136
127.146804	2449.522700	13.137216	-0.022823	2.916439
126.923796	2446.535296	13.142221	-0.022782	2.914705
126.965013	2443.592239	13.147226	-0.022789	2.913038
126.886097	2440.568946	13.152231	-0.022775	2.911306
126.837048	2437.571957	13.157235	-0.022766	2.909592
126.808369	2434.597857	13.162240	-0.022760	2.907893
126.785475	2431.604705	13.167245	-0.022756	2.906183
126.895430	2428.488278	13.172250	-0.022775	2.904424
126.876375	2425.624519	13.177255	-0.022771	2.902787
126.867086	2422.515812	13.182259	-0.022769	2.901010
127.021255	2419.541509	13.187264	-0.022797	2.899336
126.820236	2416.576911	13.192269	-0.022760	2.897609
126.622524	2413.611578	13.197274	-0.022724	2.895881
126.717626	2410.565875	13.202279	-0.022741	2.894153
126.773963	2407.586331	13.207283	-0.022751	2.892456
126.687894	2404.561085	13.212288	-0.022735	2.890709
126.618949	2401.628121	13.217293	-0.022723	2.889016
126.635545	2398.549192	13.222298	-0.022725	2.887252
126.586267	2395.610403	13.227303	-0.022716	2.885557
126.558487	2392.616733	13.232307	-0.022711	2.883833
126.551145	2389.614186	13.237312	-0.022709	2.882106
126.725843	2386.553730	13.242317	-0.022740	2.880375
126.683551	2383.568475	13.247322	-0.022732	2.878650
126.625584	2380.594888	13.252327	-0.022722	2.876929
126.513890	2377.588489	13.257331	-0.022701	2.875179
126.457057	2374.614963	13.262336	-0.022691	2.873455
126.588066	2371.612674	13.267341	-0.022714	2.871745
126.400860	2368.577512	13.272346	-0.022680	2.869963
126.477128	2365.660830	13.277351	-0.022693	2.868291
126.504340	2362.594465	13.282355	-0.022698	2.866524
126.332945	2359.630660	13.287360	-0.022667	2.864782
126.566574	2356.642110	13.292365	-0.022709	2.863091
126.507609	2353.610085	13.297370	-0.022698	2.861326
126.340078	2350.638297	13.302375	-0.022667	2.859577
126.460449	2347.641972	13.307379	-0.022689	2.857861
126.370743	2344.574777	13.312384	-0.022672	2.856067
126.331819	2341.658054	13.317389	-0.022665	2.854368
126.175832	2338.661373	13.322394	-0.022636	2.852602
126.384955	2335.595945	13.327399	-0.022674	2.850856
126.348822	2332.628484	13.332403	-0.022667	2.849125
126.308381	2329.638312	13.337408	-0.022659	2.847379
126.229586	2326.630354	13.342413	-0.022645	2.845615
126.303883	2323.641734	13.347418	-0.022658	2.843886
126.310378	2320.619613	13.352423	-0.022659	2.842126
126.386893	2317.622206	13.357427	-0.022672	2.840391
126.222302	2314.655817	13.362432	-0.022642	2.838633
126.449185	2311.605782	13.367437	-0.022683	2.836890
126.229027	2308.642435	13.372442	-0.022643	2.835122
126.210396	2305.711018	13.377447	-0.022639	2.833405
126.159925	2302.667759	13.382451	-0.022630	2.831616
126.147974	2299.651691	13.387456	-0.022627	2.829849
126.030710	2296.694258	13.392461	-0.022606	2.828097
126.154038	2293.667776	13.397466	-0.022628	2.826344
126.139489	2290.651160	13.402471	-0.022625	2.824573
126.194827	2287.685594	13.407475	-0.022635	2.822842
126.089291	2284.670588	13.412480	-0.022615	2.821054
126.211048	2281.656211	13.417485	-0.022637	2.819303
126.015877	2278.682388	13.422490	-0.022601	2.817522
125.974835	2275.665304	13.427495	-0.022594	2.815741
125.955596	2272.705403	13.432499	-0.022590	2.813995
125.945249	2269.707172	13.437504	-0.022588	2.812227
125.855174	2266.676494	13.442509	-0.022571	2.810426
125.970835	2263.709983	13.447514	-0.022592	2.808696
125.862081	2260.649907	13.452519	-0.022572	2.806872
126.047030	2257.616990	13.457523	-0.022605	2.805112
125.795663	2254.765031	13.462528	-0.022559	2.803385
125.747953	2251.735551	13.467533	-0.022550	2.801585
125.853855	2248.685544	13.472538	-0.022569	2.799799
125.804011	2245.715406	13.477543	-0.022560	2.798032
125.721143	2242.685521	13.482547	-0.022544	2.796223
125.803656	2239.705389	13.487552	-0.022559	2.794471
125.809508	2236.671787	13.492557	-0.022560	2.792673
125.750770	2233.701836	13.497562	-0.022549	2.790900
125.731424	2230.739801	13.502567	-0.022545	2.789138
125.703983	2227.715272	13.507571	-0.022540	2.787336
125.704327	2224.671062	13.512576	-0.022540	2.785525
125.715071	2221.780048	13.517581	-0.022541	2.783807
125.527052	2218.752542	13.522586	-0.022507	2.781972
125.671069	2215.728337	13.527591	-0.022533	2.780195
125.613130	2212.724960	13.532595	-0.022522	2.778395
125.840334	2209.680054	13.537600	-0.022563	2.776617
125.751336	2206.699452	13.542605	-0.022546	2.774823
125.542899	2203.765718	13.547610	-0.022508	2.773035
125.600840	2200.705383	13.552615	-0.022518	2.771215
125.575575	2197.758723	13.557619	-0.022514	2.769449
125.464410	2194.774610	13.562624	-0.022493	2.767644
125.468318	2191.756640	13.567629	-0.022494	2.765837
125.450264	2188.803234	13.572634	-0.022490	2.764064
125.585804	2185.753729	13.577639	-0.022514	2.762259
125.408241	2182.760273	13.582643	-0.022482	2.760432
125.423423	2179.790055	13.587648	-0.022484	2.758651
125.470070	2176.723299	13.592653	-0.022492	2.756816
125.451284	2173.776652	13.597658	-0.022489	2.755042
125.487867	2170.758298	13.602663	-0.022495	2.753232
125.591744	2167.708953	13.607667	-0.022514	2.751414
125.357879	2164.790998	13.612672	-0.022471	2.749616
125.414351	2161.781609	13.617677	-0.022481	2.747812
125.334175	2158.768240	13.622682	-0.022466	2.745980
125.362901	2155.839618	13.627687	-0.022471	2.744217
125.367225	2152.769053	13.632691	-0.022471	2.742363
125.281585	2149.805660	13.637696	-0.022456	2.740557
125.232255	2146.805335	13.642701	-0.022446	2.738734
125.250109	2143.779793	13.647706	-0.022449	2.736906
125.251028	2140.775096	13.652711	-0.022449	2.735087
125.246732	2137.809961	13.657715	-0.022448	2.733289
125.249104	2134.756832	13.662720	-0.022448	2.731438
125.445464	2131.753819	13.667725	-0.022483	2.729650
125.156865	2128.805748	13.672730	-0.022431	2.727809
125.332284	2125.761862	13.677735	-0.022462	2.725991
125.096441	2122.873925	13.682739	-0.022420	2.724193
125.168255	2119.830264	13.687744	-0.022432	2.722354
125.162459	2116.797374	13.692749	-0.022431	2.720506
125.275199	2113.815033	13.697754	-0.022451	2.718709
125.042710	2110.813292	13.702759	-0.022409	2.716838
125.101309	2107.829201	13.707763	-0.022419	2.715028
125.195651	2104.808548	13.712768	-0.022436	2.713201
125.056511	2101.818591	13.717773	-0.022410	2.711349
125.022647	2098.862838	13.722778	-0.022404	2.709536
125.105641	2095.822452	13.727783	-0.022418	2.707691
124.950368	2092.828615	13.732787	-0.022390	2.705831
124.860046	2089.947867	13.737792	-0.022374	2.704050
124.930459	2086.827137	13.742797	-0.022386	2.702150
124.888438	2083.897085	13.747802	-0.022378	2.700345
125.009496	2080.819190	13.752807	-0.022400	2.698477
124.997442	2077.820873	13.757811	-0.022397	2.696633
124.975002	2074.864712	13.762816	-0.022393	2.694812
124.924942	2071.853171	13.767821	-0.022383	2.692951
124.972215	2068.818827	13.772826	-0.022392	2.691092
124.803111	2065.917732	13.777831	-0.022361	2.689274
124.846571	2062.856730	13.782835	-0.022368	2.687396
124.897282	2059.886812	13.787840	-0.022377	2.685573
124.776844	2056.891108	13.792845	-0.022355	2.683702
124.974682	2053.843268	13.797850	-0.022391	2.681856
124.881861	2050.883076	13.802855	-0.022374	2.680009
124.908042	2047.842158	13.807859	-0.022378	2.678133
124.679539	2044.901687	13.812864	-0.022336	2.676272
124.788704	2041.900659	13.817869	-0.022356	2.674433
124.679177	2038.907859	13.822874	-0.022336	2.672558
124.729806	2035.909481	13.827879	-0.022345	2.670708
124.585582	2032.912493	13.832883	-0.022318	2.668822
124.805173	2029.871221	13.837888	-0.022358	2.666973
124.803731	2026.864715	13.842893	-0.022357	2.665104
124.704449	2023.923669	13.847898	-0.022339	2.663257
124.619565	2020.918791	13.852903	-0.022323	2.661371
124.675359	2017.903810	13.857907	-0.022333	2.659503
124.624146	2014.888319	13.862912	-0.022323	2.657615
124.668953	2011.888799	13.867917	-0.022331	2.655752
124.614717	2008.901985	13.872922	-0.022321	2.653878
124.619184	2005.900784	13.877927	-0.022322	2.652004
124.447261	2002.940614	13.882931	-0.022290	2.650122
124.481350	1999.944188	13.887936	-0.022296	2.648254
124.431049	1996.914620	13.892941	-0.022287	2.646349
124.548719	1993.949902	13.897946	-0.022308	2.644514
124.471772	1990.928006	13.902951	-0.022293	2.642605
124.394709	1987.936966	13.907955	-0.022279	2.640715
124.358033	1984.949866	13.912960	-0.022272	2.638833
124.467282	1981.912202	13.917965	-0.022292	2.636945
124.403859	1978.947450	13.922970	-0.022280	2.635070
124.489454	1975.942115	13.927975	-0.022295	2.633195
124.416987	1972.922807	13.932979	-0.022282	2.631281
124.584160	1969.934081	13.937984	-0.022312	2.629430
124.488707	1966.945717	13.942989	-0.022294	2.627528
124.585808	1963.956119	13.947994	-0.022311	2.625660
124.358598	1961.034501	13.952999	-0.022270	2.623773
124.386670	1957.978135	13.958003	-0.022275	2.621848
124.289988	1955.019867	13.963008	-0.022257	2.619959
124.186381	1952.021172	13.968013	-0.022238	2.618043
124.023186	1949.054658	13.973018	-0.022208	2.616134
124.246840	1946.012381	13.978023	-0.022248	2.614248
124.260025	1942.956477	13.983027	-0.022250	2.612313
124.199061	1940.013311	13.988032	-0.022239	2.610434
124.107013	1937.016368	13.993037	-0.022222	2.608514
124.213315	1933.961938	13.998042	-0.022241	2.606593
124.091059	1931.042701	14.003047	-0.022219	2.604713
124.256739	1927.987817	14.008051	-0.022248	2.602800
124.265339	1924.966238	14.013056	-0.022250	2.600878
124.102270	1922.046514	14.018061	-0.022220	2.598986
124.228904	1918.964761	14.023066	-0.022242	2.597045
124.063845	1916.071550	14.028071	-0.022212	2.595167
124.234103	1912.981309	14.033075	-0.022243	2.593225
124.176491	1910.028091	14.038080	-0.022232	2.591326
124.055197	1907.058644	14.043085	-0.022210	2.589404
124.153310	1904.040175	14.048090	-0.022227	2.587490
124.137640	1900.954914	14.053095	-0.022224	2.585511
124.149424	1897.933960	14.058099	-0.022226	2.583576
124.114642	1894.950507	14.063104	-0.022219	2.581655
124.007802	1892.011373	14.068109	-0.022200	2.579748
123.867243	1889.011385	14.073114	-0.022174	2.577793
123.965831	1886.029448	14.078119	-0.022192	2.575895
123.705329	1883.102951	14.083123	-0.022144	2.573962
123.933534	1880.025752	14.088128	-0.022185	2.572024
123.771548	1877.086346	14.093133	-0.022156	2.570098
123.922325	1874.036929	14.098138	-0.022182	2.568160
123.876616	1871.055066	14.103143	-0.022174	2.566227
123.871476	1868.092123	14.108147	-0.022173	2.564312
123.874267	1865.053715	14.113152	-0.022173	2.562348
123.924088	1862.065841	14.118157	-0.022182	2.560425
123.757239	1859.107705	14.123162	-0.022151	2.558478
123.842817	1856.081142	14.128167	-0.022166	2.556533
123.739811	1853.125406	14.133171	-0.022147	2.554597
123.832504	1850.095970	14.138176	-0.022164	2.552649
123.629430	1847.152090	14.143181	-0.022127	2.550698
123.831402	1844.095067	14.148186	-0.022163	2.548750
123.608233	1841.135905	14.153191	-0.022122	2.546782
123.628420	1838.225532	14.158195	-0.022126	2.544892
123.582799	1835.175044	14.163200	-0.022117	2.542896
123.611020	1832.171669	14.168205	-0.022122	2.540944
123.656493	1829.133378	14.173210	-0.022130	2.538971
123.613911	1826.133816	14.178215	-0.022122	2.537004
123.514779	1823.176928	14.183219	-0.022104	2.535052
123.503880	1820.174698	14.188224	-0.022101	2.533087
123.466549	1817.172703	14.193229	-0.022094	2.531115
123.576925	1814.150731	14.198234	-0.022114	2.529158
123.507459	1811.135188	14.203239	-0.022101	2.527168
123.703356	1808.167160	14.208243	-0.022136	2.525259
123.629323	1805.149112	14.213248	-0.022123	2.523264
123.552662	1802.206950	14.218253	-0.022108	2.521316
123.436694	1799.192019	14.223258	-0.022087	2.519311
123.397885	1796.203097	14.228263	-0.022080	2.517336
123.345453	1793.254747	14.233267	-0.022070	2.515384
123.389695	1790.209118	14.238272	-0.022078	2.513386
123.226173	1787.262598	14.243277	-0.022048	2.511410
123.313032	1784.240640	14.248282	-0.022063	2.509433
123.418298	1781.164708	14.253287	-0.022082	2.507422
123.297855	1778.293822	14.258291	-0.022060	2.505500
123.298724	1775.223143	14.263296	-0.022060	2.503468
123.209081	1772.279032	14.268301	-0.022043	2.501501
123.293578	1769.212828	14.273306	-0.022058	2.499486
123.242252	1766.195818	14.278311	-0.022049	2.497475
123.260871	1763.263171	14.283315	-0.022052	2.495532
123.292654	1760.205980	14.288320	-0.022057	2.493507
123.278037	1757.248321	14.293325	-0.022054	2.491538
123.227015	1754.270670	14.298330	-0.022045	2.489547
123.209681	1751.223169	14.303335	-0.022041	2.487514
123.163318	1748.353631	14.308339	-0.022033	2.485592
123.043087	1745.293353	14.313344	-0.022011	2.483527
123.078899	1742.319048	14.318349	-0.022017	2.481549
122.959953	1739.308531	14.323354	-0.021995	2.479514
123.001112	1736.288391	14.328359	-0.022002	2.477503
123.008081	1733.332778	14.333363	-0.022003	2.475527
123.012442	1730.298053	14.338368	-0.022004	2.473496
123.152151	1727.279650	14.343373	-0.022029	2.471501
123.034017	1724.335246	14.348378	-0.022007	2.469502
122.903284	1721.318979	14.353383	-0.021983	2.467451
122.957794	1718.421610	14.358387	-0.021993	2.465515
123.004490	1715.321844	14.363392	-0.022001	2.463441
122.845954	1712.392714	14.368397	-0.021972	2.461437
122.821661	1709.362166	14.373402	-0.021967	2.459391
122.790700	1706.359084	14.378407	-0.021961	2.457361
122.917377	1703.372301	14.383411	-0.021984	2.455372
122.928377	1700.326769	14.388416	-0.021985	2.453318
122.836097	1697.363790	14.393421	-0.021969	2.451297
122.801413	1694.400376	14.398426	-0.021962	2.449285
122.766978	1691.367406	14.403431	-0.021955	2.447226
122.791744	1688.450815	14.408435	-0.021960	2.445255
122.743071	1685.375164	14.413440	-0.021950	2.443160
122.778500	1682.426137	14.418445	-0.021957	2.441166
122.868405	1679.355668	14.423450	-0.021973	2.439099
122.633431	1676.443068	14.428455	-0.021930	2.437071
122.591232	1673.462081	14.433459	-0.021922	2.435035
122.693465	1670.391154	14.438464	-0.021940	2.432965
122.618528	1667.444167	14.443469	-0.021926	2.430942
122.808103	1664.402820	14.448474	-0.021960	2.428907
122.521067	1661.489818	14.453479	-0.021908	2.426859
122.697609	1658.482550	14.458483	-0.021940	2.424842
122.532874	1655.475588	14.463488	-0.021910	2.422752
122.671442	1652.443794	14.468493	-0.021934	2.420706
122.546151	1649.450356	14.473498	-0.021911	2.418630
122.572458	1646.470997	14.478503	-0.021916	2.416593
122.432548	1643.498339	14.483507	-0.021890	2.414525
122.534377	1640.482624	14.488512	-0.021908	2.412475
122.351701	1637.515899	14.493517	-0.021875	2.410399
122.667305	1634.417908	14.498522	-0.021932	2.408334
122.294749	1631.562547	14.503527	-0.021864	2.406290
122.528248	1628.493073	14.508531	-0.021906	2.404225
122.490400	1625.483988	14.513536	-0.021899	2.402142
122.320495	1622.537933	14.518541	-0.021868	2.400073
122.343252	1619.502724	14.523546	-0.021872	2.397981
122.567770	1616.488698	14.528551	-0.021912	2.395945
122.404205	1613.505861	14.533555	-0.021882	2.393846
122.236090	1610.612267	14.538560	-0.021851	2.391807
122.252097	1607.552410	14.543565	-0.021854	2.389689
122.326565	1604.560615	14.548570	-0.021867	2.387630
122.260722	1601.603913	14.553575	-0.021855	2.385563
122.286116	1598.584860	14.558579	-0.021859	2.383470
122.192906	1595.591032	14.563584	-0.021842	2.381368
122.152122	1592.586091	14.568589	-0.021834	2.379267
122.105402	1589.601760	14.573594	-0.021826	2.377178
122.077083	1586.622272	14.578599	-0.021820	2.375094
122.109731	1583.577342	14.583603	-0.021826	2.372975
122.110084	1580.626077	14.588608	-0.021826	2.370914
122.082634	1577.592842	14.593613	-0.021820	2.368787
122.009949	1574.662260	14.598618	-0.021807	2.366720
122.043211	1571.617818	14.603623	-0.021813	2.364595
122.197012	1568.609249	14.608627	-0.021840	2.362518
122.036413	1565.633848	14.613632	-0.021811	2.360396
121.998699	1562.642162	14.618637	-0.021804	2.358287
122.064977	1559.644344	14.623642	-0.021815	2.356193
121.968461	1556.650334	14.628647	-0.021798	2.354066
122.042308	1553.658175	14.633651	-0.021811	2.351975
121.958327	1550.671285	14.638656	-0.021795	2.349851
121.932901	1547.694801	14.643661	-0.021790	2.347746
121.992735	1544.710267	14.648666	-0.021801	2.345651
121.888698	1541.695507	14.653671	-0.021782	2.343498
122.009280	1538.710234	14.658675	-0.021803	2.341412
122.035939	1535.642740	14.663680	-0.021808	2.339246
121.979093	1532.696225	14.668685	-0.021797	2.337145
121.915088	1529.705315	14.673690	-0.021785	2.335010
121.935803	1526.706257	14.678695	-0.021789	2.332885
121.856816	1523.747421	14.683699	-0.021774	2.330765
121.881503	1520.712004	14.688704	-0.021778	2.328611
121.829491	1517.788917	14.693709	-0.021769	2.326518
121.861988	1514.762524	14.698714	-0.021774	2.324369
121.910191	1511.745667	14.703719	-0.021783	2.322228
121.848879	1508.781065	14.708723	-0.021771	2.320098
121.924956	1505.739945	14.713728	-0.021785	2.317941
121.885175	1502.768113	14.718733	-0.021777	2.315807
121.816513	1499.763704	14.723738	-0.021764	2.313641
121.838359	1496.799967	14.728743	-0.021768	2.311522
121.744205	1493.803823	14.733747	-0.021751	2.309352
121.725581	1490.870892	14.738752	-0.021747	2.307243
121.822039	1487.799791	14.743757	-0.021764	2.305057
121.806303	1484.839108	14.748762	-0.021761	2.302924
121.771627	1481.829593	14.753767	-0.021755	2.300750
121.748157	1478.827484	14.758771	-0.021750	2.298581
121.790283	1475.846008	14.763776	-0.021757	2.296440
121.885744	1472.813838	14.768781	-0.021774	2.294273
121.742749	1469.897126	14.773786	-0.021748	2.292133
121.732154	1466.867807	14.778791	-0.021746	2.289939
121.575597	1463.921487	14.783795	-0.021717	2.287771
121.546605	1460.950375	14.788800	-0.021712	2.285611
121.508557	1457.923585	14.793805	-0.021705	2.283407
121.587507	1454.929673	14.798810	-0.021719	2.281251
121.518230	1451.900544	14.803815	-0.021706	2.279034
121.545902	1448.944504	14.808819	-0.021711	2.276890
121.496498	1445.929850	14.813824	-0.021701	2.274684
121.514401	1442.942221	14.818829	-0.021704	2.272510
121.404011	1439.961525	14.823834	-0.021684	2.270311
121.351699	1437.000358	14.828839	-0.021674	2.268136
121.257155	1434.003507	14.833843	-0.021657	2.265924
121.375398	1430.970213	14.838848	-0.021678	2.263732
121.181950	1428.004860	14.843853	-0.021643	2.261516
121.284772	1424.960042	14.848858	-0.021661	2.259307
121.448436	1421.958780	14.853863	-0.021690	2.257142
121.250108	1418.982558	14.858867	-0.021654	2.254910
121.367961	1415.974307	14.863872	-0.021675	2.252725
121.464043	1412.956185	14.868877	-0.021692	2.250526
121.206430	1410.025578	14.873882	-0.021645	2.248308
121.304455	1407.051432	14.878887	-0.021663	2.246137
121.224832	1404.036058	14.883891	-0.021648	2.243893
121.225863	1401.067044	14.888896	-0.021648	2.241700
121.112482	1398.059142	14.893901	-0.021627	2.239449
121.057630	1395.119751	14.898906	-0.021617	2.237260
121.157985	1392.055738	14.903911	-0.021635	2.235013
121.031263	1389.105071	14.908915	-0.021612	2.232794
121.167091	1386.060204	14.913920	-0.021636	2.230565
121.122549	1383.123890	14.918925	-0.021627	2.228372
121.120172	1380.110019	14.923930	-0.021627	2.226129
121.132497	1377.115965	14.928935	-0.021629	2.223902
121.108678	1374.108558	14.933939	-0.021624	2.221654
121.045383	1371.116320	14.938944	-0.021612	2.219406
121.040660	1368.168583	14.943949	-0.021611	2.217203
120.976285	1365.147267	14.948954	-0.021599	2.214929
121.055680	1362.152738	14.953959	-0.021613	2.212706
121.038819	1359.144618	14.958963	-0.021610	2.210448
120.966313	1356.177983	14.963968	-0.021596	2.208205
121.006529	1353.212810	14.968973	-0.021603	2.205989
120.827176	1350.223159	14.973978	-0.021571	2.203699
121.046377	1347.178781	14.978983	-0.021610	2.201460
120.862637	1344.206730	14.983987	-0.021577	2.199179
120.865499	1341.246076	14.988992	-0.021577	2.196947
120.937454	1338.202910	14.993997	-0.021589	2.194668
120.851941	1335.256384	14.999002	-0.021574	2.192421
120.798951	1332.248264	15.004007	-0.021564	2.190134
120.746314	1329.334086	15.009011	-0.021554	2.187915
120.711176	1326.288726	15.014016	-0.021547	2.185599
120.751066	1323.311932	15.019021	-0.021554	2.183350
120.704641	1320.290469	15.024026	-0.021546	2.181045
120.740032	1317.280624	15.029031	-0.021552	2.178765
120.847840	1314.267176	15.034035	-0.021571	2.176497
120.498644	1311.371998	15.039040	-0.021507	2.174208
120.696258	1308.313676	15.044045	-0.021543	2.171923
120.635106	1305.310719	15.049050	-0.021532	2.169616
120.612132	1302.373509	15.054055	-0.021527	2.167366
120.742961	1299.323727	15.059059	-0.021550	2.165064
120.559509	1296.385070	15.064064	-0.021517	2.162770
120.678672	1293.331484	15.069069	-0.021538	2.160457
120.540330	1290.396035	15.074074	-0.021513	2.158171
120.688943	1287.355017	15.079079	-0.021539	2.155871
120.533239	1284.417791	15.084083	-0.021511	2.153574
120.689907	1281.395389	15.089088	-0.021539	2.151285
120.659147	1278.411849	15.094093	-0.021533	2.148978
120.575795	1275.478421	15.099098	-0.021518	2.146694
120.551788	1272.439774	15.104103	-0.021513	2.144341
120.475905	1269.480341	15.109107	-0.021499	2.142034
120.502883	1266.439108	15.114112	-0.021504	2.139687
120.423111	1263.525651	15.119117	-0.021489	2.137410
120.209078	1260.537808	15.124122	-0.021450	2.135039
120.474576	1257.499370	15.129127	-0.021498	2.132745
120.219975	1254.537253	15.134131	-0.021451	2.130379
120.372759	1251.537586	15.139136	-0.021479	2.128082
120.377778	1248.511433	15.144141	-0.021479	2.125726
120.526632	1245.503819	15.149146	-0.021506	2.123416
120.389485	1242.537182	15.154151	-0.021481	2.121066
120.373592	1239.565732	15.159155	-0.021478	2.118739
120.217770	1236.592131	15.164160	-0.021449	2.116373
120.254324	1233.606128	15.169165	-0.021456	2.114043
120.251729	1230.582863	15.174170	-0.021455	2.111671
120.262606	1227.626289	15.179175	-0.021456	2.109352
120.143720	1224.673917	15.184179	-0.021435	2.107002
120.090811	1221.677654	15.189184	-0.021425	2.104631
120.120008	1218.666132	15.194189	-0.021430	2.102265
120.009082	1215.663577	15.199194	-0.021409	2.099869
120.056530	1212.685476	15.204199	-0.021418	2.097529
120.149099	1209.631644	15.209203	-0.021434	2.095138
119.986227	1206.697672	15.214208	-0.021404	2.092775
120.173081	1203.644632	15.219213	-0.021438	2.090403
120.036272	1200.719597	15.224218	-0.021413	2.088049
120.029995	1197.720585	15.229223	-0.021411	2.085666
120.069002	1194.713188	15.234227	-0.021418	2.083284
119.962181	1191.733327	15.239232	-0.021399	2.080886
119.905501	1188.778047	15.244237	-0.021388	2.078516
119.766529	1185.804571	15.249242	-0.021363	2.076109
119.805673	1182.805989	15.254247	-0.021369	2.073724
119.881060	1179.769469	15.259251	-0.021383	2.071315
119.857115	1176.801323	15.264256	-0.021378	2.068933
119.884550	1173.834877	15.269261	-0.021383	2.066562
119.687720	1170.858724	15.274266	-0.021347	2.064124
119.854599	1167.807441	15.279271	-0.021377	2.061715
119.889947	1164.817177	15.284275	-0.021383	2.059319
119.858899	1161.828439	15.289280	-0.021377	2.056905
119.861094	1158.850063	15.294285	-0.021377	2.054504
119.753664	1155.873912	15.299290	-0.021357	2.052075
119.813712	1152.879680	15.304295	-0.021368	2.049670
119.825063	1149.920249	15.309299	-0.021370	2.047279
119.723125	1146.916762	15.314304	-0.021351	2.044820
119.732681	1143.942206	15.319309	-0.021352	2.042410
119.485041	1140.987223	15.324314	-0.021307	2.039947
119.570494	1137.984250	15.329319	-0.021322	2.037528
119.596940	1134.981567	15.334323	-0.021327	2.035091
119.474454	1132.021165	15.339328	-0.021304	2.032647
119.589923	1128.989417	15.344333	-0.021325	2.030204
119.426633	1126.066649	15.349338	-0.021295	2.027774
119.411566	1123.033000	15.354343	-0.021292	2.025289
119.451376	1120.054148	15.359347	-0.021299	2.022861
119.391057	1117.031093	15.364352	-0.021288	2.020367
119.465091	1114.057830	15.369357	-0.021301	2.017946
119.366197	1111.055079	15.374362	-0.021283	2.015452
119.308152	1108.103714	15.379367	-0.021272	2.013009
119.168148	1105.128007	15.384371	-0.021246	2.010520
119.331866	1102.112066	15.389376	-0.021276	2.008076
119.468500	1099.058493	15.394381	-0.021300	2.005590
119.466375	1096.098126	15.399386	-0.021299	2.003142
119.359740	1093.097000	15.404391	-0.021280	2.000629
119.320869	1090.182841	15.409395	-0.021273	1.998204
119.296830	1087.155449	15.414400	-0.021268	1.995685
119.393331	1084.177198	15.419405	-0.021285	1.993236
119.337179	1081.177398	15.424410	-0.021275	1.990725
119.331375	1078.246552	15.429415	-0.021273	1.988282
119.325871	1075.210911	15.434419	-0.021272	1.985749
119.352204	1072.234505	15.439424	-0.021276	1.983270
119.280124	1069.223964	15.444429	-0.021263	1.980734
119.311130	1066.266788	15.449434	-0.021268	1.978266
119.312686	1063.242523	15.454439	-0.021268	1.975731
119.295635	1060.294647	15.459443	-0.021265	1.973252
119.196997	1057.320250	15.464448	-0.021247	1.970726
119.241790	1054.335167	15.469453	-0.021255	1.968226
119.150607	1051.349765	15.474458	-0.021238	1.965686
119.190668	1048.369364	15.479463	-0.021245	1.963183
119.056282	1045.387132	15.484467	-0.021220	1.960627
119.212814	1042.381721	15.489472	-0.021248	1.958128
119.132563	1039.383632	15.494477	-0.021233	1.955567
119.193337	1036.410740	15.499482	-0.021244	1.953062
119.118780	1033.415173	15.504487	-0.021230	1.950498
118.981574	1030.473291	15.509491	-0.021205	1.947959
118.936985	1027.478932	15.514496	-0.021197	1.945398
118.866021	1024.491728	15.519501	-0.021184	1.942832
118.919237	1021.473988	15.524506	-0.021193	1.940271
119.114846	1018.446621	15.529511	-0.021228	1.937737
118.972277	1015.487252	15.534515	-0.021202	1.935165
119.005783	1012.496796	15.539520	-0.021208	1.932611
118.760795	1009.582989	15.544525	-0.021163	1.930043
118.872851	1006.560939	15.549530	-0.021183	1.927478
118.801943	1003.583925	15.554535	-0.021170	1.924897
118.695285	1000.602383	15.559539	-0.021151	1.922298
118.769843	997.604587	15.564544	-0.021164	1.919733
118.689689	994.629106	15.569549	-0.021149	1.917140
118.732035	991.625343	15.574554	-0.021156	1.914553
118.650281	988.665883	15.579559	-0.021141	1.911967
118.683850	985.683098	15.584563	-0.021147	1.909389
118.762726	982.674046	15.589568	-0.021161	1.906797
118.653935	979.722537	15.594573	-0.021141	1.904200
118.569638	976.718837	15.599578	-0.021125	1.901560
118.699494	973.728063	15.604583	-0.021149	1.898988
118.562047	970.754517	15.609587	-0.021123	1.896352
118.501668	967.801269	15.614592	-0.021112	1.893753
118.454849	964.798912	15.619597	-0.021103	1.891110
118.441685	961.835771	15.624602	-0.021101	1.888508
118.514521	958.813691	15.629607	-0.021114	1.885874
118.406890	955.834743	15.634611	-0.021094	1.883224
118.553982	952.814342	15.639616	-0.021120	1.880606
118.456139	949.857289	15.644621	-0.021102	1.877970
118.655476	946.823272	15.649626	-0.021138	1.875348
118.406438	943.898053	15.654631	-0.021093	1.872690
118.402867	940.953868	15.659635	-0.021092	1.870081
118.344217	937.954974	15.664640	-0.021081	1.867405
118.476805	934.924859	15.669645	-0.021104	1.864752
118.344769	931.954896	15.674650	-0.021080	1.862072
118.327466	928.995285	15.679655	-0.021077	1.859431
118.396902	925.957494	15.684659	-0.021089	1.856742
118.241048	923.036030	15.689664	-0.021061	1.854087
118.167891	920.047150	15.694669	-0.021047	1.851392
118.112690	917.117947	15.699674	-0.021037	1.848752
118.208916	914.052429	15.704679	-0.021054	1.846030
118.127876	911.109448	15.709683	-0.021039	1.843362
118.182157	908.095712	15.714688	-0.021049	1.840666
118.075003	905.135775	15.719693	-0.021029	1.837968
117.997903	902.179283	15.724698	-0.021015	1.835277
118.023098	899.182643	15.729703	-0.021019	1.832577
118.151320	896.167703	15.734707	-0.021042	1.829886
118.001747	893.234188	15.739712	-0.021014	1.827183
117.997740	890.229833	15.744717	-0.021013	1.824454
117.884264	887.268398	15.749722	-0.020993	1.821729
118.046336	884.234817	15.754727	-0.021022	1.819015
117.809717	881.319768	15.759731	-0.020979	1.816286
117.825960	878.330863	15.764736	-0.020981	1.813562
117.920031	875.311829	15.769741	-0.020998	1.810829
117.870055	872.335956	15.774746	-0.020989	1.808088
117.974107	869.330663	15.779751	-0.021007	1.805363
117.790907	866.357932	15.784755	-0.020974	1.802576
117.958495	863.375693	15.789760	-0.021004	1.799883
117.777738	860.403115	15.794765	-0.020971	1.797089
117.950177	857.409591	15.799770	-0.021002	1.794378
117.790530	854.459841	15.804775	-0.020972	1.791603
117.780171	851.488528	15.809779	-0.020970	1.788849
117.697197	848.524009	15.814784	-0.020955	1.786076
117.788280	845.474957	15.819789	-0.020971	1.783272
117.789542	842.501279	15.824794	-0.020971	1.780506
117.638188	839.567100	15.829799	-0.020943	1.777727
117.642438	836.566936	15.834803	-0.020944	1.774929
117.701773	833.569313	15.839808	-0.020954	1.772146
117.459863	830.682366	15.844813	-0.020910	1.769369
117.480124	827.660132	15.849818	-0.020914	1.766542
117.574827	824.645895	15.854823	-0.020930	1.763741
117.332985	821.730285	15.859827	-0.020886	1.760925
117.624781	818.648657	15.864832	-0.020939	1.758112
117.544777	815.711061	15.869837	-0.020924	1.755316
117.535118	812.699491	15.874842	-0.020922	1.752467
117.354735	809.848714	15.879847	-0.020889	1.749713
117.407377	806.776326	15.884851	-0.020898	1.746817
117.345131	803.833442	15.889856	-0.020887	1.744003
117.506502	800.785171	15.894861	-0.020916	1.741154
117.334491	797.853907	15.899866	-0.020884	1.738308
117.417981	794.863384	15.904871	-0.020899	1.735480
117.321894	791.873538	15.909875	-0.020881	1.732592
117.377697	788.910328	15.914880	-0.020891	1.729773
117.279329	785.949739	15.919885	-0.020873	1.726903
117.242393	782.953146	15.924890	-0.020866	1.724013
117.340512	779.979902	15.929895	-0.020884	1.721183
117.040525	777.054769	15.934899	-0.020829	1.718269
117.080044	774.076530	15.939904	-0.020836	1.715407
116.999219	771.093499	15.944909	-0.020821	1.712496
116.996828	768.124056	15.949914	-0.020820	1.709619
117.086603	765.100150	15.954919	-0.020836	1.706714
117.097024	762.094152	15.959923	-0.020838	1.703795
117.035271	759.136143	15.964928	-0.020826	1.700896
117.100326	756.143171	15.969933	-0.020838	1.697998
116.920821	753.218662	15.974938	-0.020805	1.695083
116.942397	750.225651	15.979943	-0.020809	1.692161
116.936036	747.246050	15.984947	-0.020807	1.689238
116.944366	744.252781	15.989952	-0.020808	1.686301
117.019576	741.232965	15.994957	-0.020822	1.683355
116.939596	738.303330	15.999962	-0.020807	1.680442
116.984872	735.297169	16.004967	-0.020815	1.677489
116.935088	732.356844	16.009971	-0.020806	1.674565
117.082629	729.327982	16.014976	-0.020832	1.671613
116.939145	726.420666	16.019981	-0.020806	1.668681
116.810090	723.467510	16.024986	-0.020782	1.665703
116.856305	720.456439	16.029991	-0.020790	1.662719
116.885216	717.480374	16.034995	-0.020795	1.659759
116.819556	714.519815	16.040000	-0.020783	1.656779
116.822135	711.531140	16.045005	-0.020783	1.653787
116.866645	708.559328	16.050010	-0.020791	1.650821
116.798664	705.584281	16.055015	-0.020778	1.647809
116.697071	702.652345	16.060019	-0.020760	1.644823
116.683843	699.651994	16.065024	-0.020757	1.641793
116.710978	696.662642	16.070029	-0.020762	1.638781
116.752719	693.695947	16.075034	-0.020769	1.635792
116.548928	690.770832	16.080039	-0.020732	1.632757
116.475240	687.807395	16.085043	-0.020718	1.629721
116.462055	684.817204	16.090048	-0.020715	1.626673
116.524217	681.791260	16.095053	-0.020726	1.623608
116.444824	678.861912	16.100058	-0.020712	1.620588
116.341739	675.886379	16.105063	-0.020693	1.617506
116.324398	672.909103	16.110067	-0.020689	1.614447
116.337443	669.934821	16.115072	-0.020691	1.611395
116.238309	666.980100	16.120077	-0.020673	1.608319
116.292212	663.981154	16.125082	-0.020683	1.605244
116.087184	661.060544	16.130087	-0.020645	1.602155
116.231350	658.021340	16.135091	-0.020671	1.599058
116.225308	655.065514	16.140096	-0.020670	1.595989
116.138105	652.098262	16.145101	-0.020654	1.592874
116.243162	649.121269	16.150106	-0.020672	1.589810
116.172252	646.149461	16.155111	-0.020659	1.586684
116.256218	643.136474	16.160115	-0.020674	1.583563
116.105930	640.230578	16.165120	-0.020647	1.580466
116.160349	637.226063	16.170125	-0.020656	1.577331
116.111354	634.259104	16.175130	-0.020647	1.574193
116.269521	631.264276	16.180135	-0.020675	1.571092
116.116063	628.314414	16.185139	-0.020647	1.567923
116.020291	625.386923	16.190144	-0.020630	1.564792
116.082164	622.386904	16.195149	-0.020640	1.561633
116.125468	619.396889	16.200154	-0.020648	1.558471
116.048480	616.460944	16.205159	-0.020634	1.555318
115.950638	613.530954	16.210163	-0.020616	1.552158
116.067934	610.501923	16.215168	-0.020637	1.548962
115.997744	607.547173	16.220173	-0.020624	1.545772
115.950808	604.578024	16.225178	-0.020615	1.542568
115.878242	601.639441	16.230183	-0.020602	1.539381
115.820743	598.674619	16.235187	-0.020591	1.536165
115.877768	595.679644	16.240192	-0.020601	1.532951
115.645720	592.789128	16.245197	-0.020559	1.529738
115.776911	589.758097	16.250202	-0.020582	1.526498
115.733888	586.792802	16.255207	-0.020574	1.523259
115.790646	583.805181	16.260211	-0.020584	1.520026
115.790368	580.821664	16.265216	-0.020584	1.516769
115.837310	577.858104	16.270221	-0.020592	1.513544
115.610484	574.968159	16.275226	-0.020550	1.510293
115.746478	571.955301	16.280231	-0.020575	1.507033
115.774812	568.958560	16.285235	-0.020580	1.503744
115.656606	566.036666	16.290240	-0.020558	1.500476
115.713944	563.051113	16.295245	-0.020568	1.497196
115.630032	560.102377	16.300250	-0.020552	1.493897
115.635385	557.138990	16.305255	-0.020553	1.490607
115.509338	554.216823	16.310259	-0.020530	1.487307
115.576618	551.199763	16.315264	-0.020542	1.483966
115.669874	548.220312	16.320269	-0.020559	1.480670
115.462971	545.311571	16.325274	-0.020521	1.477332
115.607829	542.291749	16.330279	-0.020547	1.473995
115.548510	539.366728	16.335283	-0.020536	1.470680
115.441713	536.421873	16.340288	-0.020516	1.467316
115.504039	533.420273	16.345293	-0.020527	1.463946
115.398528	530.494037	16.350298	-0.020508	1.460588
115.224068	527.562802	16.355303	-0.020476	1.457192
115.405618	524.537322	16.360307	-0.020508	1.453816
115.153087	521.649400	16.365312	-0.020462	1.450422
115.082127	518.697157	16.370317	-0.020449	1.447017
115.196015	515.682506	16.375322	-0.020470	1.443604
115.085155	512.740078	16.380327	-0.020449	1.440179
115.089516	509.790172	16.385331	-0.020450	1.436781
115.050651	506.834654	16.390336	-0.020442	1.433353
114.980370	503.873925	16.395341	-0.020429	1.429897
115.258914	500.831217	16.400346	-0.020479	1.426475
114.898805	497.967496	16.405351	-0.020414	1.423002
115.027954	494.961810	16.410355	-0.020437	1.419548
114.970246	492.010443	16.415360	-0.020426	1.416075
115.053791	489.030826	16.420365	-0.020441	1.412616
114.949820	486.104823	16.425370	-0.020422	1.409137
114.946495	483.125432	16.430375	-0.020421	1.405627
114.955765	480.170222	16.435379	-0.020423	1.402142
114.883938	477.237470	16.440384	-0.020409	1.398642
114.885594	474.258661	16.445389	-0.020409	1.395108
114.844975	471.345703	16.450394	-0.020402	1.391626
114.764868	468.370526	16.455399	-0.020387	1.388046
114.845338	465.386508	16.460403	-0.020401	1.384510
114.900423	462.400912	16.465408	-0.020411	1.380954
114.674686	459.518674	16.470413	-0.020370	1.377398
114.696931	456.552854	16.475418	-0.020373	1.373834
114.730093	453.575387	16.480423	-0.020379	1.370250
114.630523	450.646073	16.485427	-0.020361	1.366661
114.709485	447.669510	16.490432	-0.020375	1.363079
114.609178	444.728209	16.495437	-0.020356	1.359456
114.641269	441.774907	16.500442	-0.020362	1.355864
114.585561	438.848174	16.505447	-0.020352	1.352258
114.584635	435.878854	16.510451	-0.020351	1.348613
114.560355	432.917483	16.515456	-0.020346	1.344958
114.570410	429.958348	16.520461	-0.020348	1.341311
114.372240	427.075951	16.525466	-0.020312	1.337661
114.595131	424.047955	16.530471	-0.020352	1.333997
114.599696	421.081911	16.535475	-0.020352	1.330309
114.416503	418.208400	16.540480	-0.020319	1.326646
114.325197	415.268531	16.545485	-0.020302	1.322929
114.369637	412.302546	16.550490	-0.020310	1.319227
114.400263	409.324118	16.555495	-0.020315	1.315492
114.498440	406.341223	16.560499	-0.020333	1.311770
114.281618	403.444429	16.565504	-0.020293	1.308012
114.325961	400.469411	16.570509	-0.020301	1.304255
114.336279	397.509687	16.575514	-0.020302	1.300493
114.261183	394.596335	16.580519	-0.020289	1.296742
114.274292	391.642980	16.585523	-0.020291	1.292967
114.249093	388.699960	16.590528	-0.020286	1.289177
114.171564	385.753936	16.595533	-0.020271	1.285350
114.149995	382.825478	16.600538	-0.020267	1.281558
114.126917	379.877992	16.605543	-0.020263	1.277730
114.056200	376.968409	16.610547	-0.020250	1.273919
114.092074	374.007079	16.615552	-0.020256	1.270076
113.918791	371.095973	16.620557	-0.020224	1.266194
113.893590	368.158391	16.625562	-0.020219	1.262331
113.948356	365.189406	16.630567	-0.020229	1.258451
114.084868	362.195777	16.635571	-0.020253	1.254563
113.882921	359.323006	16.640576	-0.020217	1.250671
113.882552	356.371635	16.645581	-0.020216	1.246753
113.853029	353.440818	16.650586	-0.020211	1.242837
113.895831	350.470367	16.655591	-0.020218	1.238888
113.726532	347.596656	16.660595	-0.020187	1.234960
113.705843	344.649608	16.665600	-0.020183	1.230988
113.660229	341.710884	16.670605	-0.020175	1.227004
113.661817	338.760785	16.675610	-0.020175	1.223013
113.671294	335.810886	16.680615	-0.020176	1.219012
113.677121	332.872515	16.685619	-0.020177	1.215013
113.674001	329.932596	16.690624	-0.020176	1.210994
113.768650	326.961890	16.695629	-0.020193	1.206966
113.805923	324.023867	16.700634	-0.020199	1.202941
113.572547	321.157029	16.705639	-0.020157	1.198874
113.694453	318.197325	16.710643	-0.020178	1.194833
113.553435	315.310973	16.715648	-0.020153	1.190755
113.663265	312.330030	16.720653	-0.020172	1.186651
113.493273	309.452653	16.725658	-0.020141	1.182543
113.495933	306.506043	16.730663	-0.020141	1.178407
113.434151	303.607479	16.735667	-0.020130	1.174292
113.490773	300.652061	16.740672	-0.020140	1.170141
113.489802	297.706074	16.745677	-0.020139	1.165960
113.488995	294.796455	16.750682	-0.020139	1.161815
113.482290	291.860135	16.755687	-0.020137	1.157615
113.474255	288.954198	16.760691	-0.020136	1.153443
113.359133	286.047234	16.765696	-0.020115	1.149201
113.199063	283.163929	16.770701	-0.020085	1.144955
113.399288	280.163506	16.775706	-0.020121	1.140702
113.277200	277.273970	16.780711	-0.020099	1.136435
113.117665	274.401265	16.785715	-0.020070	1.132157
113.135304	271.472504	16.790720	-0.020073	1.127869
113.178204	268.524617	16.795725	-0.020080	1.123550
113.136408	265.615713	16.800730	-0.020072	1.119229
113.120881	262.698710	16.805735	-0.020069	1.114893
112.968132	259.832548	16.810739	-0.020041	1.110545
112.975105	256.897260	16.815744	-0.020042	1.106158
112.906281	253.991196	16.820749	-0.020030	1.101759
112.823095	251.091994	16.825754	-0.020014	1.097345
113.003460	248.119259	16.830759	-0.020047	1.092940
112.861594	245.242273	16.835763	-0.020021	1.088493
112.938587	242.304329	16.840768	-0.020034	1.084051
112.887161	239.399177	16.845773	-0.020025	1.079572
112.751533	236.545316	16.850778	-0.020000	1.075109
112.773137	233.621034	16.855783	-0.020003	1.070602
112.674114	230.732455	16.860787	-0.019985	1.066068
112.606451	227.827945	16.865792	-0.019973	1.061505
112.446917	224.967782	16.870797	-0.019944	1.056943
112.528622	222.028027	16.875802	-0.019958	1.052367
112.577196	219.095796	16.880807	-0.019967	1.047765
112.435661	216.232064	16.885811	-0.019941	1.043146
112.446270	213.327877	16.890816	-0.019942	1.038527
112.264020	210.486251	16.895821	-0.019909	1.033881
112.360401	207.533744	16.900826	-0.019926	1.029190
112.331844	204.640882	16.905831	-0.019921	1.024504
112.338238	201.731767	16.910835	-0.019922	1.019789
112.316277	198.847338	16.915840	-0.019917	1.015078
112.277970	195.969636	16.920845	-0.019910	1.010346
112.274580	193.056870	16.925850	-0.019909	1.005553
112.265060	190.179211	16.930855	-0.019907	1.000793
112.294184	187.265232	16.935859	-0.019912	0.995971
112.327627	184.349171	16.940864	-0.019918	0.991126
112.119749	181.533848	16.945869	-0.019880	0.986285
111.936109	178.690480	16.950874	-0.019847	0.981387
112.075584	175.752319	16.955879	-0.019872	0.976493
111.959130	172.908062	16.960883	-0.019850	0.971584
111.927244	170.020121	16.965888	-0.019844	0.966626
112.109629	167.085461	16.970893	-0.019877	0.961689
111.985977	164.237160	16.975898	-0.019854	0.956692
112.016332	161.359026	16.980903	-0.019859	0.951710
112.032749	158.472921	16.985907	-0.019862	0.946680
111.988073	155.604333	16.990912	-0.019854	0.941616
111.920549	152.762498	16.995917	-0.019841	0.936559
111.831742	149.918798	17.000922	-0.019825	0.931457
111.736366	147.080488	17.005927	-0.019807	0.926333
111.721649	144.219410	17.010931	-0.019804	0.921190
111.577626	141.393482	17.015936	-0.019778	0.916000
111.642927	138.508130	17.020941	-0.019790	0.910804
111.640907	135.624955	17.025946	-0.019789	0.905540
111.605286	132.773266	17.030951	-0.019782	0.900282
111.572513	129.935925	17.035955	-0.019776	0.895021
111.666939	127.036549	17.040960	-0.019793	0.889696
111.409610	124.276734	17.045965	-0.019746	0.884372
111.536130	121.378015	17.050970	-0.019769	0.879004
111.569637	118.527365	17.055975	-0.019774	0.873634
111.471913	115.716629	17.060979	-0.019756	0.868219
111.350356	112.902234	17.065984	-0.019734	0.862748
111.274276	110.088637	17.070989	-0.019720	0.857274
111.290270	107.240097	17.075994	-0.019723	0.851758
111.148717	104.442738	17.080999	-0.019697	0.846200
111.201983	101.591110	17.086003	-0.019706	0.840632
111.149440	98.778138	17.091008	-0.019696	0.835030
111.011940	95.987158	17.096013	-0.019671	0.829375
111.062438	93.139061	17.101018	-0.019680	0.823698
110.984631	90.336106	17.106023	-0.019666	0.817982
111.034355	87.498107	17.111027	-0.019675	0.812246
110.855483	84.732958	17.116032	-0.019642	0.806455
110.979203	81.874956	17.121037	-0.019664	0.800648
110.880933	79.106478	17.126042	-0.019646	0.794823
110.817940	76.314255	17.131047	-0.019634	0.788932
110.791398	73.514805	17.136051	-0.019629	0.783008
110.832478	70.702305	17.141056	-0.019636	0.777061
110.782450	67.922334	17.146061	-0.019627	0.771071
110.792460	65.128205	17.151066	-0.019629	0.765047
110.658194	62.389439	17.156071	-0.019604	0.758987
110.587629	59.626512	17.161075	-0.019591	0.752874
110.572803	56.838280	17.166080	-0.019588	0.746698
110.511253	54.078907	17.171085	-0.019577	0.740498
110.530154	51.304977	17.176090	-0.019580	0.734277
110.442607	48.564555	17.181095	-0.019564	0.727994
110.486379	45.781484	17.186099	-0.019571	0.721664
110.331833	43.090038	17.191104	-0.019543	0.715329
110.178680	40.379276	17.196109	-0.019515	0.708894
110.335225	37.573929	17.201114	-0.019543	0.702433
110.230017	34.936448	17.206119	-0.019524	0.696092
110.302970	32.435200	17.211123	-0.019537	0.690171
