     #Energy        Mo_s        Mo_p        Mo_d         O_s         O_p
   -64.47370     0.00000     0.00000     0.00000     0.00000     0.00000
   -64.45070     0.00000     0.00000     0.00000     0.00000     0.00000
   -64.42770     0.00000     0.00000     0.00000     0.00000     0.00000
   -64.40470     0.00000     0.00000     0.00000     0.00000     0.00000
   -64.38170     0.00000     0.00000     0.00000     0.00000     0.00000
   -64.35770     0.00000     0.00000     0.00000     0.00000     0.00000
   -64.33470     0.00000     0.00000     0.00000     0.00000     0.00000
   -64.31170     0.00000     0.00000     0.00000     0.00000     0.00000
   -64.28870     0.00000     0.00000     0.00000     0.00000     0.00000
   -64.26570     0.00000     0.00000     0.00000     0.00000     0.00000
   -64.24170     0.00000     0.00000     0.00000     0.00000     0.00000
   -64.21870     0.00000     0.00000     0.00000     0.00000     0.00000
   -64.19570     0.00000     0.00000     0.00000     0.00000     0.00000
   -64.17270     0.00000     0.00000     0.00000     0.00000     0.00000
   -64.14970     0.00000     0.00000     0.00000     0.00000     0.00000
   -64.12570     0.00000     0.00000     0.00000     0.00000     0.00000
   -64.10270     0.00000     0.00000     0.00000     0.00000     0.00000
   -64.07970     0.00000     0.00000     0.00000     0.00000     0.00000
   -64.05670     0.00000     0.00000     0.00000     0.00000     0.00000
   -64.03370     0.00000     0.00000     0.00000     0.00000     0.00000
   -64.01070     0.00000     0.00000     0.00000     0.00000     0.00000
   -63.98670     0.00000     0.00000     0.00000     0.00000     0.00000
   -63.96370     0.00000     0.00000     0.00000     0.00000     0.00000
   -63.94070     0.00000     0.00000     0.00000     0.00000     0.00000
   -63.91770     0.00000     0.00000     0.00000     0.00000     0.00000
   -63.89470     0.00000     0.00000     0.00000     0.00000     0.00000
   -63.87070     0.00000     0.00000     0.00000     0.00000     0.00000
   -63.84770     0.00000     0.00000     0.00000     0.00000     0.00000
   -63.82470     0.00000     0.00000     0.00000     0.00000     0.00000
   -63.80170     0.00000     0.00000     0.00000     0.00000     0.00000
   -63.77870     0.00000     0.00000     0.00000     0.00000     0.00000
   -63.75570     0.00000     0.00000     0.00000     0.00000     0.00000
   -63.73170     0.00000     0.00000     0.00000     0.00000     0.00000
   -63.70870     0.00000     0.00000     0.00000     0.00000     0.00000
   -63.68570     0.00000     0.00000     0.00000     0.00000     0.00000
   -63.66270     0.00000     0.00000     0.00000     0.00000     0.00000
   -63.63970     0.00000     0.00000     0.00000     0.00000     0.00000
   -63.61570     0.00000     0.00000     0.00000     0.00000     0.00000
   -63.59270     0.00000     0.00000     0.00000     0.00000     0.00000
   -63.56970     0.00000     0.00000     0.00000     0.00000     0.00000
   -63.54670     0.00000     0.00000     0.00000     0.00000     0.00000
   -63.52370     0.00000     0.00000     0.00000     0.00000     0.00000
   -63.49970     0.00000     0.00000     0.00000     0.00000     0.00000
   -63.47670     0.00000     0.00000     0.00000     0.00000     0.00000
   -63.45370     0.00000     0.00000     0.00000     0.00000     0.00000
   -63.43070     0.00000     0.00000     0.00000     0.00000     0.00000
   -63.40770     0.00000     0.00000     0.00000     0.00000     0.00000
   -63.38470     0.00000     0.00000     0.00000     0.00000     0.00000
   -63.36070     0.00000     0.00000     0.00000     0.00000     0.00000
   -63.33770     0.00000     0.00000     0.00000     0.00000     0.00000
   -63.31470     0.00000     0.00000     0.00000     0.00000     0.00000
   -63.29170     0.00000     0.00000     0.00000     0.00000     0.00000
   -63.26870     0.00000     0.00000     0.00000     0.00000     0.00000
   -63.24470     0.00000     0.00000     0.00000     0.00000     0.00000
   -63.22170     0.00000     0.00000     0.00000     0.00000     0.00000
   -63.19870     0.00000     0.00000     0.00000     0.00000     0.00000
   -63.17570     0.00000     0.00000     0.00000     0.00000     0.00000
   -63.15270     0.00000     0.00000     0.00000     0.00000     0.00000
   -63.12870     0.00000     0.00000     0.00000     0.00000     0.00000
   -63.10570     0.00000     0.00000     0.00000     0.00000     0.00000
   -63.08270     0.00000     0.00000     0.00000     0.00000     0.00000
   -63.05970     0.00000     0.00000     0.00000     0.00000     0.00000
   -63.03670     0.00000     0.00000     0.00000     0.00000     0.00000
   -63.01370     0.00000     0.00000     0.00000     0.00000     0.00000
   -62.98970     0.00000     0.00000     0.00000     0.00000     0.00000
   -62.96670     0.00000     0.00000     0.00000     0.00000     0.00000
   -62.94370     0.00000     0.00000     0.00000     0.00000     0.00000
   -62.92070     0.00000     0.00000     0.00000     0.00000     0.00000
   -62.89770     0.00000     0.00000     0.00000     0.00000     0.00000
   -62.87370     0.00000     0.00000     0.00000     0.00000     0.00000
   -62.85070     0.00000     0.00000     0.00000     0.00000     0.00000
   -62.82770     0.00000     0.00000     0.00000     0.00000     0.00000
   -62.80470     0.00000     0.00000     0.00000     0.00000     0.00000
   -62.78170     0.00000     0.00000     0.00000     0.00000     0.00000
   -62.75870     0.00000     0.00000     0.00000     0.00000     0.00000
   -62.73470     0.00000     0.00000     0.00000     0.00000     0.00000
   -62.71170     0.00000     0.00000     0.00000     0.00000     0.00000
   -62.68870     0.00000     0.00000     0.00000     0.00000     0.00000
   -62.66570     0.00000     0.00000     0.00000     0.00000     0.00000
   -62.64270     0.00000     0.00000     0.00000     0.00000     0.00000
   -62.61870     0.00000     0.00000     0.00000     0.00000     0.00000
   -62.59570     0.00000     0.00000     0.00000     0.00000     0.00000
   -62.57270     0.00000     0.00000     0.00000     0.00000     0.00000
   -62.54970     0.00000     0.00000     0.00000     0.00000     0.00000
   -62.52670     0.00000     0.00000     0.00000     0.00000     0.00000
   -62.50270     0.00000     0.00000     0.00000     0.00000     0.00000
   -62.47970     0.00000     0.00000     0.00000     0.00000     0.00000
   -62.45670     0.00000     0.00000     0.00000     0.00000     0.00000
   -62.43370     0.00000     0.00000     0.00000     0.00000     0.00000
   -62.41070     0.00000     0.00000     0.00000     0.00000     0.00000
   -62.38770     0.00000     0.00000     0.00000     0.00000     0.00000
   -62.36370     0.00000     0.00000     0.00000     0.00000     0.00000
   -62.34070     0.00000     0.00000     0.00000     0.00000     0.00000
   -62.31770     0.00000     0.00000     0.00000     0.00000     0.00000
   -62.29470     0.00000     0.00000     0.00000     0.00000     0.00000
   -62.27170     0.00000     0.00000     0.00000     0.00000     0.00000
   -62.24770     0.00000     0.00000     0.00000     0.00000     0.00000
   -62.22470     0.00000     0.00000     0.00000     0.00000     0.00000
   -62.20170     0.00000     0.00000     0.00000     0.00000     0.00000
   -62.17870     0.00000     0.00000     0.00000     0.00000     0.00000
   -62.15570     0.00000     0.00000     0.00000     0.00000     0.00000
   -62.13270     0.00000     0.00000     0.00000     0.00000     0.00000
   -62.10870     0.00000     0.00000     0.00000     0.00000     0.00000
   -62.08570     0.00000     0.00000     0.00000     0.00000     0.00000
   -62.06270     0.00000     0.00000     0.00000     0.00000     0.00000
   -62.03970     0.00001     0.00000     0.00000     0.00000     0.00000
   -62.01670     0.00002     0.00000     0.00000     0.00000     0.00000
   -61.99270     0.00004     0.00000     0.00000     0.00000     0.00000
   -61.96970     0.00009     0.00000     0.00000     0.00000     0.00000
   -61.94670     0.00020     0.00000     0.00000     0.00000     0.00000
   -61.92370     0.00044     0.00000     0.00000     0.00000     0.00000
   -61.90070     0.00095     0.00000     0.00000     0.00000     0.00000
   -61.87670     0.00200     0.00000     0.00000     0.00000     0.00000
   -61.85370     0.00412     0.00000     0.00000     0.00000     0.00000
   -61.83070     0.00826     0.00000     0.00000     0.00000     0.00000
   -61.80770     0.01616     0.00000     0.00000     0.00000     0.00000
   -61.78470     0.03086     0.00000     0.00000     0.00000     0.00000
   -61.76170     0.05753     0.00000     0.00000     0.00000     0.00000
   -61.73770     0.10475     0.00001     0.00000     0.00000     0.00000
   -61.71470     0.18625     0.00001     0.00001     0.00000     0.00000
   -61.69170     0.32353     0.00002     0.00001     0.00000     0.00000
   -61.66870     0.54918     0.00004     0.00002     0.00001     0.00000
   -61.64570     0.91119     0.00006     0.00004     0.00001     0.00001
   -61.62170     1.47825     0.00010     0.00007     0.00001     0.00001
   -61.59870     2.34552     0.00017     0.00011     0.00002     0.00002
   -61.57570     3.64152     0.00026     0.00018     0.00003     0.00002
   -61.55270     5.53327     0.00040     0.00029     0.00005     0.00004
   -61.52970     8.23270     0.00059     0.00046     0.00007     0.00005
   -61.50670    11.99755     0.00087     0.00071     0.00009     0.00008
   -61.48270    17.13162     0.00124     0.00107     0.00013     0.00011
   -61.45970    23.97959     0.00174     0.00158     0.00017     0.00014
   -61.43670    32.91375     0.00238     0.00229     0.00022     0.00019
   -61.41370    44.31277     0.00319     0.00325     0.00028     0.00025
   -61.39070    58.54254     0.00419     0.00450     0.00034     0.00031
   -61.36670    75.91636     0.00539     0.00612     0.00041     0.00039
   -61.34370    96.64340     0.00679     0.00815     0.00048     0.00047
   -61.32070   120.83090     0.00838     0.01061     0.00055     0.00055
   -61.29770   148.38360     0.01015     0.01354     0.00061     0.00063
   -61.27470   179.01570     0.01204     0.01692     0.00067     0.00071
   -61.25070   212.21730     0.01402     0.02070     0.00072     0.00079
   -61.22770   247.22550     0.01603     0.02479     0.00075     0.00085
   -61.20470   283.08820     0.01798     0.02908     0.00077     0.00090
   -61.18170   318.65690     0.01981     0.03341     0.00078     0.00093
   -61.15870   352.67440     0.02145     0.03761     0.00077     0.00095
   -61.13570   383.84900     0.02283     0.04148     0.00074     0.00094
   -61.11170   410.94100     0.02391     0.04484     0.00071     0.00092
   -61.08870   432.86900     0.02464     0.04753     0.00066     0.00088
   -61.06570   448.77200     0.02500     0.04942     0.00061     0.00083
   -61.04270   458.03700     0.02500     0.05043     0.00055     0.00077
   -61.01970   460.39400     0.02465     0.05054     0.00049     0.00070
   -60.99570   455.89300     0.02398     0.04976     0.00043     0.00062
   -60.97270   444.86900     0.02302     0.04816     0.00037     0.00055
   -60.94970   427.89200     0.02181     0.04585     0.00031     0.00047
   -60.92670   405.74300     0.02042     0.04296     0.00026     0.00040
   -60.90370   379.32740     0.01887     0.03963     0.00022     0.00034
   -60.88070   349.62260     0.01723     0.03601     0.00018     0.00028
   -60.85670   317.66810     0.01553     0.03224     0.00014     0.00023
   -60.83370   284.44320     0.01381     0.02843     0.00011     0.00018
   -60.81070   250.90260     0.01212     0.02470     0.00009     0.00015
   -60.78770   217.92760     0.01048     0.02114     0.00007     0.00011
   -60.76470   186.28300     0.00893     0.01781     0.00005     0.00009
   -60.74070   156.60360     0.00748     0.01477     0.00004     0.00007
   -60.71770   129.41125     0.00617     0.01204     0.00003     0.00005
   -60.69470   105.03966     0.00500     0.00965     0.00002     0.00004
   -60.67170    83.69181     0.00398     0.00759     0.00002     0.00003
   -60.64870    65.42217     0.00311     0.00587     0.00001     0.00002
   -60.62470    50.13698     0.00238     0.00445     0.00001     0.00002
   -60.60170    37.65749     0.00179     0.00330     0.00001     0.00001
   -60.57870    27.69997     0.00131     0.00241     0.00000     0.00001
   -60.55570    19.94773     0.00094     0.00171     0.00000     0.00001
   -60.53270    14.05800     0.00066     0.00120     0.00000     0.00000
   -60.50970     9.69139     0.00046     0.00082     0.00000     0.00000
   -60.48570     6.53321     0.00031     0.00055     0.00000     0.00000
   -60.46270     4.30576     0.00020     0.00036     0.00000     0.00000
   -60.43970     2.77348     0.00013     0.00023     0.00000     0.00000
   -60.41670     1.74540     0.00008     0.00014     0.00000     0.00000
   -60.39370     1.07309     0.00005     0.00009     0.00000     0.00000
   -60.36970     0.64436     0.00003     0.00005     0.00000     0.00000
   -60.34670     0.37785     0.00002     0.00003     0.00000     0.00000
   -60.32370     0.21631     0.00001     0.00002     0.00000     0.00000
   -60.30070     0.12089     0.00001     0.00001     0.00000     0.00000
   -60.27770     0.06594     0.00000     0.00001     0.00000     0.00000
   -60.25370     0.03511     0.00000     0.00000     0.00000     0.00000
   -60.23070     0.01824     0.00000     0.00000     0.00000     0.00000
   -60.20770     0.00925     0.00000     0.00000     0.00000     0.00000
   -60.18470     0.00457     0.00000     0.00000     0.00000     0.00000
   -60.16170     0.00221     0.00000     0.00000     0.00000     0.00000
   -60.13870     0.00104     0.00000     0.00000     0.00000     0.00000
   -60.11470     0.00048     0.00000     0.00000     0.00000     0.00000
   -60.09170     0.00021     0.00000     0.00000     0.00000     0.00000
   -60.06870     0.00009     0.00000     0.00000     0.00000     0.00000
   -60.04570     0.00004     0.00000     0.00000     0.00000     0.00000
   -60.02270     0.00002     0.00000     0.00000     0.00000     0.00000
   -59.99870     0.00001     0.00000     0.00000     0.00000     0.00000
   -59.97570     0.00000     0.00000     0.00000     0.00000     0.00000
   -59.95270     0.00000     0.00000     0.00000     0.00000     0.00000
   -59.92970     0.00000     0.00000     0.00000     0.00000     0.00000
   -59.90670     0.00000     0.00000     0.00000     0.00000     0.00000
   -59.88370     0.00000     0.00000     0.00000     0.00000     0.00000
   -59.85970     0.00000     0.00000     0.00000     0.00000     0.00000
   -59.83670     0.00000     0.00000     0.00000     0.00000     0.00000
   -59.81370     0.00000     0.00000     0.00000     0.00000     0.00000
   -59.79070     0.00000     0.00000     0.00000     0.00000     0.00000
   -59.76770     0.00000     0.00000     0.00000     0.00000     0.00000
   -59.74370     0.00000     0.00000     0.00000     0.00000     0.00000
   -59.72070     0.00000     0.00000     0.00000     0.00000     0.00000
   -59.69770     0.00000     0.00000     0.00000     0.00000     0.00000
   -59.67470     0.00000     0.00000     0.00000     0.00000     0.00000
   -59.65170     0.00000     0.00000     0.00000     0.00000     0.00000
   -59.62770     0.00000     0.00000     0.00000     0.00000     0.00000
   -59.60470     0.00000     0.00000     0.00000     0.00000     0.00000
   -59.58170     0.00000     0.00000     0.00000     0.00000     0.00000
   -59.55870     0.00000     0.00000     0.00000     0.00000     0.00000
   -59.53570     0.00000     0.00000     0.00000     0.00000     0.00000
   -59.51270     0.00000     0.00000     0.00000     0.00000     0.00000
   -59.48870     0.00000     0.00000     0.00000     0.00000     0.00000
   -59.46570     0.00000     0.00000     0.00000     0.00000     0.00000
   -59.44270     0.00000     0.00000     0.00000     0.00000     0.00000
   -59.41970     0.00000     0.00000     0.00000     0.00000     0.00000
   -59.39670     0.00000     0.00000     0.00000     0.00000     0.00000
   -59.37270     0.00000     0.00000     0.00000     0.00000     0.00000
   -59.34970     0.00000     0.00000     0.00000     0.00000     0.00000
   -59.32670     0.00000     0.00000     0.00000     0.00000     0.00000
   -59.30370     0.00000     0.00000     0.00000     0.00000     0.00000
   -59.28070     0.00000     0.00000     0.00000     0.00000     0.00000
   -59.25770     0.00000     0.00000     0.00000     0.00000     0.00000
   -59.23370     0.00000     0.00000     0.00000     0.00000     0.00000
   -59.21070     0.00000     0.00000     0.00000     0.00000     0.00000
   -59.18770     0.00000     0.00000     0.00000     0.00000     0.00000
   -59.16470     0.00000     0.00000     0.00000     0.00000     0.00000
   -59.14170     0.00000     0.00000     0.00000     0.00000     0.00000
   -59.11770     0.00000     0.00000     0.00000     0.00000     0.00000
   -59.09470     0.00000     0.00000     0.00000     0.00000     0.00000
   -59.07170     0.00000     0.00000     0.00000     0.00000     0.00000
   -59.04870     0.00000     0.00000     0.00000     0.00000     0.00000
   -59.02570     0.00000     0.00000     0.00000     0.00000     0.00000
   -59.00170     0.00000     0.00000     0.00000     0.00000     0.00000
   -58.97870     0.00000     0.00000     0.00000     0.00000     0.00000
   -58.95570     0.00000     0.00000     0.00000     0.00000     0.00000
   -58.93270     0.00000     0.00000     0.00000     0.00000     0.00000
   -58.90970     0.00000     0.00000     0.00000     0.00000     0.00000
   -58.88670     0.00000     0.00000     0.00000     0.00000     0.00000
   -58.86270     0.00000     0.00000     0.00000     0.00000     0.00000
   -58.83970     0.00000     0.00000     0.00000     0.00000     0.00000
   -58.81670     0.00000     0.00000     0.00000     0.00000     0.00000
   -58.79370     0.00000     0.00000     0.00000     0.00000     0.00000
   -58.77070     0.00000     0.00000     0.00000     0.00000     0.00000
   -58.74670     0.00000     0.00000     0.00000     0.00000     0.00000
   -58.72370     0.00000     0.00000     0.00000     0.00000     0.00000
   -58.70070     0.00000     0.00000     0.00000     0.00000     0.00000
   -58.67770     0.00000     0.00000     0.00000     0.00000     0.00000
   -58.65470     0.00000     0.00000     0.00000     0.00000     0.00000
   -58.63170     0.00000     0.00000     0.00000     0.00000     0.00000
   -58.60770     0.00000     0.00000     0.00000     0.00000     0.00000
   -58.58470     0.00000     0.00000     0.00000     0.00000     0.00000
   -58.56170     0.00000     0.00000     0.00000     0.00000     0.00000
   -58.53870     0.00000     0.00000     0.00000     0.00000     0.00000
   -58.51570     0.00000     0.00000     0.00000     0.00000     0.00000
   -58.49170     0.00000     0.00000     0.00000     0.00000     0.00000
   -58.46870     0.00000     0.00000     0.00000     0.00000     0.00000
   -58.44570     0.00000     0.00000     0.00000     0.00000     0.00000
   -58.42270     0.00000     0.00000     0.00000     0.00000     0.00000
   -58.39970     0.00000     0.00000     0.00000     0.00000     0.00000
   -58.37570     0.00000     0.00000     0.00000     0.00000     0.00000
   -58.35270     0.00000     0.00000     0.00000     0.00000     0.00000
   -58.32970     0.00000     0.00000     0.00000     0.00000     0.00000
   -58.30670     0.00000     0.00000     0.00000     0.00000     0.00000
   -58.28370     0.00000     0.00000     0.00000     0.00000     0.00000
   -58.26070     0.00000     0.00000     0.00000     0.00000     0.00000
   -58.23670     0.00000     0.00000     0.00000     0.00000     0.00000
   -58.21370     0.00000     0.00000     0.00000     0.00000     0.00000
   -58.19070     0.00000     0.00000     0.00000     0.00000     0.00000
   -58.16770     0.00000     0.00000     0.00000     0.00000     0.00000
   -58.14470     0.00000     0.00000     0.00000     0.00000     0.00000
   -58.12070     0.00000     0.00000     0.00000     0.00000     0.00000
   -58.09770     0.00000     0.00000     0.00000     0.00000     0.00000
   -58.07470     0.00000     0.00000     0.00000     0.00000     0.00000
   -58.05170     0.00000     0.00000     0.00000     0.00000     0.00000
   -58.02870     0.00000     0.00000     0.00000     0.00000     0.00000
   -58.00470     0.00000     0.00000     0.00000     0.00000     0.00000
   -57.98170     0.00000     0.00000     0.00000     0.00000     0.00000
   -57.95870     0.00000     0.00000     0.00000     0.00000     0.00000
   -57.93570     0.00000     0.00000     0.00000     0.00000     0.00000
   -57.91270     0.00000     0.00000     0.00000     0.00000     0.00000
   -57.88970     0.00000     0.00000     0.00000     0.00000     0.00000
   -57.86570     0.00000     0.00000     0.00000     0.00000     0.00000
   -57.84270     0.00000     0.00000     0.00000     0.00000     0.00000
   -57.81970     0.00000     0.00000     0.00000     0.00000     0.00000
   -57.79670     0.00000     0.00000     0.00000     0.00000     0.00000
   -57.77370     0.00000     0.00000     0.00000     0.00000     0.00000
   -57.74970     0.00000     0.00000     0.00000     0.00000     0.00000
   -57.72670     0.00000     0.00000     0.00000     0.00000     0.00000
   -57.70370     0.00000     0.00000     0.00000     0.00000     0.00000
   -57.68070     0.00000     0.00000     0.00000     0.00000     0.00000
   -57.65770     0.00000     0.00000     0.00000     0.00000     0.00000
   -57.63470     0.00000     0.00000     0.00000     0.00000     0.00000
   -57.61070     0.00000     0.00000     0.00000     0.00000     0.00000
   -57.58770     0.00000     0.00000     0.00000     0.00000     0.00000
   -57.56470     0.00000     0.00000     0.00000     0.00000     0.00000
   -57.54170     0.00000     0.00000     0.00000     0.00000     0.00000
   -57.51870     0.00000     0.00000     0.00000     0.00000     0.00000
   -57.49470     0.00000     0.00000     0.00000     0.00000     0.00000
   -57.47170     0.00000     0.00000     0.00000     0.00000     0.00000
   -57.44870     0.00000     0.00000     0.00000     0.00000     0.00000
   -57.42570     0.00000     0.00000     0.00000     0.00000     0.00000
   -57.40270     0.00000     0.00000     0.00000     0.00000     0.00000
   -57.37870     0.00000     0.00000     0.00000     0.00000     0.00000
   -57.35570     0.00000     0.00000     0.00000     0.00000     0.00000
   -57.33270     0.00000     0.00000     0.00000     0.00000     0.00000
   -57.30970     0.00000     0.00000     0.00000     0.00000     0.00000
   -57.28670     0.00000     0.00000     0.00000     0.00000     0.00000
   -57.26370     0.00000     0.00000     0.00000     0.00000     0.00000
   -57.23970     0.00000     0.00000     0.00000     0.00000     0.00000
   -57.21670     0.00000     0.00000     0.00000     0.00000     0.00000
   -57.19370     0.00000     0.00000     0.00000     0.00000     0.00000
   -57.17070     0.00000     0.00000     0.00000     0.00000     0.00000
   -57.14770     0.00000     0.00000     0.00000     0.00000     0.00000
   -57.12370     0.00000     0.00000     0.00000     0.00000     0.00000
   -57.10070     0.00000     0.00000     0.00000     0.00000     0.00000
   -57.07770     0.00000     0.00000     0.00000     0.00000     0.00000
   -57.05470     0.00000     0.00000     0.00000     0.00000     0.00000
   -57.03170     0.00000     0.00000     0.00000     0.00000     0.00000
   -57.00870     0.00000     0.00000     0.00000     0.00000     0.00000
   -56.98470     0.00000     0.00000     0.00000     0.00000     0.00000
   -56.96170     0.00000     0.00000     0.00000     0.00000     0.00000
   -56.93870     0.00000     0.00000     0.00000     0.00000     0.00000
   -56.91570     0.00000     0.00000     0.00000     0.00000     0.00000
   -56.89270     0.00000     0.00000     0.00000     0.00000     0.00000
   -56.86870     0.00000     0.00000     0.00000     0.00000     0.00000
   -56.84570     0.00000     0.00000     0.00000     0.00000     0.00000
   -56.82270     0.00000     0.00000     0.00000     0.00000     0.00000
   -56.79970     0.00000     0.00000     0.00000     0.00000     0.00000
   -56.77670     0.00000     0.00000     0.00000     0.00000     0.00000
   -56.75270     0.00000     0.00000     0.00000     0.00000     0.00000
   -56.72970     0.00000     0.00000     0.00000     0.00000     0.00000
   -56.70670     0.00000     0.00000     0.00000     0.00000     0.00000
   -56.68370     0.00000     0.00000     0.00000     0.00000     0.00000
   -56.66070     0.00000     0.00000     0.00000     0.00000     0.00000
   -56.63770     0.00000     0.00000     0.00000     0.00000     0.00000
   -56.61370     0.00000     0.00000     0.00000     0.00000     0.00000
   -56.59070     0.00000     0.00000     0.00000     0.00000     0.00000
   -56.56770     0.00000     0.00000     0.00000     0.00000     0.00000
   -56.54470     0.00000     0.00000     0.00000     0.00000     0.00000
   -56.52170     0.00000     0.00000     0.00000     0.00000     0.00000
   -56.49770     0.00000     0.00000     0.00000     0.00000     0.00000
   -56.47470     0.00000     0.00000     0.00000     0.00000     0.00000
   -56.45170     0.00000     0.00000     0.00000     0.00000     0.00000
   -56.42870     0.00000     0.00000     0.00000     0.00000     0.00000
   -56.40570     0.00000     0.00000     0.00000     0.00000     0.00000
   -56.38270     0.00000     0.00000     0.00000     0.00000     0.00000
   -56.35870     0.00000     0.00000     0.00000     0.00000     0.00000
   -56.33570     0.00000     0.00000     0.00000     0.00000     0.00000
   -56.31270     0.00000     0.00000     0.00000     0.00000     0.00000
   -56.28970     0.00000     0.00000     0.00000     0.00000     0.00000
   -56.26670     0.00000     0.00000     0.00000     0.00000     0.00000
   -56.24270     0.00000     0.00000     0.00000     0.00000     0.00000
   -56.21970     0.00000     0.00000     0.00000     0.00000     0.00000
   -56.19670     0.00000     0.00000     0.00000     0.00000     0.00000
   -56.17370     0.00000     0.00000     0.00000     0.00000     0.00000
   -56.15070     0.00000     0.00000     0.00000     0.00000     0.00000
   -56.12670     0.00000     0.00000     0.00000     0.00000     0.00000
   -56.10370     0.00000     0.00000     0.00000     0.00000     0.00000
   -56.08070     0.00000     0.00000     0.00000     0.00000     0.00000
   -56.05770     0.00000     0.00000     0.00000     0.00000     0.00000
   -56.03470     0.00000     0.00000     0.00000     0.00000     0.00000
   -56.01170     0.00000     0.00000     0.00000     0.00000     0.00000
   -55.98770     0.00000     0.00000     0.00000     0.00000     0.00000
   -55.96470     0.00000     0.00000     0.00000     0.00000     0.00000
   -55.94170     0.00000     0.00000     0.00000     0.00000     0.00000
   -55.91870     0.00000     0.00000     0.00000     0.00000     0.00000
   -55.89570     0.00000     0.00000     0.00000     0.00000     0.00000
   -55.87170     0.00000     0.00000     0.00000     0.00000     0.00000
   -55.84870     0.00000     0.00000     0.00000     0.00000     0.00000
   -55.82570     0.00000     0.00000     0.00000     0.00000     0.00000
   -55.80270     0.00000     0.00000     0.00000     0.00000     0.00000
   -55.77970     0.00000     0.00000     0.00000     0.00000     0.00000
   -55.75670     0.00000     0.00000     0.00000     0.00000     0.00000
   -55.73270     0.00000     0.00000     0.00000     0.00000     0.00000
   -55.70970     0.00000     0.00000     0.00000     0.00000     0.00000
   -55.68670     0.00000     0.00000     0.00000     0.00000     0.00000
   -55.66370     0.00000     0.00000     0.00000     0.00000     0.00000
   -55.64070     0.00000     0.00000     0.00000     0.00000     0.00000
   -55.61670     0.00000     0.00000     0.00000     0.00000     0.00000
   -55.59370     0.00000     0.00000     0.00000     0.00000     0.00000
   -55.57070     0.00000     0.00000     0.00000     0.00000     0.00000
   -55.54770     0.00000     0.00000     0.00000     0.00000     0.00000
   -55.52470     0.00000     0.00000     0.00000     0.00000     0.00000
   -55.50070     0.00000     0.00000     0.00000     0.00000     0.00000
   -55.47770     0.00000     0.00000     0.00000     0.00000     0.00000
   -55.45470     0.00000     0.00000     0.00000     0.00000     0.00000
   -55.43170     0.00000     0.00000     0.00000     0.00000     0.00000
   -55.40870     0.00000     0.00000     0.00000     0.00000     0.00000
   -55.38570     0.00000     0.00000     0.00000     0.00000     0.00000
   -55.36170     0.00000     0.00000     0.00000     0.00000     0.00000
   -55.33870     0.00000     0.00000     0.00000     0.00000     0.00000
   -55.31570     0.00000     0.00000     0.00000     0.00000     0.00000
   -55.29270     0.00000     0.00000     0.00000     0.00000     0.00000
   -55.26970     0.00000     0.00000     0.00000     0.00000     0.00000
   -55.24570     0.00000     0.00000     0.00000     0.00000     0.00000
   -55.22270     0.00000     0.00000     0.00000     0.00000     0.00000
   -55.19970     0.00000     0.00000     0.00000     0.00000     0.00000
   -55.17670     0.00000     0.00000     0.00000     0.00000     0.00000
   -55.15370     0.00000     0.00000     0.00000     0.00000     0.00000
   -55.12970     0.00000     0.00000     0.00000     0.00000     0.00000
   -55.10670     0.00000     0.00000     0.00000     0.00000     0.00000
   -55.08370     0.00000     0.00000     0.00000     0.00000     0.00000
   -55.06070     0.00000     0.00000     0.00000     0.00000     0.00000
   -55.03770     0.00000     0.00000     0.00000     0.00000     0.00000
   -55.01470     0.00000     0.00000     0.00000     0.00000     0.00000
   -54.99070     0.00000     0.00000     0.00000     0.00000     0.00000
   -54.96770     0.00000     0.00000     0.00000     0.00000     0.00000
   -54.94470     0.00000     0.00000     0.00000     0.00000     0.00000
   -54.92170     0.00000     0.00000     0.00000     0.00000     0.00000
   -54.89870     0.00000     0.00000     0.00000     0.00000     0.00000
   -54.87470     0.00000     0.00000     0.00000     0.00000     0.00000
   -54.85170     0.00000     0.00000     0.00000     0.00000     0.00000
   -54.82870     0.00000     0.00000     0.00000     0.00000     0.00000
   -54.80570     0.00000     0.00000     0.00000     0.00000     0.00000
   -54.78270     0.00000     0.00000     0.00000     0.00000     0.00000
   -54.75970     0.00000     0.00000     0.00000     0.00000     0.00000
   -54.73570     0.00000     0.00000     0.00000     0.00000     0.00000
   -54.71270     0.00000     0.00000     0.00000     0.00000     0.00000
   -54.68970     0.00000     0.00000     0.00000     0.00000     0.00000
   -54.66670     0.00000     0.00000     0.00000     0.00000     0.00000
   -54.64370     0.00000     0.00000     0.00000     0.00000     0.00000
   -54.61970     0.00000     0.00000     0.00000     0.00000     0.00000
   -54.59670     0.00000     0.00000     0.00000     0.00000     0.00000
   -54.57370     0.00000     0.00000     0.00000     0.00000     0.00000
   -54.55070     0.00000     0.00000     0.00000     0.00000     0.00000
   -54.52770     0.00000     0.00000     0.00000     0.00000     0.00000
   -54.50370     0.00000     0.00000     0.00000     0.00000     0.00000
   -54.48070     0.00000     0.00000     0.00000     0.00000     0.00000
   -54.45770     0.00000     0.00000     0.00000     0.00000     0.00000
   -54.43470     0.00000     0.00000     0.00000     0.00000     0.00000
   -54.41170     0.00000     0.00000     0.00000     0.00000     0.00000
   -54.38870     0.00000     0.00000     0.00000     0.00000     0.00000
   -54.36470     0.00000     0.00000     0.00000     0.00000     0.00000
   -54.34170     0.00000     0.00000     0.00000     0.00000     0.00000
   -54.31870     0.00000     0.00000     0.00000     0.00000     0.00000
   -54.29570     0.00000     0.00000     0.00000     0.00000     0.00000
   -54.27270     0.00000     0.00000     0.00000     0.00000     0.00000
   -54.24870     0.00000     0.00000     0.00000     0.00000     0.00000
   -54.22570     0.00000     0.00000     0.00000     0.00000     0.00000
   -54.20270     0.00000     0.00000     0.00000     0.00000     0.00000
   -54.17970     0.00000     0.00000     0.00000     0.00000     0.00000
   -54.15670     0.00000     0.00000     0.00000     0.00000     0.00000
   -54.13370     0.00000     0.00000     0.00000     0.00000     0.00000
   -54.10970     0.00000     0.00000     0.00000     0.00000     0.00000
   -54.08670     0.00000     0.00000     0.00000     0.00000     0.00000
   -54.06370     0.00000     0.00000     0.00000     0.00000     0.00000
   -54.04070     0.00000     0.00000     0.00000     0.00000     0.00000
   -54.01770     0.00000     0.00000     0.00000     0.00000     0.00000
   -53.99370     0.00000     0.00000     0.00000     0.00000     0.00000
   -53.97070     0.00000     0.00000     0.00000     0.00000     0.00000
   -53.94770     0.00000     0.00000     0.00000     0.00000     0.00000
   -53.92470     0.00000     0.00000     0.00000     0.00000     0.00000
   -53.90170     0.00000     0.00000     0.00000     0.00000     0.00000
   -53.87770     0.00000     0.00000     0.00000     0.00000     0.00000
   -53.85470     0.00000     0.00000     0.00000     0.00000     0.00000
   -53.83170     0.00000     0.00000     0.00000     0.00000     0.00000
   -53.80870     0.00000     0.00000     0.00000     0.00000     0.00000
   -53.78570     0.00000     0.00000     0.00000     0.00000     0.00000
   -53.76270     0.00000     0.00000     0.00000     0.00000     0.00000
   -53.73870     0.00000     0.00000     0.00000     0.00000     0.00000
   -53.71570     0.00000     0.00000     0.00000     0.00000     0.00000
   -53.69270     0.00000     0.00000     0.00000     0.00000     0.00000
   -53.66970     0.00000     0.00000     0.00000     0.00000     0.00000
   -53.64670     0.00000     0.00000     0.00000     0.00000     0.00000
   -53.62270     0.00000     0.00000     0.00000     0.00000     0.00000
   -53.59970     0.00000     0.00000     0.00000     0.00000     0.00000
   -53.57670     0.00000     0.00000     0.00000     0.00000     0.00000
   -53.55370     0.00000     0.00000     0.00000     0.00000     0.00000
   -53.53070     0.00000     0.00000     0.00000     0.00000     0.00000
   -53.50770     0.00000     0.00000     0.00000     0.00000     0.00000
   -53.48370     0.00000     0.00000     0.00000     0.00000     0.00000
   -53.46070     0.00000     0.00000     0.00000     0.00000     0.00000
   -53.43770     0.00000     0.00000     0.00000     0.00000     0.00000
   -53.41470     0.00000     0.00000     0.00000     0.00000     0.00000
   -53.39170     0.00000     0.00000     0.00000     0.00000     0.00000
   -53.36770     0.00000     0.00000     0.00000     0.00000     0.00000
   -53.34470     0.00000     0.00000     0.00000     0.00000     0.00000
   -53.32170     0.00000     0.00000     0.00000     0.00000     0.00000
   -53.29870     0.00000     0.00000     0.00000     0.00000     0.00000
   -53.27570     0.00000     0.00000     0.00000     0.00000     0.00000
   -53.25170     0.00000     0.00000     0.00000     0.00000     0.00000
   -53.22870     0.00000     0.00000     0.00000     0.00000     0.00000
   -53.20570     0.00000     0.00000     0.00000     0.00000     0.00000
   -53.18270     0.00000     0.00000     0.00000     0.00000     0.00000
   -53.15970     0.00000     0.00000     0.00000     0.00000     0.00000
   -53.13670     0.00000     0.00000     0.00000     0.00000     0.00000
   -53.11270     0.00000     0.00000     0.00000     0.00000     0.00000
   -53.08970     0.00000     0.00000     0.00000     0.00000     0.00000
   -53.06670     0.00000     0.00000     0.00000     0.00000     0.00000
   -53.04370     0.00000     0.00000     0.00000     0.00000     0.00000
   -53.02070     0.00000     0.00000     0.00000     0.00000     0.00000
   -52.99670     0.00000     0.00000     0.00000     0.00000     0.00000
   -52.97370     0.00000     0.00000     0.00000     0.00000     0.00000
   -52.95070     0.00000     0.00000     0.00000     0.00000     0.00000
   -52.92770     0.00000     0.00000     0.00000     0.00000     0.00000
   -52.90470     0.00000     0.00000     0.00000     0.00000     0.00000
   -52.88170     0.00000     0.00000     0.00000     0.00000     0.00000
   -52.85770     0.00000     0.00000     0.00000     0.00000     0.00000
   -52.83470     0.00000     0.00000     0.00000     0.00000     0.00000
   -52.81170     0.00000     0.00000     0.00000     0.00000     0.00000
   -52.78870     0.00000     0.00000     0.00000     0.00000     0.00000
   -52.76570     0.00000     0.00000     0.00000     0.00000     0.00000
   -52.74170     0.00000     0.00000     0.00000     0.00000     0.00000
   -52.71870     0.00000     0.00000     0.00000     0.00000     0.00000
   -52.69570     0.00000     0.00000     0.00000     0.00000     0.00000
   -52.67270     0.00000     0.00000     0.00000     0.00000     0.00000
   -52.64970     0.00000     0.00000     0.00000     0.00000     0.00000
   -52.62570     0.00000     0.00000     0.00000     0.00000     0.00000
   -52.60270     0.00000     0.00000     0.00000     0.00000     0.00000
   -52.57970     0.00000     0.00000     0.00000     0.00000     0.00000
   -52.55670     0.00000     0.00000     0.00000     0.00000     0.00000
   -52.53370     0.00000     0.00000     0.00000     0.00000     0.00000
   -52.51070     0.00000     0.00000     0.00000     0.00000     0.00000
   -52.48670     0.00000     0.00000     0.00000     0.00000     0.00000
   -52.46370     0.00000     0.00000     0.00000     0.00000     0.00000
   -52.44070     0.00000     0.00000     0.00000     0.00000     0.00000
   -52.41770     0.00000     0.00000     0.00000     0.00000     0.00000
   -52.39470     0.00000     0.00000     0.00000     0.00000     0.00000
   -52.37070     0.00000     0.00000     0.00000     0.00000     0.00000
   -52.34770     0.00000     0.00000     0.00000     0.00000     0.00000
   -52.32470     0.00000     0.00000     0.00000     0.00000     0.00000
   -52.30170     0.00000     0.00000     0.00000     0.00000     0.00000
   -52.27870     0.00000     0.00000     0.00000     0.00000     0.00000
   -52.25470     0.00000     0.00000     0.00000     0.00000     0.00000
   -52.23170     0.00000     0.00000     0.00000     0.00000     0.00000
   -52.20870     0.00000     0.00000     0.00000     0.00000     0.00000
   -52.18570     0.00000     0.00000     0.00000     0.00000     0.00000
   -52.16270     0.00000     0.00000     0.00000     0.00000     0.00000
   -52.13970     0.00000     0.00000     0.00000     0.00000     0.00000
   -52.11570     0.00000     0.00000     0.00000     0.00000     0.00000
   -52.09270     0.00000     0.00000     0.00000     0.00000     0.00000
   -52.06970     0.00000     0.00000     0.00000     0.00000     0.00000
   -52.04670     0.00000     0.00000     0.00000     0.00000     0.00000
   -52.02370     0.00000     0.00000     0.00000     0.00000     0.00000
   -51.99970     0.00000     0.00000     0.00000     0.00000     0.00000
   -51.97670     0.00000     0.00000     0.00000     0.00000     0.00000
   -51.95370     0.00000     0.00000     0.00000     0.00000     0.00000
   -51.93070     0.00000     0.00000     0.00000     0.00000     0.00000
   -51.90770     0.00000     0.00000     0.00000     0.00000     0.00000
   -51.88470     0.00000     0.00000     0.00000     0.00000     0.00000
   -51.86070     0.00000     0.00000     0.00000     0.00000     0.00000
   -51.83770     0.00000     0.00000     0.00000     0.00000     0.00000
   -51.81470     0.00000     0.00000     0.00000     0.00000     0.00000
   -51.79170     0.00000     0.00000     0.00000     0.00000     0.00000
   -51.76870     0.00000     0.00000     0.00000     0.00000     0.00000
   -51.74470     0.00000     0.00000     0.00000     0.00000     0.00000
   -51.72170     0.00000     0.00000     0.00000     0.00000     0.00000
   -51.69870     0.00000     0.00000     0.00000     0.00000     0.00000
   -51.67570     0.00000     0.00000     0.00000     0.00000     0.00000
   -51.65270     0.00000     0.00000     0.00000     0.00000     0.00000
   -51.62870     0.00000     0.00000     0.00000     0.00000     0.00000
   -51.60570     0.00000     0.00000     0.00000     0.00000     0.00000
   -51.58270     0.00000     0.00000     0.00000     0.00000     0.00000
   -51.55970     0.00000     0.00000     0.00000     0.00000     0.00000
   -51.53670     0.00000     0.00000     0.00000     0.00000     0.00000
   -51.51370     0.00000     0.00000     0.00000     0.00000     0.00000
   -51.48970     0.00000     0.00000     0.00000     0.00000     0.00000
   -51.46670     0.00000     0.00000     0.00000     0.00000     0.00000
   -51.44370     0.00000     0.00000     0.00000     0.00000     0.00000
   -51.42070     0.00000     0.00000     0.00000     0.00000     0.00000
   -51.39770     0.00000     0.00000     0.00000     0.00000     0.00000
   -51.37370     0.00000     0.00000     0.00000     0.00000     0.00000
   -51.35070     0.00000     0.00000     0.00000     0.00000     0.00000
   -51.32770     0.00000     0.00000     0.00000     0.00000     0.00000
   -51.30470     0.00000     0.00000     0.00000     0.00000     0.00000
   -51.28170     0.00000     0.00000     0.00000     0.00000     0.00000
   -51.25870     0.00000     0.00000     0.00000     0.00000     0.00000
   -51.23470     0.00000     0.00000     0.00000     0.00000     0.00000
   -51.21170     0.00000     0.00000     0.00000     0.00000     0.00000
   -51.18870     0.00000     0.00000     0.00000     0.00000     0.00000
   -51.16570     0.00000     0.00000     0.00000     0.00000     0.00000
   -51.14270     0.00000     0.00000     0.00000     0.00000     0.00000
   -51.11870     0.00000     0.00000     0.00000     0.00000     0.00000
   -51.09570     0.00000     0.00000     0.00000     0.00000     0.00000
   -51.07270     0.00000     0.00000     0.00000     0.00000     0.00000
   -51.04970     0.00000     0.00000     0.00000     0.00000     0.00000
   -51.02670     0.00000     0.00000     0.00000     0.00000     0.00000
   -51.00270     0.00000     0.00000     0.00000     0.00000     0.00000
   -50.97970     0.00000     0.00000     0.00000     0.00000     0.00000
   -50.95670     0.00000     0.00000     0.00000     0.00000     0.00000
   -50.93370     0.00000     0.00000     0.00000     0.00000     0.00000
   -50.91070     0.00000     0.00000     0.00000     0.00000     0.00000
   -50.88770     0.00000     0.00000     0.00000     0.00000     0.00000
   -50.86370     0.00000     0.00000     0.00000     0.00000     0.00000
   -50.84070     0.00000     0.00000     0.00000     0.00000     0.00000
   -50.81770     0.00000     0.00000     0.00000     0.00000     0.00000
   -50.79470     0.00000     0.00000     0.00000     0.00000     0.00000
   -50.77170     0.00000     0.00000     0.00000     0.00000     0.00000
   -50.74770     0.00000     0.00000     0.00000     0.00000     0.00000
   -50.72470     0.00000     0.00000     0.00000     0.00000     0.00000
   -50.70170     0.00000     0.00000     0.00000     0.00000     0.00000
   -50.67870     0.00000     0.00000     0.00000     0.00000     0.00000
   -50.65570     0.00000     0.00000     0.00000     0.00000     0.00000
   -50.63270     0.00000     0.00000     0.00000     0.00000     0.00000
   -50.60870     0.00000     0.00000     0.00000     0.00000     0.00000
   -50.58570     0.00000     0.00000     0.00000     0.00000     0.00000
   -50.56270     0.00000     0.00000     0.00000     0.00000     0.00000
   -50.53970     0.00000     0.00000     0.00000     0.00000     0.00000
   -50.51670     0.00000     0.00000     0.00000     0.00000     0.00000
   -50.49270     0.00000     0.00000     0.00000     0.00000     0.00000
   -50.46970     0.00000     0.00000     0.00000     0.00000     0.00000
   -50.44670     0.00000     0.00000     0.00000     0.00000     0.00000
   -50.42370     0.00000     0.00000     0.00000     0.00000     0.00000
   -50.40070     0.00000     0.00000     0.00000     0.00000     0.00000
   -50.37670     0.00000     0.00000     0.00000     0.00000     0.00000
   -50.35370     0.00000     0.00000     0.00000     0.00000     0.00000
   -50.33070     0.00000     0.00000     0.00000     0.00000     0.00000
   -50.30770     0.00000     0.00000     0.00000     0.00000     0.00000
   -50.28470     0.00000     0.00000     0.00000     0.00000     0.00000
   -50.26170     0.00000     0.00000     0.00000     0.00000     0.00000
   -50.23770     0.00000     0.00000     0.00000     0.00000     0.00000
   -50.21470     0.00000     0.00000     0.00000     0.00000     0.00000
   -50.19170     0.00000     0.00000     0.00000     0.00000     0.00000
   -50.16870     0.00000     0.00000     0.00000     0.00000     0.00000
   -50.14570     0.00000     0.00000     0.00000     0.00000     0.00000
   -50.12170     0.00000     0.00000     0.00000     0.00000     0.00000
   -50.09870     0.00000     0.00000     0.00000     0.00000     0.00000
   -50.07570     0.00000     0.00000     0.00000     0.00000     0.00000
   -50.05270     0.00000     0.00000     0.00000     0.00000     0.00000
   -50.02970     0.00000     0.00000     0.00000     0.00000     0.00000
   -50.00570     0.00000     0.00000     0.00000     0.00000     0.00000
   -49.98270     0.00000     0.00000     0.00000     0.00000     0.00000
   -49.95970     0.00000     0.00000     0.00000     0.00000     0.00000
   -49.93670     0.00000     0.00000     0.00000     0.00000     0.00000
   -49.91370     0.00000     0.00000     0.00000     0.00000     0.00000
   -49.89070     0.00000     0.00000     0.00000     0.00000     0.00000
   -49.86670     0.00000     0.00000     0.00000     0.00000     0.00000
   -49.84370     0.00000     0.00000     0.00000     0.00000     0.00000
   -49.82070     0.00000     0.00000     0.00000     0.00000     0.00000
   -49.79770     0.00000     0.00000     0.00000     0.00000     0.00000
   -49.77470     0.00000     0.00000     0.00000     0.00000     0.00000
   -49.75070     0.00000     0.00000     0.00000     0.00000     0.00000
   -49.72770     0.00000     0.00000     0.00000     0.00000     0.00000
   -49.70470     0.00000     0.00000     0.00000     0.00000     0.00000
   -49.68170     0.00000     0.00000     0.00000     0.00000     0.00000
   -49.65870     0.00000     0.00000     0.00000     0.00000     0.00000
   -49.63570     0.00000     0.00000     0.00000     0.00000     0.00000
   -49.61170     0.00000     0.00000     0.00000     0.00000     0.00000
   -49.58870     0.00000     0.00000     0.00000     0.00000     0.00000
   -49.56570     0.00000     0.00000     0.00000     0.00000     0.00000
   -49.54270     0.00000     0.00000     0.00000     0.00000     0.00000
   -49.51970     0.00000     0.00000     0.00000     0.00000     0.00000
   -49.49570     0.00000     0.00000     0.00000     0.00000     0.00000
   -49.47270     0.00000     0.00000     0.00000     0.00000     0.00000
   -49.44970     0.00000     0.00000     0.00000     0.00000     0.00000
   -49.42670     0.00000     0.00000     0.00000     0.00000     0.00000
   -49.40370     0.00000     0.00000     0.00000     0.00000     0.00000
   -49.37970     0.00000     0.00000     0.00000     0.00000     0.00000
   -49.35670     0.00000     0.00000     0.00000     0.00000     0.00000
   -49.33370     0.00000     0.00000     0.00000     0.00000     0.00000
   -49.31070     0.00000     0.00000     0.00000     0.00000     0.00000
   -49.28770     0.00000     0.00000     0.00000     0.00000     0.00000
   -49.26470     0.00000     0.00000     0.00000     0.00000     0.00000
   -49.24070     0.00000     0.00000     0.00000     0.00000     0.00000
   -49.21770     0.00000     0.00000     0.00000     0.00000     0.00000
   -49.19470     0.00000     0.00000     0.00000     0.00000     0.00000
   -49.17170     0.00000     0.00000     0.00000     0.00000     0.00000
   -49.14870     0.00000     0.00000     0.00000     0.00000     0.00000
   -49.12470     0.00000     0.00000     0.00000     0.00000     0.00000
   -49.10170     0.00000     0.00000     0.00000     0.00000     0.00000
   -49.07870     0.00000     0.00000     0.00000     0.00000     0.00000
   -49.05570     0.00000     0.00000     0.00000     0.00000     0.00000
   -49.03270     0.00000     0.00000     0.00000     0.00000     0.00000
   -49.00970     0.00000     0.00000     0.00000     0.00000     0.00000
   -48.98570     0.00000     0.00000     0.00000     0.00000     0.00000
   -48.96270     0.00000     0.00000     0.00000     0.00000     0.00000
   -48.93970     0.00000     0.00000     0.00000     0.00000     0.00000
   -48.91670     0.00000     0.00000     0.00000     0.00000     0.00000
   -48.89370     0.00000     0.00000     0.00000     0.00000     0.00000
   -48.86970     0.00000     0.00000     0.00000     0.00000     0.00000
   -48.84670     0.00000     0.00000     0.00000     0.00000     0.00000
   -48.82370     0.00000     0.00000     0.00000     0.00000     0.00000
   -48.80070     0.00000     0.00000     0.00000     0.00000     0.00000
   -48.77770     0.00000     0.00000     0.00000     0.00000     0.00000
   -48.75370     0.00000     0.00000     0.00000     0.00000     0.00000
   -48.73070     0.00000     0.00000     0.00000     0.00000     0.00000
   -48.70770     0.00000     0.00000     0.00000     0.00000     0.00000
   -48.68470     0.00000     0.00000     0.00000     0.00000     0.00000
   -48.66170     0.00000     0.00000     0.00000     0.00000     0.00000
   -48.63870     0.00000     0.00000     0.00000     0.00000     0.00000
   -48.61470     0.00000     0.00000     0.00000     0.00000     0.00000
   -48.59170     0.00000     0.00000     0.00000     0.00000     0.00000
   -48.56870     0.00000     0.00000     0.00000     0.00000     0.00000
   -48.54570     0.00000     0.00000     0.00000     0.00000     0.00000
   -48.52270     0.00000     0.00000     0.00000     0.00000     0.00000
   -48.49870     0.00000     0.00000     0.00000     0.00000     0.00000
   -48.47570     0.00000     0.00000     0.00000     0.00000     0.00000
   -48.45270     0.00000     0.00000     0.00000     0.00000     0.00000
   -48.42970     0.00000     0.00000     0.00000     0.00000     0.00000
   -48.40670     0.00000     0.00000     0.00000     0.00000     0.00000
   -48.38370     0.00000     0.00000     0.00000     0.00000     0.00000
   -48.35970     0.00000     0.00000     0.00000     0.00000     0.00000
   -48.33670     0.00000     0.00000     0.00000     0.00000     0.00000
   -48.31370     0.00000     0.00000     0.00000     0.00000     0.00000
   -48.29070     0.00000     0.00000     0.00000     0.00000     0.00000
   -48.26770     0.00000     0.00000     0.00000     0.00000     0.00000
   -48.24370     0.00000     0.00000     0.00000     0.00000     0.00000
   -48.22070     0.00000     0.00000     0.00000     0.00000     0.00000
   -48.19770     0.00000     0.00000     0.00000     0.00000     0.00000
   -48.17470     0.00000     0.00000     0.00000     0.00000     0.00000
   -48.15170     0.00000     0.00000     0.00000     0.00000     0.00000
   -48.12770     0.00000     0.00000     0.00000     0.00000     0.00000
   -48.10470     0.00000     0.00000     0.00000     0.00000     0.00000
   -48.08170     0.00000     0.00000     0.00000     0.00000     0.00000
   -48.05870     0.00000     0.00000     0.00000     0.00000     0.00000
   -48.03570     0.00000     0.00000     0.00000     0.00000     0.00000
   -48.01270     0.00000     0.00000     0.00000     0.00000     0.00000
   -47.98870     0.00000     0.00000     0.00000     0.00000     0.00000
   -47.96570     0.00000     0.00000     0.00000     0.00000     0.00000
   -47.94270     0.00000     0.00000     0.00000     0.00000     0.00000
   -47.91970     0.00000     0.00000     0.00000     0.00000     0.00000
   -47.89670     0.00000     0.00000     0.00000     0.00000     0.00000
   -47.87270     0.00000     0.00000     0.00000     0.00000     0.00000
   -47.84970     0.00000     0.00000     0.00000     0.00000     0.00000
   -47.82670     0.00000     0.00000     0.00000     0.00000     0.00000
   -47.80370     0.00000     0.00000     0.00000     0.00000     0.00000
   -47.78070     0.00000     0.00000     0.00000     0.00000     0.00000
   -47.75770     0.00000     0.00000     0.00000     0.00000     0.00000
   -47.73370     0.00000     0.00000     0.00000     0.00000     0.00000
   -47.71070     0.00000     0.00000     0.00000     0.00000     0.00000
   -47.68770     0.00000     0.00000     0.00000     0.00000     0.00000
   -47.66470     0.00000     0.00000     0.00000     0.00000     0.00000
   -47.64170     0.00000     0.00000     0.00000     0.00000     0.00000
   -47.61770     0.00000     0.00000     0.00000     0.00000     0.00000
   -47.59470     0.00000     0.00000     0.00000     0.00000     0.00000
   -47.57170     0.00000     0.00000     0.00000     0.00000     0.00000
   -47.54870     0.00000     0.00000     0.00000     0.00000     0.00000
   -47.52570     0.00000     0.00000     0.00000     0.00000     0.00000
   -47.50170     0.00000     0.00000     0.00000     0.00000     0.00000
   -47.47870     0.00000     0.00000     0.00000     0.00000     0.00000
   -47.45570     0.00000     0.00000     0.00000     0.00000     0.00000
   -47.43270     0.00000     0.00000     0.00000     0.00000     0.00000
   -47.40970     0.00000     0.00000     0.00000     0.00000     0.00000
   -47.38670     0.00000     0.00000     0.00000     0.00000     0.00000
   -47.36270     0.00000     0.00000     0.00000     0.00000     0.00000
   -47.33970     0.00000     0.00000     0.00000     0.00000     0.00000
   -47.31670     0.00000     0.00000     0.00000     0.00000     0.00000
   -47.29370     0.00000     0.00000     0.00000     0.00000     0.00000
   -47.27070     0.00000     0.00000     0.00000     0.00000     0.00000
   -47.24670     0.00000     0.00000     0.00000     0.00000     0.00000
   -47.22370     0.00000     0.00000     0.00000     0.00000     0.00000
   -47.20070     0.00000     0.00000     0.00000     0.00000     0.00000
   -47.17770     0.00000     0.00000     0.00000     0.00000     0.00000
   -47.15470     0.00000     0.00000     0.00000     0.00000     0.00000
   -47.13070     0.00000     0.00000     0.00000     0.00000     0.00000
   -47.10770     0.00000     0.00000     0.00000     0.00000     0.00000
   -47.08470     0.00000     0.00000     0.00000     0.00000     0.00000
   -47.06170     0.00000     0.00000     0.00000     0.00000     0.00000
   -47.03870     0.00000     0.00000     0.00000     0.00000     0.00000
   -47.01570     0.00000     0.00000     0.00000     0.00000     0.00000
   -46.99170     0.00000     0.00000     0.00000     0.00000     0.00000
   -46.96870     0.00000     0.00000     0.00000     0.00000     0.00000
   -46.94570     0.00000     0.00000     0.00000     0.00000     0.00000
   -46.92270     0.00000     0.00000     0.00000     0.00000     0.00000
   -46.89970     0.00000     0.00000     0.00000     0.00000     0.00000
   -46.87570     0.00000     0.00000     0.00000     0.00000     0.00000
   -46.85270     0.00000     0.00000     0.00000     0.00000     0.00000
   -46.82970     0.00000     0.00000     0.00000     0.00000     0.00000
   -46.80670     0.00000     0.00000     0.00000     0.00000     0.00000
   -46.78370     0.00000     0.00000     0.00000     0.00000     0.00000
   -46.76070     0.00000     0.00000     0.00000     0.00000     0.00000
   -46.73670     0.00000     0.00000     0.00000     0.00000     0.00000
   -46.71370     0.00000     0.00000     0.00000     0.00000     0.00000
   -46.69070     0.00000     0.00000     0.00000     0.00000     0.00000
   -46.66770     0.00000     0.00000     0.00000     0.00000     0.00000
   -46.64470     0.00000     0.00000     0.00000     0.00000     0.00000
   -46.62070     0.00000     0.00000     0.00000     0.00000     0.00000
   -46.59770     0.00000     0.00000     0.00000     0.00000     0.00000
   -46.57470     0.00000     0.00000     0.00000     0.00000     0.00000
   -46.55170     0.00000     0.00000     0.00000     0.00000     0.00000
   -46.52870     0.00000     0.00000     0.00000     0.00000     0.00000
   -46.50470     0.00000     0.00000     0.00000     0.00000     0.00000
   -46.48170     0.00000     0.00000     0.00000     0.00000     0.00000
   -46.45870     0.00000     0.00000     0.00000     0.00000     0.00000
   -46.43570     0.00000     0.00000     0.00000     0.00000     0.00000
   -46.41270     0.00000     0.00000     0.00000     0.00000     0.00000
   -46.38970     0.00000     0.00000     0.00000     0.00000     0.00000
   -46.36570     0.00000     0.00000     0.00000     0.00000     0.00000
   -46.34270     0.00000     0.00000     0.00000     0.00000     0.00000
   -46.31970     0.00000     0.00000     0.00000     0.00000     0.00000
   -46.29670     0.00000     0.00000     0.00000     0.00000     0.00000
   -46.27370     0.00000     0.00000     0.00000     0.00000     0.00000
   -46.24970     0.00000     0.00000     0.00000     0.00000     0.00000
   -46.22670     0.00000     0.00000     0.00000     0.00000     0.00000
   -46.20370     0.00000     0.00000     0.00000     0.00000     0.00000
   -46.18070     0.00000     0.00000     0.00000     0.00000     0.00000
   -46.15770     0.00000     0.00000     0.00000     0.00000     0.00000
   -46.13470     0.00000     0.00000     0.00000     0.00000     0.00000
   -46.11070     0.00000     0.00000     0.00000     0.00000     0.00000
   -46.08770     0.00000     0.00000     0.00000     0.00000     0.00000
   -46.06470     0.00000     0.00000     0.00000     0.00000     0.00000
   -46.04170     0.00000     0.00000     0.00000     0.00000     0.00000
   -46.01870     0.00000     0.00000     0.00000     0.00000     0.00000
   -45.99470     0.00000     0.00000     0.00000     0.00000     0.00000
   -45.97170     0.00000     0.00000     0.00000     0.00000     0.00000
   -45.94870     0.00000     0.00000     0.00000     0.00000     0.00000
   -45.92570     0.00000     0.00000     0.00000     0.00000     0.00000
   -45.90270     0.00000     0.00000     0.00000     0.00000     0.00000
   -45.87870     0.00000     0.00000     0.00000     0.00000     0.00000
   -45.85570     0.00000     0.00000     0.00000     0.00000     0.00000
   -45.83270     0.00000     0.00000     0.00000     0.00000     0.00000
   -45.80970     0.00000     0.00000     0.00000     0.00000     0.00000
   -45.78670     0.00000     0.00000     0.00000     0.00000     0.00000
   -45.76370     0.00000     0.00000     0.00000     0.00000     0.00000
   -45.73970     0.00000     0.00000     0.00000     0.00000     0.00000
   -45.71670     0.00000     0.00000     0.00000     0.00000     0.00000
   -45.69370     0.00000     0.00000     0.00000     0.00000     0.00000
   -45.67070     0.00000     0.00000     0.00000     0.00000     0.00000
   -45.64770     0.00000     0.00000     0.00000     0.00000     0.00000
   -45.62370     0.00000     0.00000     0.00000     0.00000     0.00000
   -45.60070     0.00000     0.00000     0.00000     0.00000     0.00000
   -45.57770     0.00000     0.00000     0.00000     0.00000     0.00000
   -45.55470     0.00000     0.00000     0.00000     0.00000     0.00000
   -45.53170     0.00000     0.00000     0.00000     0.00000     0.00000
   -45.50870     0.00000     0.00000     0.00000     0.00000     0.00000
   -45.48470     0.00000     0.00000     0.00000     0.00000     0.00000
   -45.46170     0.00000     0.00000     0.00000     0.00000     0.00000
   -45.43870     0.00000     0.00000     0.00000     0.00000     0.00000
   -45.41570     0.00000     0.00000     0.00000     0.00000     0.00000
   -45.39270     0.00000     0.00000     0.00000     0.00000     0.00000
   -45.36870     0.00000     0.00000     0.00000     0.00000     0.00000
   -45.34570     0.00000     0.00000     0.00000     0.00000     0.00000
   -45.32270     0.00000     0.00000     0.00000     0.00000     0.00000
   -45.29970     0.00000     0.00000     0.00000     0.00000     0.00000
   -45.27670     0.00000     0.00000     0.00000     0.00000     0.00000
   -45.25270     0.00000     0.00000     0.00000     0.00000     0.00000
   -45.22970     0.00000     0.00000     0.00000     0.00000     0.00000
   -45.20670     0.00000     0.00000     0.00000     0.00000     0.00000
   -45.18370     0.00000     0.00000     0.00000     0.00000     0.00000
   -45.16070     0.00000     0.00000     0.00000     0.00000     0.00000
   -45.13770     0.00000     0.00000     0.00000     0.00000     0.00000
   -45.11370     0.00000     0.00000     0.00000     0.00000     0.00000
   -45.09070     0.00000     0.00000     0.00000     0.00000     0.00000
   -45.06770     0.00000     0.00000     0.00000     0.00000     0.00000
   -45.04470     0.00000     0.00000     0.00000     0.00000     0.00000
   -45.02170     0.00000     0.00000     0.00000     0.00000     0.00000
   -44.99770     0.00000     0.00000     0.00000     0.00000     0.00000
   -44.97470     0.00000     0.00000     0.00000     0.00000     0.00000
   -44.95170     0.00000     0.00000     0.00000     0.00000     0.00000
   -44.92870     0.00000     0.00000     0.00000     0.00000     0.00000
   -44.90570     0.00000     0.00000     0.00000     0.00000     0.00000
   -44.88170     0.00000     0.00000     0.00000     0.00000     0.00000
   -44.85870     0.00000     0.00000     0.00000     0.00000     0.00000
   -44.83570     0.00000     0.00000     0.00000     0.00000     0.00000
   -44.81270     0.00000     0.00000     0.00000     0.00000     0.00000
   -44.78970     0.00000     0.00000     0.00000     0.00000     0.00000
   -44.76670     0.00000     0.00000     0.00000     0.00000     0.00000
   -44.74270     0.00000     0.00000     0.00000     0.00000     0.00000
   -44.71970     0.00000     0.00000     0.00000     0.00000     0.00000
   -44.69670     0.00000     0.00000     0.00000     0.00000     0.00000
   -44.67370     0.00000     0.00000     0.00000     0.00000     0.00000
   -44.65070     0.00000     0.00000     0.00000     0.00000     0.00000
   -44.62670     0.00000     0.00000     0.00000     0.00000     0.00000
   -44.60370     0.00000     0.00000     0.00000     0.00000     0.00000
   -44.58070     0.00000     0.00000     0.00000     0.00000     0.00000
   -44.55770     0.00000     0.00000     0.00000     0.00000     0.00000
   -44.53470     0.00000     0.00000     0.00000     0.00000     0.00000
   -44.51170     0.00000     0.00000     0.00000     0.00000     0.00000
   -44.48770     0.00000     0.00000     0.00000     0.00000     0.00000
   -44.46470     0.00000     0.00000     0.00000     0.00000     0.00000
   -44.44170     0.00000     0.00000     0.00000     0.00000     0.00000
   -44.41870     0.00000     0.00000     0.00000     0.00000     0.00000
   -44.39570     0.00000     0.00000     0.00000     0.00000     0.00000
   -44.37170     0.00000     0.00000     0.00000     0.00000     0.00000
   -44.34870     0.00000     0.00000     0.00000     0.00000     0.00000
   -44.32570     0.00000     0.00000     0.00000     0.00000     0.00000
   -44.30270     0.00000     0.00000     0.00000     0.00000     0.00000
   -44.27970     0.00000     0.00000     0.00000     0.00000     0.00000
   -44.25570     0.00000     0.00000     0.00000     0.00000     0.00000
   -44.23270     0.00000     0.00000     0.00000     0.00000     0.00000
   -44.20970     0.00000     0.00000     0.00000     0.00000     0.00000
   -44.18670     0.00000     0.00000     0.00000     0.00000     0.00000
   -44.16370     0.00000     0.00000     0.00000     0.00000     0.00000
   -44.14070     0.00000     0.00000     0.00000     0.00000     0.00000
   -44.11670     0.00000     0.00000     0.00000     0.00000     0.00000
   -44.09370     0.00000     0.00000     0.00000     0.00000     0.00000
   -44.07070     0.00000     0.00000     0.00000     0.00000     0.00000
   -44.04770     0.00000     0.00000     0.00000     0.00000     0.00000
   -44.02470     0.00000     0.00000     0.00000     0.00000     0.00000
   -44.00070     0.00000     0.00000     0.00000     0.00000     0.00000
   -43.97770     0.00000     0.00000     0.00000     0.00000     0.00000
   -43.95470     0.00000     0.00000     0.00000     0.00000     0.00000
   -43.93170     0.00000     0.00000     0.00000     0.00000     0.00000
   -43.90870     0.00000     0.00000     0.00000     0.00000     0.00000
   -43.88570     0.00000     0.00000     0.00000     0.00000     0.00000
   -43.86170     0.00000     0.00000     0.00000     0.00000     0.00000
   -43.83870     0.00000     0.00000     0.00000     0.00000     0.00000
   -43.81570     0.00000     0.00000     0.00000     0.00000     0.00000
   -43.79270     0.00000     0.00000     0.00000     0.00000     0.00000
   -43.76970     0.00000     0.00000     0.00000     0.00000     0.00000
   -43.74570     0.00000     0.00000     0.00000     0.00000     0.00000
   -43.72270     0.00000     0.00000     0.00000     0.00000     0.00000
   -43.69970     0.00000     0.00000     0.00000     0.00000     0.00000
   -43.67670     0.00000     0.00000     0.00000     0.00000     0.00000
   -43.65370     0.00000     0.00000     0.00000     0.00000     0.00000
   -43.62970     0.00000     0.00000     0.00000     0.00000     0.00000
   -43.60670     0.00000     0.00000     0.00000     0.00000     0.00000
   -43.58370     0.00000     0.00000     0.00000     0.00000     0.00000
   -43.56070     0.00000     0.00000     0.00000     0.00000     0.00000
   -43.53770     0.00000     0.00000     0.00000     0.00000     0.00000
   -43.51470     0.00000     0.00000     0.00000     0.00000     0.00000
   -43.49070     0.00000     0.00000     0.00000     0.00000     0.00000
   -43.46770     0.00000     0.00000     0.00000     0.00000     0.00000
   -43.44470     0.00000     0.00000     0.00000     0.00000     0.00000
   -43.42170     0.00000     0.00000     0.00000     0.00000     0.00000
   -43.39870     0.00000     0.00000     0.00000     0.00000     0.00000
   -43.37470     0.00000     0.00000     0.00000     0.00000     0.00000
   -43.35170     0.00000     0.00000     0.00000     0.00000     0.00000
   -43.32870     0.00000     0.00000     0.00000     0.00000     0.00000
   -43.30570     0.00000     0.00000     0.00000     0.00000     0.00000
   -43.28270     0.00000     0.00000     0.00000     0.00000     0.00000
   -43.25970     0.00000     0.00000     0.00000     0.00000     0.00000
   -43.23570     0.00000     0.00000     0.00000     0.00000     0.00000
   -43.21270     0.00000     0.00000     0.00000     0.00000     0.00000
   -43.18970     0.00000     0.00000     0.00000     0.00000     0.00000
   -43.16670     0.00000     0.00000     0.00000     0.00000     0.00000
   -43.14370     0.00000     0.00000     0.00000     0.00000     0.00000
   -43.11970     0.00000     0.00000     0.00000     0.00000     0.00000
   -43.09670     0.00000     0.00000     0.00000     0.00000     0.00000
   -43.07370     0.00000     0.00000     0.00000     0.00000     0.00000
   -43.05070     0.00000     0.00000     0.00000     0.00000     0.00000
   -43.02770     0.00000     0.00000     0.00000     0.00000     0.00000
   -43.00370     0.00000     0.00000     0.00000     0.00000     0.00000
   -42.98070     0.00000     0.00000     0.00000     0.00000     0.00000
   -42.95770     0.00000     0.00000     0.00000     0.00000     0.00000
   -42.93470     0.00000     0.00000     0.00000     0.00000     0.00000
   -42.91170     0.00000     0.00000     0.00000     0.00000     0.00000
   -42.88870     0.00000     0.00000     0.00000     0.00000     0.00000
   -42.86470     0.00000     0.00000     0.00000     0.00000     0.00000
   -42.84170     0.00000     0.00000     0.00000     0.00000     0.00000
   -42.81870     0.00000     0.00000     0.00000     0.00000     0.00000
   -42.79570     0.00000     0.00000     0.00000     0.00000     0.00000
   -42.77270     0.00000     0.00000     0.00000     0.00000     0.00000
   -42.74870     0.00000     0.00000     0.00000     0.00000     0.00000
   -42.72570     0.00000     0.00000     0.00000     0.00000     0.00000
   -42.70270     0.00000     0.00000     0.00000     0.00000     0.00000
   -42.67970     0.00000     0.00000     0.00000     0.00000     0.00000
   -42.65670     0.00000     0.00000     0.00000     0.00000     0.00000
   -42.63370     0.00000     0.00000     0.00000     0.00000     0.00000
   -42.60970     0.00000     0.00000     0.00000     0.00000     0.00000
   -42.58670     0.00000     0.00000     0.00000     0.00000     0.00000
   -42.56370     0.00000     0.00000     0.00000     0.00000     0.00000
   -42.54070     0.00000     0.00000     0.00000     0.00000     0.00000
   -42.51770     0.00000     0.00000     0.00000     0.00000     0.00000
   -42.49370     0.00000     0.00000     0.00000     0.00000     0.00000
   -42.47070     0.00000     0.00000     0.00000     0.00000     0.00000
   -42.44770     0.00000     0.00000     0.00000     0.00000     0.00000
   -42.42470     0.00000     0.00000     0.00000     0.00000     0.00000
   -42.40170     0.00000     0.00000     0.00000     0.00000     0.00000
   -42.37770     0.00000     0.00000     0.00000     0.00000     0.00000
   -42.35470     0.00000     0.00000     0.00000     0.00000     0.00000
   -42.33170     0.00000     0.00000     0.00000     0.00000     0.00000
   -42.30870     0.00000     0.00000     0.00000     0.00000     0.00000
   -42.28570     0.00000     0.00000     0.00000     0.00000     0.00000
   -42.26270     0.00000     0.00000     0.00000     0.00000     0.00000
   -42.23870     0.00000     0.00000     0.00000     0.00000     0.00000
   -42.21570     0.00000     0.00000     0.00000     0.00000     0.00000
   -42.19270     0.00000     0.00000     0.00000     0.00000     0.00000
   -42.16970     0.00000     0.00000     0.00000     0.00000     0.00000
   -42.14670     0.00000     0.00000     0.00000     0.00000     0.00000
   -42.12270     0.00000     0.00000     0.00000     0.00000     0.00000
   -42.09970     0.00000     0.00000     0.00000     0.00000     0.00000
   -42.07670     0.00000     0.00000     0.00000     0.00000     0.00000
   -42.05370     0.00000     0.00000     0.00000     0.00000     0.00000
   -42.03070     0.00000     0.00000     0.00000     0.00000     0.00000
   -42.00670     0.00000     0.00000     0.00000     0.00000     0.00000
   -41.98370     0.00000     0.00000     0.00000     0.00000     0.00000
   -41.96070     0.00000     0.00000     0.00000     0.00000     0.00000
   -41.93770     0.00000     0.00000     0.00000     0.00000     0.00000
   -41.91470     0.00000     0.00000     0.00000     0.00000     0.00000
   -41.89170     0.00000     0.00000     0.00000     0.00000     0.00000
   -41.86770     0.00000     0.00000     0.00000     0.00000     0.00000
   -41.84470     0.00000     0.00000     0.00000     0.00000     0.00000
   -41.82170     0.00000     0.00000     0.00000     0.00000     0.00000
   -41.79870     0.00000     0.00000     0.00000     0.00000     0.00000
   -41.77570     0.00000     0.00000     0.00000     0.00000     0.00000
   -41.75170     0.00000     0.00000     0.00000     0.00000     0.00000
   -41.72870     0.00000     0.00000     0.00000     0.00000     0.00000
   -41.70570     0.00000     0.00000     0.00000     0.00000     0.00000
   -41.68270     0.00000     0.00000     0.00000     0.00000     0.00000
   -41.65970     0.00000     0.00000     0.00000     0.00000     0.00000
   -41.63670     0.00000     0.00000     0.00000     0.00000     0.00000
   -41.61270     0.00000     0.00000     0.00000     0.00000     0.00000
   -41.58970     0.00000     0.00000     0.00000     0.00000     0.00000
   -41.56670     0.00000     0.00000     0.00000     0.00000     0.00000
   -41.54370     0.00000     0.00000     0.00000     0.00000     0.00000
   -41.52070     0.00000     0.00000     0.00000     0.00000     0.00000
   -41.49670     0.00000     0.00000     0.00000     0.00000     0.00000
   -41.47370     0.00000     0.00000     0.00000     0.00000     0.00000
   -41.45070     0.00000     0.00000     0.00000     0.00000     0.00000
   -41.42770     0.00000     0.00000     0.00000     0.00000     0.00000
   -41.40470     0.00000     0.00000     0.00000     0.00000     0.00000
   -41.38070     0.00000     0.00000     0.00000     0.00000     0.00000
   -41.35770     0.00000     0.00000     0.00000     0.00000     0.00000
   -41.33470     0.00000     0.00000     0.00000     0.00000     0.00000
   -41.31170     0.00000     0.00000     0.00000     0.00000     0.00000
   -41.28870     0.00000     0.00000     0.00000     0.00000     0.00000
   -41.26570     0.00000     0.00000     0.00000     0.00000     0.00000
   -41.24170     0.00000     0.00000     0.00000     0.00000     0.00000
   -41.21870     0.00000     0.00000     0.00000     0.00000     0.00000
   -41.19570     0.00000     0.00000     0.00000     0.00000     0.00000
   -41.17270     0.00000     0.00000     0.00000     0.00000     0.00000
   -41.14970     0.00000     0.00000     0.00000     0.00000     0.00000
   -41.12570     0.00000     0.00000     0.00000     0.00000     0.00000
   -41.10270     0.00000     0.00000     0.00000     0.00000     0.00000
   -41.07970     0.00000     0.00000     0.00000     0.00000     0.00000
   -41.05670     0.00000     0.00000     0.00000     0.00000     0.00000
   -41.03370     0.00000     0.00000     0.00000     0.00000     0.00000
   -41.01070     0.00000     0.00000     0.00000     0.00000     0.00000
   -40.98670     0.00000     0.00000     0.00000     0.00000     0.00000
   -40.96370     0.00000     0.00000     0.00000     0.00000     0.00000
   -40.94070     0.00000     0.00000     0.00000     0.00000     0.00000
   -40.91770     0.00000     0.00000     0.00000     0.00000     0.00000
   -40.89470     0.00000     0.00000     0.00000     0.00000     0.00000
   -40.87070     0.00000     0.00000     0.00000     0.00000     0.00000
   -40.84770     0.00000     0.00000     0.00000     0.00000     0.00000
   -40.82470     0.00000     0.00000     0.00000     0.00000     0.00000
   -40.80170     0.00000     0.00000     0.00000     0.00000     0.00000
   -40.77870     0.00000     0.00000     0.00000     0.00000     0.00000
   -40.75470     0.00000     0.00000     0.00000     0.00000     0.00000
   -40.73170     0.00000     0.00000     0.00000     0.00000     0.00000
   -40.70870     0.00000     0.00000     0.00000     0.00000     0.00000
   -40.68570     0.00000     0.00000     0.00000     0.00000     0.00000
   -40.66270     0.00000     0.00000     0.00000     0.00000     0.00000
   -40.63970     0.00000     0.00000     0.00000     0.00000     0.00000
   -40.61570     0.00000     0.00000     0.00000     0.00000     0.00000
   -40.59270     0.00000     0.00000     0.00000     0.00000     0.00000
   -40.56970     0.00000     0.00000     0.00000     0.00000     0.00000
   -40.54670     0.00000     0.00000     0.00000     0.00000     0.00000
   -40.52370     0.00000     0.00000     0.00000     0.00000     0.00000
   -40.49970     0.00000     0.00000     0.00000     0.00000     0.00000
   -40.47670     0.00000     0.00000     0.00000     0.00000     0.00000
   -40.45370     0.00000     0.00000     0.00000     0.00000     0.00000
   -40.43070     0.00000     0.00000     0.00000     0.00000     0.00000
   -40.40770     0.00000     0.00000     0.00000     0.00000     0.00000
   -40.38470     0.00000     0.00000     0.00000     0.00000     0.00000
   -40.36070     0.00000     0.00000     0.00000     0.00000     0.00000
   -40.33770     0.00000     0.00000     0.00000     0.00000     0.00000
   -40.31470     0.00000     0.00000     0.00000     0.00000     0.00000
   -40.29170     0.00000     0.00000     0.00000     0.00000     0.00000
   -40.26870     0.00000     0.00000     0.00000     0.00000     0.00000
   -40.24470     0.00000     0.00000     0.00000     0.00000     0.00000
   -40.22170     0.00000     0.00000     0.00000     0.00000     0.00000
   -40.19870     0.00000     0.00000     0.00000     0.00000     0.00000
   -40.17570     0.00000     0.00000     0.00000     0.00000     0.00000
   -40.15270     0.00000     0.00000     0.00000     0.00000     0.00000
   -40.12870     0.00000     0.00000     0.00000     0.00000     0.00000
   -40.10570     0.00000     0.00000     0.00000     0.00000     0.00000
   -40.08270     0.00000     0.00000     0.00000     0.00000     0.00000
   -40.05970     0.00000     0.00000     0.00000     0.00000     0.00000
   -40.03670     0.00000     0.00000     0.00000     0.00000     0.00000
   -40.01370     0.00000     0.00000     0.00000     0.00000     0.00000
   -39.98970     0.00000     0.00000     0.00000     0.00000     0.00000
   -39.96670     0.00000     0.00000     0.00000     0.00000     0.00000
   -39.94370     0.00000     0.00000     0.00000     0.00000     0.00000
   -39.92070     0.00000     0.00000     0.00000     0.00000     0.00000
   -39.89770     0.00000     0.00000     0.00000     0.00000     0.00000
   -39.87370     0.00000     0.00000     0.00000     0.00000     0.00000
   -39.85070     0.00000     0.00000     0.00000     0.00000     0.00000
   -39.82770     0.00000     0.00000     0.00000     0.00000     0.00000
   -39.80470     0.00000     0.00000     0.00000     0.00000     0.00000
   -39.78170     0.00000     0.00000     0.00000     0.00000     0.00000
   -39.75770     0.00000     0.00000     0.00000     0.00000     0.00000
   -39.73470     0.00000     0.00000     0.00000     0.00000     0.00000
   -39.71170     0.00000     0.00000     0.00000     0.00000     0.00000
   -39.68870     0.00000     0.00000     0.00000     0.00000     0.00000
   -39.66570     0.00000     0.00000     0.00000     0.00000     0.00000
   -39.64270     0.00000     0.00000     0.00000     0.00000     0.00000
   -39.61870     0.00000     0.00000     0.00000     0.00000     0.00000
   -39.59570     0.00000     0.00000     0.00000     0.00000     0.00000
   -39.57270     0.00000     0.00000     0.00000     0.00000     0.00000
   -39.54970     0.00000     0.00000     0.00000     0.00000     0.00000
   -39.52670     0.00000     0.00000     0.00000     0.00000     0.00000
   -39.50270     0.00000     0.00000     0.00000     0.00000     0.00000
   -39.47970     0.00000     0.00000     0.00000     0.00000     0.00000
   -39.45670     0.00000     0.00000     0.00000     0.00000     0.00000
   -39.43370     0.00000     0.00000     0.00000     0.00000     0.00000
   -39.41070     0.00000     0.00000     0.00000     0.00000     0.00000
   -39.38770     0.00000     0.00000     0.00000     0.00000     0.00000
   -39.36370     0.00000     0.00000     0.00000     0.00000     0.00000
   -39.34070     0.00000     0.00000     0.00000     0.00000     0.00000
   -39.31770     0.00000     0.00000     0.00000     0.00000     0.00000
   -39.29470     0.00000     0.00000     0.00000     0.00000     0.00000
   -39.27170     0.00000     0.00000     0.00000     0.00000     0.00000
   -39.24770     0.00000     0.00000     0.00000     0.00000     0.00000
   -39.22470     0.00000     0.00000     0.00000     0.00000     0.00000
   -39.20170     0.00000     0.00000     0.00000     0.00000     0.00000
   -39.17870     0.00000     0.00000     0.00000     0.00000     0.00000
   -39.15570     0.00000     0.00000     0.00000     0.00000     0.00000
   -39.13170     0.00000     0.00000     0.00000     0.00000     0.00000
   -39.10870     0.00000     0.00000     0.00000     0.00000     0.00000
   -39.08570     0.00000     0.00000     0.00000     0.00000     0.00000
   -39.06270     0.00000     0.00000     0.00000     0.00000     0.00000
   -39.03970     0.00000     0.00000     0.00000     0.00000     0.00000
   -39.01670     0.00000     0.00000     0.00000     0.00000     0.00000
   -38.99270     0.00000     0.00000     0.00000     0.00000     0.00000
   -38.96970     0.00000     0.00000     0.00000     0.00000     0.00000
   -38.94670     0.00000     0.00000     0.00000     0.00000     0.00000
   -38.92370     0.00000     0.00000     0.00000     0.00000     0.00000
   -38.90070     0.00000     0.00000     0.00000     0.00000     0.00000
   -38.87670     0.00000     0.00000     0.00000     0.00000     0.00000
   -38.85370     0.00000     0.00000     0.00000     0.00000     0.00000
   -38.83070     0.00000     0.00000     0.00000     0.00000     0.00000
   -38.80770     0.00000     0.00000     0.00000     0.00000     0.00000
   -38.78470     0.00000     0.00000     0.00000     0.00000     0.00000
   -38.76170     0.00000     0.00000     0.00000     0.00000     0.00000
   -38.73770     0.00000     0.00000     0.00000     0.00000     0.00000
   -38.71470     0.00000     0.00000     0.00000     0.00000     0.00000
   -38.69170     0.00000     0.00000     0.00000     0.00000     0.00000
   -38.66870     0.00000     0.00000     0.00000     0.00000     0.00000
   -38.64570     0.00000     0.00000     0.00000     0.00000     0.00000
   -38.62170     0.00000     0.00000     0.00000     0.00000     0.00000
   -38.59870     0.00000     0.00000     0.00000     0.00000     0.00000
   -38.57570     0.00000     0.00000     0.00000     0.00000     0.00000
   -38.55270     0.00000     0.00000     0.00000     0.00000     0.00000
   -38.52970     0.00000     0.00000     0.00000     0.00000     0.00000
   -38.50570     0.00000     0.00000     0.00000     0.00000     0.00000
   -38.48270     0.00000     0.00000     0.00000     0.00000     0.00000
   -38.45970     0.00000     0.00000     0.00000     0.00000     0.00000
   -38.43670     0.00000     0.00000     0.00000     0.00000     0.00000
   -38.41370     0.00000     0.00000     0.00000     0.00000     0.00000
   -38.39070     0.00000     0.00000     0.00000     0.00000     0.00000
   -38.36670     0.00000     0.00000     0.00000     0.00000     0.00000
   -38.34370     0.00000     0.00000     0.00000     0.00000     0.00000
   -38.32070     0.00000     0.00000     0.00000     0.00000     0.00000
   -38.29770     0.00000     0.00000     0.00000     0.00000     0.00000
   -38.27470     0.00000     0.00000     0.00000     0.00000     0.00000
   -38.25070     0.00000     0.00000     0.00000     0.00000     0.00000
   -38.22770     0.00000     0.00000     0.00000     0.00000     0.00000
   -38.20470     0.00000     0.00000     0.00000     0.00000     0.00000
   -38.18170     0.00000     0.00000     0.00000     0.00000     0.00000
   -38.15870     0.00000     0.00000     0.00000     0.00000     0.00000
   -38.13570     0.00000     0.00000     0.00000     0.00000     0.00000
   -38.11170     0.00000     0.00000     0.00000     0.00000     0.00000
   -38.08870     0.00000     0.00000     0.00000     0.00000     0.00000
   -38.06570     0.00000     0.00000     0.00000     0.00000     0.00000
   -38.04270     0.00000     0.00000     0.00000     0.00000     0.00000
   -38.01970     0.00000     0.00000     0.00000     0.00000     0.00000
   -37.99570     0.00000     0.00000     0.00000     0.00000     0.00000
   -37.97270     0.00000     0.00000     0.00000     0.00000     0.00000
   -37.94970     0.00000     0.00000     0.00000     0.00000     0.00000
   -37.92670     0.00000     0.00000     0.00000     0.00000     0.00000
   -37.90370     0.00000     0.00000     0.00000     0.00000     0.00000
   -37.87970     0.00000     0.00000     0.00000     0.00000     0.00000
   -37.85670     0.00000     0.00000     0.00000     0.00000     0.00000
   -37.83370     0.00000     0.00000     0.00000     0.00000     0.00000
   -37.81070     0.00000     0.00000     0.00000     0.00000     0.00000
   -37.78770     0.00000     0.00000     0.00000     0.00000     0.00000
   -37.76470     0.00000     0.00000     0.00000     0.00000     0.00000
   -37.74070     0.00000     0.00000     0.00000     0.00000     0.00000
   -37.71770     0.00000     0.00000     0.00000     0.00000     0.00000
   -37.69470     0.00000     0.00000     0.00000     0.00000     0.00000
   -37.67170     0.00000     0.00000     0.00000     0.00000     0.00000
   -37.64870     0.00000     0.00000     0.00000     0.00000     0.00000
   -37.62470     0.00000     0.00000     0.00000     0.00000     0.00000
   -37.60170     0.00000     0.00000     0.00000     0.00000     0.00000
   -37.57870     0.00000     0.00000     0.00000     0.00000     0.00000
   -37.55570     0.00000     0.00000     0.00000     0.00000     0.00000
   -37.53270     0.00000     0.00000     0.00000     0.00000     0.00000
   -37.50970     0.00000     0.00000     0.00000     0.00000     0.00000
   -37.48570     0.00000     0.00000     0.00000     0.00000     0.00000
   -37.46270     0.00000     0.00000     0.00000     0.00000     0.00000
   -37.43970     0.00000     0.00000     0.00000     0.00000     0.00000
   -37.41670     0.00000     0.00000     0.00000     0.00000     0.00000
   -37.39370     0.00000     0.00000     0.00000     0.00000     0.00000
   -37.36970     0.00000     0.00000     0.00000     0.00000     0.00000
   -37.34670     0.00000     0.00000     0.00000     0.00000     0.00000
   -37.32370     0.00000     0.00000     0.00000     0.00000     0.00000
   -37.30070     0.00000     0.00000     0.00000     0.00000     0.00000
   -37.27770     0.00000     0.00000     0.00000     0.00000     0.00000
   -37.25370     0.00000     0.00000     0.00000     0.00000     0.00000
   -37.23070     0.00000     0.00000     0.00000     0.00000     0.00000
   -37.20770     0.00000     0.00000     0.00000     0.00000     0.00000
   -37.18470     0.00000     0.00000     0.00000     0.00000     0.00000
   -37.16170     0.00000     0.00000     0.00000     0.00000     0.00000
   -37.13870     0.00000     0.00000     0.00000     0.00000     0.00000
   -37.11470     0.00000     0.00000     0.00000     0.00000     0.00000
   -37.09170     0.00000     0.00000     0.00000     0.00000     0.00000
   -37.06870     0.00000     0.00000     0.00000     0.00000     0.00000
   -37.04570     0.00000     0.00000     0.00000     0.00000     0.00000
   -37.02270     0.00000     0.00000     0.00000     0.00000     0.00000
   -36.99870     0.00000     0.00000     0.00000     0.00000     0.00000
   -36.97570     0.00000     0.00000     0.00000     0.00000     0.00000
   -36.95270     0.00000     0.00000     0.00000     0.00000     0.00000
   -36.92970     0.00000     0.00000     0.00000     0.00000     0.00000
   -36.90670     0.00000     0.00000     0.00000     0.00000     0.00000
   -36.88270     0.00000     0.00000     0.00000     0.00000     0.00000
   -36.85970     0.00000     0.00000     0.00000     0.00000     0.00000
   -36.83670     0.00000     0.00000     0.00000     0.00000     0.00000
   -36.81370     0.00000     0.00000     0.00000     0.00000     0.00000
   -36.79070     0.00000     0.00000     0.00000     0.00000     0.00000
   -36.76770     0.00000     0.00000     0.00000     0.00000     0.00000
   -36.74370     0.00000     0.00000     0.00000     0.00000     0.00000
   -36.72070     0.00000     0.00000     0.00000     0.00000     0.00000
   -36.69770     0.00000     0.00000     0.00000     0.00000     0.00000
   -36.67470     0.00000     0.00001     0.00000     0.00000     0.00000
   -36.65170     0.00000     0.00001     0.00000     0.00000     0.00000
   -36.62770     0.00000     0.00003     0.00000     0.00000     0.00000
   -36.60470     0.00000     0.00008     0.00000     0.00000     0.00000
   -36.58170     0.00000     0.00018     0.00000     0.00000     0.00000
   -36.55870     0.00000     0.00040     0.00000     0.00000     0.00000
   -36.53570     0.00000     0.00085     0.00000     0.00000     0.00000
   -36.51270     0.00000     0.00180     0.00000     0.00000     0.00000
   -36.48870     0.00000     0.00369     0.00000     0.00000     0.00000
   -36.46570     0.00000     0.00738     0.00000     0.00000     0.00000
   -36.44270     0.00000     0.01442     0.00001     0.00000     0.00000
   -36.41970     0.00000     0.02749     0.00001     0.00001     0.00000
   -36.39670     0.00001     0.05116     0.00002     0.00001     0.00000
   -36.37270     0.00001     0.09293     0.00004     0.00002     0.00000
   -36.34970     0.00003     0.16482     0.00007     0.00003     0.00001
   -36.32670     0.00005     0.28547     0.00012     0.00006     0.00001
   -36.30370     0.00008     0.48297     0.00020     0.00010     0.00002
   -36.28070     0.00014     0.79832     0.00034     0.00016     0.00004
   -36.25670     0.00023     1.28955     0.00056     0.00026     0.00006
   -36.23370     0.00037     2.03626     0.00090     0.00041     0.00010
   -36.21070     0.00058     3.14379     0.00142     0.00064     0.00015
   -36.18770     0.00090     4.74754     0.00220     0.00097     0.00024
   -36.16470     0.00137     7.01462     0.00334     0.00143     0.00035
   -36.14170     0.00204    10.14365     0.00495     0.00206     0.00051
   -36.11770     0.00297    14.36218     0.00720     0.00291     0.00072
   -36.09470     0.00424    19.91787     0.01025     0.00399     0.00099
   -36.07170     0.00594    27.06748     0.01430     0.00536     0.00134
   -36.04870     0.00817    36.05775     0.01957     0.00702     0.00177
   -36.02570     0.01103    47.10893     0.02626     0.00898     0.00229
   -36.00170     0.01462    60.39063     0.03457     0.01122     0.00290
   -35.97870     0.01905    75.99433     0.04466     0.01370     0.00359
   -35.95570     0.02440    93.92112     0.05663     0.01634     0.00436
   -35.93270     0.03073   114.05774     0.07051     0.01905     0.00518
   -35.90970     0.03806   136.17403     0.08625     0.02171     0.00603
   -35.88670     0.04638   159.91508     0.10368     0.02419     0.00689
   -35.86270     0.05562   184.82032     0.12252     0.02637     0.00772
   -35.83970     0.06565   210.33036     0.14239     0.02811     0.00849
   -35.81670     0.07630   235.84200     0.16286     0.02934     0.00918
   -35.79370     0.08735   260.71280     0.18342     0.02999     0.00976
   -35.77070     0.09850   284.31860     0.20352     0.03002     0.01022
   -35.74670     0.10950   306.07040     0.22269     0.02947     0.01053
   -35.72370     0.11999   325.50940     0.24046     0.02839     0.01071
   -35.70070     0.12973   342.27750     0.25652     0.02686     0.01076
   -35.67770     0.13843   356.15920     0.27064     0.02499     0.01069
   -35.65470     0.14588   367.06090     0.28277     0.02291     0.01051
   -35.63070     0.15195   375.10810     0.29298     0.02073     0.01025
   -35.60770     0.15654   380.45800     0.30151     0.01858     0.00993
   -35.58470     0.15965   383.49290     0.30871     0.01653     0.00958
   -35.56170     0.16135   384.57320     0.31501     0.01465     0.00921
   -35.53870     0.16173   384.21780     0.32091     0.01300     0.00884
   -35.51570     0.16094   382.86880     0.32691     0.01160     0.00850
   -35.49170     0.15915   381.03380     0.33350     0.01044     0.00820
   -35.46870     0.15653   379.19260     0.34110     0.00951     0.00792
   -35.44570     0.15326   377.77150     0.35005     0.00878     0.00770
   -35.42270     0.14950   377.13120     0.36057     0.00822     0.00752
   -35.39970     0.14540   377.62090     0.37273     0.00780     0.00737
   -35.37570     0.14111   379.44750     0.38651     0.00749     0.00726
   -35.35270     0.13676   382.81660     0.40177     0.00725     0.00717
   -35.32970     0.13245   387.79430     0.41819     0.00705     0.00709
   -35.30670     0.12830   394.39500     0.43542     0.00688     0.00701
   -35.28370     0.12440   402.58230     0.45299     0.00673     0.00693
   -35.26070     0.12080   412.18910     0.47045     0.00657     0.00684
   -35.23670     0.11757   423.00390     0.48727     0.00641     0.00673
   -35.21370     0.11474   434.77970     0.50298     0.00623     0.00661
   -35.19070     0.11231   447.20660     0.51711     0.00605     0.00646
   -35.16770     0.11029   459.99080     0.52932     0.00584     0.00628
   -35.14470     0.10864   472.79200     0.53931     0.00563     0.00609
   -35.12070     0.10733   485.34750     0.54685     0.00541     0.00588
   -35.09770     0.10630   497.41080     0.55181     0.00518     0.00565
   -35.07470     0.10551   508.83670     0.55420     0.00495     0.00541
   -35.05170     0.10489   519.56680     0.55404     0.00472     0.00516
   -35.02870     0.10439   529.56130     0.55147     0.00449     0.00491
   -35.00470     0.10395   538.87150     0.54662     0.00428     0.00465
   -34.98170     0.10350   547.61700     0.53969     0.00407     0.00439
   -34.95870     0.10300   555.83850     0.53085     0.00388     0.00414
   -34.93570     0.10237   563.57170     0.52027     0.00370     0.00391
   -34.91270     0.10155   570.74480     0.50807     0.00353     0.00368
   -34.88970     0.10046   577.15260     0.49434     0.00338     0.00346
   -34.86570     0.09904   582.45940     0.47914     0.00323     0.00326
   -34.84270     0.09720   586.18450     0.46247     0.00309     0.00307
   -34.81970     0.09489   587.75720     0.44434     0.00296     0.00290
   -34.79670     0.09204   586.49660     0.42471     0.00282     0.00273
   -34.77370     0.08863   581.78200     0.40361     0.00268     0.00258
   -34.74970     0.08464   573.07620     0.38107     0.00254     0.00242
   -34.72670     0.08009   559.92350     0.35721     0.00239     0.00228
   -34.70370     0.07503   542.14970     0.33222     0.00224     0.00213
   -34.68070     0.06954   519.79700     0.30635     0.00207     0.00198
   -34.65770     0.06373   493.10000     0.27992     0.00190     0.00184
   -34.63470     0.05772   462.65180     0.25330     0.00173     0.00169
   -34.61070     0.05165   429.11590     0.22690     0.00156     0.00154
   -34.58770     0.04565   393.36210     0.20111     0.00139     0.00139
   -34.56470     0.03984   356.29110     0.17631     0.00122     0.00125
   -34.54170     0.03433   318.80450     0.15284     0.00106     0.00111
   -34.51870     0.02922   281.77070     0.13096     0.00092     0.00097
   -34.49470     0.02455   245.93259     0.11089     0.00078     0.00084
   -34.47170     0.02036   211.94087     0.09276     0.00066     0.00072
   -34.44870     0.01668   180.26274     0.07662     0.00055     0.00061
   -34.42570     0.01349   151.27669     0.06247     0.00045     0.00051
   -34.40270     0.01076   125.18279     0.05025     0.00037     0.00042
   -34.37870     0.00848   102.10075     0.03985     0.00030     0.00034
   -34.35570     0.00658    82.01673     0.03115     0.00024     0.00027
   -34.33270     0.00504    64.84551     0.02398     0.00018     0.00022
   -34.30970     0.00380    50.42565     0.01817     0.00014     0.00017
   -34.28670     0.00282    38.53733     0.01354     0.00011     0.00013
   -34.26370     0.00206    28.92380     0.00991     0.00008     0.00009
   -34.23970     0.00148    21.30364     0.00713     0.00006     0.00007
   -34.21670     0.00105    15.38887     0.00503     0.00004     0.00005
   -34.19370     0.00072    10.89484     0.00348     0.00003     0.00003
   -34.17070     0.00049     7.55529     0.00236     0.00002     0.00002
   -34.14770     0.00033     5.12934     0.00157     0.00001     0.00002
   -34.12370     0.00021     3.40757     0.00102     0.00001     0.00001
   -34.10070     0.00014     2.21423     0.00065     0.00001     0.00001
   -34.07770     0.00009     1.40679     0.00041     0.00000     0.00000
   -34.05470     0.00005     0.87361     0.00025     0.00000     0.00000
   -34.03170     0.00003     0.53011     0.00015     0.00000     0.00000
   -34.00770     0.00002     0.31423     0.00009     0.00000     0.00000
   -33.98470     0.00001     0.18193     0.00005     0.00000     0.00000
   -33.96170     0.00001     0.10285     0.00003     0.00000     0.00000
   -33.93870     0.00000     0.05677     0.00001     0.00000     0.00000
   -33.91570     0.00000     0.03058     0.00001     0.00000     0.00000
   -33.89270     0.00000     0.01608     0.00000     0.00000     0.00000
   -33.86870     0.00000     0.00825     0.00000     0.00000     0.00000
   -33.84570     0.00000     0.00413     0.00000     0.00000     0.00000
   -33.82270     0.00000     0.00202     0.00000     0.00000     0.00000
   -33.79970     0.00000     0.00096     0.00000     0.00000     0.00000
   -33.77670     0.00000     0.00045     0.00000     0.00000     0.00000
   -33.75270     0.00000     0.00020     0.00000     0.00000     0.00000
   -33.72970     0.00000     0.00009     0.00000     0.00000     0.00000
   -33.70670     0.00000     0.00004     0.00000     0.00000     0.00000
   -33.68370     0.00000     0.00002     0.00000     0.00000     0.00000
   -33.66070     0.00000     0.00001     0.00000     0.00000     0.00000
   -33.63770     0.00000     0.00000     0.00000     0.00000     0.00000
   -33.61370     0.00000     0.00000     0.00000     0.00000     0.00000
   -33.59070     0.00000     0.00000     0.00000     0.00000     0.00000
   -33.56770     0.00000     0.00000     0.00000     0.00000     0.00000
   -33.54470     0.00000     0.00000     0.00000     0.00000     0.00000
   -33.52170     0.00000     0.00000     0.00000     0.00000     0.00000
   -33.49770     0.00000     0.00000     0.00000     0.00000     0.00000
   -33.47470     0.00000     0.00000     0.00000     0.00000     0.00000
   -33.45170     0.00000     0.00000     0.00000     0.00000     0.00000
   -33.42870     0.00000     0.00000     0.00000     0.00000     0.00000
   -33.40570     0.00000     0.00000     0.00000     0.00000     0.00000
   -33.38170     0.00000     0.00000     0.00000     0.00000     0.00000
   -33.35870     0.00000     0.00000     0.00000     0.00000     0.00000
   -33.33570     0.00000     0.00000     0.00000     0.00000     0.00000
   -33.31270     0.00000     0.00000     0.00000     0.00000     0.00000
   -33.28970     0.00000     0.00000     0.00000     0.00000     0.00000
   -33.26670     0.00000     0.00000     0.00000     0.00000     0.00000
   -33.24270     0.00000     0.00000     0.00000     0.00000     0.00000
   -33.21970     0.00000     0.00000     0.00000     0.00000     0.00000
   -33.19670     0.00000     0.00000     0.00000     0.00000     0.00000
   -33.17370     0.00000     0.00000     0.00000     0.00000     0.00000
   -33.15070     0.00000     0.00000     0.00000     0.00000     0.00000
   -33.12670     0.00000     0.00000     0.00000     0.00000     0.00000
   -33.10370     0.00000     0.00000     0.00000     0.00000     0.00000
   -33.08070     0.00000     0.00000     0.00000     0.00000     0.00000
   -33.05770     0.00000     0.00000     0.00000     0.00000     0.00000
   -33.03470     0.00000     0.00000     0.00000     0.00000     0.00000
   -33.01170     0.00000     0.00000     0.00000     0.00000     0.00000
   -32.98770     0.00000     0.00000     0.00000     0.00000     0.00000
   -32.96470     0.00000     0.00000     0.00000     0.00000     0.00000
   -32.94170     0.00000     0.00000     0.00000     0.00000     0.00000
   -32.91870     0.00000     0.00000     0.00000     0.00000     0.00000
   -32.89570     0.00000     0.00000     0.00000     0.00000     0.00000
   -32.87170     0.00000     0.00000     0.00000     0.00000     0.00000
   -32.84870     0.00000     0.00000     0.00000     0.00000     0.00000
   -32.82570     0.00000     0.00000     0.00000     0.00000     0.00000
   -32.80270     0.00000     0.00000     0.00000     0.00000     0.00000
   -32.77970     0.00000     0.00000     0.00000     0.00000     0.00000
   -32.75570     0.00000     0.00000     0.00000     0.00000     0.00000
   -32.73270     0.00000     0.00000     0.00000     0.00000     0.00000
   -32.70970     0.00000     0.00000     0.00000     0.00000     0.00000
   -32.68670     0.00000     0.00000     0.00000     0.00000     0.00000
   -32.66370     0.00000     0.00000     0.00000     0.00000     0.00000
   -32.64070     0.00000     0.00000     0.00000     0.00000     0.00000
   -32.61670     0.00000     0.00000     0.00000     0.00000     0.00000
   -32.59370     0.00000     0.00000     0.00000     0.00000     0.00000
   -32.57070     0.00000     0.00000     0.00000     0.00000     0.00000
   -32.54770     0.00000     0.00000     0.00000     0.00000     0.00000
   -32.52470     0.00000     0.00000     0.00000     0.00000     0.00000
   -32.50070     0.00000     0.00000     0.00000     0.00000     0.00000
   -32.47770     0.00000     0.00000     0.00000     0.00000     0.00000
   -32.45470     0.00000     0.00000     0.00000     0.00000     0.00000
   -32.43170     0.00000     0.00000     0.00000     0.00000     0.00000
   -32.40870     0.00000     0.00000     0.00000     0.00000     0.00000
   -32.38570     0.00000     0.00000     0.00000     0.00000     0.00000
   -32.36170     0.00000     0.00000     0.00000     0.00000     0.00000
   -32.33870     0.00000     0.00000     0.00000     0.00000     0.00000
   -32.31570     0.00000     0.00000     0.00000     0.00000     0.00000
   -32.29270     0.00000     0.00000     0.00000     0.00000     0.00000
   -32.26970     0.00000     0.00000     0.00000     0.00000     0.00000
   -32.24570     0.00000     0.00000     0.00000     0.00000     0.00000
   -32.22270     0.00000     0.00000     0.00000     0.00000     0.00000
   -32.19970     0.00000     0.00000     0.00000     0.00000     0.00000
   -32.17670     0.00000     0.00000     0.00000     0.00000     0.00000
   -32.15370     0.00000     0.00000     0.00000     0.00000     0.00000
   -32.12970     0.00000     0.00000     0.00000     0.00000     0.00000
   -32.10670     0.00000     0.00000     0.00000     0.00000     0.00000
   -32.08370     0.00000     0.00000     0.00000     0.00000     0.00000
   -32.06070     0.00000     0.00000     0.00000     0.00000     0.00000
   -32.03770     0.00000     0.00000     0.00000     0.00000     0.00000
   -32.01470     0.00000     0.00000     0.00000     0.00000     0.00000
   -31.99070     0.00000     0.00000     0.00000     0.00000     0.00000
   -31.96770     0.00000     0.00000     0.00000     0.00000     0.00000
   -31.94470     0.00000     0.00000     0.00000     0.00000     0.00000
   -31.92170     0.00000     0.00000     0.00000     0.00000     0.00000
   -31.89870     0.00000     0.00000     0.00000     0.00000     0.00000
   -31.87470     0.00000     0.00000     0.00000     0.00000     0.00000
   -31.85170     0.00000     0.00000     0.00000     0.00000     0.00000
   -31.82870     0.00000     0.00000     0.00000     0.00000     0.00000
   -31.80570     0.00000     0.00000     0.00000     0.00000     0.00000
   -31.78270     0.00000     0.00000     0.00000     0.00000     0.00000
   -31.75870     0.00000     0.00000     0.00000     0.00000     0.00000
   -31.73570     0.00000     0.00000     0.00000     0.00000     0.00000
   -31.71270     0.00000     0.00000     0.00000     0.00000     0.00000
   -31.68970     0.00000     0.00000     0.00000     0.00000     0.00000
   -31.66670     0.00000     0.00000     0.00000     0.00000     0.00000
   -31.64370     0.00000     0.00000     0.00000     0.00000     0.00000
   -31.61970     0.00000     0.00000     0.00000     0.00000     0.00000
   -31.59670     0.00000     0.00000     0.00000     0.00000     0.00000
   -31.57370     0.00000     0.00000     0.00000     0.00000     0.00000
   -31.55070     0.00000     0.00000     0.00000     0.00000     0.00000
   -31.52770     0.00000     0.00000     0.00000     0.00000     0.00000
   -31.50370     0.00000     0.00000     0.00000     0.00000     0.00000
   -31.48070     0.00000     0.00000     0.00000     0.00000     0.00000
   -31.45770     0.00000     0.00000     0.00000     0.00000     0.00000
   -31.43470     0.00000     0.00000     0.00000     0.00000     0.00000
   -31.41170     0.00000     0.00000     0.00000     0.00000     0.00000
   -31.38870     0.00000     0.00000     0.00000     0.00000     0.00000
   -31.36470     0.00000     0.00000     0.00000     0.00000     0.00000
   -31.34170     0.00000     0.00000     0.00000     0.00000     0.00000
   -31.31870     0.00000     0.00000     0.00000     0.00000     0.00000
   -31.29570     0.00000     0.00000     0.00000     0.00000     0.00000
   -31.27270     0.00000     0.00000     0.00000     0.00000     0.00000
   -31.24870     0.00000     0.00000     0.00000     0.00000     0.00000
   -31.22570     0.00000     0.00000     0.00000     0.00000     0.00000
   -31.20270     0.00000     0.00000     0.00000     0.00000     0.00000
   -31.17970     0.00000     0.00000     0.00000     0.00000     0.00000
   -31.15670     0.00000     0.00000     0.00000     0.00000     0.00000
   -31.13270     0.00000     0.00000     0.00000     0.00000     0.00000
   -31.10970     0.00000     0.00000     0.00000     0.00000     0.00000
   -31.08670     0.00000     0.00000     0.00000     0.00000     0.00000
   -31.06370     0.00000     0.00000     0.00000     0.00000     0.00000
   -31.04070     0.00000     0.00000     0.00000     0.00000     0.00000
   -31.01770     0.00000     0.00000     0.00000     0.00000     0.00000
   -30.99370     0.00000     0.00000     0.00000     0.00000     0.00000
   -30.97070     0.00000     0.00000     0.00000     0.00000     0.00000
   -30.94770     0.00000     0.00000     0.00000     0.00000     0.00000
   -30.92470     0.00000     0.00000     0.00000     0.00000     0.00000
   -30.90170     0.00000     0.00000     0.00000     0.00000     0.00000
   -30.87770     0.00000     0.00000     0.00000     0.00000     0.00000
   -30.85470     0.00000     0.00000     0.00000     0.00000     0.00000
   -30.83170     0.00000     0.00000     0.00000     0.00000     0.00000
   -30.80870     0.00000     0.00000     0.00000     0.00000     0.00000
   -30.78570     0.00000     0.00000     0.00000     0.00000     0.00000
   -30.76270     0.00000     0.00000     0.00000     0.00000     0.00000
   -30.73870     0.00000     0.00000     0.00000     0.00000     0.00000
   -30.71570     0.00000     0.00000     0.00000     0.00000     0.00000
   -30.69270     0.00000     0.00000     0.00000     0.00000     0.00000
   -30.66970     0.00000     0.00000     0.00000     0.00000     0.00000
   -30.64670     0.00000     0.00000     0.00000     0.00000     0.00000
   -30.62270     0.00000     0.00000     0.00000     0.00000     0.00000
   -30.59970     0.00000     0.00000     0.00000     0.00000     0.00000
   -30.57670     0.00000     0.00000     0.00000     0.00000     0.00000
   -30.55370     0.00000     0.00000     0.00000     0.00000     0.00000
   -30.53070     0.00000     0.00000     0.00000     0.00000     0.00000
   -30.50670     0.00000     0.00000     0.00000     0.00000     0.00000
   -30.48370     0.00000     0.00000     0.00000     0.00000     0.00000
   -30.46070     0.00000     0.00000     0.00000     0.00000     0.00000
   -30.43770     0.00000     0.00000     0.00000     0.00000     0.00000
   -30.41470     0.00000     0.00000     0.00000     0.00000     0.00000
   -30.39170     0.00000     0.00000     0.00000     0.00000     0.00000
   -30.36770     0.00000     0.00000     0.00000     0.00000     0.00000
   -30.34470     0.00000     0.00000     0.00000     0.00000     0.00000
   -30.32170     0.00000     0.00000     0.00000     0.00000     0.00000
   -30.29870     0.00000     0.00000     0.00000     0.00000     0.00000
   -30.27570     0.00000     0.00000     0.00000     0.00000     0.00000
   -30.25170     0.00000     0.00000     0.00000     0.00000     0.00000
   -30.22870     0.00000     0.00000     0.00000     0.00000     0.00000
   -30.20570     0.00000     0.00000     0.00000     0.00000     0.00000
   -30.18270     0.00000     0.00000     0.00000     0.00000     0.00000
   -30.15970     0.00000     0.00000     0.00000     0.00000     0.00000
   -30.13670     0.00000     0.00000     0.00000     0.00000     0.00000
   -30.11270     0.00000     0.00000     0.00000     0.00000     0.00000
   -30.08970     0.00000     0.00000     0.00000     0.00000     0.00000
   -30.06670     0.00000     0.00000     0.00000     0.00000     0.00000
   -30.04370     0.00000     0.00000     0.00000     0.00000     0.00000
   -30.02070     0.00000     0.00000     0.00000     0.00000     0.00000
   -29.99670     0.00000     0.00000     0.00000     0.00000     0.00000
   -29.97370     0.00000     0.00000     0.00000     0.00000     0.00000
   -29.95070     0.00000     0.00000     0.00000     0.00000     0.00000
   -29.92770     0.00000     0.00000     0.00000     0.00000     0.00000
   -29.90470     0.00000     0.00000     0.00000     0.00000     0.00000
   -29.88070     0.00000     0.00000     0.00000     0.00000     0.00000
   -29.85770     0.00000     0.00000     0.00000     0.00000     0.00000
   -29.83470     0.00000     0.00000     0.00000     0.00000     0.00000
   -29.81170     0.00000     0.00000     0.00000     0.00000     0.00000
   -29.78870     0.00000     0.00000     0.00000     0.00000     0.00000
   -29.76570     0.00000     0.00000     0.00000     0.00000     0.00000
   -29.74170     0.00000     0.00000     0.00000     0.00000     0.00000
   -29.71870     0.00000     0.00000     0.00000     0.00000     0.00000
   -29.69570     0.00000     0.00000     0.00000     0.00000     0.00000
   -29.67270     0.00000     0.00000     0.00000     0.00000     0.00000
   -29.64970     0.00000     0.00000     0.00000     0.00000     0.00000
   -29.62570     0.00000     0.00000     0.00000     0.00000     0.00000
   -29.60270     0.00000     0.00000     0.00000     0.00000     0.00000
   -29.57970     0.00000     0.00000     0.00000     0.00000     0.00000
   -29.55670     0.00000     0.00000     0.00000     0.00000     0.00000
   -29.53370     0.00000     0.00000     0.00000     0.00000     0.00000
   -29.51070     0.00000     0.00000     0.00000     0.00000     0.00000
   -29.48670     0.00000     0.00000     0.00000     0.00000     0.00000
   -29.46370     0.00000     0.00000     0.00000     0.00000     0.00000
   -29.44070     0.00000     0.00000     0.00000     0.00000     0.00000
   -29.41770     0.00000     0.00000     0.00000     0.00000     0.00000
   -29.39470     0.00000     0.00000     0.00000     0.00000     0.00000
   -29.37070     0.00000     0.00000     0.00000     0.00000     0.00000
   -29.34770     0.00000     0.00000     0.00000     0.00000     0.00000
   -29.32470     0.00000     0.00000     0.00000     0.00000     0.00000
   -29.30170     0.00000     0.00000     0.00000     0.00000     0.00000
   -29.27870     0.00000     0.00000     0.00000     0.00000     0.00000
   -29.25470     0.00000     0.00000     0.00000     0.00000     0.00000
   -29.23170     0.00000     0.00000     0.00000     0.00000     0.00000
   -29.20870     0.00000     0.00000     0.00000     0.00000     0.00000
   -29.18570     0.00000     0.00000     0.00000     0.00000     0.00000
   -29.16270     0.00000     0.00000     0.00000     0.00000     0.00000
   -29.13970     0.00000     0.00000     0.00000     0.00000     0.00000
   -29.11570     0.00000     0.00000     0.00000     0.00000     0.00000
   -29.09270     0.00000     0.00000     0.00000     0.00000     0.00000
   -29.06970     0.00000     0.00000     0.00000     0.00000     0.00000
   -29.04670     0.00000     0.00000     0.00000     0.00000     0.00000
   -29.02370     0.00000     0.00000     0.00000     0.00000     0.00000
   -28.99970     0.00000     0.00000     0.00000     0.00000     0.00000
   -28.97670     0.00000     0.00000     0.00000     0.00000     0.00000
   -28.95370     0.00000     0.00000     0.00000     0.00000     0.00000
   -28.93070     0.00000     0.00000     0.00000     0.00000     0.00000
   -28.90770     0.00000     0.00000     0.00000     0.00000     0.00000
   -28.88370     0.00000     0.00000     0.00000     0.00000     0.00000
   -28.86070     0.00000     0.00000     0.00000     0.00000     0.00000
   -28.83770     0.00000     0.00000     0.00000     0.00000     0.00000
   -28.81470     0.00000     0.00000     0.00000     0.00000     0.00000
   -28.79170     0.00000     0.00000     0.00000     0.00000     0.00000
   -28.76870     0.00000     0.00000     0.00000     0.00000     0.00000
   -28.74470     0.00000     0.00000     0.00000     0.00000     0.00000
   -28.72170     0.00000     0.00000     0.00000     0.00000     0.00000
   -28.69870     0.00000     0.00000     0.00000     0.00000     0.00000
   -28.67570     0.00000     0.00000     0.00000     0.00000     0.00000
   -28.65270     0.00000     0.00000     0.00000     0.00000     0.00000
   -28.62870     0.00000     0.00000     0.00000     0.00000     0.00000
   -28.60570     0.00000     0.00000     0.00000     0.00000     0.00000
   -28.58270     0.00000     0.00000     0.00000     0.00000     0.00000
   -28.55970     0.00000     0.00000     0.00000     0.00000     0.00000
   -28.53670     0.00000     0.00000     0.00000     0.00000     0.00000
   -28.51370     0.00000     0.00000     0.00000     0.00000     0.00000
   -28.48970     0.00000     0.00000     0.00000     0.00000     0.00000
   -28.46670     0.00000     0.00000     0.00000     0.00000     0.00000
   -28.44370     0.00000     0.00000     0.00000     0.00000     0.00000
   -28.42070     0.00000     0.00000     0.00000     0.00000     0.00000
   -28.39770     0.00000     0.00000     0.00000     0.00000     0.00000
   -28.37370     0.00000     0.00000     0.00000     0.00000     0.00000
   -28.35070     0.00000     0.00000     0.00000     0.00000     0.00000
   -28.32770     0.00000     0.00000     0.00000     0.00000     0.00000
   -28.30470     0.00000     0.00000     0.00000     0.00000     0.00000
   -28.28170     0.00000     0.00000     0.00000     0.00000     0.00000
   -28.25770     0.00000     0.00000     0.00000     0.00000     0.00000
   -28.23470     0.00000     0.00000     0.00000     0.00000     0.00000
   -28.21170     0.00000     0.00000     0.00000     0.00000     0.00000
   -28.18870     0.00000     0.00000     0.00000     0.00000     0.00000
   -28.16570     0.00000     0.00000     0.00000     0.00000     0.00000
   -28.14270     0.00000     0.00000     0.00000     0.00000     0.00000
   -28.11870     0.00000     0.00000     0.00000     0.00000     0.00000
   -28.09570     0.00000     0.00000     0.00000     0.00000     0.00000
   -28.07270     0.00000     0.00000     0.00000     0.00000     0.00000
   -28.04970     0.00000     0.00000     0.00000     0.00000     0.00000
   -28.02670     0.00000     0.00000     0.00000     0.00000     0.00000
   -28.00270     0.00000     0.00000     0.00000     0.00000     0.00000
   -27.97970     0.00000     0.00000     0.00000     0.00000     0.00000
   -27.95670     0.00000     0.00000     0.00000     0.00000     0.00000
   -27.93370     0.00000     0.00000     0.00000     0.00000     0.00000
   -27.91070     0.00000     0.00000     0.00000     0.00000     0.00000
   -27.88770     0.00000     0.00000     0.00000     0.00000     0.00000
   -27.86370     0.00000     0.00000     0.00000     0.00000     0.00000
   -27.84070     0.00000     0.00000     0.00000     0.00000     0.00000
   -27.81770     0.00000     0.00000     0.00000     0.00000     0.00000
   -27.79470     0.00000     0.00000     0.00000     0.00000     0.00000
   -27.77170     0.00000     0.00000     0.00000     0.00000     0.00000
   -27.74770     0.00000     0.00000     0.00000     0.00000     0.00000
   -27.72470     0.00000     0.00000     0.00000     0.00000     0.00000
   -27.70170     0.00000     0.00000     0.00000     0.00000     0.00000
   -27.67870     0.00000     0.00000     0.00000     0.00000     0.00000
   -27.65570     0.00000     0.00000     0.00000     0.00000     0.00000
   -27.63170     0.00000     0.00000     0.00000     0.00000     0.00000
   -27.60870     0.00000     0.00000     0.00000     0.00000     0.00000
   -27.58570     0.00000     0.00000     0.00000     0.00000     0.00000
   -27.56270     0.00000     0.00000     0.00000     0.00000     0.00000
   -27.53970     0.00000     0.00000     0.00000     0.00000     0.00000
   -27.51670     0.00000     0.00000     0.00000     0.00000     0.00000
   -27.49270     0.00000     0.00000     0.00000     0.00000     0.00000
   -27.46970     0.00000     0.00000     0.00000     0.00000     0.00000
   -27.44670     0.00000     0.00000     0.00000     0.00000     0.00000
   -27.42370     0.00000     0.00000     0.00000     0.00000     0.00000
   -27.40070     0.00000     0.00000     0.00000     0.00000     0.00000
   -27.37670     0.00000     0.00000     0.00000     0.00000     0.00000
   -27.35370     0.00000     0.00000     0.00000     0.00000     0.00000
   -27.33070     0.00000     0.00000     0.00000     0.00000     0.00000
   -27.30770     0.00000     0.00000     0.00000     0.00000     0.00000
   -27.28470     0.00000     0.00000     0.00000     0.00000     0.00000
   -27.26170     0.00000     0.00000     0.00000     0.00000     0.00000
   -27.23770     0.00000     0.00000     0.00000     0.00000     0.00000
   -27.21470     0.00000     0.00000     0.00000     0.00000     0.00000
   -27.19170     0.00000     0.00000     0.00000     0.00000     0.00000
   -27.16870     0.00000     0.00000     0.00000     0.00000     0.00000
   -27.14570     0.00000     0.00000     0.00000     0.00000     0.00000
   -27.12170     0.00000     0.00000     0.00000     0.00000     0.00000
   -27.09870     0.00000     0.00000     0.00000     0.00000     0.00000
   -27.07570     0.00000     0.00000     0.00000     0.00000     0.00000
   -27.05270     0.00000     0.00000     0.00000     0.00000     0.00000
   -27.02970     0.00000     0.00000     0.00000     0.00000     0.00000
   -27.00570     0.00000     0.00000     0.00000     0.00000     0.00000
   -26.98270     0.00000     0.00000     0.00000     0.00000     0.00000
   -26.95970     0.00000     0.00000     0.00000     0.00000     0.00000
   -26.93670     0.00000     0.00000     0.00000     0.00000     0.00000
   -26.91370     0.00000     0.00000     0.00000     0.00000     0.00000
   -26.89070     0.00000     0.00000     0.00000     0.00000     0.00000
   -26.86670     0.00000     0.00000     0.00000     0.00000     0.00000
   -26.84370     0.00000     0.00000     0.00000     0.00000     0.00000
   -26.82070     0.00000     0.00000     0.00000     0.00000     0.00000
   -26.79770     0.00000     0.00000     0.00000     0.00000     0.00000
   -26.77470     0.00000     0.00000     0.00000     0.00000     0.00000
   -26.75070     0.00000     0.00000     0.00000     0.00000     0.00000
   -26.72770     0.00000     0.00000     0.00000     0.00000     0.00000
   -26.70470     0.00000     0.00000     0.00000     0.00000     0.00000
   -26.68170     0.00000     0.00000     0.00000     0.00000     0.00000
   -26.65870     0.00000     0.00000     0.00000     0.00000     0.00000
   -26.63470     0.00000     0.00000     0.00000     0.00000     0.00000
   -26.61170     0.00000     0.00000     0.00000     0.00000     0.00000
   -26.58870     0.00000     0.00000     0.00000     0.00000     0.00000
   -26.56570     0.00000     0.00000     0.00000     0.00000     0.00000
   -26.54270     0.00000     0.00000     0.00000     0.00000     0.00000
   -26.51970     0.00000     0.00000     0.00000     0.00000     0.00000
   -26.49570     0.00000     0.00000     0.00000     0.00000     0.00000
   -26.47270     0.00000     0.00000     0.00000     0.00000     0.00000
   -26.44970     0.00000     0.00000     0.00000     0.00000     0.00000
   -26.42670     0.00000     0.00000     0.00000     0.00000     0.00000
   -26.40370     0.00000     0.00000     0.00000     0.00000     0.00000
   -26.37970     0.00000     0.00000     0.00000     0.00000     0.00000
   -26.35670     0.00000     0.00000     0.00000     0.00000     0.00000
   -26.33370     0.00000     0.00000     0.00000     0.00000     0.00000
   -26.31070     0.00000     0.00000     0.00000     0.00000     0.00000
   -26.28770     0.00000     0.00000     0.00000     0.00000     0.00000
   -26.26470     0.00000     0.00000     0.00000     0.00000     0.00000
   -26.24070     0.00000     0.00000     0.00000     0.00000     0.00000
   -26.21770     0.00000     0.00000     0.00000     0.00000     0.00000
   -26.19470     0.00000     0.00000     0.00000     0.00000     0.00000
   -26.17170     0.00000     0.00000     0.00000     0.00000     0.00000
   -26.14870     0.00000     0.00000     0.00000     0.00000     0.00000
   -26.12470     0.00000     0.00000     0.00000     0.00000     0.00000
   -26.10170     0.00000     0.00000     0.00000     0.00000     0.00000
   -26.07870     0.00000     0.00000     0.00000     0.00000     0.00000
   -26.05570     0.00000     0.00000     0.00000     0.00000     0.00000
   -26.03270     0.00000     0.00000     0.00000     0.00000     0.00000
   -26.00870     0.00000     0.00000     0.00000     0.00000     0.00000
   -25.98570     0.00000     0.00000     0.00000     0.00000     0.00000
   -25.96270     0.00000     0.00000     0.00000     0.00000     0.00000
   -25.93970     0.00000     0.00000     0.00000     0.00000     0.00000
   -25.91670     0.00000     0.00000     0.00000     0.00000     0.00000
   -25.89370     0.00000     0.00000     0.00000     0.00000     0.00000
   -25.86970     0.00000     0.00000     0.00000     0.00000     0.00000
   -25.84670     0.00000     0.00000     0.00000     0.00000     0.00000
   -25.82370     0.00000     0.00000     0.00000     0.00000     0.00000
   -25.80070     0.00000     0.00000     0.00000     0.00000     0.00000
   -25.77770     0.00000     0.00000     0.00000     0.00000     0.00000
   -25.75370     0.00000     0.00000     0.00000     0.00000     0.00000
   -25.73070     0.00000     0.00000     0.00000     0.00000     0.00000
   -25.70770     0.00000     0.00000     0.00000     0.00000     0.00000
   -25.68470     0.00000     0.00000     0.00000     0.00000     0.00000
   -25.66170     0.00000     0.00000     0.00000     0.00000     0.00000
   -25.63870     0.00000     0.00000     0.00000     0.00000     0.00000
   -25.61470     0.00000     0.00000     0.00000     0.00000     0.00000
   -25.59170     0.00000     0.00000     0.00000     0.00000     0.00000
   -25.56870     0.00000     0.00000     0.00000     0.00000     0.00000
   -25.54570     0.00000     0.00000     0.00000     0.00000     0.00000
   -25.52270     0.00000     0.00000     0.00000     0.00000     0.00000
   -25.49870     0.00000     0.00000     0.00000     0.00000     0.00000
   -25.47570     0.00000     0.00000     0.00000     0.00000     0.00000
   -25.45270     0.00000     0.00000     0.00000     0.00000     0.00000
   -25.42970     0.00000     0.00000     0.00000     0.00000     0.00000
   -25.40670     0.00000     0.00000     0.00000     0.00000     0.00000
   -25.38270     0.00000     0.00000     0.00000     0.00000     0.00000
   -25.35970     0.00000     0.00000     0.00000     0.00000     0.00000
   -25.33670     0.00000     0.00000     0.00000     0.00000     0.00000
   -25.31370     0.00000     0.00000     0.00000     0.00000     0.00000
   -25.29070     0.00000     0.00000     0.00000     0.00000     0.00000
   -25.26770     0.00000     0.00000     0.00000     0.00000     0.00000
   -25.24370     0.00000     0.00000     0.00000     0.00000     0.00000
   -25.22070     0.00000     0.00000     0.00000     0.00000     0.00000
   -25.19770     0.00000     0.00000     0.00000     0.00000     0.00000
   -25.17470     0.00000     0.00000     0.00000     0.00000     0.00000
   -25.15170     0.00000     0.00000     0.00000     0.00000     0.00000
   -25.12770     0.00000     0.00000     0.00000     0.00000     0.00000
   -25.10470     0.00000     0.00000     0.00000     0.00000     0.00000
   -25.08170     0.00000     0.00000     0.00000     0.00000     0.00000
   -25.05870     0.00000     0.00000     0.00000     0.00000     0.00000
   -25.03570     0.00000     0.00000     0.00000     0.00000     0.00000
   -25.01270     0.00000     0.00000     0.00000     0.00000     0.00000
   -24.98870     0.00000     0.00000     0.00000     0.00000     0.00000
   -24.96570     0.00000     0.00000     0.00000     0.00000     0.00000
   -24.94270     0.00000     0.00000     0.00000     0.00000     0.00000
   -24.91970     0.00000     0.00000     0.00000     0.00000     0.00000
   -24.89670     0.00000     0.00000     0.00000     0.00000     0.00000
   -24.87270     0.00000     0.00000     0.00000     0.00000     0.00000
   -24.84970     0.00000     0.00000     0.00000     0.00000     0.00000
   -24.82670     0.00000     0.00000     0.00000     0.00000     0.00000
   -24.80370     0.00000     0.00000     0.00000     0.00000     0.00000
   -24.78070     0.00000     0.00000     0.00000     0.00000     0.00000
   -24.75670     0.00000     0.00000     0.00000     0.00000     0.00000
   -24.73370     0.00000     0.00000     0.00000     0.00000     0.00000
   -24.71070     0.00000     0.00000     0.00000     0.00000     0.00000
   -24.68770     0.00000     0.00000     0.00000     0.00000     0.00000
   -24.66470     0.00000     0.00000     0.00000     0.00000     0.00000
   -24.64170     0.00000     0.00000     0.00000     0.00000     0.00000
   -24.61770     0.00000     0.00000     0.00000     0.00000     0.00000
   -24.59470     0.00000     0.00000     0.00000     0.00000     0.00000
   -24.57170     0.00000     0.00000     0.00000     0.00000     0.00000
   -24.54870     0.00000     0.00000     0.00000     0.00000     0.00000
   -24.52570     0.00000     0.00000     0.00000     0.00000     0.00000
   -24.50170     0.00000     0.00000     0.00000     0.00000     0.00000
   -24.47870     0.00000     0.00000     0.00000     0.00000     0.00000
   -24.45570     0.00000     0.00000     0.00000     0.00000     0.00000
   -24.43270     0.00000     0.00000     0.00000     0.00000     0.00000
   -24.40970     0.00000     0.00000     0.00000     0.00000     0.00000
   -24.38670     0.00000     0.00000     0.00000     0.00000     0.00000
   -24.36270     0.00000     0.00000     0.00000     0.00000     0.00000
   -24.33970     0.00000     0.00000     0.00000     0.00000     0.00000
   -24.31670     0.00000     0.00000     0.00000     0.00000     0.00000
   -24.29370     0.00000     0.00000     0.00000     0.00000     0.00000
   -24.27070     0.00000     0.00000     0.00000     0.00000     0.00000
   -24.24670     0.00000     0.00000     0.00000     0.00000     0.00000
   -24.22370     0.00000     0.00000     0.00000     0.00000     0.00000
   -24.20070     0.00000     0.00000     0.00000     0.00000     0.00000
   -24.17770     0.00000     0.00000     0.00000     0.00000     0.00000
   -24.15470     0.00000     0.00000     0.00000     0.00000     0.00000
   -24.13070     0.00000     0.00000     0.00000     0.00000     0.00000
   -24.10770     0.00000     0.00000     0.00000     0.00000     0.00000
   -24.08470     0.00000     0.00000     0.00000     0.00000     0.00000
   -24.06170     0.00000     0.00000     0.00000     0.00000     0.00000
   -24.03870     0.00000     0.00000     0.00000     0.00000     0.00000
   -24.01570     0.00000     0.00000     0.00000     0.00000     0.00000
   -23.99170     0.00000     0.00000     0.00000     0.00000     0.00000
   -23.96870     0.00000     0.00000     0.00000     0.00000     0.00000
   -23.94570     0.00000     0.00000     0.00000     0.00000     0.00000
   -23.92270     0.00000     0.00000     0.00000     0.00000     0.00000
   -23.89970     0.00000     0.00000     0.00000     0.00000     0.00000
   -23.87570     0.00000     0.00000     0.00000     0.00000     0.00000
   -23.85270     0.00000     0.00000     0.00000     0.00000     0.00000
   -23.82970     0.00000     0.00000     0.00000     0.00000     0.00000
   -23.80670     0.00000     0.00000     0.00000     0.00000     0.00000
   -23.78370     0.00000     0.00000     0.00000     0.00000     0.00000
   -23.75970     0.00000     0.00000     0.00000     0.00000     0.00000
   -23.73670     0.00000     0.00000     0.00000     0.00000     0.00000
   -23.71370     0.00000     0.00000     0.00000     0.00000     0.00000
   -23.69070     0.00000     0.00000     0.00000     0.00000     0.00000
   -23.66770     0.00000     0.00000     0.00000     0.00000     0.00000
   -23.64470     0.00000     0.00000     0.00000     0.00000     0.00000
   -23.62070     0.00000     0.00000     0.00000     0.00000     0.00000
   -23.59770     0.00000     0.00000     0.00000     0.00000     0.00000
   -23.57470     0.00000     0.00000     0.00000     0.00000     0.00000
   -23.55170     0.00000     0.00000     0.00000     0.00000     0.00000
   -23.52870     0.00000     0.00000     0.00000     0.00000     0.00000
   -23.50470     0.00000     0.00000     0.00000     0.00000     0.00000
   -23.48170     0.00000     0.00000     0.00000     0.00000     0.00000
   -23.45870     0.00000     0.00000     0.00000     0.00000     0.00000
   -23.43570     0.00000     0.00000     0.00000     0.00000     0.00000
   -23.41270     0.00000     0.00000     0.00000     0.00000     0.00000
   -23.38970     0.00000     0.00000     0.00000     0.00000     0.00000
   -23.36570     0.00000     0.00000     0.00000     0.00000     0.00000
   -23.34270     0.00000     0.00000     0.00000     0.00000     0.00000
   -23.31970     0.00000     0.00000     0.00000     0.00000     0.00000
   -23.29670     0.00000     0.00000     0.00000     0.00000     0.00000
   -23.27370     0.00000     0.00000     0.00000     0.00000     0.00000
   -23.24970     0.00000     0.00000     0.00000     0.00000     0.00000
   -23.22670     0.00000     0.00000     0.00000     0.00000     0.00000
   -23.20370     0.00000     0.00000     0.00000     0.00000     0.00000
   -23.18070     0.00000     0.00000     0.00000     0.00000     0.00000
   -23.15770     0.00000     0.00000     0.00000     0.00000     0.00000
   -23.13370     0.00000     0.00000     0.00000     0.00000     0.00000
   -23.11070     0.00000     0.00000     0.00000     0.00000     0.00000
   -23.08770     0.00000     0.00000     0.00000     0.00000     0.00000
   -23.06470     0.00000     0.00000     0.00000     0.00000     0.00000
   -23.04170     0.00000     0.00000     0.00000     0.00000     0.00000
   -23.01870     0.00000     0.00000     0.00000     0.00000     0.00000
   -22.99470     0.00000     0.00000     0.00000     0.00000     0.00000
   -22.97170     0.00000     0.00000     0.00000     0.00000     0.00000
   -22.94870     0.00000     0.00000     0.00000     0.00000     0.00000
   -22.92570     0.00000     0.00000     0.00000     0.00000     0.00000
   -22.90270     0.00000     0.00000     0.00000     0.00000     0.00000
   -22.87870     0.00000     0.00000     0.00000     0.00000     0.00000
   -22.85570     0.00000     0.00000     0.00000     0.00000     0.00000
   -22.83270     0.00000     0.00000     0.00000     0.00000     0.00000
   -22.80970     0.00000     0.00000     0.00000     0.00000     0.00000
   -22.78670     0.00000     0.00000     0.00000     0.00000     0.00000
   -22.76370     0.00000     0.00000     0.00000     0.00000     0.00000
   -22.73970     0.00000     0.00000     0.00000     0.00000     0.00000
   -22.71670     0.00000     0.00000     0.00000     0.00000     0.00000
   -22.69370     0.00000     0.00000     0.00000     0.00000     0.00000
   -22.67070     0.00000     0.00000     0.00000     0.00000     0.00000
   -22.64770     0.00000     0.00000     0.00000     0.00000     0.00000
   -22.62370     0.00000     0.00000     0.00000     0.00000     0.00000
   -22.60070     0.00000     0.00000     0.00000     0.00000     0.00000
   -22.57770     0.00000     0.00000     0.00000     0.00000     0.00000
   -22.55470     0.00000     0.00000     0.00000     0.00000     0.00000
   -22.53170     0.00000     0.00000     0.00000     0.00000     0.00000
   -22.50770     0.00000     0.00000     0.00000     0.00000     0.00000
   -22.48470     0.00000     0.00000     0.00000     0.00000     0.00000
   -22.46170     0.00000     0.00000     0.00000     0.00000     0.00000
   -22.43870     0.00000     0.00000     0.00000     0.00000     0.00000
   -22.41570     0.00000     0.00000     0.00000     0.00000     0.00000
   -22.39270     0.00000     0.00000     0.00000     0.00000     0.00000
   -22.36870     0.00000     0.00000     0.00000     0.00000     0.00000
   -22.34570     0.00000     0.00000     0.00000     0.00000     0.00000
   -22.32270     0.00000     0.00000     0.00000     0.00000     0.00000
   -22.29970     0.00000     0.00000     0.00000     0.00000     0.00000
   -22.27670     0.00000     0.00000     0.00000     0.00000     0.00000
   -22.25270     0.00000     0.00000     0.00000     0.00000     0.00000
   -22.22970     0.00000     0.00000     0.00000     0.00000     0.00000
   -22.20670     0.00000     0.00000     0.00000     0.00000     0.00000
   -22.18370     0.00000     0.00000     0.00000     0.00000     0.00000
   -22.16070     0.00000     0.00000     0.00000     0.00000     0.00000
   -22.13770     0.00000     0.00000     0.00000     0.00000     0.00000
   -22.11370     0.00000     0.00000     0.00000     0.00000     0.00000
   -22.09070     0.00000     0.00000     0.00000     0.00000     0.00000
   -22.06770     0.00000     0.00000     0.00000     0.00000     0.00000
   -22.04470     0.00000     0.00000     0.00000     0.00000     0.00000
   -22.02170     0.00000     0.00000     0.00000     0.00000     0.00000
   -21.99770     0.00000     0.00000     0.00000     0.00000     0.00000
   -21.97470     0.00000     0.00000     0.00000     0.00000     0.00000
   -21.95170     0.00000     0.00000     0.00000     0.00000     0.00000
   -21.92870     0.00000     0.00000     0.00000     0.00000     0.00000
   -21.90570     0.00000     0.00000     0.00000     0.00000     0.00000
   -21.88170     0.00000     0.00000     0.00000     0.00000     0.00000
   -21.85870     0.00000     0.00000     0.00000     0.00000     0.00000
   -21.83570     0.00000     0.00000     0.00000     0.00000     0.00000
   -21.81270     0.00000     0.00000     0.00000     0.00000     0.00000
   -21.78970     0.00000     0.00000     0.00000     0.00000     0.00000
   -21.76670     0.00000     0.00000     0.00000     0.00000     0.00000
   -21.74270     0.00000     0.00000     0.00000     0.00000     0.00000
   -21.71970     0.00000     0.00000     0.00000     0.00000     0.00000
   -21.69670     0.00000     0.00000     0.00000     0.00000     0.00000
   -21.67370     0.00000     0.00000     0.00000     0.00000     0.00000
   -21.65070     0.00000     0.00000     0.00000     0.00000     0.00000
   -21.62670     0.00000     0.00000     0.00000     0.00000     0.00000
   -21.60370     0.00000     0.00000     0.00000     0.00000     0.00000
   -21.58070     0.00000     0.00000     0.00000     0.00000     0.00000
   -21.55770     0.00000     0.00000     0.00000     0.00000     0.00000
   -21.53470     0.00000     0.00000     0.00000     0.00000     0.00000
   -21.51070     0.00000     0.00000     0.00000     0.00000     0.00000
   -21.48770     0.00000     0.00000     0.00000     0.00000     0.00000
   -21.46470     0.00000     0.00000     0.00000     0.00000     0.00000
   -21.44170     0.00000     0.00000     0.00000     0.00000     0.00000
   -21.41870     0.00000     0.00000     0.00000     0.00000     0.00000
   -21.39570     0.00000     0.00000     0.00000     0.00000     0.00000
   -21.37170     0.00000     0.00000     0.00000     0.00000     0.00000
   -21.34870     0.00000     0.00000     0.00000     0.00000     0.00000
   -21.32570     0.00000     0.00000     0.00000     0.00000     0.00000
   -21.30270     0.00000     0.00000     0.00000     0.00000     0.00000
   -21.27970     0.00000     0.00000     0.00000     0.00000     0.00000
   -21.25570     0.00000     0.00000     0.00000     0.00000     0.00000
   -21.23270     0.00000     0.00000     0.00000     0.00000     0.00000
   -21.20970     0.00000     0.00000     0.00000     0.00000     0.00000
   -21.18670     0.00000     0.00000     0.00000     0.00000     0.00000
   -21.16370     0.00000     0.00000     0.00000     0.00000     0.00000
   -21.14070     0.00000     0.00000     0.00000     0.00000     0.00000
   -21.11670     0.00000     0.00000     0.00000     0.00000     0.00000
   -21.09370     0.00000     0.00000     0.00000     0.00000     0.00000
   -21.07070     0.00000     0.00000     0.00000     0.00000     0.00000
   -21.04770     0.00000     0.00000     0.00000     0.00000     0.00000
   -21.02470     0.00000     0.00000     0.00000     0.00000     0.00000
   -21.00070     0.00000     0.00000     0.00000     0.00000     0.00000
   -20.97770     0.00000     0.00000     0.00000     0.00000     0.00000
   -20.95470     0.00000     0.00000     0.00000     0.00000     0.00000
   -20.93170     0.00000     0.00000     0.00000     0.00000     0.00000
   -20.90870     0.00000     0.00000     0.00000     0.00000     0.00000
   -20.88470     0.00000     0.00000     0.00000     0.00000     0.00000
   -20.86170     0.00000     0.00000     0.00000     0.00000     0.00000
   -20.83870     0.00000     0.00000     0.00000     0.00000     0.00000
   -20.81570     0.00000     0.00000     0.00000     0.00000     0.00000
   -20.79270     0.00000     0.00000     0.00000     0.00000     0.00000
   -20.76970     0.00000     0.00000     0.00000     0.00000     0.00000
   -20.74570     0.00000     0.00000     0.00000     0.00000     0.00000
   -20.72270     0.00000     0.00000     0.00000     0.00000     0.00000
   -20.69970     0.00000     0.00000     0.00000     0.00000     0.00000
   -20.67670     0.00000     0.00000     0.00000     0.00000     0.00000
   -20.65370     0.00000     0.00000     0.00000     0.00000     0.00000
   -20.62970     0.00000     0.00000     0.00000     0.00000     0.00000
   -20.60670     0.00000     0.00000     0.00000     0.00000     0.00000
   -20.58370     0.00000     0.00000     0.00000     0.00000     0.00000
   -20.56070     0.00000     0.00000     0.00000     0.00000     0.00000
   -20.53770     0.00000     0.00000     0.00000     0.00000     0.00000
   -20.51470     0.00000     0.00000     0.00000     0.00000     0.00000
   -20.49070     0.00000     0.00000     0.00000     0.00000     0.00000
   -20.46770     0.00000     0.00000     0.00000     0.00000     0.00000
   -20.44470     0.00000     0.00000     0.00000     0.00000     0.00000
   -20.42170     0.00000     0.00000     0.00000     0.00000     0.00000
   -20.39870     0.00000     0.00000     0.00000     0.00000     0.00000
   -20.37470     0.00000     0.00000     0.00000     0.00000     0.00000
   -20.35170     0.00000     0.00000     0.00000     0.00000     0.00000
   -20.32870     0.00000     0.00000     0.00000     0.00000     0.00000
   -20.30570     0.00000     0.00000     0.00000     0.00000     0.00000
   -20.28270     0.00000     0.00000     0.00000     0.00000     0.00000
   -20.25870     0.00000     0.00000     0.00000     0.00000     0.00000
   -20.23570     0.00000     0.00000     0.00000     0.00000     0.00000
   -20.21270     0.00000     0.00000     0.00000     0.00000     0.00000
   -20.18970     0.00000     0.00000     0.00000     0.00000     0.00000
   -20.16670     0.00000     0.00000     0.00000     0.00000     0.00000
   -20.14370     0.00000     0.00000     0.00000     0.00000     0.00000
   -20.11970     0.00000     0.00000     0.00000     0.00000     0.00000
   -20.09670     0.00000     0.00000     0.00000     0.00000     0.00000
   -20.07370     0.00000     0.00000     0.00000     0.00000     0.00000
   -20.05070     0.00000     0.00000     0.00000     0.00000     0.00000
   -20.02770     0.00000     0.00000     0.00000     0.00000     0.00000
   -20.00370     0.00000     0.00000     0.00000     0.00000     0.00000
   -19.98070     0.00000     0.00000     0.00000     0.00000     0.00000
   -19.95770     0.00000     0.00000     0.00000     0.00000     0.00000
   -19.93470     0.00000     0.00000     0.00000     0.00001     0.00000
   -19.91170     0.00000     0.00000     0.00000     0.00002     0.00000
   -19.88870     0.00000     0.00000     0.00000     0.00005     0.00000
   -19.86470     0.00000     0.00000     0.00001     0.00010     0.00000
   -19.84170     0.00000     0.00001     0.00001     0.00022     0.00000
   -19.81870     0.00001     0.00002     0.00003     0.00044     0.00000
   -19.79570     0.00002     0.00003     0.00005     0.00088     0.00001
   -19.77270     0.00003     0.00006     0.00010     0.00170     0.00002
   -19.74870     0.00006     0.00012     0.00019     0.00321     0.00003
   -19.72570     0.00012     0.00022     0.00035     0.00590     0.00006
   -19.70270     0.00021     0.00039     0.00063     0.01054     0.00011
   -19.67970     0.00036     0.00068     0.00110     0.01835     0.00018
   -19.65670     0.00061     0.00114     0.00186     0.03108     0.00031
   -19.63270     0.00101     0.00189     0.00307     0.05127     0.00051
   -19.60970     0.00163     0.00303     0.00493     0.08234     0.00082
   -19.58670     0.00254     0.00474     0.00771     0.12870     0.00129
   -19.56370     0.00387     0.00721     0.01174     0.19590     0.00196
   -19.54070     0.00574     0.01069     0.01739     0.29030     0.00291
   -19.51770     0.00828     0.01541     0.02508     0.41880     0.00419
   -19.49370     0.01163     0.02165     0.03523     0.58810     0.00589
   -19.47070     0.01590     0.02960     0.04816     0.80410     0.00805
   -19.44770     0.02116     0.03939     0.06411     1.07000     0.01071
   -19.42470     0.02742     0.05105     0.08307     1.38700     0.01388
   -19.40170     0.03458     0.06439     0.10479     1.74900     0.01751
   -19.37770     0.04247     0.07909     0.12869     2.14800     0.02151
   -19.35470     0.05079     0.09456     0.15388     2.56900     0.02572
   -19.33170     0.05911     0.11005     0.17910     2.99000     0.02993
   -19.30870     0.06698     0.12471     0.20296     3.38800     0.03392
   -19.28570     0.07390     0.13760     0.22391     3.73800     0.03742
   -19.26270     0.07936     0.14778     0.24047     4.01400     0.04020
   -19.23870     0.08298     0.15451     0.25142     4.19700     0.04202
   -19.21570     0.08446     0.15728     0.25594     4.27300     0.04278
   -19.19270     0.08371     0.15586     0.25363     4.23400     0.04239
   -19.16970     0.08075     0.15037     0.24468     4.08500     0.04090
   -19.14670     0.07584     0.14123     0.22982     3.83700     0.03841
   -19.12270     0.06935     0.12913     0.21015     3.50800     0.03512
   -19.09970     0.06173     0.11494     0.18705     3.12300     0.03126
   -19.07670     0.05350     0.09962     0.16211     2.70600     0.02710
   -19.05370     0.04514     0.08405     0.13677     2.28300     0.02286
   -19.03070     0.03707     0.06904     0.11234     1.87500     0.01878
   -19.00670     0.02964     0.05521     0.08983     1.50000     0.01502
   -18.98370     0.02308     0.04298     0.06993     1.16700     0.01169
   -18.96070     0.01749     0.03257     0.05299     0.88470     0.00886
   -18.93770     0.01291     0.02403     0.03910     0.65280     0.00654
   -18.91470     0.00927     0.01726     0.02809     0.46890     0.00469
   -18.89170     0.00648     0.01207     0.01964     0.32790     0.00328
   -18.86770     0.00441     0.00822     0.01337     0.22320     0.00223
   -18.84470     0.00292     0.00545     0.00886     0.14790     0.00148
   -18.82170     0.00189     0.00351     0.00572     0.09545     0.00096
   -18.79870     0.00119     0.00221     0.00359     0.05996     0.00060
   -18.77570     0.00072     0.00135     0.00220     0.03667     0.00037
   -18.75170     0.00043     0.00080     0.00131     0.02183     0.00022
   -18.72870     0.00025     0.00047     0.00076     0.01265     0.00013
   -18.70570     0.00014     0.00026     0.00043     0.00714     0.00007
   -18.68270     0.00008     0.00014     0.00023     0.00392     0.00004
   -18.65970     0.00004     0.00008     0.00013     0.00210     0.00002
   -18.63570     0.00002     0.00004     0.00007     0.00109     0.00001
   -18.61270     0.00001     0.00002     0.00003     0.00055     0.00001
   -18.58970     0.00001     0.00001     0.00002     0.00027     0.00000
   -18.56670     0.00000     0.00000     0.00001     0.00013     0.00000
   -18.54370     0.00000     0.00000     0.00000     0.00006     0.00000
   -18.52070     0.00000     0.00000     0.00000     0.00003     0.00000
   -18.49670     0.00000     0.00000     0.00000     0.00001     0.00000
   -18.47370     0.00000     0.00000     0.00000     0.00001     0.00000
   -18.45070     0.00000     0.00000     0.00000     0.00000     0.00000
   -18.42770     0.00000     0.00000     0.00000     0.00000     0.00000
   -18.40470     0.00000     0.00000     0.00000     0.00000     0.00000
   -18.38070     0.00000     0.00000     0.00000     0.00000     0.00000
   -18.35770     0.00000     0.00000     0.00000     0.00000     0.00000
   -18.33470     0.00000     0.00000     0.00000     0.00000     0.00000
   -18.31170     0.00000     0.00000     0.00000     0.00000     0.00000
   -18.28870     0.00000     0.00000     0.00000     0.00000     0.00000
   -18.26570     0.00000     0.00000     0.00000     0.00000     0.00000
   -18.24170     0.00000     0.00000     0.00000     0.00000     0.00000
   -18.21870     0.00000     0.00000     0.00000     0.00000     0.00000
   -18.19570     0.00000     0.00000     0.00000     0.00000     0.00000
   -18.17270     0.00000     0.00000     0.00000     0.00000     0.00000
   -18.14970     0.00000     0.00000     0.00000     0.00000     0.00000
   -18.12570     0.00000     0.00000     0.00000     0.00000     0.00000
   -18.10270     0.00000     0.00000     0.00000     0.00000     0.00000
   -18.07970     0.00000     0.00000     0.00000     0.00000     0.00000
   -18.05670     0.00000     0.00000     0.00000     0.00000     0.00000
   -18.03370     0.00000     0.00000     0.00000     0.00000     0.00000
   -18.00970     0.00000     0.00000     0.00000     0.00000     0.00000
   -17.98670     0.00000     0.00000     0.00000     0.00000     0.00000
   -17.96370     0.00000     0.00000     0.00000     0.00000     0.00000
   -17.94070     0.00000     0.00000     0.00000     0.00000     0.00000
   -17.91770     0.00000     0.00000     0.00000     0.00000     0.00000
   -17.89470     0.00000     0.00000     0.00000     0.00000     0.00000
   -17.87070     0.00000     0.00000     0.00000     0.00000     0.00000
   -17.84770     0.00000     0.00000     0.00000     0.00000     0.00000
   -17.82470     0.00000     0.00000     0.00000     0.00000     0.00000
   -17.80170     0.00000     0.00000     0.00000     0.00000     0.00000
   -17.77870     0.00000     0.00000     0.00000     0.00000     0.00000
   -17.75470     0.00000     0.00000     0.00000     0.00000     0.00000
   -17.73170     0.00000     0.00000     0.00000     0.00000     0.00000
   -17.70870     0.00000     0.00000     0.00000     0.00000     0.00000
   -17.68570     0.00000     0.00000     0.00000     0.00000     0.00000
   -17.66270     0.00000     0.00000     0.00000     0.00000     0.00000
   -17.63970     0.00000     0.00000     0.00000     0.00000     0.00000
   -17.61570     0.00000     0.00000     0.00000     0.00000     0.00000
   -17.59270     0.00000     0.00000     0.00000     0.00000     0.00000
   -17.56970     0.00000     0.00000     0.00000     0.00000     0.00000
   -17.54670     0.00000     0.00000     0.00000     0.00000     0.00000
   -17.52370     0.00000     0.00000     0.00000     0.00000     0.00000
   -17.49970     0.00000     0.00000     0.00000     0.00000     0.00000
   -17.47670     0.00000     0.00000     0.00000     0.00000     0.00000
   -17.45370     0.00000     0.00000     0.00000     0.00000     0.00000
   -17.43070     0.00000     0.00000     0.00000     0.00000     0.00000
   -17.40770     0.00000     0.00000     0.00000     0.00000     0.00000
   -17.38370     0.00000     0.00000     0.00000     0.00000     0.00000
   -17.36070     0.00000     0.00000     0.00000     0.00000     0.00000
   -17.33770     0.00000     0.00000     0.00000     0.00000     0.00000
   -17.31470     0.00000     0.00000     0.00000     0.00000     0.00000
   -17.29170     0.00000     0.00000     0.00000     0.00000     0.00000
   -17.26870     0.00000     0.00000     0.00000     0.00000     0.00000
   -17.24470     0.00000     0.00000     0.00000     0.00000     0.00000
   -17.22170     0.00000     0.00000     0.00000     0.00000     0.00000
   -17.19870     0.00000     0.00000     0.00000     0.00000     0.00000
   -17.17570     0.00000     0.00000     0.00000     0.00000     0.00000
   -17.15270     0.00000     0.00000     0.00000     0.00000     0.00000
   -17.12870     0.00000     0.00000     0.00000     0.00000     0.00000
   -17.10570     0.00000     0.00000     0.00000     0.00000     0.00000
   -17.08270     0.00000     0.00000     0.00000     0.00000     0.00000
   -17.05970     0.00000     0.00000     0.00000     0.00000     0.00000
   -17.03670     0.00000     0.00000     0.00000     0.00000     0.00000
   -17.01370     0.00000     0.00000     0.00000     0.00000     0.00000
   -16.98970     0.00000     0.00000     0.00000     0.00000     0.00000
   -16.96670     0.00000     0.00000     0.00000     0.00000     0.00000
   -16.94370     0.00000     0.00000     0.00000     0.00000     0.00000
   -16.92070     0.00000     0.00000     0.00000     0.00000     0.00000
   -16.89770     0.00000     0.00000     0.00000     0.00000     0.00000
   -16.87370     0.00000     0.00000     0.00000     0.00000     0.00000
   -16.85070     0.00000     0.00000     0.00000     0.00000     0.00000
   -16.82770     0.00000     0.00000     0.00000     0.00000     0.00000
   -16.80470     0.00000     0.00000     0.00000     0.00000     0.00000
   -16.78170     0.00000     0.00000     0.00000     0.00000     0.00000
   -16.75770     0.00000     0.00000     0.00000     0.00000     0.00000
   -16.73470     0.00000     0.00000     0.00000     0.00000     0.00000
   -16.71170     0.00000     0.00000     0.00000     0.00000     0.00000
   -16.68870     0.00000     0.00000     0.00000     0.00000     0.00000
   -16.66570     0.00000     0.00000     0.00000     0.00000     0.00000
   -16.64270     0.00000     0.00000     0.00000     0.00000     0.00000
   -16.61870     0.00000     0.00000     0.00000     0.00000     0.00000
   -16.59570     0.00000     0.00000     0.00000     0.00000     0.00000
   -16.57270     0.00000     0.00000     0.00000     0.00000     0.00000
   -16.54970     0.00000     0.00000     0.00000     0.00000     0.00000
   -16.52670     0.00000     0.00000     0.00000     0.00000     0.00000
   -16.50270     0.00000     0.00000     0.00000     0.00000     0.00000
   -16.47970     0.00000     0.00000     0.00000     0.00000     0.00000
   -16.45670     0.00000     0.00000     0.00000     0.00000     0.00000
   -16.43370     0.00000     0.00000     0.00000     0.00000     0.00000
   -16.41070     0.00000     0.00000     0.00000     0.00000     0.00000
   -16.38770     0.00000     0.00000     0.00000     0.00000     0.00000
   -16.36370     0.00000     0.00000     0.00000     0.00000     0.00000
   -16.34070     0.00000     0.00000     0.00000     0.00000     0.00000
   -16.31770     0.00000     0.00000     0.00000     0.00000     0.00000
   -16.29470     0.00000     0.00000     0.00000     0.00000     0.00000
   -16.27170     0.00000     0.00000     0.00000     0.00000     0.00000
   -16.24770     0.00000     0.00000     0.00000     0.00000     0.00000
   -16.22470     0.00000     0.00000     0.00000     0.00000     0.00000
   -16.20170     0.00000     0.00000     0.00000     0.00000     0.00000
   -16.17870     0.00000     0.00000     0.00000     0.00000     0.00000
   -16.15570     0.00000     0.00000     0.00000     0.00000     0.00000
   -16.13170     0.00000     0.00000     0.00000     0.00000     0.00000
   -16.10870     0.00000     0.00000     0.00000     0.00000     0.00000
   -16.08570     0.00000     0.00000     0.00000     0.00000     0.00000
   -16.06270     0.00000     0.00000     0.00000     0.00000     0.00000
   -16.03970     0.00000     0.00000     0.00000     0.00000     0.00000
   -16.01670     0.00000     0.00000     0.00000     0.00000     0.00000
   -15.99270     0.00000     0.00000     0.00000     0.00000     0.00000
   -15.96970     0.00000     0.00000     0.00000     0.00000     0.00000
   -15.94670     0.00000     0.00000     0.00000     0.00000     0.00000
   -15.92370     0.00000     0.00000     0.00000     0.00000     0.00000
   -15.90070     0.00000     0.00000     0.00000     0.00000     0.00000
   -15.87670     0.00000     0.00000     0.00000     0.00000     0.00000
   -15.85370     0.00000     0.00000     0.00000     0.00000     0.00000
   -15.83070     0.00000     0.00000     0.00000     0.00000     0.00000
   -15.80770     0.00000     0.00000     0.00000     0.00000     0.00000
   -15.78470     0.00000     0.00000     0.00000     0.00000     0.00000
   -15.76070     0.00000     0.00000     0.00000     0.00000     0.00000
   -15.73770     0.00000     0.00000     0.00000     0.00000     0.00000
   -15.71470     0.00000     0.00000     0.00000     0.00000     0.00000
   -15.69170     0.00000     0.00000     0.00000     0.00000     0.00000
   -15.66870     0.00000     0.00000     0.00000     0.00000     0.00000
   -15.64570     0.00000     0.00000     0.00000     0.00000     0.00000
   -15.62170     0.00000     0.00000     0.00000     0.00000     0.00000
   -15.59870     0.00000     0.00000     0.00000     0.00000     0.00000
   -15.57570     0.00000     0.00000     0.00000     0.00000     0.00000
   -15.55270     0.00000     0.00000     0.00000     0.00000     0.00000
   -15.52970     0.00000     0.00000     0.00000     0.00000     0.00000
   -15.50570     0.00000     0.00000     0.00000     0.00000     0.00000
   -15.48270     0.00000     0.00000     0.00000     0.00000     0.00000
   -15.45970     0.00000     0.00000     0.00000     0.00000     0.00000
   -15.43670     0.00000     0.00000     0.00000     0.00000     0.00000
   -15.41370     0.00000     0.00000     0.00000     0.00000     0.00000
   -15.39070     0.00000     0.00000     0.00000     0.00000     0.00000
   -15.36670     0.00000     0.00000     0.00000     0.00000     0.00000
   -15.34370     0.00000     0.00000     0.00000     0.00000     0.00000
   -15.32070     0.00000     0.00000     0.00000     0.00000     0.00000
   -15.29770     0.00000     0.00000     0.00000     0.00000     0.00000
   -15.27470     0.00000     0.00000     0.00000     0.00000     0.00000
   -15.25070     0.00000     0.00000     0.00000     0.00000     0.00000
   -15.22770     0.00000     0.00000     0.00000     0.00000     0.00000
   -15.20470     0.00000     0.00000     0.00000     0.00000     0.00000
   -15.18170     0.00000     0.00000     0.00000     0.00000     0.00000
   -15.15870     0.00000     0.00000     0.00000     0.00000     0.00000
   -15.13470     0.00000     0.00000     0.00000     0.00000     0.00000
   -15.11170     0.00000     0.00000     0.00000     0.00000     0.00000
   -15.08870     0.00000     0.00000     0.00000     0.00000     0.00000
   -15.06570     0.00000     0.00000     0.00000     0.00000     0.00000
   -15.04270     0.00000     0.00000     0.00000     0.00000     0.00000
   -15.01970     0.00000     0.00000     0.00000     0.00000     0.00000
   -14.99570     0.00000     0.00000     0.00000     0.00000     0.00000
   -14.97270     0.00000     0.00000     0.00000     0.00000     0.00000
   -14.94970     0.00000     0.00000     0.00000     0.00000     0.00000
   -14.92670     0.00000     0.00000     0.00000     0.00000     0.00000
   -14.90370     0.00000     0.00000     0.00000     0.00000     0.00000
   -14.87970     0.00000     0.00000     0.00000     0.00000     0.00000
   -14.85670     0.00000     0.00000     0.00000     0.00000     0.00000
   -14.83370     0.00000     0.00000     0.00000     0.00000     0.00000
   -14.81070     0.00000     0.00000     0.00000     0.00000     0.00000
   -14.78770     0.00000     0.00000     0.00000     0.00000     0.00000
   -14.76470     0.00000     0.00000     0.00000     0.00000     0.00000
   -14.74070     0.00000     0.00000     0.00000     0.00000     0.00000
   -14.71770     0.00000     0.00000     0.00000     0.00000     0.00000
   -14.69470     0.00000     0.00000     0.00000     0.00000     0.00000
   -14.67170     0.00000     0.00000     0.00000     0.00000     0.00000
   -14.64870     0.00000     0.00000     0.00000     0.00000     0.00000
   -14.62470     0.00000     0.00000     0.00000     0.00000     0.00000
   -14.60170     0.00000     0.00000     0.00000     0.00000     0.00000
   -14.57870     0.00000     0.00000     0.00000     0.00000     0.00000
   -14.55570     0.00000     0.00000     0.00000     0.00000     0.00000
   -14.53270     0.00000     0.00000     0.00000     0.00000     0.00000
   -14.50870     0.00000     0.00000     0.00000     0.00000     0.00000
   -14.48570     0.00000     0.00000     0.00000     0.00000     0.00000
   -14.46270     0.00000     0.00000     0.00000     0.00000     0.00000
   -14.43970     0.00000     0.00000     0.00000     0.00000     0.00000
   -14.41670     0.00000     0.00000     0.00000     0.00000     0.00000
   -14.39370     0.00000     0.00000     0.00000     0.00000     0.00000
   -14.36970     0.00000     0.00000     0.00000     0.00000     0.00000
   -14.34670     0.00000     0.00000     0.00000     0.00000     0.00000
   -14.32370     0.00000     0.00000     0.00000     0.00000     0.00000
   -14.30070     0.00000     0.00000     0.00000     0.00000     0.00000
   -14.27770     0.00000     0.00000     0.00000     0.00000     0.00000
   -14.25370     0.00000     0.00000     0.00000     0.00000     0.00000
   -14.23070     0.00000     0.00000     0.00000     0.00000     0.00000
   -14.20770     0.00000     0.00000     0.00000     0.00000     0.00000
   -14.18470     0.00000     0.00000     0.00000     0.00000     0.00000
   -14.16170     0.00000     0.00000     0.00000     0.00000     0.00000
   -14.13870     0.00000     0.00000     0.00000     0.00000     0.00000
   -14.11470     0.00000     0.00000     0.00000     0.00000     0.00000
   -14.09170     0.00000     0.00000     0.00000     0.00000     0.00000
   -14.06870     0.00000     0.00000     0.00000     0.00000     0.00000
   -14.04570     0.00000     0.00000     0.00000     0.00000     0.00000
   -14.02270     0.00000     0.00000     0.00000     0.00000     0.00000
   -13.99870     0.00000     0.00000     0.00000     0.00000     0.00000
   -13.97570     0.00000     0.00000     0.00000     0.00000     0.00000
   -13.95270     0.00000     0.00000     0.00000     0.00000     0.00000
   -13.92970     0.00000     0.00000     0.00000     0.00000     0.00000
   -13.90670     0.00000     0.00000     0.00000     0.00000     0.00000
   -13.88270     0.00000     0.00000     0.00000     0.00000     0.00000
   -13.85970     0.00000     0.00000     0.00000     0.00000     0.00000
   -13.83670     0.00000     0.00000     0.00000     0.00000     0.00000
   -13.81370     0.00000     0.00000     0.00000     0.00000     0.00000
   -13.79070     0.00000     0.00000     0.00000     0.00000     0.00000
   -13.76770     0.00000     0.00000     0.00000     0.00000     0.00000
   -13.74370     0.00000     0.00000     0.00000     0.00000     0.00000
   -13.72070     0.00000     0.00000     0.00000     0.00000     0.00000
   -13.69770     0.00000     0.00000     0.00000     0.00000     0.00000
   -13.67470     0.00000     0.00000     0.00000     0.00000     0.00000
   -13.65170     0.00000     0.00000     0.00000     0.00000     0.00000
   -13.62770     0.00000     0.00000     0.00000     0.00000     0.00000
   -13.60470     0.00000     0.00000     0.00000     0.00000     0.00000
   -13.58170     0.00000     0.00000     0.00000     0.00000     0.00000
   -13.55870     0.00000     0.00000     0.00000     0.00000     0.00000
   -13.53570     0.00000     0.00000     0.00000     0.00000     0.00000
   -13.51170     0.00000     0.00000     0.00000     0.00000     0.00000
   -13.48870     0.00000     0.00000     0.00000     0.00000     0.00000
   -13.46570     0.00000     0.00000     0.00000     0.00000     0.00000
   -13.44270     0.00000     0.00000     0.00000     0.00000     0.00000
   -13.41970     0.00000     0.00000     0.00000     0.00000     0.00000
   -13.39670     0.00000     0.00000     0.00000     0.00000     0.00000
   -13.37270     0.00000     0.00000     0.00000     0.00000     0.00000
   -13.34970     0.00000     0.00000     0.00000     0.00000     0.00000
   -13.32670     0.00000     0.00000     0.00000     0.00000     0.00000
   -13.30370     0.00000     0.00000     0.00000     0.00000     0.00000
   -13.28070     0.00000     0.00000     0.00000     0.00000     0.00000
   -13.25670     0.00000     0.00000     0.00000     0.00000     0.00000
   -13.23370     0.00000     0.00000     0.00000     0.00000     0.00000
   -13.21070     0.00000     0.00000     0.00000     0.00000     0.00000
   -13.18770     0.00000     0.00000     0.00000     0.00000     0.00000
   -13.16470     0.00000     0.00000     0.00000     0.00000     0.00000
   -13.14170     0.00000     0.00000     0.00000     0.00000     0.00000
   -13.11770     0.00000     0.00000     0.00000     0.00000     0.00000
   -13.09470     0.00000     0.00000     0.00000     0.00000     0.00000
   -13.07170     0.00000     0.00000     0.00000     0.00000     0.00000
   -13.04870     0.00000     0.00000     0.00000     0.00000     0.00000
   -13.02570     0.00000     0.00000     0.00000     0.00000     0.00000
   -13.00170     0.00000     0.00000     0.00000     0.00000     0.00000
   -12.97870     0.00000     0.00000     0.00000     0.00000     0.00000
   -12.95570     0.00000     0.00000     0.00000     0.00000     0.00000
   -12.93270     0.00000     0.00000     0.00000     0.00000     0.00000
   -12.90970     0.00000     0.00000     0.00000     0.00000     0.00000
   -12.88570     0.00000     0.00000     0.00000     0.00000     0.00000
   -12.86270     0.00000     0.00000     0.00000     0.00000     0.00000
   -12.83970     0.00000     0.00000     0.00000     0.00000     0.00000
   -12.81670     0.00000     0.00000     0.00000     0.00000     0.00000
   -12.79370     0.00000     0.00000     0.00000     0.00000     0.00000
   -12.77070     0.00000     0.00000     0.00000     0.00000     0.00000
   -12.74670     0.00000     0.00000     0.00000     0.00000     0.00000
   -12.72370     0.00000     0.00000     0.00000     0.00000     0.00000
   -12.70070     0.00000     0.00000     0.00000     0.00000     0.00000
   -12.67770     0.00000     0.00000     0.00000     0.00000     0.00000
   -12.65470     0.00000     0.00000     0.00000     0.00000     0.00000
   -12.63070     0.00000     0.00000     0.00000     0.00000     0.00000
   -12.60770     0.00000     0.00000     0.00000     0.00000     0.00000
   -12.58470     0.00000     0.00000     0.00000     0.00000     0.00000
   -12.56170     0.00000     0.00000     0.00000     0.00000     0.00000
   -12.53870     0.00000     0.00000     0.00000     0.00000     0.00000
   -12.51570     0.00000     0.00000     0.00000     0.00000     0.00000
   -12.49170     0.00000     0.00000     0.00000     0.00000     0.00000
   -12.46870     0.00000     0.00000     0.00000     0.00000     0.00000
   -12.44570     0.00000     0.00000     0.00000     0.00000     0.00000
   -12.42270     0.00000     0.00000     0.00000     0.00000     0.00000
   -12.39970     0.00000     0.00000     0.00000     0.00000     0.00000
   -12.37570     0.00000     0.00000     0.00000     0.00000     0.00000
   -12.35270     0.00000     0.00000     0.00000     0.00000     0.00000
   -12.32970     0.00000     0.00000     0.00000     0.00000     0.00000
   -12.30670     0.00000     0.00000     0.00000     0.00000     0.00000
   -12.28370     0.00000     0.00000     0.00000     0.00000     0.00000
   -12.25970     0.00000     0.00000     0.00000     0.00000     0.00000
   -12.23670     0.00000     0.00000     0.00000     0.00000     0.00000
   -12.21370     0.00000     0.00000     0.00000     0.00000     0.00000
   -12.19070     0.00000     0.00000     0.00000     0.00000     0.00000
   -12.16770     0.00000     0.00000     0.00000     0.00000     0.00000
   -12.14470     0.00000     0.00000     0.00000     0.00000     0.00000
   -12.12070     0.00000     0.00000     0.00000     0.00000     0.00000
   -12.09770     0.00000     0.00000     0.00000     0.00000     0.00000
   -12.07470     0.00000     0.00000     0.00000     0.00000     0.00000
   -12.05170     0.00000     0.00000     0.00000     0.00000     0.00000
   -12.02870     0.00000     0.00000     0.00000     0.00000     0.00000
   -12.00470     0.00000     0.00000     0.00000     0.00000     0.00000
   -11.98170     0.00000     0.00000     0.00000     0.00000     0.00000
   -11.95870     0.00000     0.00000     0.00000     0.00000     0.00000
   -11.93570     0.00000     0.00000     0.00000     0.00000     0.00000
   -11.91270     0.00000     0.00000     0.00000     0.00000     0.00000
   -11.88970     0.00000     0.00000     0.00000     0.00000     0.00000
   -11.86570     0.00000     0.00000     0.00000     0.00000     0.00000
   -11.84270     0.00000     0.00000     0.00000     0.00000     0.00000
   -11.81970     0.00000     0.00000     0.00000     0.00000     0.00000
   -11.79670     0.00000     0.00000     0.00000     0.00000     0.00000
   -11.77370     0.00000     0.00000     0.00000     0.00000     0.00000
   -11.74970     0.00000     0.00000     0.00000     0.00000     0.00000
   -11.72670     0.00000     0.00000     0.00000     0.00000     0.00000
   -11.70370     0.00000     0.00000     0.00000     0.00000     0.00000
   -11.68070     0.00000     0.00000     0.00000     0.00000     0.00000
   -11.65770     0.00000     0.00000     0.00000     0.00000     0.00000
   -11.63370     0.00000     0.00000     0.00000     0.00000     0.00000
   -11.61070     0.00000     0.00000     0.00000     0.00000     0.00000
   -11.58770     0.00000     0.00000     0.00000     0.00000     0.00000
   -11.56470     0.00000     0.00000     0.00000     0.00000     0.00000
   -11.54170     0.00000     0.00000     0.00000     0.00000     0.00000
   -11.51870     0.00000     0.00000     0.00000     0.00000     0.00000
   -11.49470     0.00000     0.00000     0.00000     0.00000     0.00000
   -11.47170     0.00000     0.00000     0.00000     0.00000     0.00000
   -11.44870     0.00000     0.00000     0.00000     0.00000     0.00000
   -11.42570     0.00000     0.00000     0.00000     0.00000     0.00000
   -11.40270     0.00000     0.00000     0.00000     0.00000     0.00000
   -11.37870     0.00000     0.00000     0.00000     0.00000     0.00000
   -11.35570     0.00000     0.00000     0.00000     0.00000     0.00000
   -11.33270     0.00000     0.00000     0.00000     0.00000     0.00000
   -11.30970     0.00000     0.00000     0.00000     0.00000     0.00000
   -11.28670     0.00000     0.00000     0.00000     0.00000     0.00000
   -11.26370     0.00000     0.00000     0.00000     0.00000     0.00000
   -11.23970     0.00000     0.00000     0.00000     0.00000     0.00000
   -11.21670     0.00000     0.00000     0.00000     0.00000     0.00000
   -11.19370     0.00000     0.00000     0.00000     0.00000     0.00000
   -11.17070     0.00000     0.00000     0.00000     0.00000     0.00000
   -11.14770     0.00000     0.00000     0.00000     0.00000     0.00000
   -11.12370     0.00000     0.00000     0.00000     0.00000     0.00000
   -11.10070     0.00000     0.00000     0.00000     0.00000     0.00000
   -11.07770     0.00000     0.00000     0.00000     0.00000     0.00000
   -11.05470     0.00000     0.00000     0.00000     0.00000     0.00000
   -11.03170     0.00000     0.00000     0.00000     0.00000     0.00000
   -11.00770     0.00000     0.00000     0.00000     0.00000     0.00000
   -10.98470     0.00000     0.00000     0.00000     0.00000     0.00000
   -10.96170     0.00000     0.00000     0.00000     0.00000     0.00000
   -10.93870     0.00000     0.00000     0.00000     0.00000     0.00000
   -10.91570     0.00000     0.00000     0.00000     0.00000     0.00000
   -10.89270     0.00000     0.00000     0.00000     0.00000     0.00000
   -10.86870     0.00000     0.00000     0.00000     0.00000     0.00000
   -10.84570     0.00000     0.00000     0.00000     0.00000     0.00000
   -10.82270     0.00000     0.00000     0.00000     0.00000     0.00000
   -10.79970     0.00000     0.00000     0.00000     0.00000     0.00000
   -10.77670     0.00000     0.00000     0.00000     0.00000     0.00000
   -10.75270     0.00000     0.00000     0.00000     0.00000     0.00000
   -10.72970     0.00000     0.00000     0.00000     0.00000     0.00000
   -10.70670     0.00000     0.00000     0.00000     0.00000     0.00000
   -10.68370     0.00000     0.00000     0.00000     0.00000     0.00000
   -10.66070     0.00000     0.00000     0.00000     0.00000     0.00000
   -10.63670     0.00000     0.00000     0.00000     0.00000     0.00000
   -10.61370     0.00000     0.00000     0.00000     0.00000     0.00000
   -10.59070     0.00000     0.00000     0.00000     0.00000     0.00000
   -10.56770     0.00000     0.00000     0.00000     0.00000     0.00000
   -10.54470     0.00000     0.00000     0.00000     0.00000     0.00000
   -10.52170     0.00000     0.00000     0.00000     0.00000     0.00000
   -10.49770     0.00000     0.00000     0.00000     0.00000     0.00000
   -10.47470     0.00000     0.00000     0.00000     0.00000     0.00000
   -10.45170     0.00000     0.00000     0.00000     0.00000     0.00000
   -10.42870     0.00000     0.00000     0.00000     0.00000     0.00000
   -10.40570     0.00000     0.00000     0.00000     0.00000     0.00000
   -10.38170     0.00000     0.00000     0.00000     0.00000     0.00000
   -10.35870     0.00000     0.00000     0.00000     0.00000     0.00000
   -10.33570     0.00000     0.00000     0.00000     0.00000     0.00000
   -10.31270     0.00000     0.00000     0.00000     0.00000     0.00000
   -10.28970     0.00000     0.00000     0.00000     0.00000     0.00000
   -10.26670     0.00000     0.00000     0.00000     0.00000     0.00000
   -10.24270     0.00000     0.00000     0.00000     0.00000     0.00000
   -10.21970     0.00000     0.00000     0.00000     0.00000     0.00000
   -10.19670     0.00000     0.00000     0.00000     0.00000     0.00000
   -10.17370     0.00000     0.00000     0.00000     0.00000     0.00000
   -10.15070     0.00000     0.00000     0.00000     0.00000     0.00000
   -10.12670     0.00000     0.00000     0.00000     0.00000     0.00000
   -10.10370     0.00000     0.00000     0.00000     0.00000     0.00000
   -10.08070     0.00000     0.00000     0.00000     0.00000     0.00000
   -10.05770     0.00000     0.00000     0.00000     0.00000     0.00000
   -10.03470     0.00000     0.00000     0.00000     0.00000     0.00000
   -10.01070     0.00000     0.00000     0.00000     0.00000     0.00000
    -9.98770     0.00000     0.00000     0.00000     0.00000     0.00000
    -9.96470     0.00000     0.00000     0.00000     0.00000     0.00000
    -9.94170     0.00000     0.00000     0.00000     0.00000     0.00000
    -9.91870     0.00000     0.00000     0.00000     0.00000     0.00000
    -9.89570     0.00000     0.00000     0.00000     0.00000     0.00000
    -9.87170     0.00000     0.00000     0.00000     0.00000     0.00000
    -9.84870     0.00000     0.00000     0.00000     0.00000     0.00000
    -9.82570     0.00000     0.00000     0.00000     0.00000     0.00000
    -9.80270     0.00000     0.00000     0.00000     0.00000     0.00000
    -9.77970     0.00000     0.00000     0.00000     0.00000     0.00000
    -9.75570     0.00000     0.00000     0.00000     0.00000     0.00000
    -9.73270     0.00000     0.00000     0.00000     0.00000     0.00000
    -9.70970     0.00000     0.00000     0.00000     0.00000     0.00000
    -9.68670     0.00000     0.00000     0.00000     0.00000     0.00000
    -9.66370     0.00000     0.00000     0.00000     0.00000     0.00000
    -9.64070     0.00000     0.00000     0.00000     0.00000     0.00000
    -9.61670     0.00000     0.00000     0.00000     0.00000     0.00000
    -9.59370     0.00000     0.00000     0.00000     0.00000     0.00000
    -9.57070     0.00000     0.00000     0.00000     0.00000     0.00000
    -9.54770     0.00000     0.00000     0.00000     0.00000     0.00000
    -9.52470     0.00000     0.00000     0.00000     0.00000     0.00000
    -9.50070     0.00000     0.00000     0.00000     0.00000     0.00000
    -9.47770     0.00000     0.00000     0.00000     0.00000     0.00000
    -9.45470     0.00000     0.00000     0.00000     0.00000     0.00000
    -9.43170     0.00000     0.00000     0.00000     0.00000     0.00000
    -9.40870     0.00000     0.00000     0.00000     0.00000     0.00000
    -9.38470     0.00000     0.00000     0.00000     0.00000     0.00000
    -9.36170     0.00000     0.00000     0.00000     0.00000     0.00000
    -9.33870     0.00000     0.00000     0.00000     0.00000     0.00000
    -9.31570     0.00000     0.00000     0.00000     0.00000     0.00000
    -9.29270     0.00000     0.00000     0.00000     0.00000     0.00000
    -9.26970     0.00000     0.00000     0.00000     0.00000     0.00000
    -9.24570     0.00000     0.00000     0.00000     0.00000     0.00000
    -9.22270     0.00000     0.00000     0.00000     0.00000     0.00000
    -9.19970     0.00000     0.00000     0.00000     0.00000     0.00000
    -9.17670     0.00000     0.00000     0.00000     0.00000     0.00000
    -9.15370     0.00000     0.00000     0.00000     0.00000     0.00000
    -9.12970     0.00000     0.00000     0.00000     0.00000     0.00000
    -9.10670     0.00000     0.00000     0.00000     0.00000     0.00000
    -9.08370     0.00000     0.00000     0.00000     0.00000     0.00000
    -9.06070     0.00000     0.00000     0.00000     0.00000     0.00000
    -9.03770     0.00000     0.00000     0.00000     0.00000     0.00000
    -9.01470     0.00000     0.00000     0.00000     0.00000     0.00000
    -8.99070     0.00000     0.00000     0.00000     0.00000     0.00000
    -8.96770     0.00000     0.00000     0.00000     0.00000     0.00000
    -8.94470     0.00000     0.00000     0.00000     0.00000     0.00000
    -8.92170     0.00000     0.00000     0.00000     0.00000     0.00000
    -8.89870     0.00000     0.00000     0.00000     0.00000     0.00000
    -8.87470     0.00000     0.00000     0.00000     0.00000     0.00000
    -8.85170     0.00000     0.00000     0.00000     0.00000     0.00000
    -8.82870     0.00000     0.00000     0.00000     0.00000     0.00000
    -8.80570     0.00000     0.00000     0.00000     0.00000     0.00000
    -8.78270     0.00000     0.00000     0.00000     0.00000     0.00000
    -8.75870     0.00000     0.00000     0.00000     0.00000     0.00000
    -8.73570     0.00000     0.00000     0.00000     0.00000     0.00000
    -8.71270     0.00000     0.00000     0.00000     0.00000     0.00000
    -8.68970     0.00000     0.00000     0.00000     0.00000     0.00000
    -8.66670     0.00000     0.00000     0.00000     0.00000     0.00000
    -8.64370     0.00000     0.00000     0.00000     0.00000     0.00000
    -8.61970     0.00000     0.00000     0.00000     0.00000     0.00000
    -8.59670     0.00000     0.00000     0.00000     0.00000     0.00000
    -8.57370     0.00000     0.00000     0.00000     0.00000     0.00000
    -8.55070     0.00000     0.00000     0.00000     0.00000     0.00000
    -8.52770     0.00000     0.00000     0.00000     0.00000     0.00000
    -8.50370     0.00000     0.00000     0.00000     0.00000     0.00000
    -8.48070     0.00000     0.00000     0.00000     0.00000     0.00000
    -8.45770     0.00000     0.00000     0.00000     0.00000     0.00000
    -8.43470     0.00000     0.00000     0.00000     0.00000     0.00000
    -8.41170     0.00000     0.00000     0.00000     0.00000     0.00000
    -8.38770     0.00000     0.00000     0.00000     0.00000     0.00000
    -8.36470     0.00000     0.00000     0.00000     0.00000     0.00000
    -8.34170     0.00000     0.00000     0.00000     0.00000     0.00000
    -8.31870     0.00000     0.00000     0.00000     0.00000     0.00000
    -8.29570     0.00000     0.00000     0.00000     0.00000     0.00000
    -8.27270     0.00000     0.00000     0.00000     0.00000     0.00000
    -8.24870     0.00000     0.00000     0.00000     0.00000     0.00000
    -8.22570     0.00000     0.00000     0.00000     0.00000     0.00000
    -8.20270     0.00000     0.00000     0.00000     0.00000     0.00000
    -8.17970     0.00000     0.00000     0.00000     0.00000     0.00000
    -8.15670     0.00000     0.00000     0.00000     0.00000     0.00000
    -8.13270     0.00000     0.00000     0.00000     0.00000     0.00000
    -8.10970     0.00000     0.00000     0.00000     0.00000     0.00000
    -8.08670     0.00000     0.00000     0.00000     0.00000     0.00000
    -8.06370     0.00000     0.00000     0.00000     0.00000     0.00000
    -8.04070     0.00000     0.00000     0.00000     0.00000     0.00000
    -8.01770     0.00000     0.00000     0.00000     0.00000     0.00000
    -7.99370     0.00000     0.00000     0.00000     0.00000     0.00000
    -7.97070     0.00000     0.00000     0.00000     0.00000     0.00000
    -7.94770     0.00000     0.00000     0.00000     0.00000     0.00000
    -7.92470     0.00000     0.00000     0.00000     0.00000     0.00000
    -7.90170     0.00000     0.00000     0.00000     0.00000     0.00000
    -7.87770     0.00000     0.00000     0.00000     0.00000     0.00000
    -7.85470     0.00000     0.00000     0.00000     0.00000     0.00000
    -7.83170     0.00000     0.00000     0.00000     0.00000     0.00000
    -7.80870     0.00000     0.00000     0.00000     0.00000     0.00000
    -7.78570     0.00000     0.00000     0.00000     0.00000     0.00000
    -7.76170     0.00000     0.00000     0.00000     0.00000     0.00000
    -7.73870     0.00000     0.00000     0.00000     0.00000     0.00000
    -7.71570     0.00000     0.00000     0.00000     0.00000     0.00000
    -7.69270     0.00000     0.00000     0.00000     0.00000     0.00000
    -7.66970     0.00000     0.00000     0.00000     0.00000     0.00000
    -7.64670     0.00000     0.00000     0.00000     0.00000     0.00000
    -7.62270     0.00000     0.00000     0.00000     0.00000     0.00000
    -7.59970     0.00001     0.00000     0.00000     0.00000     0.00000
    -7.57670     0.00002     0.00000     0.00000     0.00000     0.00000
    -7.55370     0.00004     0.00000     0.00000     0.00000     0.00000
    -7.53070     0.00008     0.00000     0.00000     0.00000     0.00000
    -7.50670     0.00015     0.00000     0.00000     0.00000     0.00000
    -7.48370     0.00029     0.00000     0.00000     0.00000     0.00000
    -7.46070     0.00053     0.00001     0.00000     0.00000     0.00000
    -7.43770     0.00095     0.00001     0.00000     0.00000     0.00000
    -7.41470     0.00167     0.00002     0.00000     0.00000     0.00000
    -7.39170     0.00284     0.00004     0.00001     0.00000     0.00000
    -7.36770     0.00473     0.00006     0.00001     0.00000     0.00000
    -7.34470     0.00767     0.00010     0.00002     0.00000     0.00001
    -7.32170     0.01212     0.00016     0.00003     0.00000     0.00001
    -7.29870     0.01869     0.00025     0.00005     0.00001     0.00002
    -7.27570     0.02813     0.00038     0.00007     0.00001     0.00003
    -7.25170     0.04132     0.00057     0.00011     0.00002     0.00005
    -7.22870     0.05927     0.00083     0.00016     0.00002     0.00007
    -7.20570     0.08306     0.00118     0.00023     0.00003     0.00009
    -7.18270     0.11379     0.00165     0.00032     0.00004     0.00013
    -7.15970     0.15247     0.00226     0.00043     0.00006     0.00018
    -7.13570     0.19994     0.00302     0.00058     0.00008     0.00024
    -7.11270     0.25681     0.00398     0.00076     0.00010     0.00032
    -7.08970     0.32332     0.00515     0.00099     0.00012     0.00041
    -7.06670     0.39932     0.00654     0.00125     0.00015     0.00053
    -7.04370     0.48423     0.00819     0.00156     0.00018     0.00066
    -7.02070     0.57710     0.01010     0.00192     0.00022     0.00082
    -6.99670     0.67665     0.01227     0.00233     0.00026     0.00100
    -6.97370     0.78123     0.01472     0.00279     0.00029     0.00120
    -6.95070     0.88932     0.01745     0.00330     0.00033     0.00143
    -6.92770     0.99920     0.02046     0.00386     0.00038     0.00169
    -6.90470     1.10952     0.02375     0.00449     0.00042     0.00198
    -6.88070     1.21914     0.02733     0.00518     0.00046     0.00229
    -6.85770     1.32737     0.03121     0.00595     0.00050     0.00265
    -6.83470     1.43391     0.03541     0.00683     0.00053     0.00305
    -6.81170     1.53908     0.03993     0.00781     0.00057     0.00351
    -6.78870     1.64326     0.04481     0.00895     0.00061     0.00403
    -6.76570     1.74716     0.05006     0.01024     0.00065     0.00464
    -6.74170     1.85138     0.05566     0.01173     0.00069     0.00533
    -6.71870     1.95591     0.06158     0.01343     0.00073     0.00613
    -6.69570     2.06038     0.06777     0.01534     0.00077     0.00704
    -6.67270     2.16337     0.07413     0.01747     0.00082     0.00809
    -6.64970     2.26276     0.08051     0.01981     0.00087     0.00929
    -6.62570     2.35570     0.08677     0.02236     0.00092     0.01065
    -6.60270     2.43878     0.09272     0.02510     0.00097     0.01221
    -6.57970     2.50869     0.09821     0.02806     0.00102     0.01405
    -6.55670     2.56277     0.10310     0.03129     0.00108     0.01626
    -6.53370     2.59923     0.10731     0.03489     0.00114     0.01902
    -6.50970     2.61794     0.11085     0.03904     0.00120     0.02261
    -6.48670     2.62062     0.11381     0.04402     0.00128     0.02743
    -6.46370     2.61072     0.11640     0.05023     0.00136     0.03407
    -6.44070     2.59356     0.11890     0.05824     0.00146     0.04338
    -6.41770     2.57549     0.12167     0.06878     0.00158     0.05654
    -6.39470     2.56362     0.12511     0.08281     0.00172     0.07510
    -6.37070     2.56475     0.12964     0.10152     0.00189     0.10110
    -6.34770     2.58493     0.13563     0.12635     0.00208     0.13712
    -6.32470     2.62846     0.14340     0.15902     0.00230     0.18631
    -6.30170     2.69757     0.15318     0.20150     0.00256     0.25233
    -6.27870     2.79224     0.16508     0.25584     0.00284     0.33931
    -6.25470     2.91037     0.17912     0.32427     0.00317     0.45129
    -6.23170     3.04802     0.19520     0.40880     0.00353     0.59240
    -6.20870     3.20015     0.21316     0.51117     0.00394     0.76607
    -6.18570     3.36127     0.23281     0.63249     0.00440     0.97423
    -6.16270     3.52664     0.25396     0.77291     0.00494     1.21744
    -6.13970     3.69211     0.27642     0.93164     0.00556     1.49363
    -6.11570     3.85536     0.29999     1.10647     0.00631     1.79837
    -6.09270     4.01527     0.32455     1.29401     0.00721     2.12492
    -6.06970     4.17200     0.34996     1.48959     0.00832     2.46410
    -6.04670     4.32667     0.37607     1.68799     0.00967     2.80400
    -6.02370     4.48041     0.40270     1.88291     0.01134     3.13350
    -5.99970     4.63386     0.42964     2.06887     0.01340     3.44100
    -5.97670     4.78744     0.45662     2.24057     0.01592     3.71420
    -5.95370     4.93986     0.48327     2.39364     0.01899     3.94730
    -5.93070     5.08884     0.50926     2.52575     0.02268     4.13340
    -5.90770     5.23108     0.53411     2.63514     0.02705     4.26900
    -5.88370     5.36273     0.55744     2.72221     0.03215     4.35370
    -5.86070     5.47959     0.57889     2.78736     0.03798     4.39280
    -5.83770     5.57798     0.59809     2.83318     0.04448     4.38780
    -5.81470     5.65509     0.61480     2.86207     0.05154     4.34360
    -5.79170     5.70927     0.62884     2.87541     0.05896     4.26800
    -5.76870     5.74039     0.64013     2.87561     0.06646     4.16340
    -5.74470     5.74923     0.64874     2.86293     0.07370     4.03520
    -5.72170     5.73816     0.65467     2.83797     0.08029     3.88470
    -5.69870     5.70974     0.65811     2.80012     0.08583     3.71590
    -5.67570     5.66719     0.65916     2.74892     0.08995     3.52720
    -5.65270     5.61269     0.65790     2.68348     0.09234     3.32270
    -5.62870     5.54812     0.65438     2.60436     0.09279     3.10140
    -5.60570     5.47411     0.64867     2.51210     0.09123     2.86610
    -5.58270     5.39067     0.64074     2.41007     0.08774     2.61970
    -5.55970     5.29794     0.63081     2.30236     0.08252     2.36480
    -5.53670     5.19642     0.61914     2.19592     0.07589     2.10730
    -5.51270     5.08835     0.60627     2.09944     0.06824     1.85199
    -5.48970     4.97832     0.59310     2.02430     0.06001     1.60472
    -5.46670     4.87388     0.58084     1.98341     0.05161     1.37045
    -5.44370     4.78555     0.57112     1.99213     0.04344     1.15427
    -5.42070     4.72651     0.56574     2.06742     0.03579     0.95897
    -5.39770     4.71177     0.56674     2.22761     0.02889     0.78698
    -5.37370     4.75674     0.57607     2.49216     0.02286     0.63931
    -5.35070     4.87598     0.59557     2.88098     0.01777     0.51601
    -5.32770     5.08152     0.62666     3.41376     0.01358     0.41561
    -5.30470     5.38180     0.67024     4.10930     0.01024     0.33633
    -5.28170     5.78010     0.72661     4.98384     0.00766     0.27566
    -5.25770     6.27476     0.79535     6.05077     0.00570     0.23097
    -5.23470     6.85884     0.87543     7.31891     0.00427     0.19926
    -5.21170     7.51990     0.96521     8.79159     0.00326     0.17811
    -5.18870     8.24317     1.06253    10.46622     0.00257     0.16512
    -5.16570     9.00861     1.16496    12.33231     0.00212     0.15805
    -5.14270     9.79648     1.26978    14.37313     0.00185     0.15518
    -5.11870    10.58450     1.37431    16.56428     0.00169     0.15507
    -5.09570    11.35211     1.47584    18.87476     0.00163     0.15657
    -5.07270    12.07918     1.57195    21.26688     0.00162     0.15886
    -5.04970    12.74888     1.66045    23.69804     0.00164     0.16135
    -5.02670    13.34440     1.73949    26.12071     0.00168     0.16367
    -5.00270    13.85558     1.80772    28.48733     0.00173     0.16558
    -4.97970    14.27144     1.86434    30.74896     0.00178     0.16697
    -4.95670    14.58913     1.90905    32.85729     0.00182     0.16782
    -4.93370    14.80565     1.94230    34.77389     0.00186     0.16811
    -4.91070    14.92478     1.96511    36.46858     0.00188     0.16786
    -4.88670    14.95340     1.97923    37.92225     0.00190     0.16715
    -4.86370    14.90355     1.98705    39.13434     0.00191     0.16599
    -4.84070    14.79105     1.99160    40.12256     0.00191     0.16443
    -4.81770    14.63285     1.99636    40.92099     0.00190     0.16253
    -4.79470    14.45468     2.00528    41.58538     0.00189     0.16037
    -4.77170    14.28022     2.02245    42.18249     0.00188     0.15805
    -4.74770    14.13567     2.05201    42.79065     0.00188     0.15569
    -4.72470    14.04722     2.09784    43.48803     0.00187     0.15344
    -4.70170    14.03678     2.16326    44.34926     0.00188     0.15149
    -4.67870    14.12426     2.25080    45.43442     0.00190     0.15001
    -4.65570    14.32179     2.36188    46.78254     0.00192     0.14915
    -4.63170    14.63228     2.49666    48.41058     0.00196     0.14906
    -4.60870    15.05132     2.65377    50.30316     0.00201     0.14985
    -4.58570    15.56525     2.83034    52.42656     0.00207     0.15155
    -4.56270    16.15055     3.02240    54.71740     0.00213     0.15415
    -4.53970    16.77479     3.22417    57.10361     0.00219     0.15760
    -4.51670    17.40580     3.42951    59.50684     0.00225     0.16175
    -4.49270    18.00461     3.63187    61.84880     0.00231     0.16644
    -4.46970    18.53633     3.82440    64.06522     0.00235     0.17147
    -4.44670    18.96783     4.00099    66.10728     0.00238     0.17660
    -4.42370    19.27478     4.15672    67.94370     0.00239     0.18164
    -4.40070    19.43878     4.28727    69.56038     0.00239     0.18632
    -4.37670    19.45083     4.39046    70.96125     0.00238     0.19046
    -4.35370    19.31437     4.46524    72.15684     0.00235     0.19386
    -4.33070    19.03613     4.51189    73.16460     0.00230     0.19634
    -4.30770    18.63232     4.53258    74.00278     0.00225     0.19779
    -4.28470    18.12538     4.52992    74.68483     0.00219     0.19810
    -4.26070    17.54101     4.50799    75.22672     0.00212     0.19723
    -4.23770    16.90464     4.47140    75.63619     0.00205     0.19519
    -4.21470    16.24581     4.42511    75.92885     0.00198     0.19206
    -4.19170    15.58762     4.37466    76.11952     0.00192     0.18801
    -4.16870    14.95808     4.32547    76.22523     0.00185     0.18326
    -4.14570    14.37831     4.28247    76.27572     0.00180     0.17811
    -4.12170    13.86647     4.25063    76.30092     0.00175     0.17293
    -4.09870    13.43761     4.23360    76.33209     0.00171     0.16809
    -4.07570    13.10209     4.23453    76.40851     0.00168     0.16397
    -4.05270    12.86768     4.25528    76.55755     0.00166     0.16096
    -4.02970    12.73454     4.29630    76.81173     0.00165     0.15937
    -4.00570    12.70123     4.35688    77.18497     0.00164     0.15945
    -3.98270    12.75994     4.43478    77.69600     0.00165     0.16135
    -3.95970    12.89927     4.52731    78.34327     0.00166     0.16514
    -3.93670    13.10147     4.62981    79.12153     0.00168     0.17076
    -3.91370    13.34723     4.73780    80.00536     0.00170     0.17805
    -3.89070    13.61239     4.84586    80.96517     0.00173     0.18674
    -3.86670    13.87183     4.94868    81.95719     0.00175     0.19650
    -3.84370    14.09730     5.04147    82.92920     0.00176     0.20694
    -3.82070    14.26590     5.11989    83.82325     0.00178     0.21764
    -3.79770    14.35403     5.18162    84.58018     0.00178     0.22818
    -3.77470    14.34587     5.22475    85.15250     0.00178     0.23821
    -3.75070    14.23038     5.24973    85.49496     0.00177     0.24739
    -3.72770    14.00345     5.25760    85.58193     0.00176     0.25552
    -3.70470    13.66784     5.25115    85.41258     0.00174     0.26251
    -3.68170    13.23372     5.23301    84.99614     0.00173     0.26840
    -3.65870    12.71389     5.20655    84.36213     0.00171     0.27322
    -3.63470    12.12723     5.17415    83.55595     0.00170     0.27738
    -3.61170    11.49048     5.13760    82.63435     0.00169     0.28097
    -3.58870    10.82359     5.09761    81.65165     0.00169     0.28448
    -3.56570    10.14193     5.05402    80.67608     0.00169     0.28799
    -3.54270     9.46104     5.00589    79.77138     0.00169     0.29175
    -3.51970     8.79017     4.95231    79.00038     0.00168     0.29596
    -3.49570     8.13951     4.89258    78.42558     0.00168     0.30041
    -3.47270     7.51377     4.82715    78.11633     0.00166     0.30513
    -3.44970     6.91753     4.75719    78.13350     0.00164     0.30954
    -3.42670     6.35306     4.68512    78.54168     0.00162     0.31322
    -3.40370     5.82347     4.61472    79.39290     0.00159     0.31603
    -3.37970     5.33020     4.55030    80.73113     0.00156     0.31722
    -3.35670     4.87435     4.49623    82.58113     0.00154     0.31655
    -3.33370     4.45723     4.45701    84.94366     0.00152     0.31367
    -3.31070     4.07957     4.43580    87.79154     0.00151     0.30871
    -3.28770     3.74146     4.43478    91.07113     0.00152     0.30159
    -3.26370     3.44232     4.45471    94.70088     0.00154     0.29263
    -3.24070     3.18062     4.49477    98.57946     0.00158     0.28223
    -3.21770     2.95410     4.55238   102.58526     0.00164     0.27096
    -3.19470     2.75957     4.62418   106.59298     0.00171     0.25939
    -3.17170     2.59345     4.70553   110.47911     0.00179     0.24795
    -3.14870     2.45166     4.79138   114.13148     0.00189     0.23719
    -3.12470     2.33019     4.87694   117.45556     0.00198     0.22739
    -3.10170     2.22523     4.95735   120.38205     0.00209     0.21868
    -3.07870     2.13349     5.02950   122.87492     0.00219     0.21118
    -3.05570     2.05240     5.09109   124.93194     0.00229     0.20487
    -3.03270     1.98032     5.14126   126.57660     0.00240     0.19962
    -3.00870     1.91620     5.18133   127.86132     0.00250     0.19525
    -2.98570     1.86000     5.21315   128.86274     0.00261     0.19160
    -2.96270     1.81202     5.23992   129.66072     0.00271     0.18848
    -2.93970     1.77311     5.26540   130.33421     0.00281     0.18573
    -2.91670     1.74395     5.29332   130.95481     0.00292     0.18327
    -2.89370     1.72528     5.32681   131.57132     0.00302     0.18104
    -2.86970     1.71717     5.36783   132.21228     0.00313     0.17903
    -2.84670     1.71943     5.41748   132.87496     0.00323     0.17724
    -2.82370     1.73124     5.47482   133.53060     0.00334     0.17575
    -2.80070     1.75147     5.53787   134.13213     0.00344     0.17456
    -2.77770     1.77823     5.60298   134.61971     0.00355     0.17374
    -2.75370     1.80970     5.66589   134.92207     0.00365     0.17328
    -2.73070     1.84380     5.72186   134.96879     0.00376     0.17318
    -2.70770     1.87861     5.76602   134.70453     0.00386     0.17341
    -2.68470     1.91234     5.79406   134.07881     0.00396     0.17390
    -2.66170     1.94351     5.80252   133.06229     0.00405     0.17458
    -2.63770     1.97106     5.78898   131.64341     0.00413     0.17537
    -2.61470     1.99430     5.75329   129.83092     0.00420     0.17619
    -2.59170     2.01291     5.69569   127.64965     0.00425     0.17698
    -2.56870     2.02689     5.61846   125.13918     0.00427     0.17772
    -2.54570     2.03650     5.52505   122.36068     0.00427     0.17841
    -2.52270     2.04231     5.41950   119.37228     0.00424     0.17904
    -2.49870     2.04501     5.30673   116.25127     0.00418     0.17964
    -2.47570     2.04584     5.19172   113.07402     0.00409     0.18027
    -2.45270     2.04585     5.07960   109.91420     0.00398     0.18092
    -2.42970     2.04647     4.97495   106.85501     0.00384     0.18161
    -2.40670     2.04941     4.88234   103.95925     0.00368     0.18232
    -2.38270     2.05641     4.80502   101.29062     0.00352     0.18302
    -2.35970     2.06907     4.74615    98.89619     0.00334     0.18365
    -2.33670     2.08854     4.70777    96.81029     0.00317     0.18413
    -2.31370     2.11602     4.69054    95.05039     0.00301     0.18439
    -2.29070     2.15182     4.69458    93.61450     0.00287     0.18434
    -2.26770     2.19583     4.71901    92.48213     0.00274     0.18395
    -2.24370     2.24698     4.76246    91.62810     0.00263     0.18317
    -2.22070     2.30394     4.82297    91.00733     0.00253     0.18199
    -2.19770     2.36485     4.89856    90.57844     0.00246     0.18040
    -2.17470     2.42763     4.98717    90.30600     0.00240     0.17843
    -2.15170     2.49050     5.08761    90.15603     0.00236     0.17610
    -2.12770     2.55171     5.19865    90.12085     0.00232     0.17342
    -2.10470     2.61015     5.32015    90.19779     0.00229     0.17042
    -2.08170     2.66549     5.45279    90.41215     0.00226     0.16717
    -2.05870     2.71792     5.59716    90.78925     0.00223     0.16368
    -2.03570     2.76846     5.75479    91.37302     0.00220     0.16001
    -2.01170     2.81856     5.92687    92.19459     0.00217     0.15624
    -1.98870     2.87017     6.11466    93.28554     0.00214     0.15245
    -1.96570     2.92529     6.31827    94.65082     0.00212     0.14874
    -1.94270     2.98562     6.53725    96.28003     0.00209     0.14521
    -1.91970     3.05267     6.77001    98.13428     0.00208     0.14195
    -1.89670     3.12753     7.01358   100.15389     0.00207     0.13904
    -1.87270     3.21038     7.26426   102.26174     0.00206     0.13653
    -1.84970     3.30072     7.51732   104.36995     0.00207     0.13447
    -1.82670     3.39770     7.76744   106.38858     0.00208     0.13287
    -1.80370     3.49962     8.00940   108.23366     0.00210     0.13173
    -1.78070     3.60463     8.23809   109.83850     0.00214     0.13100
    -1.75670     3.71024     8.44898   111.15536     0.00218     0.13068
    -1.73370     3.81418     8.63888   112.16108     0.00223     0.13074
    -1.71070     3.91397     8.80531   112.85353     0.00229     0.13119
    -1.68770     4.00718     8.94664   113.25300     0.00236     0.13200
    -1.66470     4.09163     9.06294   113.39276     0.00245     0.13319
    -1.64170     4.16506     9.15473   113.31024     0.00255     0.13476
    -1.61770     4.22587     9.22325   113.04414     0.00265     0.13671
    -1.59470     4.27250     9.26991   112.62653     0.00277     0.13903
    -1.57170     4.30380     9.29649   112.07552     0.00288     0.14166
    -1.54870     4.31938     9.30472   111.39327     0.00300     0.14456
    -1.52570     4.31926     9.29587   110.57240     0.00310     0.14760
    -1.50170     4.30399     9.27144   109.58802     0.00320     0.15068
    -1.47870     4.27485     9.23188   108.41441     0.00327     0.15364
    -1.45570     4.23365     9.17811   107.02100     0.00333     0.15636
    -1.43270     4.18273     9.11079   105.38380     0.00336     0.15872
    -1.40970     4.12480     9.03049   103.49495     0.00337     0.16063
    -1.38570     4.06278     8.93826   101.35100     0.00336     0.16205
    -1.36270     3.99995     8.83561    98.97566     0.00334     0.16295
    -1.33970     3.93929     8.72413    96.40455     0.00330     0.16343
    -1.31670     3.88363     8.60614    93.68703     0.00327     0.16355
    -1.29370     3.83513     8.48421    90.88376     0.00324     0.16340
    -1.27070     3.79517     8.36012    88.05702     0.00321     0.16312
    -1.24670     3.76375     8.23555    85.26775     0.00320     0.16279
    -1.22370     3.73960     8.11065    82.56973     0.00320     0.16248
    -1.20070     3.72018     7.98500    80.00210     0.00322     0.16223
    -1.17770     3.70137     7.85611    77.59337     0.00326     0.16204
    -1.15470     3.67844     7.72054    75.35399     0.00331     0.16182
    -1.13070     3.64601     7.57417    73.27781     0.00338     0.16150
    -1.10770     3.59910     7.41262    71.35156     0.00346     0.16100
    -1.08470     3.53391     7.23223    69.55178     0.00356     0.16020
    -1.06170     3.44825     7.03142    67.85824     0.00367     0.15903
    -1.03870     3.34213     6.81015    66.24895     0.00379     0.15742
    -1.01570     3.21765     6.57208    64.70998     0.00391     0.15537
    -0.99170     3.07970     6.32295    63.23435     0.00403     0.15293
    -0.96870     2.93416     6.07086    61.82192     0.00415     0.15015
    -0.94570     2.78807     5.82585    60.47913     0.00426     0.14716
    -0.92270     2.64858     5.59822    59.21747     0.00435     0.14407
    -0.89970     2.52191     5.39757    58.04576     0.00443     0.14101
    -0.87570     2.41272     5.23223    56.97512     0.00448     0.13810
    -0.85270     2.32371     5.10737    56.00895     0.00450     0.13538
    -0.82970     2.25535     5.02557    55.14983     0.00449     0.13288
    -0.80670     2.20605     4.98588    54.39455     0.00444     0.13062
    -0.78370     2.17263     4.98499    53.72981     0.00437     0.12853
    -0.75970     2.15086     5.01731    53.14737     0.00426     0.12656
    -0.73670     2.13641     5.07554    52.62840     0.00412     0.12463
    -0.71370     2.12464     5.15195    52.15796     0.00395     0.12265
    -0.69070     2.11262     5.23918    51.72246     0.00376     0.12061
    -0.66770     2.09804     5.33066    51.30853     0.00356     0.11843
    -0.64470     2.08021     5.42089    50.90839     0.00335     0.11614
    -0.62070     2.05975     5.50580    50.52113     0.00314     0.11376
    -0.59770     2.03824     5.58261    50.14895     0.00294     0.11132
    -0.57470     2.01797     5.64938    49.80091     0.00275     0.10892
    -0.55170     2.00151     5.70553    49.49088     0.00259     0.10663
    -0.52870     1.99103     5.75036    49.23380     0.00245     0.10454
    -0.50470     1.98847     5.78396    49.04554     0.00234     0.10274
    -0.48170     1.99460     5.80669    48.93965     0.00227     0.10131
    -0.45870     2.00966     5.81863    48.92470     0.00223     0.10030
    -0.43570     2.03285     5.82023    49.00362     0.00223     0.09978
    -0.41270     2.06267     5.81192    49.17263     0.00226     0.09974
    -0.38870     2.09715     5.79428    49.42116     0.00231     0.10022
    -0.36570     2.13387     5.76778    49.73349     0.00238     0.10114
    -0.34270     2.17028     5.73315    50.09200     0.00247     0.10248
    -0.31970     2.20376     5.69069    50.47692     0.00257     0.10414
    -0.29670     2.23202     5.64104    50.87126     0.00267     0.10605
    -0.27370     2.25252     5.58410    51.25703     0.00278     0.10809
    -0.24970     2.26348     5.51998    51.62481     0.00289     0.11016
    -0.22670     2.26305     5.44766    51.96603     0.00299     0.11217
    -0.20370     2.25008     5.36683    52.27965     0.00308     0.11398
    -0.18070     2.22382     5.27618    52.57006     0.00317     0.11554
    -0.15770     2.18429     5.17491    52.84542     0.00326     0.11675
    -0.13370     2.13221     5.06285    53.12559     0.00334     0.11756
    -0.11070     2.06942     4.94067    53.43453     0.00342     0.11794
    -0.08770     1.99844     4.80985    53.80775     0.00349     0.11785
    -0.06470     1.92276     4.67359    54.28355     0.00356     0.11733
    -0.04170     1.84657     4.53645    54.90595     0.00362     0.11640
    -0.01870     1.77406     4.40403    55.72275     0.00368     0.11512
     0.00530     1.70966     4.28303    56.77404     0.00374     0.11357
     0.02830     1.65734     4.18007    58.09588     0.00378     0.11188
     0.05130     1.62017     4.10144    59.70823     0.00382     0.11013
     0.07430     1.60036     4.05240    61.61707     0.00386     0.10844
     0.09730     1.59897     4.03650    63.80523     0.00390     0.10690
     0.12130     1.61547     4.05490    66.23824     0.00393     0.10563
     0.14430     1.64887     4.10691    68.86316     0.00397     0.10467
     0.16730     1.69654     4.18919    71.61405     0.00401     0.10406
     0.19030     1.75550     4.29615    74.41399     0.00405     0.10383
     0.21330     1.82205     4.42104    77.18618     0.00411     0.10400
     0.23730     1.89243     4.55562    79.85285     0.00418     0.10456
     0.26030     1.96281     4.69095    82.34769     0.00426     0.10551
     0.28330     2.02970     4.81875    84.61129     0.00435     0.10686
     0.30630     2.09000     4.93075    86.61086     0.00445     0.10859
     0.32930     2.14139     5.02052    88.31700     0.00457     0.11074
     0.35230     2.18203     5.08280    89.72702     0.00469     0.11329
     0.37630     2.21072     5.11451    90.85133     0.00481     0.11622
     0.39930     2.22706     5.11379    91.71463     0.00492     0.11949
     0.42230     2.23130     5.08148    92.35065     0.00502     0.12300
     0.44530     2.22385     5.01957    92.80360     0.00511     0.12665
     0.46830     2.20604     4.93172    93.12100     0.00517     0.13026
     0.49230     2.17896     4.82271    93.35980     0.00521     0.13369
     0.51530     2.14431     4.69827    93.56190     0.00522     0.13671
     0.53830     2.10364     4.56452    93.77970     0.00522     0.13917
     0.56130     2.05858     4.42794    94.05659     0.00519     0.14091
     0.58430     2.01075     4.29478    94.43493     0.00515     0.14187
     0.60730     1.96180     4.17123    94.95011     0.00511     0.14199
     0.63130     1.91307     4.06281    95.63010     0.00507     0.14135
     0.65430     1.86597     3.97388    96.49582     0.00504     0.14009
     0.67730     1.82157     3.90839    97.55914     0.00504     0.13836
     0.70030     1.78075     3.86860    98.82165     0.00506     0.13641
     0.72330     1.74433     3.85565   100.26589     0.00511     0.13448
     0.74730     1.71291     3.86893   101.86762     0.00519     0.13277
     0.77030     1.68661     3.90679   103.58885     0.00530     0.13150
     0.79330     1.66556     3.96547   105.37474     0.00544     0.13077
     0.81630     1.64966     4.04026   107.17400     0.00560     0.13071
     0.83930     1.63836     4.12514   108.91970     0.00577     0.13129
     0.86330     1.63113     4.21325   110.55790     0.00595     0.13249
     0.88630     1.62742     4.29756   112.03230     0.00612     0.13424
     0.90930     1.62634     4.37117   113.30960     0.00628     0.13641
     0.93230     1.62723     4.42829   114.36800     0.00642     0.13885
     0.95530     1.62941     4.46424   115.21670     0.00654     0.14140
     0.97830     1.63222     4.47571   115.88110     0.00664     0.14390
     1.00230     1.63533     4.46187   116.41880     0.00671     0.14623
     1.02530     1.63869     4.42356   116.90310     0.00676     0.14821
     1.04830     1.64226     4.36321   117.42720     0.00679     0.14977
     1.07130     1.64599     4.28475   118.08350     0.00679     0.15082
     1.09430     1.65001     4.19254   118.95960     0.00678     0.15135
     1.11830     1.65442     4.09167   120.11830     0.00676     0.15141
     1.14130     1.65869     3.98672   121.59790     0.00673     0.15105
     1.16430     1.66256     3.88136   123.39690     0.00669     0.15042
     1.18730     1.66507     3.77857   125.47780     0.00666     0.14965
     1.21030     1.66546     3.68036   127.76290     0.00662     0.14890
     1.23330     1.66230     3.58753   130.15500     0.00658     0.14835
     1.25730     1.65473     3.50052   132.53720     0.00655     0.14807
     1.28030     1.64168     3.41930   134.79580     0.00652     0.14817
     1.30330     1.62290     3.34358   136.83070     0.00650     0.14863
     1.32630     1.59812     3.27339   138.56480     0.00647     0.14941
     1.34930     1.56779     3.20873   139.96170     0.00644     0.15040
     1.37330     1.53300     3.14995   141.01230     0.00640     0.15149
     1.39630     1.49514     3.09728   141.75590     0.00636     0.15250
     1.41930     1.45567     3.05096   142.25380     0.00631     0.15330
     1.44230     1.41639     3.01094   142.60030     0.00625     0.15378
     1.46530     1.37885     2.97687   142.89610     0.00619     0.15385
     1.48930     1.34444     2.94783   143.24620     0.00611     0.15350
     1.51230     1.31397     2.92274   143.74020     0.00604     0.15275
     1.53530     1.28796     2.90009   144.45120     0.00597     0.15167
     1.55830     1.26641     2.87834   145.41530     0.00590     0.15037
     1.58130     1.24891     2.85613   146.63930     0.00585     0.14897
     1.60430     1.23461     2.83237   148.09100     0.00580     0.14761
     1.62830     1.22251     2.80636   149.70970     0.00577     0.14640
     1.65130     1.21161     2.77804   151.40670     0.00576     0.14543
     1.67430     1.20068     2.74746   153.08110     0.00576     0.14474
     1.69730     1.18899     2.71522   154.62610     0.00577     0.14435
     1.72030     1.17589     2.68186   155.93350     0.00579     0.14421
     1.74430     1.16082     2.64788   156.90350     0.00580     0.14423
     1.76730     1.14365     2.61330   157.44870     0.00582     0.14429
     1.79030     1.12416     2.57778   157.48670     0.00583     0.14423
     1.81330     1.10235     2.54004   156.94020     0.00582     0.14390
     1.83630     1.07821     2.49852   155.73399     0.00579     0.14310
     1.85930     1.05162     2.45105   153.79212     0.00573     0.14169
     1.88330     1.02222     2.39504   151.03097     0.00564     0.13950
     1.90630     0.98960     2.32808   147.37131     0.00551     0.13641
     1.92930     0.95331     2.24787   142.74733     0.00534     0.13233
     1.95230     0.91282     2.15290   137.10626     0.00513     0.12721
     1.97530     0.86760     2.04232   130.43096     0.00487     0.12107
     1.99930     0.81747     1.91648   122.74826     0.00458     0.11393
     2.02230     0.76242     1.77672   114.13714     0.00425     0.10590
     2.04530     0.70292     1.62541   104.73910     0.00390     0.09716
     2.06830     0.63972     1.46582    94.74421     0.00352     0.08788
     2.09130     0.57397     1.30185    84.38955     0.00314     0.07830
     2.11530     0.50711     1.13770    73.94053     0.00275     0.06867
     2.13830     0.44074     0.97757    63.66950     0.00237     0.05922
     2.16130     0.37643     0.82532    53.83686     0.00202     0.05017
     2.18430     0.31570     0.68416    44.66859     0.00168     0.04175
     2.20730     0.25980     0.55658    36.34361     0.00138     0.03408
     2.23030     0.20965     0.44411    28.98041     0.00111     0.02729
     2.25430     0.16581     0.34742    22.63594     0.00088     0.02141
     2.27730     0.12846     0.26634    17.31130     0.00068     0.01645
     2.30030     0.09746     0.20002    12.95772     0.00052     0.01238
     2.32330     0.07238     0.14710     9.48965     0.00038     0.00911
     2.34630     0.05259     0.10591     6.79800     0.00028     0.00657
     2.37030     0.03739     0.07463     4.76207     0.00020     0.00463
     2.39330     0.02600     0.05145     3.26144     0.00014     0.00319
     2.41630     0.01768     0.03470     2.18342     0.00009     0.00215
     2.43930     0.01175     0.02289     1.42859     0.00006     0.00141
     2.46230     0.00763     0.01477     0.91341     0.00004     0.00091
     2.48630     0.00485     0.00931     0.57061     0.00003     0.00057
     2.50930     0.00301     0.00574     0.34825     0.00002     0.00035
     2.53230     0.00182     0.00346     0.20762     0.00001     0.00021
     2.55530     0.00108     0.00204     0.12090     0.00001     0.00012
     2.57830     0.00062     0.00117     0.06876     0.00000     0.00007
     2.60130     0.00035     0.00066     0.03819     0.00000     0.00004
     2.62530     0.00019     0.00036     0.02072     0.00000     0.00002
     2.64830     0.00010     0.00019     0.01097     0.00000     0.00001
     2.67130     0.00006     0.00010     0.00567     0.00000     0.00001
     2.69430     0.00003     0.00005     0.00286     0.00000     0.00000
     2.71730     0.00001     0.00003     0.00141     0.00000     0.00000
     2.74130     0.00001     0.00001     0.00068     0.00000     0.00000
     2.76430     0.00000     0.00001     0.00032     0.00000     0.00000
     2.78730     0.00000     0.00000     0.00015     0.00000     0.00000
     2.81030     0.00000     0.00000     0.00007     0.00000     0.00000
     2.83330     0.00000     0.00000     0.00003     0.00000     0.00000
     2.85630     0.00000     0.00000     0.00001     0.00000     0.00000
     2.88030     0.00000     0.00000     0.00001     0.00000     0.00000
     2.90330     0.00000     0.00000     0.00000     0.00000     0.00000
     2.92630     0.00000     0.00000     0.00000     0.00000     0.00000
     2.94930     0.00000     0.00000     0.00000     0.00000     0.00000
     2.97230     0.00000     0.00000     0.00000     0.00000     0.00000
     2.99630     0.00000     0.00000     0.00000     0.00000     0.00000
     3.01930     0.00000     0.00000     0.00000     0.00000     0.00000
     3.04230     0.00000     0.00000     0.00000     0.00000     0.00000
     3.06530     0.00000     0.00000     0.00000     0.00000     0.00000
     3.08830     0.00000     0.00000     0.00000     0.00000     0.00000
     3.11230     0.00000     0.00000     0.00000     0.00000     0.00000
     3.13530     0.00000     0.00000     0.00000     0.00000     0.00000
     3.15830     0.00000     0.00000     0.00000     0.00000     0.00000
     3.18130     0.00000     0.00000     0.00000     0.00000     0.00000
     3.20430     0.00000     0.00000     0.00000     0.00000     0.00000
     3.22730     0.00000     0.00000     0.00000     0.00000     0.00000
     3.25130     0.00000     0.00000     0.00000     0.00000     0.00000
     3.27430     0.00000     0.00000     0.00000     0.00000     0.00000
     3.29730     0.00000     0.00000     0.00000     0.00000     0.00000
     3.32030     0.00000     0.00000     0.00000     0.00000     0.00000
     3.34330     0.00000     0.00000     0.00000     0.00000     0.00000
     3.36730     0.00000     0.00000     0.00000     0.00000     0.00000
     3.39030     0.00000     0.00000     0.00000     0.00000     0.00000
     3.41330     0.00000     0.00000     0.00000     0.00000     0.00000
     3.43630     0.00000     0.00000     0.00000     0.00000     0.00000
     3.45930     0.00000     0.00000     0.00000     0.00000     0.00000
     3.48230     0.00000     0.00000     0.00000     0.00000     0.00000
     3.50630     0.00000     0.00000     0.00000     0.00000     0.00000
     3.52930     0.00000     0.00000     0.00000     0.00000     0.00000
     3.55230     0.00000     0.00000     0.00000     0.00000     0.00000
     3.57530     0.00000     0.00000     0.00000     0.00000     0.00000
     3.59830     0.00000     0.00000     0.00000     0.00000     0.00000
     3.62230     0.00000     0.00000     0.00000     0.00000     0.00000
     3.64530     0.00000     0.00000     0.00000     0.00000     0.00000
     3.66830     0.00000     0.00000     0.00000     0.00000     0.00000
     3.69130     0.00000     0.00000     0.00000     0.00000     0.00000
     3.71430     0.00000     0.00000     0.00000     0.00000     0.00000
     3.73830     0.00000     0.00000     0.00000     0.00000     0.00000
     3.76130     0.00000     0.00000     0.00000     0.00000     0.00000
     3.78430     0.00000     0.00000     0.00000     0.00000     0.00000
     3.80730     0.00000     0.00000     0.00000     0.00000     0.00000
     3.83030     0.00000     0.00000     0.00000     0.00000     0.00000
     3.85330     0.00000     0.00000     0.00000     0.00000     0.00000
     3.87730     0.00000     0.00000     0.00000     0.00000     0.00000
     3.90030     0.00000     0.00000     0.00000     0.00000     0.00000
     3.92330     0.00000     0.00000     0.00000     0.00000     0.00000
     3.94630     0.00000     0.00000     0.00000     0.00000     0.00000
     3.96930     0.00000     0.00000     0.00000     0.00000     0.00000
     3.99330     0.00000     0.00000     0.00000     0.00000     0.00000
     4.01630     0.00000     0.00000     0.00000     0.00000     0.00000
     4.03930     0.00000     0.00000     0.00000     0.00000     0.00000
     4.06230     0.00000     0.00000     0.00000     0.00000     0.00000
     4.08530     0.00000     0.00000     0.00000     0.00000     0.00000
     4.10830     0.00000     0.00000     0.00000     0.00000     0.00000
     4.13230     0.00000     0.00000     0.00000     0.00000     0.00000
     4.15530     0.00000     0.00000     0.00000     0.00000     0.00000
     4.17830     0.00000     0.00000     0.00000     0.00000     0.00000
     4.20130     0.00000     0.00000     0.00000     0.00000     0.00000
     4.22430     0.00000     0.00000     0.00000     0.00000     0.00000
     4.24830     0.00000     0.00000     0.00000     0.00000     0.00000
     4.27130     0.00000     0.00000     0.00000     0.00000     0.00000
     4.29430     0.00000     0.00000     0.00000     0.00000     0.00000
     4.31730     0.00000     0.00000     0.00000     0.00000     0.00000
     4.34030     0.00000     0.00000     0.00000     0.00000     0.00000
     4.36430     0.00000     0.00000     0.00000     0.00000     0.00000
     4.38730     0.00000     0.00000     0.00000     0.00000     0.00000
     4.41030     0.00000     0.00000     0.00000     0.00000     0.00000
     4.43330     0.00000     0.00000     0.00000     0.00000     0.00000
     4.45630     0.00000     0.00000     0.00000     0.00000     0.00000
     4.47930     0.00000     0.00000     0.00000     0.00000     0.00000
     4.50330     0.00000     0.00000     0.00000     0.00000     0.00000
     4.52630     0.00000     0.00000     0.00000     0.00000     0.00000
     4.54930     0.00000     0.00000     0.00000     0.00000     0.00000
     4.57230     0.00000     0.00000     0.00000     0.00000     0.00000
     4.59530     0.00000     0.00000     0.00000     0.00000     0.00000
     4.61930     0.00000     0.00000     0.00000     0.00000     0.00000
     4.64230     0.00000     0.00000     0.00000     0.00000     0.00000
     4.66530     0.00000     0.00000     0.00000     0.00000     0.00000
     4.68830     0.00000     0.00000     0.00000     0.00000     0.00000
     4.71130     0.00000     0.00000     0.00000     0.00000     0.00000
     4.73530     0.00000     0.00000     0.00000     0.00000     0.00000
     4.75830     0.00000     0.00000     0.00000     0.00000     0.00000
     4.78130     0.00000     0.00000     0.00000     0.00000     0.00000
     4.80430     0.00000     0.00000     0.00000     0.00000     0.00000
     4.82730     0.00000     0.00000     0.00000     0.00000     0.00000
     4.85030     0.00000     0.00000     0.00000     0.00000     0.00000
     4.87430     0.00000     0.00000     0.00000     0.00000     0.00000
     4.89730     0.00000     0.00000     0.00000     0.00000     0.00000
     4.92030     0.00000     0.00000     0.00000     0.00000     0.00000
     4.94330     0.00000     0.00000     0.00000     0.00000     0.00000
     4.96630     0.00000     0.00000     0.00000     0.00000     0.00000
     4.99030     0.00000     0.00000     0.00000     0.00000     0.00000
     5.01330     0.00000     0.00000     0.00000     0.00000     0.00000
     5.03630     0.00000     0.00000     0.00000     0.00000     0.00000
     5.05930     0.00000     0.00000     0.00000     0.00000     0.00000
     5.08230     0.00000     0.00000     0.00000     0.00000     0.00000
     5.10530     0.00000     0.00000     0.00000     0.00000     0.00000
     5.12930     0.00000     0.00000     0.00000     0.00000     0.00000
     5.15230     0.00000     0.00000     0.00000     0.00000     0.00000
     5.17530     0.00000     0.00000     0.00000     0.00000     0.00000
     5.19830     0.00000     0.00000     0.00000     0.00000     0.00000
     5.22130     0.00000     0.00000     0.00000     0.00000     0.00000
     5.24530     0.00000     0.00000     0.00000     0.00000     0.00000
     5.26830     0.00000     0.00000     0.00000     0.00000     0.00000
     5.29130     0.00000     0.00000     0.00000     0.00000     0.00000
     5.31430     0.00000     0.00000     0.00000     0.00000     0.00000
