Tue Jun 02 08:37:58 2020

Number of Points = 2997
Depth (nm)	Load (µN)	Time (s)	Depth (V)	Load (V)
2.356958	0.057425	0.000000	-0.000019	0.531292

2.346865	0.055268	0.005005	-0.000018	0.531278
2.368541	-0.045287	0.010010	-0.000023	0.530992
2.408479	-0.061621	0.015014	-0.000031	0.530989
2.264795	-0.014683	0.020019	-0.000006	0.530982
2.480293	-0.085726	0.025024	-0.000045	0.531002
2.341256	-0.075547	0.030029	-0.000021	0.530885
2.465104	-0.192440	0.035034	-0.000044	0.530660
2.426929	-0.182700	0.040038	-0.000038	0.530653
2.538944	-0.284717	0.045043	-0.000059	0.530461
2.580180	-0.335175	0.050048	-0.000067	0.530353
2.542998	-0.389536	0.055053	-0.000061	0.530146
2.466261	-0.402570	0.060058	-0.000048	0.530025
2.448610	-0.477231	0.065062	-0.000045	0.529776
2.484709	-0.537856	0.070067	-0.000053	0.529630
2.416589	-0.584980	0.075072	-0.000041	0.529411
2.182860	-0.579226	0.080077	0.000001	0.529176
2.390869	-0.704984	0.085082	-0.000038	0.529015
2.380077	-0.770567	0.090086	-0.000037	0.528802
2.321747	-0.833817	0.095091	-0.000027	0.528543
2.280432	-0.899094	0.100096	-0.000020	0.528296
2.286073	-0.981236	0.105101	-0.000022	0.528049
2.191790	-1.041680	0.110106	-0.000005	0.527758
2.322397	-1.173159	0.115110	-0.000030	0.527494
2.183365	-1.223426	0.120115	-0.000005	0.527185
2.243317	-1.344189	0.125120	-0.000017	0.526876
2.234519	-1.446359	0.130125	-0.000016	0.526548
2.337397	-1.590015	0.135130	-0.000035	0.526213
2.210159	-1.656178	0.140134	-0.000013	0.525868
2.292742	-1.801059	0.145139	-0.000029	0.525506
2.423470	-1.967782	0.150144	-0.000053	0.525129
2.377866	-2.088221	0.155149	-0.000045	0.524701
2.241813	-2.171929	0.160154	-0.000022	0.524289
2.286609	-2.301663	0.165158	-0.000030	0.523932
2.305762	-2.444972	0.170163	-0.000034	0.523503
2.215667	-2.549869	0.175168	-0.000019	0.523074
2.291299	-2.714940	0.180173	-0.000033	0.522639
2.223913	-2.843482	0.185178	-0.000022	0.522159
2.243881	-2.999098	0.190182	-0.000026	0.521691
2.370081	-3.193085	0.195187	-0.000050	0.521219
2.153087	-3.285032	0.200192	-0.000011	0.520686
2.214521	-3.451385	0.205197	-0.000023	0.520229
2.217418	-3.631445	0.210202	-0.000024	0.519661
2.151771	-3.771287	0.215206	-0.000013	0.519145
2.101958	-3.901837	0.220211	-0.000005	0.518675
2.055605	-4.057330	0.225216	0.000003	0.518129
2.081365	-4.243543	0.230221	-0.000002	0.517565
1.991356	-4.387440	0.235226	0.000013	0.517006
2.010627	-4.573037	0.240230	0.000009	0.516435
2.047096	-4.767645	0.245235	0.000002	0.515855
1.867023	-4.898946	0.250240	0.000033	0.515232
1.786356	-5.048827	0.255245	0.000047	0.514661
1.690072	-5.200548	0.260250	0.000064	0.514066
1.613639	-5.355390	0.265254	0.000077	0.513483
1.633202	-5.553941	0.270259	0.000073	0.512867
1.329053	-5.640072	0.275264	0.000127	0.512246
0.588953	-5.562805	0.280269	0.000260	0.511655
-1.610855	-4.921630	0.285274	0.000657	0.511226
-1.789725	-4.969389	0.290278	0.000689	0.510871
-1.956362	-5.003415	0.295283	0.000718	0.510574
-2.243655	-5.010992	0.300288	0.000769	0.510224
-2.516684	-5.007456	0.305293	0.000818	0.509927
-2.777052	-5.005942	0.310298	0.000864	0.509638
-3.053122	-4.993510	0.315302	0.000913	0.509366
-3.241426	-5.001981	0.320307	0.000947	0.509126
-3.532892	-4.967702	0.325312	0.000999	0.508908
-3.847556	-4.930802	0.330317	0.001055	0.508671
-3.863501	-4.994893	0.335322	0.001057	0.508448
-4.149970	-4.962676	0.340326	0.001108	0.508228
-4.573828	-4.873390	0.345331	0.001184	0.508036
-4.593134	-4.950033	0.350336	0.001187	0.507768
-4.744946	-4.930967	0.355341	0.001213	0.507660
-4.866027	-4.968010	0.360346	0.001234	0.507404
-4.995912	-4.989261	0.365350	0.001257	0.507189
-5.462993	-4.862644	0.370355	0.001341	0.507069
-5.389869	-4.968433	0.375360	0.001327	0.506812
-5.586517	-4.926502	0.380365	0.001362	0.506727
-6.153275	-4.809510	0.385370	0.001463	0.506460
-5.872743	-4.919294	0.390374	0.001412	0.506429
-6.223458	-4.880282	0.395379	0.001475	0.506156
-6.213570	-4.896141	0.400384	0.001472	0.506120
-6.521179	-4.880800	0.405389	0.001527	0.505819
-6.513081	-4.886316	0.410394	0.001525	0.505815
-6.987974	-4.814100	0.415398	0.001610	0.505507
-6.937973	-4.835051	0.420403	0.001600	0.505501
-7.029968	-4.868198	0.425408	0.001616	0.505290
-7.158384	-4.855805	0.430413	0.001639	0.505187
-7.218422	-4.883740	0.435418	0.001649	0.505030
-7.473686	-4.839104	0.440422	0.001694	0.504886
-7.419119	-4.902753	0.445427	0.001684	0.504744
-7.757431	-4.842053	0.450432	0.001744	0.504556
-7.655257	-4.903131	0.455437	0.001725	0.504478
-7.866028	-4.898893	0.460442	0.001762	0.504252
-7.940027	-4.899065	0.465446	0.001775	0.504170
-8.417214	-4.799775	0.470451	0.001860	0.503948
-8.107337	-4.911899	0.475456	0.001804	0.503943
-8.329150	-4.911411	0.480461	0.001843	0.503692
-8.471870	-4.860499	0.485466	0.001868	0.503698
-8.886031	-4.820701	0.490470	0.001942	0.503353
-8.666121	-4.897153	0.495475	0.001902	0.503361
-8.806045	-4.930321	0.500480	0.001926	0.503093
-9.000046	-4.877262	0.505485	0.001961	0.503047
-9.365379	-4.820355	0.510490	0.002026	0.502815
-9.417746	-4.830092	0.515494	0.002035	0.502726
-9.346463	-4.896092	0.520499	0.002021	0.502596
-9.697266	-4.827425	0.525504	0.002084	0.502419
-9.699309	-4.835732	0.530509	0.002083	0.502394
-9.940417	-4.842756	0.535514	0.002126	0.502094
-9.866482	-4.873871	0.540518	0.002112	0.502082
-10.149093	-4.850629	0.545523	0.002163	0.501834
-10.401741	-4.779668	0.550528	0.002207	0.501779
-10.363767	-4.830855	0.555533	0.002200	0.501658
-10.426170	-4.867323	0.560538	0.002210	0.501469
-10.478280	-4.878361	0.565542	0.002219	0.501377
-10.764927	-4.839314	0.570547	0.002270	0.501176
-10.872513	-4.810459	0.575552	0.002289	0.501151
-11.090766	-4.829975	0.580557	0.002328	0.500836
-11.034659	-4.846944	0.585562	0.002317	0.500849
-11.407828	-4.794470	0.590566	0.002384	0.500592
-11.428734	-4.805179	0.595571	0.002387	0.500537
-11.213051	-4.933528	0.600576	0.002347	0.500367
-11.739505	-4.796221	0.605581	0.002441	0.500212
-11.740840	-4.817275	0.610586	0.002441	0.500145
-12.023526	-4.790997	0.615590	0.002491	0.499906
-11.828865	-4.860633	0.620595	0.002455	0.499908
-12.187896	-4.827912	0.625600	0.002519	0.499600
-12.482937	-4.733726	0.630605	0.002572	0.499573
-12.365897	-4.810599	0.635610	0.002550	0.499459
-12.755156	-4.730722	0.640614	0.002620	0.499273
-12.592200	-4.786552	0.645619	0.002590	0.499283
-12.910030	-4.769609	0.650624	0.002646	0.498971
-13.011312	-4.735616	0.655629	0.002664	0.498970
-12.992960	-4.784559	0.660634	0.002660	0.498833
-13.129300	-4.767989	0.665638	0.002684	0.498733
-13.109274	-4.818193	0.670643	0.002679	0.498594
-13.349529	-4.789582	0.675648	0.002722	0.498412
-13.368366	-4.810074	0.680653	0.002725	0.498326
-13.594528	-4.800830	0.685658	0.002765	0.498096
-13.620250	-4.811407	0.690662	0.002769	0.498035
-14.017915	-4.750905	0.695667	0.002840	0.497774
-13.966536	-4.772876	0.700672	0.002830	0.497766
-14.138868	-4.786780	0.705677	0.002860	0.497521
-14.269271	-4.760727	0.710682	0.002883	0.497460
-14.374597	-4.773367	0.715686	0.002902	0.497298
-14.581937	-4.753193	0.720691	0.002938	0.497126
-14.618384	-4.758193	0.725696	0.002944	0.497071
-14.882440	-4.743623	0.730701	0.002991	0.496814
-14.694921	-4.805803	0.735706	0.002957	0.496831
-15.072279	-4.768897	0.740710	0.003024	0.496515
-15.056336	-4.776642	0.745715	0.003021	0.496512
-15.237009	-4.780369	0.750720	0.003052	0.496291
-15.377849	-4.754099	0.755725	0.003077	0.496218
-15.398937	-4.808288	0.760730	0.003080	0.496016
-15.629714	-4.766192	0.765734	0.003121	0.495889
-15.772893	-4.757565	0.770739	0.003146	0.495754
-15.886545	-4.771873	0.775744	0.003166	0.495576
-15.780571	-4.835745	0.780749	0.003146	0.495492
-16.193035	-4.759860	0.785754	0.003220	0.495264
-16.152502	-4.780987	0.790758	0.003212	0.495246
-16.423073	-4.772222	0.795763	0.003260	0.494960
-16.446056	-4.766239	0.800768	0.003264	0.494957
-16.663342	-4.770621	0.805773	0.003302	0.494690
-16.834249	-4.735728	0.810778	0.003332	0.494610
-16.862403	-4.760412	0.815782	0.003337	0.494498
-17.012649	-4.763165	0.820787	0.003363	0.494316
-17.082628	-4.761119	0.825792	0.003375	0.494245
-17.433188	-4.706205	0.830797	0.003438	0.494019
-17.237970	-4.780400	0.835802	0.003402	0.494005
-17.603126	-4.727371	0.840806	0.003467	0.493755
-17.600168	-4.729307	0.845811	0.003466	0.493757
-17.910069	-4.699286	0.850816	0.003521	0.493495
-17.747221	-4.776985	0.855821	0.003491	0.493431
-18.007104	-4.746110	0.860826	0.003537	0.493232
-18.270683	-4.691206	0.865830	0.003584	0.493109
-18.415577	-4.653614	0.870835	0.003610	0.493068
-18.593716	-4.679356	0.875840	0.003641	0.492774
-18.428468	-4.737835	0.880845	0.003610	0.492778
-18.531053	-4.766717	0.885850	0.003628	0.492563
-18.842889	-4.681717	0.890854	0.003684	0.492484
-18.922687	-4.706834	0.895859	0.003698	0.492309
-19.130687	-4.682696	0.900864	0.003735	0.492148
-19.094827	-4.709872	0.905869	0.003727	0.492104
-19.395457	-4.683646	0.910874	0.003781	0.491839
-19.354033	-4.694853	0.915878	0.003773	0.491855
-19.583204	-4.702766	0.920883	0.003813	0.491560
-19.577897	-4.713761	0.925888	0.003812	0.491534
-19.937323	-4.647314	0.930893	0.003876	0.491336
-19.858893	-4.707172	0.935898	0.003861	0.491231
-19.922107	-4.725799	0.940902	0.003872	0.491098
-20.156628	-4.701404	0.945907	0.003913	0.490905
-20.254847	-4.693026	0.950912	0.003930	0.490821
-20.515473	-4.669560	0.955917	0.003977	0.490594
-20.485853	-4.686653	0.960922	0.003971	0.490577
-20.556267	-4.740693	0.965926	0.003983	0.490314
-20.799464	-4.670315	0.970931	0.004026	0.490267
-20.912567	-4.695827	0.975936	0.004046	0.490050
-21.015656	-4.688047	0.980941	0.004064	0.489958
-21.064152	-4.720541	0.985946	0.004072	0.489794
-21.282387	-4.692281	0.990950	0.004110	0.489634
-21.199891	-4.753637	0.995955	0.004095	0.489529
-21.462658	-4.718529	1.000960	0.004142	0.489339

-21.715644	-4.720359	1.010957	0.004186	0.489039
-21.749985	-4.731859	1.020954	0.004191	0.488969
-22.049962	-4.684105	1.030950	0.004243	0.488781
-21.891328	-4.743036	1.040947	0.004213	0.488780
-21.955526	-4.745223	1.050944	0.004223	0.488705
-22.141408	-4.759674	1.060941	0.004256	0.488443
-22.381008	-4.678894	1.070938	0.004297	0.488440
-22.212444	-4.738856	1.080934	0.004266	0.488448
-22.302565	-4.709483	1.090931	0.004280	0.488449
-22.069222	-4.744728	1.100928	0.004237	0.488619
-22.324069	-4.625781	1.110925	0.004281	0.488727
-22.037373	-4.715429	1.120922	0.004228	0.488776
-21.974716	-4.739348	1.130918	0.004215	0.488779
-22.007785	-4.730031	1.140915	0.004220	0.488780
-22.180768	-4.669657	1.150912	0.004250	0.488788
-22.057759	-4.717656	1.160909	0.004226	0.488782
-22.178509	-4.644960	1.170906	0.004246	0.488894
-21.868213	-4.716837	1.180902	0.004189	0.489031
-21.895310	-4.708797	1.190899	0.004192	0.489035
-21.895913	-4.711586	1.200896	0.004191	0.489034
-21.832513	-4.688028	1.210893	0.004178	0.489200
-21.627043	-4.722898	1.220890	0.004140	0.489337
-21.730224	-4.688589	1.230886	0.004157	0.489340
-21.642050	-4.720060	1.240883	0.004139	0.489348
-21.471738	-4.728617	1.250880	0.004107	0.489532
-21.566891	-4.666650	1.260877	0.004123	0.489638
-21.466877	-4.702130	1.270874	0.004103	0.489647
-21.412116	-4.722677	1.280870	0.004092	0.489652
-21.263239	-4.706224	1.290867	0.004064	0.489895
-21.236253	-4.696657	1.300864	0.004057	0.489970
-21.371195	-4.652044	1.310861	0.004080	0.489969
-21.190426	-4.680887	1.320858	0.004046	0.490097
-20.932782	-4.721467	1.330854	0.003998	0.490277
-21.053010	-4.681543	1.340851	0.004019	0.490278
-21.124317	-4.660907	1.350848	0.004030	0.490272
-20.888441	-4.662297	1.360845	0.003986	0.490559
-20.823598	-4.678909	1.370842	0.003973	0.490589
-20.779445	-4.697756	1.380838	0.003963	0.490588
-20.747192	-4.667404	1.390835	0.003956	0.490739
-20.503538	-4.707922	1.400832	0.003911	0.490902
-20.617638	-4.670296	1.410829	0.003930	0.490902
-20.587552	-4.683911	1.420826	0.003923	0.490902
-20.313937	-4.729589	1.430822	0.003872	0.491083
-20.325994	-4.685127	1.440819	0.003873	0.491229
-20.262947	-4.712260	1.450816	0.003860	0.491221
-20.193945	-4.735821	1.460813	0.003846	0.491233
-20.253805	-4.693515	1.470810	0.003855	0.491315
-19.967868	-4.734280	1.480806	0.003802	0.491527
-20.192802	-4.657580	1.490803	0.003842	0.491528
-20.153840	-4.673062	1.500800	0.003833	0.491532
-19.883944	-4.696401	1.510797	0.003783	0.491784
-19.906003	-4.673469	1.520794	0.003785	0.491844
-19.820056	-4.707285	1.530790	0.003768	0.491842
-19.764667	-4.726381	1.540787	0.003757	0.491853
-19.629206	-4.686130	1.550784	0.003731	0.492159
-19.589307	-4.703515	1.560781	0.003722	0.492158
-19.653128	-4.683418	1.570778	0.003732	0.492159
-19.522553	-4.699159	1.580774	0.003707	0.492271
-19.359500	-4.695762	1.590771	0.003677	0.492486
-19.282393	-4.728779	1.600768	0.003661	0.492475
-19.407415	-4.688290	1.610765	0.003682	0.492473
-19.263206	-4.698529	1.620762	0.003655	0.492619
-19.083327	-4.718913	1.630758	0.003621	0.492774
-19.197061	-4.680814	1.640755	0.003640	0.492777
-19.109666	-4.714388	1.650752	0.003623	0.492777
-18.933512	-4.712561	1.660749	0.003589	0.493002
-18.921784	-4.691008	1.670746	0.003586	0.493098
-18.970132	-4.678287	1.680742	0.003593	0.493092
-19.018588	-4.636987	1.690739	0.003601	0.493184
-18.707957	-4.680057	1.700736	0.003543	0.493417
-18.770007	-4.661339	1.710733	0.003553	0.493416
-18.727416	-4.679011	1.720730	0.003544	0.493416
-18.445346	-4.694530	1.730726	0.003491	0.493708
-18.391412	-4.704452	1.740723	0.003480	0.493748
-18.532038	-4.657180	1.750720	0.003504	0.493750
-18.429519	-4.696151	1.760717	0.003484	0.493750
-18.334728	-4.661529	1.770714	0.003465	0.493988
-18.147378	-4.722060	1.780710	0.003430	0.494016
-18.283210	-4.676442	1.790707	0.003453	0.494018
-18.089600	-4.740328	1.800704	0.003417	0.494042
-17.889134	-4.728600	1.810701	0.003379	0.494328
-17.938931	-4.716349	1.820698	0.003387	0.494320
-17.853315	-4.747888	1.830694	0.003370	0.494325
-17.923188	-4.724044	1.840691	0.003381	0.494331
-17.893386	-4.672522	1.850688	0.003374	0.494549
-17.827252	-4.676779	1.860685	0.003361	0.494623
-17.766229	-4.702177	1.870682	0.003348	0.494619
-17.581465	-4.709701	1.880678	0.003313	0.494822
-17.537760	-4.688020	1.890675	0.003304	0.494956
-17.389141	-4.745372	1.900672	0.003276	0.494948
-17.439624	-4.729928	1.910669	0.003284	0.494950
-17.387930	-4.708712	1.920666	0.003273	0.495092
-17.325885	-4.685297	1.930662	0.003260	0.495253
-17.151104	-4.749829	1.940659	0.003227	0.495253
-17.152468	-4.751130	1.950656	0.003226	0.495256
-17.113518	-4.722777	1.960653	0.003217	0.495407
-17.012468	-4.712781	1.970650	0.003198	0.495569
-17.025653	-4.710033	1.980646	0.003199	0.495572
-16.906422	-4.756755	1.990643	0.003176	0.495566
-16.859450	-4.725628	2.000640	0.003166	0.495735
-16.791773	-4.708319	2.010637	0.003152	0.495882
-16.739424	-4.729835	2.020634	0.003141	0.495881
-16.654968	-4.762453	2.030630	0.003124	0.495881
-16.579193	-4.738595	2.040627	0.003109	0.496060
-16.360349	-4.771280	2.050624	0.003068	0.496218
-16.476314	-4.735169	2.060621	0.003088	0.496212
-16.488120	-4.734411	2.070618	0.003089	0.496210
-16.428168	-4.723720	2.080614	0.003076	0.496326
-16.102955	-4.784816	2.090611	0.003016	0.496514
-16.297396	-4.719391	2.100608	0.003050	0.496513
-16.215518	-4.749524	2.110605	0.003034	0.496518
-16.136233	-4.743602	2.120602	0.003018	0.496641
-15.948772	-4.756764	2.130598	0.002982	0.496827
-15.909435	-4.773859	2.140595	0.002974	0.496826
-15.897709	-4.779242	2.150592	0.002970	0.496831
-16.049557	-4.705389	2.160589	0.002996	0.496909
-15.623544	-4.789749	2.170586	0.002918	0.497138
-15.731150	-4.754986	2.180582	0.002936	0.497137
-15.736838	-4.756068	2.190579	0.002935	0.497136
-15.627046	-4.762880	2.200576	0.002914	0.497252
-15.511744	-4.742131	2.210573	0.002892	0.497466
-15.518200	-4.742896	2.220570	0.002892	0.497465
-15.513141	-4.746069	2.230566	0.002889	0.497470
-15.327940	-4.761826	2.240563	0.002854	0.497645
-15.218055	-4.765627	2.250560	0.002833	0.497771
-15.188447	-4.780525	2.260557	0.002826	0.497765
-15.313006	-4.737005	2.270554	0.002847	0.497773
-15.058362	-4.758682	2.280550	0.002800	0.498010
-14.926712	-4.784901	2.290547	0.002775	0.498086
-14.958721	-4.776138	2.300544	0.002779	0.498087
-15.077489	-4.737585	2.310541	0.002799	0.498086
-14.906844	-4.735132	2.320538	0.002767	0.498304
-14.947236	-4.694451	2.330534	0.002773	0.498401
-14.880596	-4.723509	2.340531	0.002759	0.498392
-14.653587	-4.743684	2.350528	0.002717	0.498601
-14.625391	-4.716172	2.360525	0.002710	0.498735
-14.539089	-4.750423	2.370522	0.002693	0.498731
-14.509220	-4.765673	2.380518	0.002686	0.498725
-14.442018	-4.741816	2.390515	0.002673	0.498893
-14.324216	-4.763126	2.400512	0.002650	0.498969
-14.385512	-4.745489	2.410509	0.002660	0.498965
-14.267291	-4.751807	2.420506	0.002637	0.499092
-14.103692	-4.754626	2.430502	0.002606	0.499284
-14.073240	-4.766914	2.440499	0.002599	0.499288
-14.010363	-4.794464	2.450496	0.002586	0.499280
-13.988948	-4.802559	2.460493	0.002581	0.499287
-13.872007	-4.765253	2.470490	0.002558	0.499558
-13.939277	-4.736668	2.480486	0.002569	0.499583
-13.861596	-4.767542	2.490483	0.002553	0.499581
-13.783325	-4.742196	2.500480	0.002538	0.499766
-13.680507	-4.738324	2.510477	0.002518	0.499909
-13.605239	-4.766726	2.520474	0.002503	0.499912
-13.613929	-4.768822	2.530470	0.002503	0.499904
-13.455975	-4.749400	2.540467	0.002473	0.500163
-13.236107	-4.814284	2.550464	0.002432	0.500214
-13.314700	-4.791028	2.560461	0.002444	0.500209
-13.333122	-4.787438	2.570458	0.002446	0.500208
-13.282144	-4.752312	2.580454	0.002436	0.500394
-13.099332	-4.778729	2.590451	0.002401	0.500529
-13.272744	-4.721744	2.600448	0.002431	0.500525
-13.050587	-4.800992	2.610445	0.002390	0.500531
-12.893303	-4.783979	2.620442	0.002360	0.500781
-12.774758	-4.811290	2.630438	0.002337	0.500838
-12.993133	-4.737043	2.640435	0.002375	0.500839
-12.922378	-4.763960	2.650432	0.002361	0.500841
-12.577634	-4.789742	2.660429	0.002297	0.501168
-12.565612	-4.796134	2.670426	0.002293	0.501170
-12.671519	-4.760762	2.680422	0.002311	0.501173
-12.488946	-4.830211	2.690419	0.002277	0.501165
-12.482356	-4.785400	2.700416	0.002274	0.501331
-12.324255	-4.799850	2.710413	0.002244	0.501477
-12.410979	-4.772720	2.720410	0.002258	0.501475
-12.344315	-4.800836	2.730406	0.002245	0.501469
-12.266226	-4.765573	2.740403	0.002229	0.501686
-12.078696	-4.803737	2.750400	0.002194	0.501787
-12.158768	-4.780627	2.760397	0.002207	0.501780
-12.093480	-4.806430	2.770394	0.002194	0.501780
-11.992699	-4.764882	2.780390	0.002174	0.502044
-11.903532	-4.784540	2.790387	0.002156	0.502092
-11.826123	-4.814990	2.800384	0.002141	0.502091
-11.854900	-4.797411	2.810381	0.002145	0.502125
-11.592004	-4.806295	2.820378	0.002096	0.502411
-11.560559	-4.818452	2.830374	0.002089	0.502417
-11.665966	-4.784460	2.840371	0.002106	0.502416
-11.635459	-4.797538	2.850368	0.002099	0.502418
-11.369676	-4.804989	2.860365	0.002050	0.502712
-11.634663	-4.713629	2.870362	0.002096	0.502715
-11.378322	-4.803192	2.880358	0.002048	0.502726
-11.244788	-4.807880	2.890355	0.002023	0.502875
-11.077123	-4.820520	2.900352	0.001991	0.503038
-11.190822	-4.783572	2.910349	0.002010	0.503037
-11.048698	-4.835149	2.920346	0.001983	0.503041
-11.028138	-4.846284	2.930342	0.001978	0.503038
-10.964345	-4.782060	2.940339	0.001965	0.503333
-10.873654	-4.812004	2.950336	0.001947	0.503349
-10.952793	-4.784804	2.960333	0.001960	0.503356
-10.869408	-4.774269	2.970330	0.001944	0.503497
-10.664783	-4.789039	2.980326	0.001905	0.503696
-10.525148	-4.841359	2.990323	0.001878	0.503694
-10.663655	-4.796610	3.000320	0.001902	0.503690
-10.590468	-4.798897	3.010317	0.001887	0.503777
-10.512040	-4.776969	3.020314	0.001872	0.503950
-10.408347	-4.817163	3.030310	0.001852	0.503947
-10.516022	-4.781924	3.040307	0.001870	0.503947
-10.372694	-4.753743	3.050304	0.001842	0.504216
-10.310446	-4.765110	3.060301	0.001830	0.504260
-10.248710	-4.791925	3.070298	0.001817	0.504252
-10.194459	-4.753922	3.080294	0.001806	0.504450
-10.074628	-4.764933	3.090291	0.001783	0.504562
-10.159979	-4.738827	3.100288	0.001797	0.504558
-9.957851	-4.754333	3.110285	0.001759	0.504751
-9.837189	-4.758599	3.120282	0.001735	0.504886
-9.789458	-4.777515	3.130278	0.001725	0.504888
-9.881438	-4.748837	3.140275	0.001741	0.504885
-9.592439	-4.766239	3.150272	0.001687	0.505172
-9.643422	-4.746395	3.160269	0.001695	0.505187
-9.722997	-4.721089	3.170266	0.001708	0.505188
-9.526934	-4.734490	3.180262	0.001671	0.505380
-9.283434	-4.783182	3.190259	0.001625	0.505511
-9.352193	-4.764598	3.200256	0.001636	0.505502
-9.246710	-4.805578	3.210253	0.001616	0.505498
-9.279308	-4.759238	3.220250	0.001620	0.505622
-9.029666	-4.789555	3.230246	0.001574	0.505821
-9.175001	-4.740994	3.240243	0.001598	0.505821
-9.061423	-4.786015	3.250240	0.001577	0.505814
-9.118927	-4.713722	3.260237	0.001585	0.505994
-8.849341	-4.764790	3.270234	0.001535	0.506147
-8.956944	-4.727482	3.280230	0.001553	0.506155
-8.912815	-4.716880	3.290227	0.001544	0.506250
-8.873861	-4.672665	3.300224	0.001535	0.506449
-8.884903	-4.668925	3.310221	0.001536	0.506458
-8.760902	-4.667482	3.320218	0.001512	0.506615
-8.716857	-4.639269	3.330214	0.001503	0.506767
-8.652460	-4.666900	3.340211	0.001490	0.506760
-8.501259	-4.645417	3.350208	0.001461	0.507015
-8.503292	-4.628666	3.360205	0.001460	0.507076
-8.316462	-4.697749	3.370202	0.001425	0.507075
-8.258932	-4.666513	3.380198	0.001413	0.507253
-8.090305	-4.684230	3.390195	0.001381	0.507398
-8.118508	-4.676589	3.400192	0.001385	0.507400
-8.096925	-4.688249	3.410189	0.001379	0.507396
-7.936813	-4.685073	3.420186	0.001349	0.507600
-7.859302	-4.687205	3.430182	0.001333	0.507692
-7.834949	-4.697501	3.440179	0.001328	0.507695
-7.918964	-4.671767	3.450176	0.001341	0.507692
-7.624273	-4.696732	3.460173	0.001287	0.507959
-7.606608	-4.687385	3.470170	0.001282	0.508019
-7.646404	-4.676736	3.480166	0.001288	0.508017
-7.491282	-4.734770	3.490163	0.001258	0.508015
-7.415893	-4.702240	3.500160	0.001243	0.508218
-7.303192	-4.709797	3.510157	0.001221	0.508332
-7.293683	-4.718031	3.520154	0.001218	0.508325
-7.261385	-4.729127	3.530150	0.001211	0.508335
-7.220260	-4.741693	3.540147	0.001202	0.508351
-7.076023	-4.699314	3.550144	0.001175	0.508664
-7.066742	-4.704754	3.560141	0.001171	0.508666
-7.026707	-4.720774	3.570138	0.001163	0.508669
-6.970282	-4.745436	3.580134	0.001151	0.508663
-7.049415	-4.651991	3.590131	0.001164	0.508886
-6.950720	-4.679345	3.600128	0.001145	0.508919
-6.920270	-4.693951	3.610125	0.001138	0.508916
-6.715205	-4.683653	3.620122	0.001099	0.509194
-6.782382	-4.653111	3.630118	0.001110	0.509226
-6.505652	-4.751207	3.640115	0.001059	0.509233
-6.588413	-4.701234	3.650112	0.001072	0.509310
-6.518992	-4.660390	3.660109	0.001058	0.509532
-6.537644	-4.657189	3.670106	0.001060	0.509530
-6.386214	-4.712485	3.680102	0.001031	0.509533
-6.285411	-4.664703	3.690099	0.001012	0.509814
-6.062179	-4.731999	3.700096	0.000970	0.509860
-6.164479	-4.698189	3.710093	0.000987	0.509862
-6.065718	-4.736543	3.720090	0.000967	0.509859
-6.085841	-4.687588	3.730086	0.000970	0.510005
-5.848755	-4.728026	3.740083	0.000925	0.510154
-5.855524	-4.726515	3.750080	0.000925	0.510160
-5.852026	-4.732699	3.760077	0.000923	0.510153
-5.854971	-4.690668	3.770074	0.000922	0.510296
-5.645485	-4.713579	3.780070	0.000883	0.510471
-5.704148	-4.692688	3.790067	0.000892	0.510481
-5.655486	-4.713926	3.800064	0.000882	0.510476
-5.573306	-4.685476	3.810061	0.000866	0.510672
-5.472183	-4.692914	3.820058	0.000846	0.510773
-5.321307	-4.745333	3.830054	0.000817	0.510784
-5.371382	-4.729986	3.840051	0.000825	0.510786
-5.306756	-4.684825	3.850048	0.000812	0.511016
-5.171406	-4.707133	3.860045	0.000786	0.511108
-5.210098	-4.694545	3.870042	0.000791	0.511113
-5.237842	-4.666205	3.880038	0.000795	0.511183
-5.199367	-4.608639	3.890035	0.000786	0.511423
-5.161349	-4.626311	3.900032	0.000778	0.511418
-4.983989	-4.648954	3.910029	0.000745	0.511557
-4.928556	-4.615432	3.920026	0.000733	0.511738
-4.928543	-4.618867	3.930022	0.000732	0.511736
-4.775791	-4.651524	3.940019	0.000703	0.511814
-4.776766	-4.585211	3.950016	0.000701	0.512037
-4.649946	-4.630954	3.960013	0.000677	0.512043
-4.843351	-4.534914	3.970010	0.000711	0.512142
-4.707583	-4.516315	3.980006	0.000685	0.512367
-4.784379	-4.487954	3.990003	0.000697	0.512380
-4.609623	-4.462736	4.000000	0.000664	0.512670
-4.602719	-4.469346	4.009997	0.000661	0.512666
-4.448734	-4.448682	4.019994	0.000632	0.512918
-4.362626	-4.459441	4.029990	0.000615	0.512990
-4.204561	-4.510523	4.039987	0.000585	0.513014
-4.235771	-4.411153	4.049984	0.000589	0.513309
-4.194413	-4.430441	4.059981	0.000580	0.513303
-4.185238	-4.369144	4.069978	0.000577	0.513521
-3.943861	-4.420009	4.079974	0.000532	0.513640
-3.807212	-4.470643	4.089971	0.000506	0.513641
-3.941196	-4.375616	4.099968	0.000529	0.513805
-3.811320	-4.392417	4.109965	0.000504	0.513908
-3.897119	-4.356003	4.119962	0.000518	0.513937
-3.752692	-4.322113	4.129958	0.000490	0.514220
-3.761216	-4.321058	4.139955	0.000491	0.514223
-3.813820	-4.237715	4.149952	0.000499	0.514441
-3.849312	-4.203204	4.159949	0.000504	0.514521
-3.702519	-4.162709	4.169946	0.000476	0.514828
-3.701098	-4.147631	4.179942	0.000474	0.514887
-3.641125	-4.089219	4.189939	0.000462	0.515153
-3.504188	-4.113136	4.199936	0.000435	0.515240
-3.509734	-4.041720	4.209933	0.000435	0.515473
-3.320675	-4.076709	4.219930	0.000399	0.515584
-3.327031	-4.019845	4.229926	0.000399	0.515769
-3.286527	-3.987906	4.239923	0.000390	0.515927
-3.080478	-4.007300	4.249920	0.000352	0.516107
-3.190070	-3.927153	4.259917	0.000370	0.516250
-3.089907	-3.914936	4.269914	0.000350	0.516412
-3.073482	-3.862744	4.279910	0.000346	0.516607
-3.009653	-3.851239	4.289907	0.000333	0.516725
-3.073621	-3.755078	4.299904	0.000343	0.516971
-2.903731	-3.778191	4.309901	0.000311	0.517098
-2.777424	-3.742487	4.319898	0.000287	0.517364
-2.773753	-3.711351	4.329894	0.000285	0.517478
-2.622386	-3.708836	4.339891	0.000256	0.517666
-2.531265	-3.698837	4.349888	0.000238	0.517810
-2.421068	-3.684480	4.359885	0.000217	0.517989
-2.350470	-3.670334	4.369882	0.000202	0.518123
-2.454744	-3.583585	4.379878	0.000220	0.518293
-2.387122	-3.560757	4.389875	0.000206	0.518451
-2.175631	-3.579226	4.399872	0.000167	0.518640
-2.227471	-3.525956	4.409869	0.000174	0.518761
-2.090401	-3.546367	4.419866	0.000148	0.518859
-2.120538	-3.477833	4.429862	0.000152	0.519053
-2.081357	-3.457130	4.439859	0.000144	0.519173
-2.060224	-3.388187	4.449856	0.000138	0.519426
-1.874877	-3.435014	4.459853	0.000104	0.519494
-1.859779	-3.349092	4.469850	0.000099	0.519795
-1.878978	-3.320363	4.479846	0.000101	0.519874
-1.843568	-3.266261	4.489843	0.000094	0.520095
-1.817663	-3.216811	4.499840	0.000087	0.520291
-1.675001	-3.230922	4.509837	0.000060	0.520416
-1.632492	-3.152804	4.519834	0.000051	0.520722
-1.642550	-3.116053	4.529830	0.000051	0.520836
-1.626691	-3.054387	4.539827	0.000047	0.521060
-1.530712	-3.010182	4.549824	0.000028	0.521317
-1.551074	-2.949805	4.559821	0.000031	0.521496
-1.423894	-2.943980	4.569818	0.000006	0.521666
-1.393944	-2.866734	4.579814	-0.000001	0.521954
-1.352188	-2.825432	4.589811	-0.000010	0.522141
-1.177579	-2.837037	4.599808	-0.000043	0.522309
-1.088153	-2.778884	4.609805	-0.000060	0.522603
-1.162406	-2.710082	4.619802	-0.000048	0.522747
-1.119327	-2.671541	4.629798	-0.000058	0.522927
-1.073801	-2.592605	4.639795	-0.000067	0.523237
-1.075355	-2.525678	4.649792	-0.000068	0.523457
-0.894630	-2.536073	4.659789	-0.000103	0.523635
-0.898972	-2.478216	4.669786	-0.000103	0.523822
-0.774330	-2.440044	4.679782	-0.000127	0.524091
-0.730487	-2.408964	4.689779	-0.000137	0.524248
-0.769974	-2.328450	4.699776	-0.000131	0.524468
-0.743344	-2.247299	4.709773	-0.000137	0.524763
-0.769841	-2.163424	4.719770	-0.000134	0.525008
-0.544903	-2.172165	4.729766	-0.000176	0.525240
-0.530967	-2.108064	4.739763	-0.000180	0.525467
-0.431091	-2.075089	4.749760	-0.000199	0.525691
-0.365470	-2.000863	4.759757	-0.000213	0.526007
-0.273651	-1.974830	4.769754	-0.000231	0.526200
-0.291917	-1.905094	4.779750	-0.000229	0.526409
-0.286689	-1.832427	4.789747	-0.000231	0.526653
-0.273606	-1.747468	4.799744	-0.000235	0.526944
-0.336997	-1.636133	4.809741	-0.000225	0.527234
-0.217080	-1.593804	4.819738	-0.000248	0.527509
-0.156901	-1.528699	4.829734	-0.000260	0.527789
-0.211859	-1.419129	4.839731	-0.000252	0.528082
-0.149353	-1.344455	4.849728	-0.000265	0.528395
-0.217915	-1.233000	4.859725	-0.000254	0.528678
-0.277888	-1.119368	4.869722	-0.000244	0.528977
-0.196582	-1.043548	4.879718	-0.000260	0.529314
-0.177806	-0.933612	4.889715	-0.000265	0.529689
-0.241030	-0.790764	4.899712	-0.000255	0.530075
-0.247718	-0.668487	4.909709	-0.000256	0.530460
-0.095317	-0.598360	4.919706	-0.000285	0.530856
-0.111022	-0.481100	4.929702	-0.000283	0.531214
-0.042287	-0.369662	4.939699	-0.000297	0.531647
0.005040	-0.262040	4.949696	-0.000307	0.532044
-0.037711	-0.129619	4.959693	-0.000301	0.532419
-0.062931	0.019941	4.969690	-0.000298	0.532867
0.000000	0.089062	4.979686	-0.000310	0.533160

-0.047057	0.257878	4.984691	-0.000303	0.533638
-0.166107	0.584552	4.989696	-0.000282	0.534528
-0.011892	0.992888	4.994701	-0.000311	0.535968
0.028697	1.579895	4.999706	-0.000319	0.537833
0.131782	2.263920	5.004710	-0.000338	0.540058
0.072188	3.157050	5.009715	-0.000328	0.542738
0.256271	4.082405	5.014720	-0.000362	0.545764
0.308981	5.172841	5.019725	-0.000373	0.549133
0.419274	6.366898	5.024730	-0.000393	0.552854
0.551761	7.662256	5.029734	-0.000418	0.556876
0.615928	9.079751	5.034739	-0.000430	0.561159
0.831903	10.555235	5.039744	-0.000470	0.565737
0.835687	12.207233	5.044749	-0.000472	0.570575
0.986533	13.906170	5.049754	-0.000500	0.575657
1.027970	15.728069	5.054758	-0.000508	0.580936
0.983594	17.670026	5.059763	-0.000501	0.586422
1.193992	19.612158	5.064768	-0.000540	0.592109
1.209068	21.700829	5.069773	-0.000544	0.597958
1.573491	23.748576	5.074778	-0.000611	0.603976
1.525921	26.013433	5.079782	-0.000603	0.610131
1.601210	28.310851	5.084787	-0.000617	0.616429
1.642094	30.677993	5.089792	-0.000626	0.622817
1.683267	33.125742	5.094797	-0.000634	0.629353
1.935786	35.554465	5.099802	-0.000681	0.635966
1.911569	38.137511	5.104806	-0.000677	0.642659
2.025912	40.729108	5.109811	-0.000699	0.649429
2.271418	43.337931	5.114816	-0.000744	0.656289
2.432354	46.021996	5.119821	-0.000774	0.663192
2.536216	48.785739	5.124826	-0.000794	0.670172
2.559197	51.621464	5.129830	-0.000799	0.677187
2.893674	54.387834	5.134835	-0.000860	0.684227
2.912507	57.291746	5.139840	-0.000865	0.691260
3.048991	60.214981	5.144845	-0.000890	0.698365
3.040910	63.200793	5.149850	-0.000890	0.705428
3.298195	66.143560	5.154854	-0.000937	0.712536
3.410500	69.161345	5.159859	-0.000959	0.719630
3.473324	72.216417	5.164864	-0.000971	0.726701
3.582434	75.296856	5.169869	-0.000992	0.733797
3.696385	78.387595	5.174874	-0.001013	0.740853
3.720772	81.537459	5.179878	-0.001019	0.747903
3.897992	84.667173	5.184883	-0.001052	0.754961
3.938691	87.830289	5.189888	-0.001060	0.761922
4.264870	90.939550	5.194893	-0.001120	0.768919
4.220793	94.176052	5.199898	-0.001113	0.775849
4.437863	97.344832	5.204902	-0.001153	0.782767
4.440856	100.599161	5.209907	-0.001155	0.789647
4.596011	103.805198	5.214912	-0.001184	0.796478
4.644385	107.060605	5.219917	-0.001194	0.803276
4.851504	110.259393	5.224922	-0.001232	0.810014
4.944976	113.515818	5.229926	-0.001250	0.816732
5.086343	116.772801	5.234931	-0.001276	0.823431
5.340413	119.978584	5.239936	-0.001323	0.830052
5.246400	123.327092	5.244941	-0.001307	0.836663
5.531596	126.525431	5.249946	-0.001360	0.843187
5.515699	129.833532	5.254950	-0.001358	0.849670
5.803909	133.050446	5.259955	-0.001411	0.856132
5.770880	136.363830	5.264960	-0.001406	0.862517
5.926273	139.621408	5.269965	-0.001435	0.868873
5.973624	142.920893	5.274970	-0.001445	0.875191
6.077439	146.167705	5.279974	-0.001465	0.881401
6.445078	149.365396	5.284979	-0.001532	0.887648
6.308739	152.724055	5.289984	-0.001508	0.893825
6.339811	156.002531	5.294989	-0.001515	0.899918
6.734332	159.167791	5.299994	-0.001587	0.905995
6.653070	162.509405	5.304998	-0.001574	0.912051
6.899605	165.723858	5.310003	-0.001619	0.918043
6.988306	168.980543	5.315008	-0.001636	0.923973
7.016068	172.250202	5.320013	-0.001642	0.929852
7.318811	175.451215	5.325018	-0.001698	0.935740
7.277634	178.733899	5.330022	-0.001691	0.941526
7.369722	181.998627	5.335027	-0.001709	0.947325
7.414199	185.255427	5.340032	-0.001718	0.953047
7.617770	188.443925	5.345037	-0.001756	0.958712
7.688992	191.689387	5.350042	-0.001770	0.964362
7.804383	194.909706	5.355046	-0.001792	0.969963
7.903000	198.137458	5.360051	-0.001810	0.975534
8.123860	201.326757	5.365056	-0.001851	0.981080
8.113624	204.573654	5.370061	-0.001851	0.986557
8.513410	207.707382	5.375066	-0.001924	0.992053
8.289348	211.032117	5.380070	-0.001884	0.997476
8.632795	214.157302	5.385075	-0.001947	1.002865
8.581696	217.402982	5.390080	-0.001939	1.008198
8.712475	220.595300	5.395085	-0.001964	1.013519
8.865797	223.759604	5.400090	-0.001992	1.018779
9.100424	226.916411	5.405094	-0.002036	1.024046
9.194591	230.102770	5.410099	-0.002054	1.029255
9.440459	233.256564	5.415104	-0.002099	1.034470
9.526264	236.431989	5.420109	-0.002116	1.039604
9.648521	239.615639	5.425114	-0.002139	1.044747
9.541523	242.861659	5.430118	-0.002121	1.049837
9.788225	245.991958	5.435123	-0.002166	1.054913
9.875637	249.164694	5.440128	-0.002183	1.059945
10.042773	252.313751	5.445133	-0.002214	1.064960
10.203280	255.467744	5.450138	-0.002244	1.069955
10.288187	258.647982	5.455142	-0.002260	1.074926
10.434779	261.780765	5.460147	-0.002288	1.079835
10.441088	264.975421	5.465152	-0.002290	1.084742
10.517760	268.125789	5.470157	-0.002305	1.089597
10.683508	271.269121	5.475162	-0.002336	1.094465
10.845784	274.384861	5.480166	-0.002366	1.099269
10.894413	277.567735	5.485171	-0.002376	1.104094
10.893424	280.731771	5.490176	-0.002377	1.108844
11.032611	283.875596	5.495181	-0.002403	1.113616
10.988995	287.037644	5.500186	-0.002396	1.118301
11.333114	290.090753	5.505190	-0.002459	1.123002
11.403284	293.226645	5.510195	-0.002473	1.127667
11.647058	296.334928	5.515200	-0.002518	1.132360
11.736712	299.460534	5.520205	-0.002535	1.136981
11.919663	302.573218	5.525210	-0.002569	1.141611
11.940707	305.729949	5.530214	-0.002574	1.146206
12.070855	308.866403	5.535219	-0.002598	1.150807
12.372129	311.908279	5.540224	-0.002654	1.155339
12.440571	315.052990	5.545229	-0.002667	1.159885
12.558972	318.158665	5.550234	-0.002690	1.164383
12.671254	321.295179	5.555238	-0.002711	1.168904
12.717842	324.432500	5.560243	-0.002720	1.173377
12.747327	327.569967	5.565248	-0.002727	1.177824
12.754647	330.702548	5.570253	-0.002729	1.182238
13.043339	333.756444	5.575258	-0.002782	1.186660
12.963160	336.927035	5.580262	-0.002769	1.191052
13.128092	340.014624	5.585267	-0.002799	1.195429
13.262885	343.096063	5.590272	-0.002825	1.199767
13.523173	346.160262	5.595277	-0.002873	1.204125
13.533897	349.292192	5.600282	-0.002876	1.208443
13.719403	352.382336	5.605286	-0.002910	1.212770
13.663221	355.523821	5.610291	-0.002901	1.217039
13.662114	358.659065	5.615296	-0.002902	1.221311
13.808787	361.734313	5.620301	-0.002929	1.225554
13.913695	364.840419	5.625306	-0.002949	1.229806
13.997190	367.932776	5.630310	-0.002965	1.234014
14.141841	371.018378	5.635315	-0.002992	1.238227
14.109917	374.141421	5.640320	-0.002988	1.242395
14.387527	377.172090	5.645325	-0.003039	1.246567
14.522914	380.252738	5.650330	-0.003064	1.250726
14.783676	383.291767	5.655334	-0.003112	1.254874
14.748905	386.428738	5.660339	-0.003107	1.259004
14.963107	389.497846	5.665344	-0.003147	1.263143
14.932314	392.621397	5.670349	-0.003142	1.267230
15.014608	395.726947	5.675354	-0.003158	1.271331
15.206558	398.761299	5.680358	-0.003194	1.275374
15.308512	401.855895	5.685363	-0.003213	1.279444
15.270551	404.980405	5.690368	-0.003207	1.283477
15.462025	408.029809	5.695373	-0.003243	1.287502
15.542513	411.123170	5.700378	-0.003258	1.291522
15.575836	414.222892	5.705382	-0.003265	1.295517
15.442667	417.365316	5.710387	-0.003242	1.299482
15.762877	420.388338	5.715392	-0.003301	1.303479
15.960662	423.427299	5.720397	-0.003338	1.307431
15.976414	426.558871	5.725402	-0.003342	1.311411
16.057304	429.638164	5.730406	-0.003357	1.315340
16.199234	432.683597	5.735411	-0.003384	1.319241
16.389151	435.727780	5.740416	-0.003419	1.323149
16.527761	438.792556	5.745421	-0.003445	1.327050
16.589940	441.868802	5.750426	-0.003457	1.330921
16.687081	444.960362	5.755430	-0.003476	1.334815
16.904851	447.967307	5.760435	-0.003516	1.338643
17.285030	450.982339	5.765440	-0.003586	1.342538
17.191046	454.115309	5.770445	-0.003570	1.346369
17.484970	457.136910	5.775450	-0.003624	1.350214
17.706988	460.179858	5.780454	-0.003665	1.354045
17.683139	463.296814	5.785459	-0.003662	1.357853
17.898162	466.333567	5.790464	-0.003702	1.361651
18.176399	469.365228	5.795469	-0.003753	1.365459
18.177969	472.468648	5.800474	-0.003754	1.369229
18.362739	475.552094	5.805478	-0.003789	1.373040
18.143261	478.708284	5.810483	-0.003750	1.376763
18.378068	481.729183	5.815488	-0.003793	1.380499
18.406668	484.826407	5.820493	-0.003800	1.384232
18.652707	487.846807	5.825498	-0.003845	1.387951
18.739376	490.942378	5.830502	-0.003862	1.391685
18.902026	493.959824	5.835507	-0.003892	1.395347
18.926691	497.051176	5.840512	-0.003897	1.399032
19.072444	500.117089	5.845517	-0.003925	1.402725
18.965508	503.231564	5.850522	-0.003906	1.406365
19.080220	506.311171	5.855526	-0.003928	1.410043
19.311280	509.299884	5.860531	-0.003971	1.413651
19.379928	512.380966	5.865536	-0.003984	1.417293
19.416388	515.460864	5.870541	-0.003992	1.420912
19.473952	518.527615	5.875546	-0.004003	1.424515
19.638783	521.571153	5.880550	-0.004034	1.428124
19.667590	524.671350	5.885555	-0.004040	1.431736
19.854506	527.646942	5.890560	-0.004075	1.435256
20.022945	530.716753	5.895565	-0.004106	1.438870
20.087186	533.756972	5.900570	-0.004119	1.442400
20.304578	536.792461	5.905574	-0.004159	1.445975
20.432572	539.847093	5.910579	-0.004183	1.449528
20.682462	542.865895	5.915584	-0.004230	1.453079
20.912159	545.898443	5.920589	-0.004272	1.456629
21.132731	548.924667	5.925594	-0.004313	1.460160
21.376414	551.961545	5.930598	-0.004358	1.463703
21.506912	555.051647	5.935603	-0.004382	1.467254
21.673785	558.091789	5.940608	-0.004414	1.470755
21.853606	561.138600	5.945613	-0.004447	1.474259
21.919229	564.208530	5.950618	-0.004460	1.477738
21.896462	567.319332	5.955622	-0.004457	1.481222
21.883186	570.401306	5.960627	-0.004455	1.484668
22.255364	573.382818	5.965632	-0.004524	1.488139
22.342080	576.458415	5.970637	-0.004540	1.491600
22.500017	579.503444	5.975642	-0.004570	1.495045
22.559849	582.568246	5.980646	-0.004582	1.498468
22.716616	585.625005	5.985651	-0.004611	1.501910
22.773122	588.682459	5.990656	-0.004622	1.505308
22.921635	591.747843	5.995661	-0.004650	1.508740
23.025591	594.791617	6.000666	-0.004670	1.512125
23.196323	597.806563	6.005670	-0.004702	1.515495
23.293485	600.858717	6.010675	-0.004720	1.518872
23.525498	603.888527	6.015680	-0.004763	1.522266
23.641661	606.944700	6.020685	-0.004785	1.525638
23.811719	609.986274	6.025690	-0.004817	1.529007
24.020010	613.004498	6.030694	-0.004855	1.532357
24.107467	616.081605	6.035699	-0.004872	1.535720
24.165384	619.138939	6.040704	-0.004884	1.539043
24.334678	622.197931	6.045709	-0.004915	1.542402
24.411208	625.249374	6.050714	-0.004930	1.545711
24.604584	628.292016	6.055718	-0.004966	1.549045
24.771245	631.318776	6.060723	-0.004997	1.552346
24.924704	634.357853	6.065728	-0.005026	1.555649
25.069613	637.382776	6.070733	-0.005053	1.558926
25.209475	640.447172	6.075738	-0.005079	1.562236
25.417875	643.463689	6.080742	-0.005118	1.565513
25.837031	646.429733	6.085747	-0.005194	1.568804
25.819816	649.530952	6.090752	-0.005192	1.572077
25.885180	652.614368	6.095757	-0.005205	1.575354
26.022428	655.635040	6.100762	-0.005231	1.578583
26.237440	658.688190	6.105766	-0.005271	1.581866
26.291468	661.735579	6.110771	-0.005282	1.585081
26.458748	664.792140	6.115776	-0.005313	1.588338
26.445492	667.884809	6.120781	-0.005311	1.591563
26.495299	670.935768	6.125786	-0.005321	1.594760
26.630424	673.960015	6.130790	-0.005347	1.597953
26.939409	676.961835	6.135795	-0.005404	1.601176
26.959909	680.013499	6.140800	-0.005408	1.604344
26.959292	683.119811	6.145805	-0.005409	1.607556
26.952794	686.188088	6.150810	-0.005409	1.610720
27.358195	689.123771	6.155814	-0.005483	1.613882
27.425119	692.182502	6.160819	-0.005496	1.617049
27.363994	695.304269	6.165824	-0.005486	1.620231
27.419244	698.335182	6.170829	-0.005497	1.623353
27.630945	701.355407	6.175834	-0.005536	1.626511
27.708212	704.405119	6.180838	-0.005551	1.629647
27.928155	707.427434	6.185843	-0.005592	1.632798
27.953201	710.469147	6.190848	-0.005598	1.635897
28.126209	713.501832	6.195853	-0.005630	1.639030
28.157709	716.539011	6.200858	-0.005636	1.642115
28.544357	719.517049	6.205862	-0.005707	1.645252
28.542536	722.578575	6.210867	-0.005708	1.648339
28.818862	725.583264	6.215872	-0.005759	1.651454
28.758327	728.668779	6.220877	-0.005749	1.654534
28.785017	731.731447	6.225882	-0.005755	1.657613
28.918674	734.754139	6.230886	-0.005780	1.660682
29.193973	737.747267	6.235891	-0.005831	1.663763
29.242470	740.801241	6.240896	-0.005840	1.666824
29.674866	743.781719	6.245901	-0.005919	1.669933
29.627075	746.826232	6.250906	-0.005912	1.672941
29.718652	749.894620	6.255910	-0.005929	1.676014
29.868952	752.908099	6.260915	-0.005957	1.679046
30.084740	755.926720	6.265920	-0.005997	1.682098
30.123508	759.005786	6.270925	-0.006005	1.685147
30.346078	762.016622	6.275930	-0.006047	1.688184
30.335630	765.084324	6.280934	-0.006046	1.691195
30.437051	768.143695	6.285939	-0.006065	1.694228
30.397355	771.205836	6.290944	-0.006059	1.697214
30.869206	774.147395	6.295949	-0.006145	1.700241
30.889609	777.196731	6.300954	-0.006150	1.703222
30.944074	780.274550	6.305958	-0.006161	1.706238
31.084324	783.298248	6.310963	-0.006187	1.709222
31.258414	786.312329	6.315968	-0.006219	1.712203
31.369992	789.339309	6.320973	-0.006241	1.715171
31.602221	792.354855	6.325978	-0.006283	1.718162
31.501294	795.447902	6.330982	-0.006266	1.721116
31.774855	798.449913	6.335987	-0.006317	1.724096
31.775078	801.505148	6.340992	-0.006318	1.727036
31.903609	804.551717	6.345997	-0.006342	1.730003
32.161014	807.512350	6.351002	-0.006389	1.732923
32.137204	810.615647	6.356006	-0.006386	1.735886
32.295888	813.616515	6.361011	-0.006416	1.738803
32.431558	816.663522	6.366016	-0.006441	1.741752
32.450618	819.714371	6.371021	-0.006446	1.744664
32.681540	822.729057	6.376026	-0.006488	1.747602
32.889106	825.717792	6.381030	-0.006527	1.750504
32.899478	828.775679	6.386035	-0.006530	1.753405
33.176820	831.764781	6.391040	-0.006581	1.756319
33.313248	834.807410	6.396045	-0.006606	1.759235
33.460754	837.828350	6.401050	-0.006634	1.762129
33.537628	840.900592	6.406054	-0.006649	1.765045
33.565442	843.933513	6.411059	-0.006655	1.767904
33.928124	846.932796	6.416064	-0.006721	1.770829
33.950604	849.958116	6.421069	-0.006726	1.773670
34.050968	853.018454	6.426074	-0.006746	1.776563
34.046041	856.105260	6.431078	-0.006746	1.779444
34.349412	859.062484	6.436083	-0.006802	1.782293
34.179965	862.206369	6.441088	-0.006772	1.785168
34.431254	865.190520	6.446093	-0.006818	1.788017
34.550325	868.193022	6.451098	-0.006841	1.790838
34.842124	871.164129	6.456102	-0.006894	1.793679
34.899999	874.186344	6.461107	-0.006906	1.796491
35.138959	877.243210	6.466112	-0.006950	1.799386
35.178409	880.256910	6.471117	-0.006958	1.802176
35.309969	883.320623	6.476122	-0.006983	1.805035
35.263460	886.391975	6.481126	-0.006976	1.807844
35.334197	889.429469	6.486131	-0.006989	1.810652
35.426797	892.440882	6.491136	-0.007007	1.813439
35.682441	895.434393	6.496141	-0.007054	1.816253
35.852180	898.444993	6.501146	-0.007086	1.819053
36.083411	901.450242	6.506150	-0.007129	1.821863
35.989539	904.559209	6.511155	-0.007113	1.824665
36.228536	907.552917	6.516160	-0.007157	1.827458
36.190275	910.622570	6.521165	-0.007151	1.830233
36.338723	913.618465	6.526170	-0.007179	1.832992
36.565193	916.603071	6.531174	-0.007221	1.835759
36.686535	919.654918	6.536179	-0.007243	1.838553
36.818451	922.648632	6.541184	-0.007268	1.841292
36.911294	925.730039	6.546189	-0.007286	1.844095
36.951148	928.761848	6.551194	-0.007294	1.846834
36.992815	931.838660	6.556198	-0.007303	1.849610
37.111321	934.808191	6.561203	-0.007325	1.852308
37.102515	937.907617	6.566208	-0.007325	1.855081
37.133638	940.919356	6.571213	-0.007331	1.857783
37.471658	943.884483	6.576218	-0.007393	1.860528
37.758389	946.855266	6.581222	-0.007446	1.863260
37.960435	949.886350	6.586227	-0.007484	1.866016
38.109382	952.926977	6.591232	-0.007511	1.868762
38.224664	955.936790	6.596237	-0.007533	1.871467
38.242905	959.005607	6.601242	-0.007538	1.874192
38.517933	961.979568	6.606246	-0.007588	1.876903
38.588040	965.035757	6.611251	-0.007602	1.879624
38.944783	967.993961	6.616256	-0.007667	1.882337
39.048842	971.045273	6.621261	-0.007687	1.885055
39.169360	974.112245	6.626266	-0.007710	1.887788
39.144527	977.153973	6.631270	-0.007706	1.890454
39.417848	980.155820	6.636275	-0.007757	1.893165
39.543374	983.179481	6.641280	-0.007780	1.895850
39.700227	986.210054	6.646285	-0.007810	1.898546
39.766263	989.243468	6.651290	-0.007823	1.901215
39.907700	992.296032	6.656294	-0.007849	1.903918
39.910247	995.331738	6.661299	-0.007851	1.906563
40.077231	998.390007	6.666304	-0.007882	1.909271
40.076449	1001.359431	6.671309	-0.007883	1.911850
40.389678	1004.375888	6.676314	-0.007940	1.914555
40.245041	1007.455030	6.681318	-0.007915	1.917182
40.485789	1010.455785	6.686323	-0.007960	1.919846
40.353414	1013.544939	6.691328	-0.007937	1.922478
40.422150	1016.576247	6.696333	-0.007950	1.925112
40.566242	1019.580910	6.701338	-0.007977	1.927741
40.588663	1022.616475	6.706342	-0.007982	1.930359
40.574303	1025.643484	6.711347	-0.007980	1.932956
41.038401	1028.591533	6.716352	-0.008065	1.935614
41.074436	1031.620777	6.721357	-0.008073	1.938220
41.257322	1034.626349	6.726362	-0.008107	1.940842
41.317246	1037.683567	6.731366	-0.008119	1.943472
41.408727	1040.707885	6.736371	-0.008136	1.946078
41.671654	1043.726778	6.741376	-0.008185	1.948723
41.801024	1046.711398	6.746381	-0.008209	1.951299
42.157289	1049.680539	6.751386	-0.008274	1.953920
42.257432	1052.723932	6.756390	-0.008293	1.956531
42.207174	1055.789400	6.761395	-0.008285	1.959116
42.506364	1058.785126	6.766400	-0.008340	1.961733
42.581138	1061.804669	6.771405	-0.008355	1.964307
42.762498	1064.826914	6.776410	-0.008389	1.966908
42.868919	1067.865851	6.781414	-0.008409	1.969499
43.015299	1070.868190	6.786419	-0.008436	1.972067
42.925395	1073.963207	6.791424	-0.008421	1.974646
43.170282	1076.945650	6.796429	-0.008466	1.977217
43.181402	1079.976578	6.801434	-0.008469	1.979763
43.367962	1083.005313	6.806438	-0.008504	1.982350
43.518842	1085.997264	6.811443	-0.008532	1.984894
43.537838	1089.097326	6.816448	-0.008537	1.987490
43.635932	1092.076668	6.821453	-0.008555	1.990002
43.880905	1095.063017	6.826458	-0.008601	1.992557
43.991187	1098.084850	6.831462	-0.008621	1.995101
44.022409	1101.159611	6.836467	-0.008628	1.997666
44.255208	1104.116023	6.841472	-0.008671	2.000182
44.472143	1107.143937	6.846477	-0.008711	2.002751
44.425480	1110.199268	6.851482	-0.008704	2.005268
44.477724	1113.285151	6.856486	-0.008714	2.007835
44.678036	1116.215859	6.861491	-0.008751	2.010308
44.781875	1119.276976	6.866496	-0.008771	2.012861
44.908740	1122.278545	6.871501	-0.008795	2.015368
45.201437	1125.290366	6.876506	-0.008849	2.017923
45.139275	1128.329044	6.881510	-0.008839	2.020405
45.307312	1131.369855	6.886515	-0.008870	2.022945
45.411146	1134.370665	6.891520	-0.008890	2.025432
45.550343	1137.437788	6.896525	-0.008916	2.027980
45.602675	1140.409318	6.901530	-0.008926	2.030424
45.868429	1143.416417	6.906534	-0.008975	2.032950
45.748339	1146.470986	6.911539	-0.008955	2.035410
45.699283	1149.563873	6.916544	-0.008947	2.037918
45.915974	1152.507284	6.921549	-0.008987	2.040370
46.098589	1155.545187	6.926554	-0.009021	2.042886
46.127903	1158.560910	6.931558	-0.009027	2.045342
46.300196	1161.606614	6.936563	-0.009059	2.047856
46.460184	1164.546049	6.941568	-0.009089	2.050278
46.500449	1167.633211	6.946573	-0.009097	2.052786
46.631294	1170.596320	6.951578	-0.009122	2.055213
46.734207	1173.674133	6.956582	-0.009142	2.057724
47.014976	1176.610202	6.961587	-0.009193	2.060162
47.252507	1179.633921	6.966592	-0.009237	2.062657
47.251327	1182.690098	6.971597	-0.009238	2.065114
47.379759	1185.760478	6.976602	-0.009262	2.067612
47.516168	1188.685227	6.981606	-0.009288	2.069993
47.619684	1191.760582	6.986611	-0.009308	2.072484
47.695640	1194.749642	6.991616	-0.009322	2.074895
47.770637	1197.838122	6.996621	-0.009337	2.077382
47.646268	1200.896541	7.001626	-0.009315	2.079793
47.664072	1203.933906	7.006630	-0.009319	2.082219
48.103590	1206.844779	7.011635	-0.009400	2.084649
48.175807	1209.905034	7.016640	-0.009414	2.087102
48.152256	1212.918668	7.021645	-0.009411	2.089490
48.328980	1215.943331	7.026650	-0.009444	2.091936
48.411670	1218.946632	7.031654	-0.009459	2.094337
48.698797	1221.950626	7.036659	-0.009512	2.096788
48.665799	1224.992108	7.041664	-0.009507	2.099185
48.755403	1228.031263	7.046669	-0.009525	2.101609
48.810560	1231.065276	7.051674	-0.009535	2.104017
48.933974	1234.088531	7.056678	-0.009559	2.106431
48.904101	1237.127295	7.061683	-0.009554	2.108816
49.027326	1240.120471	7.066688	-0.009578	2.111200
49.141355	1243.124977	7.071693	-0.009599	2.113589
49.359328	1246.112036	7.076698	-0.009640	2.115987
49.456499	1249.146157	7.081702	-0.009658	2.118389
49.641561	1252.118485	7.086707	-0.009693	2.120761
49.692075	1255.180493	7.091712	-0.009703	2.123168
49.758615	1258.204136	7.096717	-0.009716	2.125547
49.897303	1261.218241	7.101722	-0.009742	2.127932
49.970360	1264.203384	7.106726	-0.009756	2.130277
49.899522	1267.306093	7.111731	-0.009744	2.132675
49.990256	1270.310864	7.116736	-0.009761	2.135034
50.006426	1273.365450	7.121741	-0.009765	2.137410
50.228584	1276.320654	7.126746	-0.009806	2.139758
50.142317	1279.401209	7.131750	-0.009792	2.142124
50.236989	1282.413593	7.136755	-0.009810	2.144479
50.316898	1285.418834	7.141760	-0.009825	2.146823
50.710088	1288.334827	7.146765	-0.009897	2.149171
50.674172	1291.394553	7.151770	-0.009892	2.151523
50.917566	1294.365861	7.156774	-0.009937	2.153873
50.973782	1297.415256	7.161779	-0.009948	2.156234
51.198990	1300.399230	7.166784	-0.009990	2.158584
51.253397	1303.435193	7.171789	-0.010000	2.160929
51.406787	1306.470651	7.176794	-0.010029	2.163296
51.349196	1309.516300	7.181798	-0.010020	2.165617
51.475505	1312.566583	7.186803	-0.010044	2.167983
51.394987	1315.564507	7.191808	-0.010030	2.170257
51.535881	1318.623606	7.196813	-0.010056	2.172628
51.707880	1321.578304	7.201818	-0.010088	2.174924
51.706003	1324.666599	7.206822	-0.010089	2.177279
51.840127	1327.615460	7.211827	-0.010114	2.179557
51.940855	1330.663376	7.216832	-0.010134	2.181900
52.037919	1333.682261	7.221837	-0.010152	2.184218
52.214972	1336.694350	7.226842	-0.010185	2.186547
52.299285	1339.677825	7.231846	-0.010201	2.188829
52.485940	1342.690962	7.236851	-0.010236	2.191157
52.646910	1345.665483	7.241856	-0.010266	2.193446
52.718233	1348.718797	7.246861	-0.010280	2.195771
52.766343	1351.756790	7.251866	-0.010290	2.198077
52.771272	1354.779412	7.256870	-0.010291	2.200358
52.945569	1357.798415	7.261875	-0.010324	2.202675
52.888691	1360.849410	7.266880	-0.010315	2.204958
53.084127	1363.846664	7.271885	-0.010351	2.207259
53.212042	1366.824577	7.276890	-0.010375	2.209526
53.197191	1369.892908	7.281894	-0.010373	2.211825
53.381726	1372.880665	7.286899	-0.010408	2.214109
53.331219	1375.931037	7.291904	-0.010399	2.216381
53.471474	1378.930168	7.296909	-0.010426	2.218658
53.584482	1381.951407	7.301914	-0.010447	2.220943
53.644738	1384.962354	7.306918	-0.010459	2.223205
53.745227	1388.001341	7.311923	-0.010478	2.225495
53.758345	1391.030501	7.316928	-0.010482	2.227755
53.910536	1393.963124	7.321933	-0.010510	2.229973
54.231508	1396.988579	7.326938	-0.010569	2.232298
54.113803	1400.008519	7.331942	-0.010549	2.234514
54.327111	1403.055430	7.336947	-0.010588	2.236824
54.309181	1406.041478	7.341952	-0.010586	2.239034
54.588099	1409.037603	7.346957	-0.010637	2.241317
54.751859	1412.062001	7.351962	-0.010668	2.243592
54.735980	1415.120514	7.356966	-0.010666	2.245849
54.888682	1418.112928	7.361971	-0.010695	2.248094
54.906911	1421.150447	7.366976	-0.010699	2.250339
54.935526	1424.173997	7.371981	-0.010705	2.252573
55.176712	1427.160160	7.376986	-0.010750	2.254827
55.295460	1430.174097	7.381990	-0.010772	2.257070
55.311247	1433.211385	7.386995	-0.010776	2.259305
55.577399	1436.204149	7.392000	-0.010825	2.261563
55.623559	1439.226368	7.397005	-0.010834	2.263789
55.830895	1442.245917	7.402010	-0.010873	2.266048
55.936980	1445.239365	7.407014	-0.010893	2.268262
55.969624	1448.275246	7.412019	-0.010900	2.270489
56.188221	1451.282117	7.417024	-0.010940	2.272735
56.135897	1454.307981	7.422029	-0.010932	2.274931
56.453514	1457.307157	7.427034	-0.010990	2.277188
56.540373	1460.273698	7.432038	-0.011007	2.279368
56.627584	1463.334718	7.437043	-0.011024	2.281615
56.680679	1466.349169	7.442048	-0.011034	2.283817
56.801753	1469.396076	7.447053	-0.011057	2.286057
56.869213	1472.385082	7.452058	-0.011070	2.288240
57.016093	1475.401122	7.457062	-0.011098	2.290459
56.935767	1478.462183	7.462067	-0.011084	2.292657
57.117447	1481.452879	7.467072	-0.011118	2.294860
57.299416	1484.444067	7.472077	-0.011152	2.297062
57.382020	1487.444039	7.477082	-0.011168	2.299246
57.681980	1490.438656	7.482086	-0.011223	2.301473
57.739649	1493.468671	7.487091	-0.011234	2.303669
57.642826	1496.582318	7.492096	-0.011218	2.305888
57.924954	1499.497602	7.497101	-0.011270	2.308047
57.936953	1502.525233	7.502106	-0.011273	2.310225
58.092474	1505.561283	7.507110	-0.011302	2.312438
58.268776	1508.522436	7.512115	-0.011335	2.314601
58.399569	1511.580082	7.517120	-0.011360	2.316820
58.533465	1514.553971	7.522125	-0.011385	2.318978
58.471832	1517.657833	7.527130	-0.011375	2.321184
58.836501	1520.578996	7.532134	-0.011441	2.323351
58.886461	1523.642269	7.537139	-0.011451	2.325548
58.938371	1526.636427	7.542144	-0.011462	2.327694
59.077093	1529.666517	7.547149	-0.011488	2.329883
59.114963	1532.695662	7.552154	-0.011496	2.332047
59.263218	1535.688613	7.557158	-0.011523	2.334207
59.264325	1538.773227	7.562163	-0.011525	2.336398
59.441956	1541.719264	7.567168	-0.011558	2.338528
59.581644	1544.761264	7.572173	-0.011584	2.340715
59.750263	1547.769711	7.577178	-0.011615	2.342883
59.763105	1550.811897	7.582182	-0.011619	2.345039
59.757928	1553.857563	7.587187	-0.011619	2.347191
59.769756	1556.847278	7.592192	-0.011622	2.349306
60.068602	1559.842100	7.597197	-0.011677	2.351484
60.007371	1562.851105	7.602202	-0.011667	2.353592
60.160201	1565.885798	7.607206	-0.011695	2.355763
60.274860	1568.856270	7.612211	-0.011717	2.357879
60.364201	1571.895437	7.617216	-0.011734	2.360035
60.362449	1574.933778	7.622221	-0.011735	2.362169
60.535220	1577.924707	7.627226	-0.011767	2.364306
60.607094	1580.955133	7.632230	-0.011781	2.366447
60.865846	1583.885147	7.637235	-0.011829	2.368555
60.899337	1586.956069	7.642240	-0.011836	2.370712
60.891291	1590.004545	7.647245	-0.011835	2.372842
60.840305	1593.053474	7.652250	-0.011827	2.374962
60.923233	1596.054501	7.657254	-0.011843	2.377074
61.131164	1599.013497	7.662259	-0.011882	2.379183
61.285493	1602.047429	7.667264	-0.011910	2.381330
61.519088	1605.004283	7.672269	-0.011954	2.383438
61.556029	1608.086183	7.677274	-0.011961	2.385590
61.671476	1611.032472	7.682278	-0.011983	2.387662
61.963767	1614.017568	7.687283	-0.012037	2.389797
61.894824	1617.081784	7.692288	-0.012025	2.391908
62.078033	1620.062900	7.697293	-0.012060	2.394013
62.351664	1623.079128	7.702298	-0.012110	2.396160
62.367300	1626.092916	7.707302	-0.012114	2.398249
62.555342	1629.099682	7.712307	-0.012149	2.400367
62.575747	1632.159409	7.717312	-0.012153	2.402485
62.165319	1635.323318	7.722317	-0.012080	2.404582
62.169313	1638.337662	7.727322	-0.012082	2.406661
62.204357	1641.295262	7.732326	-0.012089	2.408706
62.104538	1644.379320	7.737331	-0.012072	2.410808
62.300105	1647.298147	7.742336	-0.012108	2.412856
62.410573	1650.326390	7.747341	-0.012129	2.414960
62.656376	1653.270163	7.752346	-0.012175	2.417032
62.613213	1656.343673	7.757350	-0.012168	2.419132
62.803911	1659.313816	7.762355	-0.012203	2.421207
63.030375	1662.296475	7.767360	-0.012245	2.423297
63.008701	1665.378486	7.772365	-0.012242	2.425401
63.083238	1668.329704	7.777370	-0.012257	2.427434
63.309709	1671.325327	7.782374	-0.012299	2.429527
63.356337	1674.343235	7.787379	-0.012308	2.431596
63.490173	1677.345500	7.792384	-0.012333	2.433670
63.428519	1680.437025	7.797389	-0.012323	2.435764
63.429053	1683.391349	7.802394	-0.012324	2.437775
63.719327	1686.417555	7.807398	-0.012378	2.439893
63.933344	1689.365497	7.812403	-0.012417	2.441940
63.942215	1692.442416	7.817408	-0.012420	2.444031
63.902152	1695.512167	7.822413	-0.012414	2.446105
64.617972	1698.271282	7.827418	-0.012544	2.448122
64.751147	1701.358311	7.832422	-0.012569	2.450240
64.679374	1704.440648	7.837427	-0.012557	2.452311
64.914660	1707.433502	7.842432	-0.012601	2.454382
64.928364	1710.508324	7.847437	-0.012604	2.456462
65.078409	1713.468337	7.852442	-0.012632	2.458490
65.249989	1716.523038	7.857446	-0.012664	2.460585
65.063661	1719.574590	7.862451	-0.012631	2.462603
65.218403	1722.603175	7.867456	-0.012660	2.464673
65.227629	1725.600788	7.872461	-0.012663	2.466692
65.340893	1728.582203	7.877466	-0.012684	2.468718
65.426015	1731.623706	7.882470	-0.012701	2.470778
65.698315	1734.571901	7.887475	-0.012751	2.472812
65.688365	1737.635826	7.892480	-0.012750	2.474864
66.036830	1740.574041	7.897485	-0.012814	2.476902
65.939400	1743.630245	7.902490	-0.012798	2.478928
66.191385	1746.643765	7.907494	-0.012844	2.480994
66.378775	1749.643614	7.912499	-0.012879	2.483037
66.410179	1752.691641	7.917504	-0.012886	2.485078
66.428282	1755.710834	7.922509	-0.012890	2.487096
66.478033	1758.732561	7.927514	-0.012900	2.489120
66.585316	1761.759140	7.932518	-0.012920	2.491157
66.566817	1764.779406	7.937523	-0.012918	2.493163
66.792868	1767.778278	7.942528	-0.012960	2.495203
66.949022	1770.748066	7.947533	-0.012989	2.497207
66.956687	1773.806639	7.952538	-0.012991	2.499239
67.240922	1776.776030	7.957542	-0.013043	2.501265
67.111433	1779.871188	7.962547	-0.013021	2.503291
67.381661	1782.835181	7.967552	-0.013071	2.505307
67.449008	1785.806225	7.972557	-0.013084	2.507287
67.690906	1788.801627	7.977562	-0.013129	2.509315
67.460618	1791.912777	7.982566	-0.013088	2.511325
67.524332	1794.903958	7.987571	-0.013101	2.513312
67.724502	1797.906067	7.992576	-0.013138	2.515332
67.774061	1800.891401	7.997581	-0.013148	2.517309
67.847427	1803.935537	8.002586	-0.013162	2.519328
67.965591	1806.943541	8.007590	-0.013184	2.521331
68.301467	1809.888940	8.012595	-0.013246	2.523334
68.113504	1813.029286	8.017600	-0.013213	2.525360
68.275209	1815.905928	8.022605	-0.013243	2.527280
68.285296	1819.007922	8.027610	-0.013246	2.529317
68.553110	1821.939882	8.032614	-0.013295	2.531291
68.584319	1824.999476	8.037619	-0.013302	2.533301
68.679315	1828.024992	8.042624	-0.013320	2.535299
68.800762	1830.980985	8.047629	-0.013343	2.537256
68.859029	1834.046684	8.052634	-0.013355	2.539270
68.973486	1837.059268	8.057638	-0.013376	2.541259
69.150809	1840.042290	8.062643	-0.013409	2.543239
69.215188	1843.095505	8.067648	-0.013422	2.545242
69.275904	1846.019121	8.072653	-0.013434	2.547158
69.311588	1849.105830	8.077658	-0.013441	2.549174
69.530392	1852.062471	8.082662	-0.013482	2.551139
69.585267	1855.092302	8.087667	-0.013493	2.553118
69.614546	1858.166315	8.092672	-0.013499	2.555120
69.661627	1861.125948	8.097677	-0.013508	2.557049
69.786760	1864.151787	8.102682	-0.013532	2.559035
69.868035	1867.195519	8.107686	-0.013548	2.561022
69.880540	1870.208569	8.112691	-0.013551	2.562975
70.162062	1873.220070	8.117696	-0.013603	2.564977
70.198979	1876.168652	8.122701	-0.013610	2.566889
70.118803	1879.255688	8.127706	-0.013597	2.568867
70.212093	1882.261942	8.132710	-0.013615	2.570825
70.319503	1885.264626	8.137715	-0.013635	2.572782
70.489721	1888.274708	8.142720	-0.013667	2.574754
70.348203	1891.306394	8.147725	-0.013642	2.576679
70.452770	1894.313962	8.152730	-0.013662	2.578633
70.644796	1897.329440	8.157734	-0.013698	2.580609
70.597459	1900.353525	8.162739	-0.013690	2.582542
70.725495	1903.362058	8.167744	-0.013714	2.584498
70.855607	1906.461454	8.172749	-0.013739	2.586510
71.105194	1909.408386	8.177754	-0.013785	2.588446
71.064744	1912.439595	8.182758	-0.013779	2.590380
71.275172	1915.369289	8.187763	-0.013818	2.592294
71.224542	1918.421942	8.192768	-0.013809	2.594237
71.425260	1921.395209	8.197773	-0.013847	2.596175
71.474622	1924.383123	8.202778	-0.013857	2.598092
71.810169	1927.367256	8.207782	-0.013918	2.600059
71.686881	1930.408675	8.212787	-0.013897	2.601975
71.688160	1933.471532	8.217792	-0.013898	2.603926
71.841599	1936.445231	8.222797	-0.013927	2.605848
71.905363	1939.430552	8.227802	-0.013939	2.607759
71.659610	1942.566741	8.232806	-0.013896	2.609706
71.582228	1945.555242	8.237811	-0.013883	2.611590
71.629217	1948.566418	8.242816	-0.013892	2.613510
71.776661	1951.574250	8.247821	-0.013920	2.615445
71.889664	1954.521839	8.252826	-0.013941	2.617334
71.982599	1957.551781	8.257830	-0.013959	2.619271
72.070580	1960.542761	8.262835	-0.013976	2.621180
72.050051	1963.587532	8.267840	-0.013973	2.623102
72.085878	1966.626782	8.272845	-0.013981	2.625029
72.120323	1969.565030	8.277850	-0.013988	2.626891
72.157865	1972.603737	8.282854	-0.013996	2.628815
72.262185	1975.618784	8.287859	-0.014016	2.630735
72.402450	1978.569438	8.292864	-0.014042	2.632621
72.586867	1981.592605	8.297869	-0.014076	2.634558
72.637335	1984.581835	8.302874	-0.014086	2.636448
72.670222	1987.616429	8.307878	-0.014093	2.638362
72.856539	1990.618221	8.312883	-0.014128	2.640283
72.891237	1993.635336	8.317888	-0.014135	2.642183
72.992730	1996.663353	8.322893	-0.014154	2.644102
73.181411	1999.631306	8.327898	-0.014190	2.645997
73.179935	2002.654437	8.332902	-0.014190	2.647890
73.358855	2005.701020	8.337907	-0.014224	2.649830
73.209856	2008.741475	8.342912	-0.014198	2.651705
73.272019	2011.757665	8.347917	-0.014210	2.653602
73.732999	2014.663292	8.352922	-0.014294	2.655501
73.576022	2017.722513	8.357926	-0.014267	2.657382
73.750758	2020.754001	8.362931	-0.014299	2.659305
73.761937	2023.774637	8.367936	-0.014302	2.661190
73.900274	2026.760582	8.372941	-0.014328	2.663075
74.104607	2029.765968	8.377946	-0.014366	2.664982
74.296291	2032.691397	8.382950	-0.014402	2.666837
74.396017	2035.758517	8.387955	-0.014421	2.668761
74.673663	2038.718862	8.392960	-0.014472	2.670650
74.642326	2041.759923	8.397965	-0.014467	2.672532
74.577523	2044.844663	8.402970	-0.014456	2.674433
74.825206	2047.751278	8.407974	-0.014502	2.676280
74.867487	2050.798864	8.412979	-0.014511	2.678175
75.055320	2053.834270	8.417984	-0.014546	2.680087
74.874049	2056.879951	8.422989	-0.014514	2.681938
75.037932	2059.901467	8.427994	-0.014545	2.683835
75.241953	2062.837552	8.432998	-0.014582	2.685685
75.367062	2065.828185	8.438003	-0.014606	2.687553
75.547403	2068.866602	8.443008	-0.014640	2.689460
75.633398	2071.831402	8.448013	-0.014656	2.691302
75.735845	2074.896952	8.453018	-0.014676	2.693208
75.884913	2077.895247	8.458022	-0.014704	2.695080
75.879817	2080.912770	8.463027	-0.014704	2.696935
76.098226	2083.916928	8.468032	-0.014744	2.698821
76.502480	2086.838495	8.473037	-0.014818	2.700687
76.637451	2089.880020	8.478042	-0.014843	2.702578
76.792827	2092.911660	8.483046	-0.014873	2.704465
76.703458	2095.903166	8.488051	-0.014857	2.706282
77.078586	2098.896924	8.493056	-0.014926	2.708183
77.082411	2101.941421	8.498061	-0.014928	2.710046
76.960658	2105.003662	8.503066	-0.014907	2.711897
77.175211	2108.029797	8.508070	-0.014947	2.713785
77.193506	2111.012958	8.513075	-0.014951	2.715610
77.205114	2114.067141	8.518080	-0.014954	2.717476
77.337786	2117.077436	8.523085	-0.014979	2.719336
77.454687	2120.044192	8.528090	-0.015001	2.721164
77.844057	2123.015812	8.533094	-0.015072	2.723043
77.870240	2126.044417	8.538099	-0.015078	2.724891
77.843156	2129.079786	8.543104	-0.015074	2.726733
77.881923	2132.139182	8.548109	-0.015082	2.728599
78.070050	2135.081168	8.553114	-0.015117	2.730419
78.066133	2138.143758	8.558119	-0.015117	2.732277
78.061655	2141.195718	8.563123	-0.015117	2.734128
77.994812	2144.185895	8.568128	-0.015106	2.735928
78.234236	2147.189204	8.573133	-0.015151	2.737790
78.320688	2150.200313	8.578138	-0.015167	2.739628
78.530274	2153.157626	8.583143	-0.015206	2.741453
78.347580	2156.270509	8.588147	-0.015174	2.743303
78.473541	2159.215293	8.593152	-0.015198	2.745104
78.541811	2162.204647	8.598157	-0.015211	2.746921
78.741589	2165.222642	8.603162	-0.015248	2.748777
78.677199	2168.207319	8.608167	-0.015238	2.750565
78.841770	2171.227709	8.613171	-0.015268	2.752413
78.846447	2174.270520	8.618176	-0.015270	2.754246
78.906664	2177.249965	8.623181	-0.015282	2.756050
78.868977	2180.317372	8.628186	-0.015276	2.757888
79.047021	2183.275564	8.633191	-0.015309	2.759696
79.093350	2186.298806	8.638195	-0.015319	2.761520
79.260900	2189.314023	8.643200	-0.015350	2.763358
79.237413	2192.293248	8.648205	-0.015347	2.765141
79.334992	2195.320223	8.653210	-0.015365	2.766972
79.402202	2198.352790	8.658215	-0.015378	2.768800
79.570324	2201.300843	8.663219	-0.015410	2.770594
79.515353	2204.386273	8.668224	-0.015401	2.772430
79.567420	2207.390587	8.673229	-0.015411	2.774234
79.604725	2210.389628	8.678234	-0.015419	2.776032
79.869733	2213.375749	8.683239	-0.015468	2.777861
79.731244	2216.437800	8.688243	-0.015444	2.779664
79.938639	2219.417859	8.693248	-0.015482	2.781476
79.974503	2222.436756	8.698253	-0.015490	2.783281
80.108889	2225.402499	8.703258	-0.015515	2.785070
80.178379	2228.408828	8.708263	-0.015528	2.786870
80.266920	2231.441592	8.713267	-0.015545	2.788689
80.388302	2234.422759	8.718272	-0.015568	2.790481
80.446432	2237.434073	8.723277	-0.015580	2.792280
80.572212	2240.474750	8.728282	-0.015603	2.794106
80.719520	2243.429101	8.733287	-0.015631	2.795883
80.655519	2246.489321	8.738291	-0.015620	2.797686
80.995034	2249.460376	8.743296	-0.015683	2.799504
80.926255	2252.490560	8.748301	-0.015671	2.801286
81.209670	2255.496540	8.753306	-0.015724	2.803112
81.206207	2258.499186	8.758311	-0.015724	2.804887
81.207404	2261.520903	8.763315	-0.015725	2.806672
81.412009	2264.549703	8.768320	-0.015763	2.808495
81.392984	2267.525532	8.773325	-0.015761	2.810248
81.401115	2270.611986	8.778330	-0.015763	2.812069
81.557030	2273.602431	8.783335	-0.015792	2.813858
81.682924	2276.531288	8.788339	-0.015816	2.815604
81.702065	2279.638024	8.793344	-0.015820	2.817435
81.678374	2282.649099	8.798349	-0.015817	2.819203
81.888564	2285.595650	8.803354	-0.015856	2.820970
81.851259	2288.684074	8.808359	-0.015850	2.822778
81.993571	2291.613993	8.813363	-0.015877	2.824522
82.102505	2294.618685	8.818368	-0.015898	2.826303
82.253959	2297.636602	8.823373	-0.015926	2.828098
82.319805	2300.599911	8.828378	-0.015939	2.829845
82.573203	2303.620865	8.833383	-0.015986	2.831656
82.538792	2306.668918	8.838387	-0.015980	2.833434
82.748446	2309.609126	8.843392	-0.016019	2.835189
82.677285	2312.696058	8.848397	-0.016007	2.836981
82.838966	2315.723293	8.853402	-0.016038	2.838777
83.099859	2318.664259	8.858407	-0.016086	2.840537
82.978515	2321.745060	8.863411	-0.016065	2.842314
83.086277	2324.729209	8.868416	-0.016085	2.844071
83.257770	2327.712093	8.873421	-0.016117	2.845838
83.334247	2330.726645	8.878426	-0.016132	2.847606
83.282891	2333.789706	8.883431	-0.016124	2.849380
83.320239	2336.810062	8.888435	-0.016131	2.851142
83.386962	2339.815877	8.893440	-0.016144	2.852900
83.634756	2342.758597	8.898445	-0.016190	2.854651
83.709602	2345.769093	8.903450	-0.016205	2.856411
83.641034	2348.854030	8.908455	-0.016193	2.858189
83.782366	2351.815987	8.913459	-0.016220	2.859929
83.855219	2354.844013	8.918464	-0.016234	2.861696
84.114625	2357.846831	8.923469	-0.016282	2.863477
84.208906	2360.757604	8.928474	-0.016300	2.865177
84.279169	2363.813088	8.933479	-0.016314	2.866956
84.353565	2366.846077	8.938483	-0.016328	2.868721
84.547068	2369.778471	8.943488	-0.016364	2.870446
84.522530	2372.881709	8.948493	-0.016360	2.872234
84.717776	2375.850350	8.953498	-0.016397	2.873978
84.756422	2378.852799	8.958503	-0.016405	2.875716
84.868601	2381.929492	8.963507	-0.016426	2.877507
84.899019	2384.892965	8.968512	-0.016432	2.879218
85.109518	2387.915771	8.973517	-0.016471	2.880992
85.030737	2390.992012	8.978522	-0.016458	2.882749
85.183204	2393.910611	8.983527	-0.016487	2.884451
85.391419	2396.926153	8.988531	-0.016525	2.886217
85.433123	2399.980927	8.993536	-0.016534	2.887978
85.261953	2403.016111	8.998541	-0.016504	2.889691
85.442131	2406.027250	9.003546	-0.016537	2.891447
85.456110	2409.033832	9.008551	-0.016541	2.893172
85.605684	2411.976080	9.013555	-0.016569	2.894882
85.736745	2414.994665	9.018560	-0.016594	2.896631
85.899294	2418.025890	9.023565	-0.016624	2.898391
86.051674	2421.013794	9.028570	-0.016652	2.900124
86.190072	2424.028809	9.033575	-0.016678	2.901868
86.289259	2427.051826	9.038579	-0.016697	2.903611
86.474051	2429.996706	9.043584	-0.016732	2.905321
86.452452	2433.064026	9.048589	-0.016729	2.907067
86.562582	2436.064809	9.053594	-0.016750	2.908795
86.689906	2439.037341	9.058599	-0.016774	2.910508
86.710837	2442.098712	9.063603	-0.016778	2.912254
86.810528	2445.084288	9.068608	-0.016797	2.913969
86.815832	2448.113614	9.073613	-0.016799	2.915692
87.010509	2451.102431	9.078618	-0.016836	2.917422
87.102055	2454.100652	9.083623	-0.016853	2.919139
87.159245	2457.117488	9.088627	-0.016864	2.920861
87.325603	2460.170966	9.093632	-0.016895	2.922619
87.439194	2463.074751	9.098637	-0.016917	2.924284
87.569668	2466.121048	9.103642	-0.016941	2.926031
87.465195	2469.201006	9.108647	-0.016924	2.927758
87.732416	2472.103838	9.113651	-0.016973	2.929443
87.692561	2475.216161	9.118656	-0.016967	2.931197
87.859177	2478.209380	9.123661	-0.016998	2.932916
87.991420	2481.141058	9.128666	-0.017023	2.934593
88.007379	2484.213313	9.133671	-0.017026	2.936330
88.280148	2487.198773	9.138675	-0.017077	2.938057
88.288913	2490.214660	9.143680	-0.017079	2.939760
88.506948	2493.241282	9.148685	-0.017120	2.941500
88.602253	2496.224838	9.153690	-0.017138	2.943195
88.766080	2499.180412	9.158695	-0.017168	2.944885
88.847782	2502.219036	9.163699	-0.017184	2.946607
88.922128	2505.231522	9.168704	-0.017199	2.948313
88.976097	2508.238692	9.173709	-0.017209	2.950011
88.893243	2511.321485	9.178714	-0.017195	2.951730
89.024211	2514.295608	9.183719	-0.017220	2.953420
89.088660	2517.316248	9.188723	-0.017233	2.955124
89.097926	2520.357975	9.193728	-0.017235	2.956831
89.274030	2523.349836	9.198733	-0.017268	2.958535
89.435069	2526.321470	9.203738	-0.017298	2.960224
89.445236	2529.368234	9.208743	-0.017301	2.961931
89.556806	2532.349363	9.213747	-0.017322	2.963616
89.738651	2535.304236	9.218752	-0.017356	2.965296
89.809547	2538.362803	9.223757	-0.017370	2.967016
89.852479	2541.362152	9.228762	-0.017378	2.968698
89.798835	2544.410850	9.233767	-0.017370	2.970391
89.973296	2547.424028	9.238771	-0.017402	2.972099
90.035468	2550.409193	9.243776	-0.017415	2.973772
90.057786	2553.419496	9.248781	-0.017420	2.975453
90.139124	2556.486332	9.253786	-0.017435	2.977173
90.198885	2559.430172	9.258791	-0.017447	2.978821
90.393622	2562.464488	9.263795	-0.017483	2.980538
90.303278	2565.491116	9.268800	-0.017468	2.982207
90.376979	2568.439491	9.273805	-0.017482	2.983856
90.572057	2571.437365	9.278810	-0.017518	2.985551
90.741968	2574.453009	9.283815	-0.017550	2.987250
90.914839	2577.406516	9.288819	-0.017582	2.988915
91.005004	2580.442748	9.293824	-0.017600	2.990612
91.013422	2583.507378	9.298829	-0.017602	2.992311
91.066281	2586.493143	9.303834	-0.017613	2.993972
91.096837	2589.492418	9.308839	-0.017619	2.995636
91.323657	2592.550216	9.313843	-0.017661	2.997362
91.189995	2595.507464	9.318848	-0.017638	2.998976
91.283759	2598.583618	9.323853	-0.017656	3.000690
91.373843	2601.620144	9.328858	-0.017673	3.002380
91.410656	2604.517477	9.333863	-0.017681	3.003984
91.597545	2607.564005	9.338867	-0.017715	3.005693
91.691039	2610.583774	9.343872	-0.017733	3.007372
91.778956	2613.522874	9.348877	-0.017750	3.009004
91.919063	2616.634704	9.353882	-0.017776	3.010739
91.802378	2619.624100	9.358887	-0.017756	3.012366
91.964426	2622.603327	9.363891	-0.017787	3.014029
91.996531	2625.637223	9.368896	-0.017793	3.015702
92.036173	2628.658220	9.373901	-0.017802	3.017367
92.230713	2631.624453	9.378906	-0.017838	3.019025
92.255409	2634.657503	9.383911	-0.017843	3.020693
92.237068	2637.683614	9.388915	-0.017841	3.022350
92.383585	2640.625984	9.393920	-0.017868	3.023985
92.443038	2643.624809	9.398925	-0.017880	3.025637
92.527056	2646.675001	9.403930	-0.017896	3.027320
92.501443	2649.668092	9.408935	-0.017892	3.028954
92.603331	2652.717321	9.413939	-0.017912	3.030637
92.696695	2655.723764	9.418944	-0.017930	3.032294
92.817694	2658.659656	9.423949	-0.017953	3.033917
92.816474	2661.727504	9.428954	-0.017953	3.035592
92.815584	2664.782644	9.433959	-0.017954	3.037259
92.917063	2667.725949	9.438963	-0.017973	3.038879
93.050341	2670.781306	9.443968	-0.017999	3.040565
92.992810	2673.772194	9.448973	-0.017989	3.042186
93.209873	2676.714399	9.453978	-0.018029	3.043821
93.413436	2679.719365	9.458983	-0.018067	3.045487
93.419423	2682.787226	9.463987	-0.018069	3.047156
93.345685	2685.802247	9.468992	-0.018057	3.048784
93.325958	2688.850019	9.473997	-0.018054	3.050437
93.389128	2691.863450	9.479002	-0.018067	3.052083
93.564612	2694.770005	9.484007	-0.018099	3.053687
93.544444	2697.834901	9.489011	-0.018097	3.055347
93.710246	2700.866008	9.494016	-0.018128	3.057015
93.596843	2703.852586	9.499021	-0.018108	3.058616
93.794058	2706.868028	9.504026	-0.018145	3.060279
93.984544	2709.871436	9.509031	-0.018180	3.061933
93.940036	2712.808671	9.514035	-0.018173	3.063515
94.084038	2715.817688	9.519040	-0.018200	3.065164
94.154680	2718.897587	9.524045	-0.018214	3.066839
94.115499	2721.843841	9.529050	-0.018208	3.068424
94.231900	2724.882130	9.534055	-0.018230	3.070082
94.344719	2727.906290	9.539059	-0.018251	3.071730
94.374552	2730.864432	9.544064	-0.018257	3.073330
94.352420	2733.917151	9.549069	-0.018254	3.074972
94.424507	2736.967787	9.554074	-0.018268	3.076626
94.420328	2739.929522	9.559079	-0.018269	3.078220
94.647004	2742.948175	9.564083	-0.018311	3.079878
94.725232	2745.942256	9.569088	-0.018326	3.081500
94.734446	2748.921325	9.574093	-0.018328	3.083103
94.823415	2751.919727	9.579098	-0.018345	3.084727
94.946495	2754.991295	9.584103	-0.018369	3.086394
95.021426	2757.936254	9.589107	-0.018383	3.087986
95.087255	2760.978413	9.594112	-0.018396	3.089628
95.243851	2763.984079	9.599117	-0.018425	3.091262
95.415179	2766.973965	9.604122	-0.018457	3.092889
95.460309	2769.975927	9.609127	-0.018466	3.094504
95.528771	2773.043735	9.614131	-0.018480	3.096156
95.516698	2776.003742	9.619136	-0.018478	3.097738
95.606781	2779.042040	9.624141	-0.018496	3.099375
95.544430	2782.094201	9.629146	-0.018485	3.100998
95.828136	2785.011758	9.634151	-0.018538	3.102597
95.803723	2788.007040	9.639155	-0.018534	3.104193
96.065288	2790.997582	9.644160	-0.018583	3.105827
96.173006	2794.017508	9.649165	-0.018603	3.107453
96.318597	2797.035214	9.654170	-0.018630	3.109083
96.251226	2800.086553	9.659175	-0.018619	3.110699
96.354650	2803.083729	9.664179	-0.018639	3.112310
96.418867	2806.052626	9.669184	-0.018651	3.113899
96.691198	2809.078206	9.674189	-0.018702	3.115548
96.619320	2812.127685	9.679194	-0.018689	3.117159
96.771441	2815.090977	9.684199	-0.018718	3.118755
96.871028	2818.153588	9.689203	-0.018737	3.120396
96.939628	2821.159147	9.694208	-0.018750	3.122002
96.842394	2824.143460	9.699213	-0.018734	3.123571
96.795030	2827.238867	9.704218	-0.018726	3.125206
97.010573	2830.169266	9.709223	-0.018766	3.126790
97.126061	2833.142433	9.714227	-0.018788	3.128381
97.217995	2836.178388	9.719232	-0.018806	3.130002
97.213818	2839.221264	9.724237	-0.018806	3.131612
97.274129	2842.171500	9.729242	-0.018818	3.133181
97.413867	2845.208733	9.734247	-0.018844	3.134806
97.530530	2848.207112	9.739251	-0.018866	3.136407
97.476126	2851.236677	9.744256	-0.018857	3.138000
97.661426	2854.219646	9.749261	-0.018892	3.139601
97.671666	2857.312413	9.754266	-0.018894	3.141234
97.962081	2860.141655	9.759271	-0.018948	3.142767
98.159738	2863.192380	9.764275	-0.018985	3.144403
98.187393	2866.219410	9.769280	-0.018990	3.146001
98.331632	2869.211831	9.774285	-0.019018	3.147597
98.356322	2872.229111	9.779290	-0.019023	3.149189
98.381294	2875.306649	9.784295	-0.019028	3.150811
98.341247	2878.285623	9.789299	-0.019022	3.152371
98.609014	2881.259927	9.794304	-0.019072	3.153972
98.608365	2884.319332	9.799309	-0.019072	3.155578
98.792048	2887.296803	9.804314	-0.019107	3.157167
98.771469	2890.318237	9.809319	-0.019104	3.158749
98.798080	2893.383308	9.814323	-0.019110	3.160360
98.741476	2896.355481	9.819328	-0.019100	3.161910
98.872613	2899.314455	9.824333	-0.019125	3.163479
99.005766	2902.319740	9.829338	-0.019150	3.165071
99.205084	2905.339864	9.834343	-0.019187	3.166679
99.208310	2908.309679	9.839347	-0.019189	3.168233
99.416540	2911.379537	9.844352	-0.019227	3.169867
99.318427	2914.423180	9.849357	-0.019211	3.171444
99.456142	2917.342886	9.854362	-0.019236	3.172988
99.552728	2920.386987	9.859367	-0.019255	3.174590
99.544783	2923.463053	9.864371	-0.019254	3.176194
99.718270	2926.368681	9.869376	-0.019287	3.177734
99.929087	2929.416812	9.874381	-0.019326	3.179352
99.815471	2932.453244	9.879386	-0.019306	3.180918
99.976255	2935.365532	9.884391	-0.019336	3.182457
99.988798	2938.383150	9.889395	-0.019340	3.184029
100.068074	2941.443875	9.894400	-0.019355	3.185632
100.210195	2944.434092	9.899405	-0.019381	3.187206
100.246587	2947.449873	9.904410	-0.019389	3.188779
100.220093	2950.508610	9.909415	-0.019385	3.190364
100.407542	2953.456977	9.914419	-0.019420	3.191920
100.387806	2956.437461	9.919424	-0.019418	3.193464
100.551529	2959.526428	9.924429	-0.019448	3.195089
100.530459	2962.502397	9.929434	-0.019445	3.196629
100.750331	2965.467998	9.934439	-0.019486	3.198196
100.794167	2968.553831	9.939443	-0.019495	3.199800
100.959406	2971.518948	9.944448	-0.019526	3.201357
100.746612	2974.541590	9.949453	-0.019488	3.202892
100.734229	2977.583527	9.954458	-0.019487	3.204463
100.894401	2980.588870	9.959463	-0.019517	3.206038
100.872091	2983.591095	9.964467	-0.019514	3.207586
100.810042	2986.602917	9.969472	-0.019504	3.209133
101.009999	2989.501090	9.974477	-0.019541	3.210656
101.028396	2991.645445	9.979482	-0.019545	3.211765

101.107355	2993.212990	9.984487	-0.019560	3.212585
101.024269	2994.314574	9.989491	-0.019546	3.213142
101.113006	2995.128938	9.994496	-0.019563	3.213574
101.161232	2995.678504	9.999501	-0.019572	3.213864
101.258980	2996.161638	10.004506	-0.019591	3.214127
101.223098	2996.281002	10.009511	-0.019585	3.214184
101.384463	2996.491556	10.014515	-0.019615	3.214315
101.360806	2996.816139	10.019520	-0.019611	3.214480
101.485725	2996.810968	10.024525	-0.019635	3.214495
101.556013	2996.772442	10.029530	-0.019648	3.214485
101.490554	2996.791203	10.034535	-0.019637	3.214486
101.603793	2996.769744	10.039539	-0.019658	3.214491
101.634870	2996.767697	10.044544	-0.019664	3.214495
101.815909	2996.701554	10.049549	-0.019698	3.214486
101.707577	2996.768071	10.054554	-0.019679	3.214506
101.735416	2996.991114	10.059559	-0.019685	3.214626
101.900769	2996.987927	10.064563	-0.019715	3.214647
101.827041	2997.027067	10.069568	-0.019703	3.214658
102.051190	2996.982801	10.074573	-0.019744	3.214666
102.012256	2996.964210	10.079578	-0.019738	3.214652
102.048946	2996.995217	10.084583	-0.019745	3.214673
102.136336	2997.009114	10.089587	-0.019761	3.214693
102.094724	2997.001538	10.094592	-0.019755	3.214684
102.024401	2996.975531	10.099597	-0.019743	3.214662
102.103025	2997.032970	10.104602	-0.019758	3.214703
102.079066	2996.997065	10.109607	-0.019754	3.214681
102.162239	2997.023599	10.114611	-0.019770	3.214707
102.102086	2996.982162	10.119616	-0.019760	3.214678
102.161375	2996.972012	10.124621	-0.019771	3.214681
102.333843	2996.991785	10.129626	-0.019803	3.214716
102.232018	2997.025665	10.134631	-0.019785	3.214720
102.136460	2996.963333	10.139635	-0.019769	3.214675
102.248507	2997.008254	10.144640	-0.019790	3.214714
102.372498	2996.995456	10.149645	-0.019813	3.214725
102.267457	2997.008371	10.154650	-0.019795	3.214718
102.400778	2996.989457	10.159655	-0.019819	3.214727
102.338694	2997.006109	10.164659	-0.019809	3.214727
102.205435	2997.013796	10.169664	-0.019786	3.214714
102.407100	2996.995507	10.174669	-0.019823	3.214732
102.420390	2997.020007	10.179674	-0.019826	3.214747
102.563771	2996.960844	10.184679	-0.019852	3.214737
102.473220	2997.013546	10.189683	-0.019837	3.214752
102.543359	2997.003544	10.194688	-0.019850	3.214757
102.446300	2997.006459	10.199693	-0.019833	3.214746
102.493437	2996.977115	10.204698	-0.019843	3.214738
102.610927	2997.040592	10.209703	-0.019865	3.214787
102.674874	2996.997083	10.214707	-0.019877	3.214774
102.554908	2996.978206	10.219712	-0.019856	3.214749
102.688841	2997.004586	10.224717	-0.019881	3.214781
102.562416	2997.001365	10.229722	-0.019859	3.214763
102.814136	2996.991595	10.234727	-0.019905	3.214793
102.609494	2997.027949	10.239731	-0.019869	3.214784
102.703660	2997.012774	10.244736	-0.019886	3.214790
102.718916	2996.989478	10.249741	-0.019890	3.214780
102.791036	2996.986223	10.254746	-0.019904	3.214789
102.722906	2996.975389	10.259751	-0.019892	3.214775
102.799876	2996.990846	10.264755	-0.019907	3.214794
102.737535	2996.979685	10.269760	-0.019896	3.214780
102.726537	2997.021550	10.274765	-0.019895	3.214801
102.678375	2996.966620	10.279770	-0.019887	3.214766
102.713161	2996.999954	10.284775	-0.019894	3.214789
102.764371	2996.976800	10.289779	-0.019904	3.214784
102.807418	2996.977029	10.294784	-0.019912	3.214791
102.676656	2997.012537	10.299789	-0.019889	3.214792
102.989716	2996.947071	10.304794	-0.019947	3.214801
102.726264	2996.969961	10.309799	-0.019900	3.214778
102.783399	2996.974324	10.314803	-0.019911	3.214788
102.793012	2996.927072	10.319808	-0.019913	3.214766
102.779080	2996.980020	10.324813	-0.019912	3.214792
102.827635	2996.947874	10.329818	-0.019921	3.214782
102.789636	2996.950246	10.334823	-0.019915	3.214779
102.827598	2996.943946	10.339827	-0.019922	3.214781
102.889378	2996.945864	10.344832	-0.019934	3.214791
102.985204	2996.901156	10.349837	-0.019952	3.214782
103.052158	2996.919881	10.354842	-0.019965	3.214801
103.048290	2996.868332	10.359847	-0.019965	3.214775
103.119436	2996.898065	10.364851	-0.019979	3.214801
103.031930	2996.876621	10.369856	-0.019964	3.214778
103.011520	2996.899168	10.374861	-0.019961	3.214787
103.061139	2996.873407	10.379866	-0.019970	3.214781
103.120845	2996.866178	10.384871	-0.019982	3.214786
103.056925	2996.885135	10.389875	-0.019971	3.214788
103.151871	2996.874603	10.394880	-0.019989	3.214796
103.159470	2996.832127	10.399885	-0.019991	3.214776
103.133042	2996.881730	10.404890	-0.019987	3.214798
103.204066	2996.940589	10.409895	-0.020001	3.214839
103.229778	2996.981792	10.414899	-0.020006	3.214864
103.172196	2996.955425	10.419904	-0.019996	3.214843
103.330436	2997.009292	10.424909	-0.020026	3.214893
103.159270	2997.008866	10.429914	-0.019995	3.214870
103.332152	2996.953379	10.434919	-0.020027	3.214866
103.174321	2996.977897	10.439923	-0.020000	3.214857
103.358796	2997.036310	10.444928	-0.020034	3.214913
103.207616	2996.981476	10.449933	-0.020007	3.214865
103.202000	2997.000698	10.454938	-0.020007	3.214875
103.288294	2996.963979	10.459943	-0.020023	3.214868
103.167534	2996.968947	10.464947	-0.020002	3.214855
103.227164	2996.977498	10.469952	-0.020013	3.214868
103.327777	2997.028497	10.474957	-0.020032	3.214908
103.166806	2996.987176	10.479962	-0.020004	3.214865
103.443003	2996.959997	10.484967	-0.020055	3.214890
103.208824	2996.953889	10.489971	-0.020013	3.214855
103.217480	2996.988714	10.494976	-0.020015	3.214875
103.237824	2996.965883	10.499981	-0.020020	3.214866
103.186900	2996.985630	10.504986	-0.020011	3.214870
103.262305	2997.028780	10.509991	-0.020026	3.214903
103.357358	2996.962457	10.514995	-0.020043	3.214883
103.216383	2996.990375	10.520000	-0.020019	3.214878
103.331783	2996.965316	10.525005	-0.020040	3.214882
103.333415	2997.011707	10.530010	-0.020041	3.214906
103.478589	2997.013892	10.535015	-0.020068	3.214928
103.206595	2996.976615	10.540019	-0.020020	3.214872
103.308044	2997.026786	10.545024	-0.020039	3.214912
103.381950	2996.958203	10.550029	-0.020053	3.214888
103.462856	2997.013228	10.555034	-0.020068	3.214928
103.372044	2997.018117	10.560039	-0.020053	3.214918
103.357386	2996.977917	10.565043	-0.020051	3.214896
103.297120	2996.975901	10.570048	-0.020040	3.214887
103.337478	2997.013213	10.575053	-0.020048	3.214913
103.327507	2996.966313	10.580058	-0.020047	3.214888
103.441796	2996.977311	10.585063	-0.020069	3.214909
103.278266	2997.010616	10.590067	-0.020040	3.214905
103.463466	2996.965191	10.595072	-0.020074	3.214907
103.333536	2997.008963	10.600077	-0.020051	3.214913
103.520435	2996.993999	10.605082	-0.020086	3.214931
103.419807	2996.979069	10.610087	-0.020068	3.214910
103.498792	2996.987933	10.615091	-0.020083	3.214926
103.410850	2996.973269	10.620096	-0.020068	3.214907
103.392596	2997.003730	10.625101	-0.020066	3.214921
103.483243	2996.979794	10.630106	-0.020083	3.214921
103.492882	2996.991326	10.635111	-0.020085	3.214929
103.456350	2997.029069	10.640115	-0.020079	3.214944
103.609341	2996.968564	10.645120	-0.020108	3.214934
103.519833	2996.984016	10.650125	-0.020092	3.214931
103.669676	2997.015875	10.655130	-0.020120	3.214968
103.516804	2997.001492	10.660135	-0.020093	3.214940
103.615614	2996.981449	10.665139	-0.020112	3.214944
103.729286	2996.985945	10.670144	-0.020133	3.214963
103.692833	2997.000634	10.675149	-0.020127	3.214966
103.681774	2997.027365	10.680154	-0.020126	3.214978
103.647980	2996.984976	10.685159	-0.020120	3.214953
103.444514	2996.989493	10.690163	-0.020084	3.214928
103.654581	2996.986558	10.695168	-0.020123	3.214955
103.638936	2996.978745	10.700173	-0.020121	3.214950
103.691603	2997.014606	10.705178	-0.020131	3.214976
103.628060	2996.977698	10.710183	-0.020120	3.214949
103.625665	2997.008188	10.715187	-0.020121	3.214965
103.773065	2996.983113	10.720192	-0.020148	3.214973
103.751718	2996.989544	10.725197	-0.020145	3.214973
103.844551	2996.994123	10.730202	-0.020162	3.214989
104.020984	2997.020737	10.735207	-0.020195	3.215028
103.790516	2996.960902	10.740211	-0.020154	3.214966
103.992836	2997.041858	10.745216	-0.020191	3.215036
103.783723	2996.944828	10.750221	-0.020154	3.214958
103.772508	2996.989179	10.755226	-0.020153	3.214979
103.848680	2997.035767	10.760231	-0.020168	3.215014
103.764726	2996.980036	10.765235	-0.020153	3.214975
103.878708	2997.014758	10.770240	-0.020174	3.215009
103.929646	2996.996526	10.775245	-0.020184	3.215007
103.716039	2996.983733	10.780250	-0.020146	3.214972
103.918144	2996.976854	10.785255	-0.020184	3.214996
103.672489	2997.010159	10.790259	-0.020140	3.214980
103.923492	2997.001803	10.795264	-0.020186	3.215011
103.796303	2996.959985	10.800269	-0.020164	3.214973
104.019946	2997.016484	10.805274	-0.020205	3.215033
103.979114	2997.014758	10.810279	-0.020198	3.215027
103.912917	2996.996132	10.815283	-0.020187	3.215009
103.995391	2996.988310	10.820288	-0.020203	3.215017
104.037078	2997.011331	10.825293	-0.020211	3.215035
103.822773	2996.990842	10.830298	-0.020173	3.214995
103.838072	2997.018450	10.835303	-0.020176	3.215012
103.668228	2996.961902	10.840307	-0.020146	3.214960
104.117119	2997.003402	10.845312	-0.020228	3.215044
103.879420	2996.991554	10.850317	-0.020186	3.215006
103.892440	2997.045226	10.855322	-0.020189	3.215036
103.822638	2996.945727	10.860327	-0.020177	3.214975
103.885579	2997.003105	10.865331	-0.020189	3.215014
103.831757	2997.043625	10.870336	-0.020180	3.215028
103.993970	2996.945513	10.875341	-0.020210	3.215000
103.923425	2997.017147	10.880346	-0.020198	3.215028
103.993236	2996.989051	10.885351	-0.020212	3.215024
103.922248	2996.997762	10.890355	-0.020200	3.215019
103.904201	2997.019077	10.895360	-0.020197	3.215028
103.820473	2996.999654	10.900365	-0.020183	3.215007
103.965480	2996.983095	10.905370	-0.020210	3.215019
103.988856	2996.997646	10.910375	-0.020214	3.215030
103.823582	2996.981101	10.915379	-0.020185	3.215000
104.077335	2997.008386	10.920384	-0.020232	3.215049
104.034803	2997.007111	10.925389	-0.020225	3.215043
104.065636	2997.006344	10.930394	-0.020231	3.215047
103.976671	2996.987706	10.935399	-0.020216	3.215026
104.050792	2997.005745	10.940403	-0.020230	3.215046
104.021298	2996.974334	10.945408	-0.020225	3.215027
103.850348	2997.029612	10.950413	-0.020195	3.215032
104.185585	2996.959474	10.955418	-0.020256	3.215042
104.177080	2997.036446	10.960423	-0.020256	3.215082
104.076663	2996.946898	10.965427	-0.020238	3.215022
103.971257	2996.990214	10.970432	-0.020220	3.215031
104.106723	2997.056813	10.975437	-0.020245	3.215084
104.003683	2996.977054	10.980442	-0.020227	3.215029
104.020592	2996.998173	10.985447	-0.020231	3.215043
104.011067	2996.977822	10.990451	-0.020230	3.215032
103.968390	2996.997802	10.995456	-0.020223	3.215037
104.054841	2996.969526	11.000461	-0.020239	3.215035
104.095582	2996.967340	11.005466	-0.020247	3.215040
104.036988	2996.997611	11.010471	-0.020238	3.215048
104.064548	2997.040146	11.015475	-0.020243	3.215074
104.100957	2996.951215	11.020480	-0.020251	3.215034
104.258209	2997.011420	11.025485	-0.020280	3.215087
104.112795	2997.036270	11.030490	-0.020254	3.215080
104.181611	2996.942365	11.035495	-0.020267	3.215042
104.185812	2997.036571	11.040499	-0.020269	3.215092
104.070882	2996.985430	11.045504	-0.020249	3.215050
104.199571	2996.970785	11.050509	-0.020273	3.215061
104.247618	2997.014545	11.055514	-0.020282	3.215090
104.082397	2996.999802	11.060519	-0.020253	3.215061
104.227674	2996.981961	11.065523	-0.020280	3.215072
104.267713	2997.009058	11.070528	-0.020288	3.215092
104.214383	2996.980343	11.075533	-0.020279	3.215070
104.317286	2997.010133	11.080538	-0.020298	3.215100
104.141065	2996.995281	11.085543	-0.020267	3.215069
104.215952	2996.991295	11.090547	-0.020281	3.215078
104.316397	2996.970213	11.095552	-0.020300	3.215081
104.207671	2997.011987	11.100557	-0.020281	3.215088
104.326937	2997.002877	11.105562	-0.020304	3.215101
104.164333	2996.960766	11.110567	-0.020275	3.215057
104.215287	2996.994055	11.115571	-0.020285	3.215082
104.249023	2996.964027	11.120576	-0.020292	3.215072
104.160731	2997.005826	11.125581	-0.020276	3.215082
104.184051	2996.997358	11.130586	-0.020281	3.215081
104.134339	2997.022844	11.135591	-0.020273	3.215088
104.181516	2996.996519	11.140595	-0.020282	3.215081
104.286565	2996.969363	11.145600	-0.020302	3.215082
104.057169	2996.980766	11.150605	-0.020261	3.215057
104.246387	2997.000349	11.155610	-0.020296	3.215094
104.340810	2997.011177	11.160615	-0.020314	3.215113
104.223758	2996.994545	11.165619	-0.020294	3.215089
104.308960	2996.954478	11.170624	-0.020310	3.215080
104.305651	2997.032496	11.175629	-0.020310	3.215121
104.245483	2996.936492	11.180634	-0.020300	3.215063
104.308759	2996.998635	11.185639	-0.020312	3.215105
104.313617	2996.960520	11.190643	-0.020313	3.215086
104.385758	2997.027582	11.195648	-0.020327	3.215131
104.227601	2997.028540	11.200653	-0.020299	3.215111
104.433847	2996.999349	11.205658	-0.020337	3.215124
104.223486	2996.971139	11.210663	-0.020300	3.215082
104.514714	2996.980591	11.215667	-0.020353	3.215127
104.339370	2996.993996	11.220672	-0.020322	3.215110
104.386504	2997.001629	11.225677	-0.020332	3.215121
104.322885	2996.981709	11.230682	-0.020321	3.215103
104.478705	2996.960461	11.235687	-0.020350	3.215114
104.400588	2996.976522	11.240691	-0.020336	3.215112
104.418238	2996.970166	11.245696	-0.020340	3.215111
104.435726	2996.966278	11.250701	-0.020344	3.215112
104.486128	2996.966981	11.255706	-0.020354	3.215120
104.277451	2996.974694	11.260711	-0.020317	3.215096
104.444045	2996.973619	11.265715	-0.020348	3.215119
104.476222	2996.928850	11.270720	-0.020354	3.215101
104.536229	2996.942156	11.275725	-0.020366	3.215116
104.482603	2996.938978	11.280730	-0.020357	3.215108
104.437262	2996.968759	11.285735	-0.020350	3.215118
104.371987	2996.971102	11.290739	-0.020338	3.215111
104.449619	2996.957294	11.295744	-0.020353	3.215115
104.382529	2996.943146	11.300749	-0.020342	3.215099
104.478588	2996.948690	11.305754	-0.020360	3.215115
104.472886	2996.891557	11.310759	-0.020360	3.215086
104.397168	2996.973056	11.315763	-0.020347	3.215118
104.429034	2996.928369	11.320768	-0.020353	3.215100
104.653182	2996.916851	11.325773	-0.020394	3.215125
104.534077	2996.931679	11.330778	-0.020374	3.215117
104.659858	2996.901440	11.335783	-0.020397	3.215119
104.457316	2996.949350	11.340787	-0.020361	3.215116
104.720725	2996.878904	11.345792	-0.020409	3.215117
104.672992	2996.859006	11.350797	-0.020401	3.215101
104.579573	2996.925203	11.355802	-0.020385	3.215122
104.553617	2996.861935	11.360807	-0.020381	3.215087
104.631575	2996.899567	11.365811	-0.020396	3.215117
104.575681	2996.871533	11.370816	-0.020387	3.215096
104.570923	2996.874768	11.375821	-0.020387	3.215097
104.474353	2996.925436	11.380826	-0.020370	3.215111
104.421366	2996.942699	11.385831	-0.020361	3.215113
104.450673	2996.916273	11.390835	-0.020367	3.215104
104.658709	2997.010878	11.395840	-0.020405	3.215182
104.526902	2996.945425	11.400845	-0.020382	3.215131
104.727736	2997.000723	11.405850	-0.020419	3.215187
104.629165	2996.974328	11.410855	-0.020402	3.215161
104.612314	2997.006238	11.415859	-0.020400	3.215175
104.704535	2996.994011	11.420864	-0.020417	3.215182
104.650475	2996.967912	11.425869	-0.020408	3.215162
104.693023	2996.997375	11.430874	-0.020417	3.215183
104.841511	2997.010814	11.435879	-0.020444	3.215211
104.812548	2996.970165	11.440883	-0.020440	3.215187
104.771899	2996.979906	11.445888	-0.020433	3.215187
104.684831	2996.974703	11.450893	-0.020418	3.215173
104.854739	2996.986693	11.455898	-0.020449	3.215203
104.804758	2997.009220	11.460903	-0.020441	3.215208
104.837170	2996.982574	11.465907	-0.020448	3.215199
104.820821	2996.979796	11.470912	-0.020446	3.215196
104.750216	2996.979311	11.475917	-0.020433	3.215187
104.730309	2996.966567	11.480922	-0.020431	3.215178
104.823942	2996.993369	11.485927	-0.020448	3.215205
104.821780	2996.957723	11.490931	-0.020449	3.215187
104.910443	2996.990696	11.495936	-0.020465	3.215217
104.754772	2996.986746	11.500941	-0.020438	3.215194
104.798492	2996.963158	11.505946	-0.020447	3.215188
104.716261	2997.030627	11.510951	-0.020432	3.215212
104.759976	2996.960361	11.515955	-0.020441	3.215183
104.671875	2996.970587	11.520960	-0.020426	3.215176
104.835076	2996.979510	11.525965	-0.020456	3.215204
104.897488	2996.984903	11.530970	-0.020468	3.215216
104.861838	2997.015140	11.535975	-0.020462	3.215227
104.835626	2997.007102	11.540979	-0.020458	3.215220
104.787920	2996.958703	11.545984	-0.020450	3.215189
104.808514	2997.033405	11.550989	-0.020455	3.215231
104.734452	2996.951999	11.555994	-0.020442	3.215179
104.774876	2996.963234	11.560999	-0.020450	3.215191
104.787822	2997.029056	11.566003	-0.020453	3.215227
104.903361	2996.967592	11.571008	-0.020475	3.215212
104.979183	2996.983365	11.576013	-0.020489	3.215231
104.838762	2997.011130	11.581018	-0.020465	3.215227
104.916369	2996.962775	11.586023	-0.020479	3.215213
104.703467	2997.000707	11.591027	-0.020442	3.215204
104.891177	2996.954013	11.596032	-0.020476	3.215206
104.915068	2996.995104	11.601037	-0.020481	3.215231
104.985405	2996.995361	11.606042	-0.020495	3.215241
104.967235	2996.991248	11.611047	-0.020492	3.215237
105.016505	2997.018321	11.616051	-0.020502	3.215259
104.907409	2996.986839	11.621056	-0.020483	3.215228
104.984054	2997.004213	11.626061	-0.020497	3.215248
104.931801	2996.981270	11.631066	-0.020489	3.215230
104.994083	2997.006097	11.636071	-0.020501	3.215251
105.201172	2996.991843	11.641075	-0.020539	3.215273
105.009275	2996.990242	11.646080	-0.020505	3.215246
104.943797	2996.993244	11.651085	-0.020494	3.215239
105.116636	2997.000820	11.656090	-0.020526	3.215268
105.001382	2997.006135	11.661095	-0.020506	3.215255
105.013402	2996.975208	11.666099	-0.020508	3.215241
104.933184	2996.953633	11.671104	-0.020495	3.215220
105.140325	2997.029087	11.676109	-0.020533	3.215288
104.944719	2996.967243	11.681114	-0.020498	3.215230
104.949416	2996.981303	11.686119	-0.020500	3.215238
105.041901	2997.038724	11.691123	-0.020517	3.215281
105.032912	2996.998829	11.696128	-0.020516	3.215259
104.904923	2996.991159	11.701133	-0.020494	3.215239
104.968830	2996.947051	11.706138	-0.020506	3.215225
104.970105	2997.035375	11.711143	-0.020507	3.215271
105.123878	2996.977089	11.716147	-0.020536	3.215263
105.131229	2997.001963	11.721152	-0.020538	3.215277
104.968173	2997.002399	11.726157	-0.020509	3.215256
105.063292	2996.996677	11.731162	-0.020527	3.215266
105.069376	2996.961871	11.736167	-0.020529	3.215250
105.019333	2997.032913	11.741171	-0.020520	3.215280
105.009227	2997.013320	11.746176	-0.020519	3.215269
104.791329	2996.941638	11.751181	-0.020481	3.215203
104.990396	2997.024692	11.756186	-0.020517	3.215274
104.848489	2996.967979	11.761191	-0.020492	3.215225
104.944596	2996.985032	11.766195	-0.020510	3.215248
105.025658	2997.024269	11.771200	-0.020526	3.215280
105.079010	2996.953866	11.776205	-0.020536	3.215251
105.066789	2997.011222	11.781210	-0.020535	3.215280
105.182666	2997.034541	11.786215	-0.020556	3.215308
104.985802	2996.976666	11.791219	-0.020521	3.215252
105.124651	2996.996913	11.796224	-0.020547	3.215282
105.134864	2996.963434	11.801229	-0.020550	3.215267
105.279733	2996.982081	11.806234	-0.020577	3.215297
105.242672	2997.027244	11.811239	-0.020571	3.215315
105.175181	2996.975611	11.816243	-0.020559	3.215280
105.186312	2996.999481	11.821248	-0.020562	3.215294
105.323494	2997.004409	11.826253	-0.020588	3.215316
105.262890	2997.033397	11.831258	-0.020577	3.215323
105.226385	2996.986262	11.836263	-0.020571	3.215295
105.210912	2997.042663	11.841267	-0.020569	3.215322
105.258529	2996.970146	11.846272	-0.020579	3.215292
105.278462	2997.017746	11.851277	-0.020583	3.215320
105.228604	2996.980828	11.856282	-0.020575	3.215294
105.171221	2997.018659	11.861287	-0.020565	3.215307
105.222508	2996.975479	11.866291	-0.020575	3.215292
105.273133	2997.020381	11.871296	-0.020585	3.215323
105.293869	2996.938636	11.876301	-0.020589	3.215284
105.227994	2997.037530	11.881306	-0.020578	3.215326
105.496876	2997.011104	11.886311	-0.020627	3.215350
105.282049	2996.953149	11.891315	-0.020589	3.215291
105.268826	2997.046540	11.896320	-0.020588	3.215338
105.360098	2996.957573	11.901325	-0.020605	3.215305
105.440809	2997.023582	11.906330	-0.020620	3.215351
105.284090	2996.981106	11.911335	-0.020593	3.215308
105.279559	2997.046726	11.916339	-0.020593	3.215342
105.294201	2997.009038	11.921344	-0.020596	3.215325
105.369471	2996.967367	11.926349	-0.020610	3.215314
105.325817	2996.995487	11.931354	-0.020603	3.215323
105.247788	2997.053961	11.936359	-0.020590	3.215343
105.382313	2996.971689	11.941363	-0.020615	3.215320
105.251930	2997.033160	11.946368	-0.020592	3.215334
105.143588	2996.949338	11.951373	-0.020573	3.215277
105.377186	2997.015948	11.956378	-0.020616	3.215344
105.366264	2997.010516	11.961383	-0.020615	3.215340
105.377764	2996.966387	11.966387	-0.020617	3.215319
105.258277	2997.047396	11.971392	-0.020597	3.215345
105.343458	2996.966715	11.976397	-0.020613	3.215316
105.093275	2996.701126	11.981402	-0.020568	3.215146

105.060507	2996.060153	11.986407	-0.020563	3.214811
105.210739	2994.590620	11.991411	-0.020591	3.214076
105.260327	2992.641052	11.996416	-0.020600	3.213078
105.273177	2990.436580	12.001421	-0.020603	3.211945
105.233681	2988.049445	12.006426	-0.020596	3.210709
105.235876	2985.347763	12.011431	-0.020597	3.209316
105.339376	2982.614244	12.016435	-0.020617	3.207920
105.140324	2979.859641	12.021440	-0.020581	3.206471
105.143577	2977.033736	12.026445	-0.020582	3.205013
105.172287	2974.058575	12.031450	-0.020588	3.203480
105.390317	2971.098382	12.036455	-0.020628	3.201980
105.174900	2968.275552	12.041459	-0.020589	3.200491
105.283263	2965.221808	12.046464	-0.020609	3.198926
105.156619	2962.241240	12.051469	-0.020587	3.197366
105.305022	2959.279175	12.056474	-0.020614	3.195853
105.250832	2956.259903	12.061479	-0.020605	3.194281
105.246786	2953.285332	12.066483	-0.020604	3.192739
105.123393	2950.336246	12.071488	-0.020583	3.191193
105.124948	2947.333598	12.076493	-0.020583	3.189635
105.076295	2944.306156	12.081498	-0.020575	3.188057
104.941433	2941.379573	12.086503	-0.020551	3.186518
104.940407	2938.355002	12.091507	-0.020551	3.184947
104.979280	2935.294241	12.096512	-0.020559	3.183361
104.950722	2932.353821	12.101517	-0.020554	3.181828
104.989716	2929.378756	12.106522	-0.020562	3.180285
105.049146	2926.286974	12.111527	-0.020573	3.178684
105.135758	2923.334419	12.116531	-0.020589	3.177158
104.981692	2920.320193	12.121536	-0.020562	3.175566
105.024887	2917.309123	12.126541	-0.020570	3.174002
105.052782	2914.288071	12.131546	-0.020575	3.172430
104.857194	2911.401970	12.136551	-0.020541	3.170897
104.887694	2908.324016	12.141555	-0.020547	3.169294
104.986640	2905.291361	12.146560	-0.020565	3.167724
104.854832	2902.385987	12.151565	-0.020542	3.166187
104.983918	2899.318337	12.156570	-0.020565	3.164601
104.846692	2896.310586	12.161575	-0.020541	3.163008
104.973050	2893.359949	12.166579	-0.020564	3.161481
104.768881	2890.384532	12.171584	-0.020528	3.159894
104.885938	2887.323722	12.176589	-0.020549	3.158307
104.797314	2884.342935	12.181594	-0.020534	3.156732
104.721588	2881.368520	12.186599	-0.020521	3.155161
104.684135	2878.317525	12.191603	-0.020514	3.153555
104.751906	2875.337237	12.196608	-0.020527	3.152000
104.658837	2872.364280	12.201613	-0.020511	3.150425
104.633470	2869.327700	12.206618	-0.020507	3.148826
104.681083	2866.334719	12.211623	-0.020516	3.147259
104.797512	2863.348393	12.216627	-0.020537	3.145704
104.879824	2860.270144	12.221632	-0.020553	3.144096
104.827226	2857.337664	12.226637	-0.020543	3.142544
104.574106	2854.415729	12.231642	-0.020498	3.140969
104.637274	2851.381575	12.236647	-0.020510	3.139379
104.673972	2848.325318	12.241651	-0.020517	3.137772
104.683663	2845.325802	12.246656	-0.020519	3.136191
104.688121	2842.292564	12.251661	-0.020521	3.134590
104.661071	2839.275293	12.256666	-0.020516	3.132993
104.591474	2836.354906	12.261671	-0.020504	3.131439
104.599812	2833.364166	12.266675	-0.020506	3.129859
104.489778	2830.307855	12.271680	-0.020487	3.128227
104.553825	2827.382344	12.276685	-0.020499	3.126688
104.442861	2824.351823	12.281690	-0.020479	3.125067
104.501215	2821.307108	12.286695	-0.020490	3.123462
104.498970	2818.376881	12.291699	-0.020490	3.121909
104.493204	2815.357285	12.296704	-0.020490	3.120307
104.479669	2812.329585	12.301709	-0.020488	3.118698
104.457119	2809.355850	12.306714	-0.020484	3.117116
104.345991	2806.358301	12.311719	-0.020464	3.115508
104.492846	2803.329353	12.316723	-0.020491	3.113920
104.382436	2800.355268	12.321728	-0.020472	3.112322
104.328783	2797.395491	12.326733	-0.020463	3.110740
104.317397	2794.333139	12.331738	-0.020461	3.109109
104.342909	2791.356708	12.336743	-0.020466	3.107527
104.315082	2788.383388	12.341747	-0.020462	3.105939
104.213644	2785.356092	12.346752	-0.020444	3.104311
104.123679	2782.385211	12.351757	-0.020428	3.102713
104.165822	2779.429667	12.356762	-0.020436	3.101142
104.047493	2776.388928	12.361767	-0.020415	3.099502
104.137930	2773.369553	12.366771	-0.020432	3.097902
104.015673	2770.416014	12.371776	-0.020410	3.096306
104.103834	2767.356571	12.376781	-0.020427	3.094682
104.066244	2764.337613	12.381786	-0.020420	3.093062
104.221364	2761.328955	12.386791	-0.020449	3.091474
104.191369	2758.343688	12.391795	-0.020444	3.089871
104.168329	2755.323728	12.396800	-0.020440	3.088249
104.040839	2752.419390	12.401805	-0.020418	3.086674
104.216575	2749.337890	12.406810	-0.020450	3.085046
104.112041	2746.322800	12.411815	-0.020431	3.083413
104.205769	2743.390616	12.416819	-0.020449	3.081852
104.254041	2740.347431	12.421824	-0.020458	3.080224
104.078146	2737.373441	12.426829	-0.020427	3.078600
104.007832	2734.400078	12.431834	-0.020414	3.076991
104.022607	2731.355174	12.436839	-0.020418	3.075354
104.063065	2728.310078	12.441843	-0.020425	3.073721
104.121550	2725.387352	12.446848	-0.020436	3.072155
103.983063	2722.393762	12.451853	-0.020412	3.070522
104.091413	2719.307654	12.456858	-0.020432	3.068873
103.910279	2716.395506	12.461863	-0.020400	3.067276
103.998594	2713.382262	12.466867	-0.020416	3.065662
103.866804	2710.380012	12.471872	-0.020393	3.064021
104.002646	2707.411761	12.476877	-0.020418	3.062437
103.948849	2704.416172	12.481882	-0.020408	3.060810
103.793264	2701.415485	12.486887	-0.020381	3.059164
103.721572	2698.418823	12.491891	-0.020368	3.057531
103.852481	2695.377430	12.496896	-0.020392	3.055904
103.703124	2692.336770	12.501901	-0.020366	3.054234
103.760343	2689.381557	12.506906	-0.020377	3.052641
103.775849	2686.386395	12.511911	-0.020380	3.051018
103.927588	2683.307111	12.516915	-0.020408	3.049370
103.824772	2680.368902	12.521920	-0.020390	3.047759
103.829769	2677.365319	12.526925	-0.020391	3.046128
103.656449	2674.396858	12.531930	-0.020360	3.044489
103.682284	2671.422332	12.536935	-0.020365	3.042875
103.754053	2668.378253	12.541939	-0.020379	3.041230
103.811966	2665.381445	12.546944	-0.020390	3.039607
103.786820	2662.390747	12.551949	-0.020386	3.037974
103.753236	2659.376507	12.556954	-0.020380	3.036326
103.675740	2656.378866	12.561959	-0.020366	3.034680
103.819191	2653.357464	12.566963	-0.020393	3.033053
103.730661	2650.404990	12.571968	-0.020377	3.031428
103.688578	2647.383627	12.576973	-0.020370	3.029772
103.700920	2644.374041	12.581978	-0.020373	3.028129
103.702118	2641.411954	12.586983	-0.020374	3.026509
103.479169	2638.420902	12.591987	-0.020334	3.024839
103.553897	2635.428075	12.596992	-0.020348	3.023213
103.542638	2632.494186	12.601997	-0.020346	3.021604
103.411446	2629.456049	12.607002	-0.020323	3.019919
103.432207	2626.451081	12.612007	-0.020327	3.018275
103.451908	2623.434385	12.617011	-0.020331	3.016623
103.362137	2620.395023	12.622016	-0.020315	3.014941
103.480617	2617.380476	12.627021	-0.020337	3.013304
103.275095	2614.439540	12.632026	-0.020301	3.011657
103.437753	2611.386494	12.637031	-0.020330	3.010003
103.430488	2608.370188	12.642035	-0.020330	3.008343
103.424949	2605.412326	12.647040	-0.020329	3.006714
103.314165	2602.428553	12.652045	-0.020309	3.005054
103.235853	2599.416516	12.657050	-0.020296	3.003383
103.341988	2596.449583	12.662055	-0.020315	3.001763
103.299362	2593.433814	12.667059	-0.020308	3.000093
103.115095	2590.438658	12.672064	-0.020275	2.998412
103.434665	2587.381209	12.677069	-0.020334	2.996773
103.312512	2584.377857	12.682074	-0.020312	2.995095
103.307138	2581.386145	12.687079	-0.020311	2.993440
103.328341	2578.418606	12.692083	-0.020316	2.991802
103.258199	2575.424491	12.697088	-0.020303	2.990134
103.254207	2572.421581	12.702093	-0.020303	2.988471
103.275033	2569.452303	12.707098	-0.020307	2.986829
103.094851	2566.466226	12.712103	-0.020275	2.985146
103.004174	2563.487379	12.717107	-0.020259	2.983479
103.010006	2560.517115	12.722112	-0.020261	2.981832
103.088143	2557.421053	12.727117	-0.020276	2.980125
102.904458	2554.480465	12.732122	-0.020243	2.978463
103.011561	2551.436494	12.737127	-0.020263	2.976787
102.946607	2548.402846	12.742131	-0.020251	2.975090
102.943469	2545.449033	12.747136	-0.020251	2.973445
102.814274	2542.468104	12.752141	-0.020228	2.971765
102.995813	2539.388292	12.757146	-0.020262	2.970078
102.978278	2536.427236	12.762151	-0.020259	2.968424
102.924828	2533.410168	12.767155	-0.020250	2.966733
102.973515	2530.403238	12.772160	-0.020259	2.965062
102.960087	2527.432639	12.777165	-0.020257	2.963402
102.874208	2524.468856	12.782170	-0.020242	2.961732
102.823616	2521.486870	12.787175	-0.020233	2.960057
102.758956	2518.459759	12.792179	-0.020222	2.958354
102.694464	2515.504603	12.797184	-0.020211	2.956690
102.853385	2512.392304	12.802189	-0.020240	2.954972
102.845780	2509.439679	12.807194	-0.020239	2.953316
102.775706	2506.472233	12.812199	-0.020227	2.951642
102.847456	2503.383390	12.817203	-0.020240	2.949920
102.882941	2500.466005	12.822208	-0.020247	2.948288
102.822653	2497.439808	12.827213	-0.020237	2.946579
102.803867	2494.441519	12.832218	-0.020234	2.944892
102.843177	2491.511918	12.837223	-0.020241	2.943251
102.715786	2488.513066	12.842227	-0.020219	2.941543
102.665970	2485.491482	12.847232	-0.020210	2.939835
102.912228	2482.430768	12.852237	-0.020255	2.938150
102.709428	2479.469419	12.857242	-0.020219	2.936449
102.686561	2476.452738	12.862247	-0.020215	2.934744
102.661782	2473.484803	12.867251	-0.020211	2.933066
102.575965	2470.503650	12.872256	-0.020196	2.931370
102.537652	2467.500417	12.877261	-0.020190	2.929667
102.641695	2464.475520	12.882266	-0.020209	2.927974
102.700940	2461.489197	12.887271	-0.020220	2.926295
102.601214	2458.437859	12.892275	-0.020203	2.924552
102.526988	2455.547076	12.897280	-0.020190	2.922904
102.641053	2452.478874	12.902285	-0.020211	2.921184
102.635113	2449.427479	12.907290	-0.020210	2.919453
102.457406	2446.545597	12.912295	-0.020179	2.917791
102.275898	2443.538931	12.917299	-0.020146	2.916055
102.407713	2440.495354	12.922304	-0.020171	2.914348
102.314892	2437.569495	12.927309	-0.020154	2.912671
102.214238	2434.511997	12.932314	-0.020137	2.910917
102.280927	2431.536468	12.937319	-0.020149	2.909235
102.304941	2428.503401	12.942323	-0.020154	2.907513
102.368226	2425.476936	12.947328	-0.020166	2.905799
102.206841	2422.527098	12.952333	-0.020137	2.904093
102.237051	2419.520067	12.957338	-0.020143	2.902383
102.258394	2416.483391	12.962343	-0.020147	2.900654
102.100348	2413.523207	12.967347	-0.020119	2.898939
102.156280	2410.463433	12.972352	-0.020130	2.897200
102.213935	2407.471043	12.977357	-0.020141	2.895499
102.103434	2404.486985	12.982362	-0.020121	2.893775
102.144595	2401.496770	12.987367	-0.020129	2.892071
102.059376	2398.477007	12.992371	-0.020114	2.890328
102.113459	2395.503020	12.997376	-0.020124	2.888633
102.180496	2392.477563	13.002381	-0.020137	2.886910
102.124721	2389.469059	13.007386	-0.020127	2.885175
101.959619	2386.559653	13.012391	-0.020098	2.883479
102.117472	2383.507863	13.017395	-0.020127	2.881752
101.930502	2380.521851	13.022400	-0.020094	2.880006
101.890327	2377.574263	13.027405	-0.020087	2.878305
101.952108	2374.532825	13.032410	-0.020098	2.876565
101.966347	2371.505598	13.037415	-0.020102	2.874825
101.896625	2368.595010	13.042419	-0.020089	2.873137
102.039169	2365.494929	13.047424	-0.020116	2.871374
101.912251	2362.521856	13.052429	-0.020093	2.869638
101.897781	2359.558717	13.057434	-0.020091	2.867926
101.826445	2356.522172	13.062439	-0.020079	2.866161
101.820559	2353.556958	13.067443	-0.020078	2.864448
101.773560	2350.597643	13.072448	-0.020070	2.862729
101.689964	2347.571768	13.077453	-0.020055	2.860965
101.674094	2344.600766	13.082458	-0.020053	2.859243
101.737245	2341.544440	13.087463	-0.020065	2.857484
101.794441	2338.522355	13.092467	-0.020076	2.855742
101.816884	2335.529736	13.097472	-0.020080	2.854010
101.715122	2332.559217	13.102477	-0.020062	2.852270
101.790993	2329.517938	13.107482	-0.020076	2.850517
101.714358	2326.555768	13.112487	-0.020063	2.848784
101.701994	2323.562625	13.117491	-0.020061	2.847042
101.666901	2320.541314	13.122496	-0.020055	2.845279
101.764065	2317.565675	13.127501	-0.020073	2.843563
101.711763	2314.578156	13.132506	-0.020064	2.841815
101.664676	2311.548168	13.137511	-0.020056	2.840042
101.564700	2308.597248	13.142515	-0.020039	2.838305
101.675627	2305.545197	13.147520	-0.020059	2.836543
101.510421	2302.570622	13.152525	-0.020030	2.834779
101.664705	2299.586841	13.157530	-0.020058	2.833062
101.560184	2296.600269	13.162535	-0.020040	2.831299
101.665384	2293.556203	13.167539	-0.020059	2.829536
101.724131	2290.593914	13.172544	-0.020070	2.827812
101.545952	2287.598311	13.177549	-0.020039	2.826028
101.482287	2284.634743	13.182554	-0.020027	2.824281
101.546574	2281.630041	13.187559	-0.020040	2.822531
101.572278	2278.591420	13.192563	-0.020045	2.820752
101.463821	2275.624462	13.197568	-0.020026	2.818992
101.575969	2272.584013	13.202573	-0.020046	2.817225
101.528961	2269.559165	13.207578	-0.020038	2.815440
101.526635	2266.629543	13.212583	-0.020038	2.813716
101.479815	2263.608436	13.217587	-0.020030	2.811930
101.460499	2260.617406	13.222592	-0.020027	2.810166
101.423079	2257.637155	13.227597	-0.020021	2.808403
101.450306	2254.574631	13.232602	-0.020026	2.806602
101.380771	2251.637007	13.237607	-0.020014	2.804858
101.321365	2248.687756	13.242611	-0.020004	2.803106
101.354551	2245.608157	13.247616	-0.020010	2.801293
101.432669	2242.609472	13.252621	-0.020025	2.799534
101.410408	2239.597697	13.257626	-0.020021	2.797748
101.437010	2236.571173	13.262631	-0.020027	2.795962
101.381267	2233.636617	13.267635	-0.020017	2.794214
101.296801	2230.653208	13.272640	-0.020002	2.792432
101.176846	2227.654052	13.277645	-0.019981	2.790633
101.278353	2224.657307	13.282650	-0.020000	2.788872
101.190022	2221.653990	13.287655	-0.019984	2.787074
101.160592	2218.675070	13.292659	-0.019980	2.785299
101.107298	2215.756882	13.297664	-0.019970	2.783555
101.076599	2212.692953	13.302669	-0.019965	2.781727
101.188708	2209.650700	13.307674	-0.019986	2.779936
101.157825	2206.661526	13.312679	-0.019981	2.778150
101.150723	2203.641255	13.317683	-0.019980	2.776348
101.169984	2200.642020	13.322688	-0.019984	2.774563
101.145863	2197.650948	13.327693	-0.019980	2.772774
101.063727	2194.648773	13.332698	-0.019966	2.770967
100.960836	2191.698429	13.337703	-0.019948	2.769186
101.002436	2188.692128	13.342707	-0.019956	2.767395
100.897961	2185.666851	13.347712	-0.019937	2.765567
100.917140	2182.725648	13.352717	-0.019941	2.763809
100.991611	2179.677640	13.357722	-0.019955	2.761996
101.005497	2176.654841	13.362727	-0.019958	2.760186
101.040120	2173.677945	13.367731	-0.019965	2.758406
101.045823	2170.637002	13.372736	-0.019966	2.756582
100.903206	2167.698626	13.377741	-0.019941	2.754792
101.006801	2164.708086	13.382746	-0.019960	2.753013
100.868960	2161.688704	13.387751	-0.019936	2.751172
100.959410	2158.728134	13.392755	-0.019952	2.749406
100.907380	2155.706061	13.397760	-0.019943	2.747577
100.623204	2152.757936	13.402765	-0.019893	2.745751
100.853625	2149.766716	13.407770	-0.019935	2.743987
100.605323	2146.761539	13.412775	-0.019890	2.742130
100.637376	2143.738150	13.417779	-0.019897	2.740310
100.647633	2140.741664	13.422784	-0.019899	2.738501
100.713887	2137.659703	13.427789	-0.019911	2.736649
100.788154	2134.699673	13.432794	-0.019925	2.734871
100.675067	2131.705762	13.437799	-0.019905	2.733039
100.701207	2128.685307	13.442803	-0.019910	2.731213
100.706627	2125.729482	13.447808	-0.019912	2.729422
100.634039	2122.714440	13.452813	-0.019899	2.727580
100.682700	2119.703729	13.457818	-0.019908	2.725761
100.585502	2116.786204	13.462823	-0.019891	2.723971
100.635281	2113.724215	13.467827	-0.019901	2.722119
100.524766	2110.769901	13.472832	-0.019881	2.720302
100.525662	2107.733926	13.477837	-0.019882	2.718454
100.568849	2104.738917	13.482842	-0.019890	2.716638
100.509027	2101.756439	13.487847	-0.019880	2.714809
100.480046	2098.769564	13.492851	-0.019875	2.712982
100.618250	2095.713000	13.497856	-0.019901	2.711141
100.430154	2092.794926	13.502861	-0.019867	2.709325
100.526954	2089.734060	13.507866	-0.019885	2.707472
100.424122	2086.773251	13.512871	-0.019867	2.705642
100.350826	2083.826764	13.517875	-0.019854	2.703826
100.419756	2080.792391	13.522880	-0.019867	2.701980
100.378805	2077.774825	13.527885	-0.019860	2.700123
100.405327	2074.774241	13.532890	-0.019865	2.698288
100.353403	2071.756910	13.537895	-0.019856	2.696427
100.369148	2068.801160	13.542899	-0.019860	2.694615
100.297833	2065.804803	13.547904	-0.019847	2.692760
100.312492	2062.774243	13.552909	-0.019850	2.690899
100.224968	2059.835469	13.557914	-0.019835	2.689075
100.284530	2056.806054	13.562919	-0.019846	2.687220
100.272159	2053.798231	13.567923	-0.019844	2.685365
100.262805	2050.831067	13.572928	-0.019843	2.683533
100.134873	2047.807109	13.577933	-0.019821	2.681644
100.130639	2044.830953	13.582938	-0.019820	2.679806
100.010341	2041.844889	13.587943	-0.019799	2.677939
100.123336	2038.783016	13.592947	-0.019820	2.676066
100.154755	2035.816723	13.597952	-0.019826	2.674236
100.126050	2032.787948	13.602957	-0.019821	2.672355
100.168350	2029.787819	13.607962	-0.019829	2.670504
100.158880	2026.810470	13.612967	-0.019828	2.668656
100.014324	2023.806443	13.617971	-0.019802	2.666766
100.024848	2020.843489	13.622976	-0.019805	2.664928
100.079249	2017.824506	13.627981	-0.019815	2.663062
99.941123	2014.836559	13.632986	-0.019791	2.661179
99.834071	2011.867718	13.637991	-0.019772	2.659312
99.982044	2008.786991	13.642995	-0.019799	2.657420
99.922836	2005.817351	13.648000	-0.019789	2.655559
99.774241	2002.879094	13.653005	-0.019762	2.653700
99.853466	1999.793464	13.658010	-0.019777	2.651789
99.771964	1996.876704	13.663015	-0.019763	2.649952
99.769861	1993.848270	13.668019	-0.019763	2.648059
99.722786	1990.850701	13.673024	-0.019755	2.646176
99.713584	1987.877032	13.678029	-0.019754	2.644314
99.701035	1984.874563	13.683034	-0.019752	2.642431
99.746826	1981.825687	13.688039	-0.019761	2.640529
99.834967	1978.837644	13.693043	-0.019777	2.638671
99.808987	1975.812483	13.698048	-0.019773	2.636768
99.619255	1972.929443	13.703053	-0.019739	2.634922
99.764632	1969.860308	13.708058	-0.019766	2.633020
99.660300	1966.873448	13.713063	-0.019747	2.631122
99.552982	1963.922129	13.718067	-0.019728	2.629245
99.649586	1960.876107	13.723072	-0.019746	2.627344
99.763608	1957.868931	13.728077	-0.019767	2.625470
99.748286	1954.908983	13.733082	-0.019765	2.623600
99.588469	1951.898200	13.738087	-0.019737	2.621670
99.525308	1948.953239	13.743091	-0.019726	2.619798
99.539789	1945.901331	13.748096	-0.019729	2.617872
99.617866	1942.904366	13.753101	-0.019743	2.615991
99.514632	1939.937279	13.758106	-0.019725	2.614093
99.596856	1936.875900	13.763111	-0.019740	2.612169
99.550626	1933.918239	13.768115	-0.019733	2.610286
99.665242	1930.883148	13.773120	-0.019754	2.608382
99.521565	1927.902635	13.778125	-0.019728	2.606462
99.569664	1924.968224	13.783130	-0.019737	2.604607
99.494989	1921.941251	13.788135	-0.019724	2.602668
99.506560	1918.963317	13.793139	-0.019727	2.600776
99.345039	1915.988151	13.798144	-0.019698	2.598851
99.408882	1912.925162	13.803149	-0.019710	2.596911
99.384087	1909.990283	13.808154	-0.019706	2.595035
99.545811	1906.913704	13.813159	-0.019736	2.593103
99.404652	1903.946836	13.818163	-0.019711	2.591181
99.449400	1900.991950	13.823168	-0.019719	2.589301
99.387385	1897.937000	13.828173	-0.019709	2.587336
99.362594	1894.908429	13.833178	-0.019705	2.585392
99.402411	1891.849550	13.838183	-0.019712	2.583441
99.075278	1888.954107	13.843187	-0.019654	2.581522
99.182524	1885.950273	13.848192	-0.019673	2.579616
99.299877	1882.892883	13.853197	-0.019695	2.577676
99.223024	1879.932668	13.858202	-0.019682	2.575759
99.312735	1876.936763	13.863207	-0.019698	2.573850
99.079654	1873.963971	13.868211	-0.019657	2.571893
99.229798	1871.004187	13.873216	-0.019684	2.570016
99.193848	1867.970242	13.878221	-0.019678	2.568054
99.014911	1865.034923	13.883226	-0.019646	2.566127
99.240129	1862.000774	13.888231	-0.019688	2.564212
99.189296	1858.988050	13.893235	-0.019679	2.562257
99.091305	1856.034422	13.898240	-0.019662	2.560329
99.093813	1853.016182	13.903245	-0.019663	2.558377
99.025353	1850.003824	13.908250	-0.019651	2.556414
99.139604	1847.027888	13.913255	-0.019672	2.554508
99.036858	1844.025545	13.918259	-0.019654	2.552542
98.955159	1841.070479	13.923264	-0.019639	2.550609
98.957929	1838.067469	13.928269	-0.019640	2.548660
98.944000	1835.042694	13.933274	-0.019638	2.546692
98.903694	1832.144240	13.938279	-0.019631	2.544799
98.733509	1829.139372	13.943283	-0.019601	2.542811
98.871479	1826.063216	13.948288	-0.019627	2.540834
98.973062	1823.047663	13.953293	-0.019645	2.538888
98.753725	1820.066309	13.958298	-0.019606	2.536901
98.750728	1817.129678	13.963303	-0.019606	2.534983
98.820467	1814.069630	13.968307	-0.019619	2.532998
98.823323	1811.083749	13.973312	-0.019620	2.531046
98.650412	1808.134221	13.978317	-0.019589	2.529083
98.609573	1805.106746	13.983322	-0.019582	2.527092
98.741871	1802.126177	13.988327	-0.019607	2.525165
98.735303	1799.119535	13.993331	-0.019606	2.523192
98.701609	1796.109595	13.998336	-0.019600	2.521210
98.824975	1793.094340	14.003341	-0.019623	2.519254
98.838711	1790.046406	14.008346	-0.019626	2.517253
98.677975	1787.180095	14.013351	-0.019598	2.515335
98.692383	1784.111829	14.018355	-0.019601	2.513318
98.688920	1781.131867	14.023360	-0.019601	2.511354
98.543667	1778.202503	14.028365	-0.019575	2.509393
98.658680	1775.127087	14.033370	-0.019596	2.507387
98.538536	1772.214974	14.038375	-0.019575	2.505439
98.569975	1769.206739	14.043379	-0.019581	2.503457
98.494713	1766.165760	14.048384	-0.019568	2.501431
98.585869	1763.166974	14.053389	-0.019585	2.499463
98.502247	1760.138588	14.058394	-0.019570	2.497440
98.471245	1757.201051	14.063399	-0.019565	2.495486
98.396656	1754.192220	14.068403	-0.019552	2.493474
98.400341	1751.194680	14.073408	-0.019553	2.491484
98.326165	1748.197643	14.078413	-0.019540	2.489477
98.460262	1745.151781	14.083418	-0.019565	2.487478
98.350118	1742.239091	14.088423	-0.019545	2.485517
98.490264	1739.187500	14.093427	-0.019571	2.483512
98.275232	1736.236071	14.098432	-0.019533	2.481500
98.272300	1733.246509	14.103437	-0.019533	2.479505
98.295577	1730.202169	14.108442	-0.019537	2.477476
98.280653	1727.254908	14.113447	-0.019535	2.475503
98.369233	1724.195982	14.118451	-0.019552	2.473474
98.432377	1721.210339	14.123456	-0.019563	2.471488
98.229967	1718.252354	14.128461	-0.019527	2.469465
98.260023	1715.257795	14.133466	-0.019533	2.467463
98.177297	1712.331112	14.138471	-0.019519	2.465482
98.275449	1709.292914	14.143475	-0.019537	2.463461
98.147174	1706.280865	14.148480	-0.019514	2.461410
98.133460	1703.287953	14.153485	-0.019512	2.459393
98.107792	1700.257569	14.158490	-0.019508	2.457348
98.137469	1697.320813	14.163495	-0.019514	2.455374
98.140177	1694.249576	14.168499	-0.019515	2.453303
98.143501	1691.301350	14.173504	-0.019516	2.451314
97.997059	1688.318464	14.178509	-0.019490	2.449269
98.027181	1685.325223	14.183514	-0.019496	2.447251
97.998962	1682.354655	14.188519	-0.019491	2.445235
98.211869	1679.268068	14.193523	-0.019530	2.443188
98.009521	1676.350642	14.198528	-0.019494	2.441169
98.013985	1673.332967	14.203533	-0.019495	2.439123
97.974982	1670.333077	14.208538	-0.019489	2.437078
97.937651	1667.365967	14.213543	-0.019482	2.435054
97.975654	1664.318379	14.218547	-0.019490	2.432989
97.862480	1661.391908	14.223552	-0.019470	2.430973
97.805938	1658.379960	14.228557	-0.019460	2.428910
97.906166	1655.376024	14.233562	-0.019479	2.426882
97.864791	1652.397710	14.238567	-0.019472	2.424841
97.924469	1649.377718	14.243571	-0.019483	2.422791
97.860555	1646.372288	14.248576	-0.019472	2.420723
97.788719	1643.393518	14.253581	-0.019459	2.418671
97.803959	1640.391262	14.258586	-0.019462	2.416618
97.663973	1637.425369	14.263591	-0.019438	2.414556
97.706208	1634.390666	14.268595	-0.019446	2.412484
97.625862	1631.428146	14.273600	-0.019432	2.410433
97.738909	1628.370442	14.278605	-0.019452	2.408356
97.699782	1625.461949	14.283610	-0.019446	2.406348
97.675028	1622.412823	14.288615	-0.019442	2.404244
97.736903	1619.428037	14.293619	-0.019453	2.402201
97.630107	1616.428882	14.298624	-0.019435	2.400111
97.606960	1613.434214	14.303629	-0.019431	2.398039
97.511593	1610.499410	14.308634	-0.019414	2.395992
97.607592	1607.446911	14.313639	-0.019432	2.393903
97.442571	1604.508066	14.318643	-0.019403	2.391835
97.433771	1601.484475	14.323648	-0.019401	2.389739
97.591617	1598.447059	14.328653	-0.019430	2.387668
97.510029	1595.541141	14.333658	-0.019416	2.385635
97.464373	1592.483635	14.338663	-0.019408	2.383502
97.379066	1589.564686	14.343667	-0.019393	2.381456
97.265301	1586.520402	14.348672	-0.019373	2.379315
97.351003	1583.523195	14.353677	-0.019389	2.377247
97.357983	1580.521527	14.358682	-0.019391	2.375157
97.322402	1577.507115	14.363687	-0.019385	2.373047
97.334542	1574.552744	14.368691	-0.019388	2.370988
97.353965	1571.495544	14.373696	-0.019392	2.368857
97.307137	1568.547043	14.378701	-0.019384	2.366785
97.390850	1565.533277	14.383706	-0.019399	2.364694
97.174285	1562.567859	14.388711	-0.019361	2.362571
97.334994	1559.555381	14.393715	-0.019390	2.360494
97.249294	1556.528135	14.398720	-0.019375	2.358351
97.390809	1553.575665	14.403725	-0.019401	2.356308
97.489282	1550.516187	14.408730	-0.019419	2.354179
97.193258	1547.620647	14.413735	-0.019366	2.352078
97.185670	1544.601607	14.418739	-0.019365	2.349951
97.233438	1541.624511	14.423744	-0.019375	2.347863
96.963027	1538.708649	14.428749	-0.019326	2.345747
97.114529	1535.645121	14.433754	-0.019354	2.343617
97.089200	1532.639983	14.438759	-0.019350	2.341488
97.153924	1529.596229	14.443763	-0.019362	2.339349
96.865098	1526.692817	14.448768	-0.019310	2.337231
96.921000	1523.668727	14.453773	-0.019321	2.335100
96.971677	1520.647657	14.458778	-0.019330	2.332968
96.969595	1517.659402	14.463783	-0.019331	2.330846
96.915075	1514.651599	14.468787	-0.019321	2.328697
96.922659	1511.712772	14.473792	-0.019323	2.326609
96.880929	1508.658340	14.478797	-0.019316	2.324425
96.958586	1505.692145	14.483802	-0.019330	2.322329
96.812934	1502.694854	14.488807	-0.019305	2.320159
96.702647	1499.714215	14.493811	-0.019285	2.318007
96.781333	1496.713911	14.498816	-0.019300	2.315881
96.893668	1493.650986	14.503821	-0.019321	2.313715
96.797051	1490.732042	14.508826	-0.019304	2.311604
96.670673	1487.759687	14.513831	-0.019281	2.309447
96.611868	1484.793223	14.518835	-0.019271	2.307306
96.626992	1481.808225	14.523840	-0.019274	2.305167
96.587232	1478.783031	14.528845	-0.019268	2.302984
96.722471	1475.747416	14.533850	-0.019292	2.300831
96.589019	1472.750608	14.538855	-0.019269	2.298644
96.583041	1469.809943	14.543859	-0.019268	2.296524
96.527827	1466.784064	14.548864	-0.019259	2.294330
96.419450	1463.847332	14.553869	-0.019240	2.292185
96.483768	1460.778585	14.558874	-0.019252	2.289982
96.521770	1457.817291	14.563879	-0.019259	2.287849
96.566362	1454.793360	14.568883	-0.019267	2.285670
96.624787	1451.797491	14.573888	-0.019278	2.283512
96.354335	1448.883719	14.578893	-0.019230	2.281338
96.533325	1445.800076	14.583898	-0.019263	2.279139
96.476137	1442.868064	14.588903	-0.019253	2.276996
96.441822	1439.857558	14.593907	-0.019247	2.274798
96.422429	1436.859055	14.598912	-0.019244	2.272611
96.560895	1433.848291	14.603917	-0.019270	2.270448
96.454310	1430.860774	14.608922	-0.019251	2.268244
96.370754	1427.920959	14.613927	-0.019236	2.266079
96.352132	1424.861197	14.618931	-0.019233	2.263838
96.301673	1421.913478	14.623936	-0.019225	2.261670
96.332983	1418.863772	14.628941	-0.019231	2.259444
96.378828	1415.899127	14.633946	-0.019240	2.257281
96.330865	1412.896736	14.638951	-0.019231	2.255067
96.300482	1409.933891	14.643955	-0.019226	2.252884
96.135023	1406.952289	14.648960	-0.019197	2.250654
96.247710	1403.942728	14.653965	-0.019218	2.248465
96.236272	1400.961533	14.658970	-0.019216	2.246266
96.225604	1397.947484	14.663975	-0.019215	2.244041
96.101557	1394.983341	14.668979	-0.019193	2.241825
96.047454	1391.979297	14.673984	-0.019183	2.239593
96.083399	1389.002521	14.678989	-0.019190	2.237400
95.988631	1386.027020	14.683994	-0.019174	2.235175
95.847339	1383.055974	14.688999	-0.019149	2.232941
96.103020	1379.991344	14.694003	-0.019195	2.230727
95.992284	1377.019094	14.699008	-0.019176	2.228494
96.052167	1374.051006	14.704013	-0.019187	2.226302
95.885256	1371.058667	14.709018	-0.019157	2.224037
96.041189	1368.040954	14.714023	-0.019186	2.221826
95.915419	1365.039203	14.719027	-0.019164	2.219559
95.740419	1362.140171	14.724032	-0.019133	2.217355
95.729970	1359.093330	14.729037	-0.019131	2.215077
95.931648	1356.064697	14.734042	-0.019168	2.212859
95.744612	1353.104209	14.739047	-0.019135	2.210599
95.845055	1350.100896	14.744051	-0.019153	2.208372
95.749370	1347.124037	14.749056	-0.019137	2.206117
95.931786	1344.073885	14.754061	-0.019170	2.203870
95.758870	1341.133964	14.759066	-0.019139	2.201620
95.897608	1338.090074	14.764071	-0.019165	2.199363
95.708515	1335.170070	14.769075	-0.019131	2.197119
95.888236	1332.108913	14.774080	-0.019164	2.194854
95.776025	1329.174692	14.779085	-0.019144	2.192613
95.890035	1326.137356	14.784090	-0.019165	2.190345
95.810360	1323.181941	14.789095	-0.019151	2.188091
95.731123	1320.213399	14.794099	-0.019137	2.185826
95.660506	1317.224276	14.799104	-0.019125	2.183544
95.814784	1314.168605	14.804109	-0.019153	2.181262
95.535487	1311.235828	14.809114	-0.019103	2.178969
95.669896	1308.242736	14.814119	-0.019128	2.176726
95.487214	1305.235767	14.819123	-0.019096	2.174394
95.612770	1302.269852	14.824128	-0.019119	2.172165
95.436211	1299.272121	14.829133	-0.019087	2.169836
95.637425	1296.253418	14.834138	-0.019124	2.167580
95.569037	1293.261030	14.839143	-0.019112	2.165277
95.562018	1290.295789	14.844147	-0.019111	2.163007
95.474651	1287.280308	14.849152	-0.019096	2.160677
95.572005	1284.302395	14.854157	-0.019114	2.158417
95.397911	1281.315176	14.859162	-0.019083	2.156083
95.575797	1278.309656	14.864167	-0.019116	2.153817
95.333720	1275.354604	14.869171	-0.019073	2.151486
95.577885	1272.297820	14.874176	-0.019117	2.149192
95.276022	1269.449688	14.879181	-0.019063	2.146923
95.429778	1266.356309	14.884186	-0.019091	2.144574
95.462735	1263.390508	14.889191	-0.019098	2.142291
95.326528	1260.397853	14.894195	-0.019074	2.139944
95.246177	1257.444332	14.899200	-0.019059	2.137639
95.360106	1254.406817	14.904205	-0.019081	2.135313
95.328865	1251.404863	14.909210	-0.019075	2.132976
95.379720	1248.406618	14.914215	-0.019085	2.130660
95.377826	1245.419821	14.919219	-0.019085	2.128338
95.433273	1242.414977	14.924224	-0.019096	2.126013
95.373522	1239.450957	14.929229	-0.019085	2.123689
95.222957	1236.482099	14.934234	-0.019059	2.121336
95.312227	1233.475798	14.939239	-0.019075	2.119011
95.205402	1230.509570	14.944243	-0.019056	2.116666
95.227930	1227.480888	14.949248	-0.019061	2.114301
95.068612	1224.582536	14.954253	-0.019033	2.111991
95.032003	1221.543446	14.959258	-0.019026	2.109598
95.204843	1218.564109	14.964263	-0.019058	2.107302
95.048341	1215.563571	14.969267	-0.019030	2.104904
95.014615	1212.592077	14.974272	-0.019025	2.102558
94.879055	1209.600924	14.979277	-0.019001	2.100167
94.975890	1206.608659	14.984282	-0.019019	2.097831
94.906709	1203.579629	14.989287	-0.019006	2.095422
94.987664	1200.604591	14.994291	-0.019022	2.093091
94.807390	1197.614915	14.999296	-0.018989	2.090679
94.827863	1194.676545	15.004301	-0.018994	2.088356
94.778580	1191.639687	15.009306	-0.018985	2.085935
94.782562	1188.669800	15.014311	-0.018986	2.083578
94.727118	1185.647779	15.019315	-0.018977	2.081161
94.877827	1182.632446	15.024320	-0.019005	2.078799
94.667024	1179.698807	15.029325	-0.018967	2.076408
94.776608	1176.688041	15.034330	-0.018987	2.074034
94.663814	1173.701886	15.039335	-0.018967	2.071620
94.810046	1170.708165	15.044339	-0.018994	2.069264
94.740654	1167.725899	15.049344	-0.018982	2.066859
94.710955	1164.745028	15.054349	-0.018977	2.064462
94.625830	1161.756294	15.059354	-0.018962	2.062042
94.629460	1158.760354	15.064359	-0.018963	2.059637
94.434628	1155.817854	15.069363	-0.018929	2.057220
94.456202	1152.806182	15.074368	-0.018933	2.054801
94.463488	1149.814387	15.079373	-0.018935	2.052391
94.440603	1146.835703	15.084378	-0.018931	2.049980
94.529051	1143.826041	15.089383	-0.018948	2.047571
94.528001	1140.824088	15.094387	-0.018948	2.045142
94.387797	1137.864258	15.099392	-0.018923	2.042709
94.458731	1134.844583	15.104397	-0.018936	2.040278
94.388284	1131.897349	15.109402	-0.018924	2.037867
94.486471	1128.842697	15.114407	-0.018942	2.035409
94.346490	1125.922629	15.119411	-0.018917	2.032997
94.492803	1122.872085	15.124416	-0.018944	2.030549
94.352041	1119.951150	15.129421	-0.018919	2.028129
94.342692	1116.945050	15.134426	-0.018918	2.025672
94.298317	1113.946918	15.139431	-0.018910	2.023208
94.231758	1110.968113	15.144435	-0.018899	2.020752
94.192618	1108.000180	15.149440	-0.018892	2.018309
94.246283	1104.968394	15.154445	-0.018902	2.015834
94.132657	1102.029062	15.159450	-0.018882	2.013389
94.426921	1098.942291	15.164455	-0.018936	2.010927
94.314401	1096.003228	15.169459	-0.018916	2.008476
94.222031	1093.038110	15.174464	-0.018900	2.006006
94.064651	1090.095981	15.179469	-0.018872	2.003535
94.123068	1087.061341	15.184474	-0.018883	2.001041
94.059142	1084.106908	15.189479	-0.018872	1.998578
94.092602	1081.077365	15.194483	-0.018878	1.996076
94.068038	1078.109827	15.199488	-0.018874	1.993606
93.947590	1075.156428	15.204493	-0.018853	1.991120
93.824691	1072.218250	15.209498	-0.018831	1.988643
93.965779	1069.172778	15.214503	-0.018857	1.986144
93.902614	1066.179909	15.219507	-0.018846	1.983630
93.961136	1063.150153	15.224512	-0.018857	1.981116
93.809039	1060.224224	15.229517	-0.018830	1.978628
93.810659	1057.199834	15.234522	-0.018831	1.976097
93.719172	1054.249935	15.239527	-0.018815	1.973599
93.851308	1051.211396	15.244531	-0.018839	1.971084
93.772165	1048.271410	15.249536	-0.018826	1.968592
93.767820	1045.273358	15.254541	-0.018825	1.966068
93.784923	1042.270596	15.259546	-0.018829	1.963542
93.791121	1039.267239	15.264551	-0.018830	1.961010
93.543949	1036.353457	15.269555	-0.018786	1.958481
93.556667	1033.349676	15.274560	-0.018789	1.955944
93.720071	1030.317326	15.279565	-0.018819	1.953420
93.693995	1027.323283	15.284570	-0.018815	1.950874
93.462114	1024.410229	15.289575	-0.018773	1.948337
93.712462	1021.321284	15.294579	-0.018819	1.945778
93.487397	1018.380728	15.299584	-0.018779	1.943213
93.662666	1015.343586	15.304589	-0.018811	1.940672
93.551800	1012.390628	15.309594	-0.018791	1.938121
93.449856	1009.435276	15.314599	-0.018773	1.935566
93.427448	1006.447129	15.319603	-0.018770	1.933003
93.496957	1003.445689	15.324608	-0.018783	1.930449
93.336388	1000.512020	15.329613	-0.018754	1.927887
93.402307	997.508911	15.334618	-0.018767	1.925325
93.233571	994.521328	15.339623	-0.018737	1.922707
93.326398	991.526955	15.344627	-0.018754	1.920153
93.435392	988.478875	15.349632	-0.018774	1.917554
93.442507	985.507283	15.354637	-0.018776	1.914988
93.280637	982.556039	15.359642	-0.018747	1.912390
93.249349	979.623764	15.364647	-0.018742	1.909841
93.184738	976.634465	15.369651	-0.018731	1.907230
93.304381	973.615216	15.374656	-0.018753	1.904640
93.149693	970.631700	15.379661	-0.018725	1.902002
93.234295	967.647692	15.384666	-0.018741	1.899426
93.162553	964.642639	15.389671	-0.018728	1.896785
93.156483	961.696248	15.394675	-0.018728	1.894210
93.117303	958.670629	15.399680	-0.018721	1.891552
93.150529	955.734252	15.404685	-0.018728	1.888990
93.077451	952.727993	15.409690	-0.018715	1.886333
93.197710	949.719475	15.414695	-0.018737	1.883724
93.183599	946.708591	15.419699	-0.018735	1.881072
93.193968	943.761472	15.424704	-0.018737	1.878480
93.090248	940.765943	15.429709	-0.018719	1.875808
93.043193	937.840220	15.434714	-0.018711	1.873210
92.980220	934.840707	15.439719	-0.018700	1.870539
92.881341	931.911734	15.444723	-0.018683	1.867917
92.792948	928.926923	15.449728	-0.018667	1.865244
92.845104	925.888523	15.454733	-0.018677	1.862560
92.769064	922.923611	15.459738	-0.018664	1.859901
92.794835	919.913109	15.464743	-0.018669	1.857226
92.648617	916.970140	15.469747	-0.018643	1.854559
92.890884	913.901574	15.474752	-0.018687	1.851888
92.808098	910.959845	15.479757	-0.018673	1.849232
92.862492	907.956204	15.484762	-0.018683	1.846557
92.742007	904.993941	15.489767	-0.018662	1.843864
92.638376	902.038750	15.494771	-0.018643	1.841178
92.756904	899.008187	15.499776	-0.018665	1.838485
92.619349	896.068102	15.504781	-0.018641	1.835795
92.524375	893.099542	15.509786	-0.018624	1.833088
92.617695	890.118434	15.514791	-0.018642	1.830421
92.587193	887.122340	15.519795	-0.018637	1.827700
92.555982	884.170167	15.524800	-0.018631	1.825015
92.538709	881.139840	15.529805	-0.018629	1.822259
92.589225	878.174313	15.534810	-0.018638	1.819577
92.501861	875.181882	15.539815	-0.018623	1.816827
92.538806	872.202384	15.544819	-0.018630	1.814121
92.540182	869.207153	15.549824	-0.018631	1.811385
92.565842	866.231695	15.554829	-0.018636	1.808671
92.382147	863.283406	15.559834	-0.018603	1.805916
92.456368	860.278631	15.564839	-0.018617	1.803181
92.477465	857.277551	15.569843	-0.018621	1.800430
92.461348	854.313356	15.574848	-0.018619	1.797697
92.366682	851.351258	15.579853	-0.018602	1.794938
92.377910	848.356625	15.584858	-0.018605	1.792178
92.307259	845.439906	15.589863	-0.018592	1.789460
92.201752	842.456549	15.594867	-0.018574	1.786665
92.198275	839.448079	15.599872	-0.018574	1.783874
92.175860	836.475183	15.604877	-0.018570	1.781106
92.207508	833.452018	15.609882	-0.018576	1.778303
92.121604	830.513067	15.614887	-0.018561	1.775539
92.213355	827.453745	15.619891	-0.018578	1.772712
92.119849	824.547981	15.624896	-0.018562	1.769967
92.229210	821.495713	15.629901	-0.018582	1.767143
92.144845	818.554790	15.634906	-0.018567	1.764360
92.226161	815.529553	15.639911	-0.018582	1.761544
92.228330	812.569848	15.644915	-0.018583	1.758761
92.032964	809.641869	15.649920	-0.018548	1.755942
92.029653	806.655719	15.654925	-0.018548	1.753123
91.871491	803.739033	15.659930	-0.018520	1.750317
91.945704	800.722038	15.664935	-0.018534	1.747484
91.880966	797.744147	15.669939	-0.018523	1.744640
91.973644	794.724547	15.674944	-0.018540	1.741801
91.870110	791.762117	15.679949	-0.018522	1.738951
91.845110	788.804331	15.684954	-0.018518	1.736125
91.788804	785.805469	15.689959	-0.018508	1.733245
91.809178	782.850506	15.694963	-0.018512	1.730426
91.618120	779.889100	15.699968	-0.018478	1.727530
91.721354	776.890775	15.704973	-0.018497	1.724687
91.648815	773.914896	15.709978	-0.018485	1.721805
91.788975	770.889928	15.714983	-0.018510	1.718938
91.772421	767.908217	15.719987	-0.018508	1.716058
91.715663	764.954116	15.724992	-0.018498	1.713188
91.673681	762.002389	15.729997	-0.018491	1.710320
91.695395	759.010035	15.735002	-0.018495	1.707427
91.589401	756.027858	15.740007	-0.018477	1.704499
91.685121	753.023204	15.745011	-0.018494	1.701609
91.503509	750.093228	15.750016	-0.018462	1.698697
91.413294	747.137304	15.755021	-0.018446	1.695785
91.474767	744.119256	15.760026	-0.018458	1.692855
91.395550	741.192449	15.765031	-0.018444	1.689965
91.507097	738.140974	15.770035	-0.018465	1.687009
91.505814	735.173737	15.775040	-0.018465	1.684094
91.381950	732.223109	15.780045	-0.018443	1.681150
91.326057	729.263508	15.785050	-0.018433	1.678215
91.311323	726.287472	15.790055	-0.018431	1.675271
91.339988	723.293502	15.795059	-0.018437	1.672319
91.290243	720.348795	15.800064	-0.018428	1.669385
91.283217	717.369260	15.805069	-0.018427	1.666425
91.095653	714.410661	15.810074	-0.018394	1.663421
91.066872	711.457132	15.815079	-0.018389	1.660469
91.175069	708.411535	15.820083	-0.018409	1.657465
91.146148	705.468196	15.825088	-0.018404	1.654513
90.931955	702.538842	15.830093	-0.018366	1.651508
91.109598	699.507614	15.835098	-0.018399	1.648525
91.029519	696.549244	15.840103	-0.018385	1.645525
90.929821	693.583163	15.845107	-0.018367	1.642504
90.980308	690.591228	15.850112	-0.018377	1.639503
91.021493	687.607191	15.855117	-0.018385	1.636500
91.004742	684.614699	15.860122	-0.018382	1.633464
91.107660	681.630961	15.865127	-0.018401	1.630472
90.740872	678.741075	15.870131	-0.018335	1.627411
90.968680	675.682448	15.875136	-0.018377	1.624373
90.672548	672.788557	15.880141	-0.018324	1.621320
90.840386	669.741451	15.885146	-0.018355	1.618263
90.890921	666.763110	15.890151	-0.018364	1.615230
90.860833	663.804783	15.895155	-0.018359	1.612184
90.786651	660.849269	15.900160	-0.018346	1.609121
90.611296	657.930779	15.905165	-0.018315	1.606055
90.641083	654.904493	15.910170	-0.018321	1.602942
90.759279	651.919189	15.915175	-0.018343	1.599897
90.624876	648.964774	15.920179	-0.018319	1.596790
90.712561	645.968922	15.925184	-0.018335	1.593711
90.544733	643.088670	15.930189	-0.018306	1.590658
90.506102	640.101660	15.935194	-0.018299	1.587532
90.513019	637.090610	15.940199	-0.018301	1.584391
90.626768	634.091223	15.945203	-0.018322	1.581293
90.522139	631.133007	15.950208	-0.018303	1.578156
90.454801	628.202763	15.955213	-0.018292	1.575055
90.388711	625.232293	15.960218	-0.018280	1.571907
90.463818	622.235247	15.965223	-0.018294	1.568773
90.407764	619.275154	15.970227	-0.018285	1.565626
90.409026	616.292953	15.975232	-0.018285	1.562470
90.407261	613.317042	15.980237	-0.018285	1.559312
90.255317	610.411185	15.985242	-0.018258	1.556170
90.311874	607.400025	15.990247	-0.018269	1.552983
90.282209	604.460279	15.995251	-0.018264	1.549835
90.123935	601.494544	16.000256	-0.018236	1.546607
90.166527	598.504696	16.005261	-0.018244	1.543418
90.124838	595.534619	16.010266	-0.018237	1.540214
90.186298	592.542510	16.015271	-0.018249	1.537016
90.248273	589.546128	16.020275	-0.018260	1.533807
90.183901	586.623866	16.025280	-0.018249	1.530626
90.052873	583.666821	16.030285	-0.018226	1.527377
90.130520	580.664187	16.035290	-0.018240	1.524146
90.123365	577.700080	16.040295	-0.018240	1.520920
90.207548	574.719986	16.045299	-0.018255	1.517704
90.031471	571.787713	16.050304	-0.018224	1.514437
90.093734	568.837938	16.055309	-0.018236	1.511231
89.842226	565.934066	16.060314	-0.018191	1.507954
89.873099	562.923553	16.065319	-0.018197	1.504656
89.869764	559.958934	16.070323	-0.018197	1.501389
89.794786	557.001899	16.075328	-0.018184	1.498097
89.745231	554.025853	16.080333	-0.018175	1.494786
89.891322	551.044662	16.085338	-0.018202	1.491534
89.782960	548.076354	16.090343	-0.018183	1.488195
89.945215	545.075081	16.095347	-0.018213	1.484913
89.758129	542.163863	16.100352	-0.018179	1.481593
89.653561	539.218677	16.105357	-0.018161	1.478259
89.692465	536.234969	16.110362	-0.018168	1.474928
89.654649	533.295227	16.115367	-0.018162	1.471610
89.591917	530.327890	16.120371	-0.018151	1.468244
89.737216	527.309103	16.125376	-0.018178	1.464891
89.506178	524.412263	16.130381	-0.018137	1.461525
89.544742	521.435519	16.135386	-0.018144	1.458163
89.425823	518.471107	16.140391	-0.018123	1.454748
89.381627	515.550173	16.145395	-0.018115	1.451403
89.400772	512.538687	16.150400	-0.018119	1.447970
89.207315	509.628584	16.155405	-0.018085	1.444564
89.337559	506.623897	16.160410	-0.018109	1.441167
89.482044	503.613639	16.165415	-0.018135	1.437760
89.305783	500.699046	16.170419	-0.018104	1.434331
89.288072	497.766895	16.175424	-0.018101	1.430936
89.270105	494.777628	16.180429	-0.018099	1.427465
89.335758	491.795364	16.185434	-0.018111	1.424028
89.215136	488.866280	16.190439	-0.018090	1.420571
89.217584	485.916824	16.195443	-0.018090	1.417130
89.056299	482.984175	16.200448	-0.018062	1.413635
89.339952	479.929689	16.205453	-0.018113	1.410166
89.239817	477.003043	16.210458	-0.018096	1.406685
89.111400	474.088246	16.215463	-0.018073	1.403199
88.981560	471.158864	16.220467	-0.018050	1.399686
88.911189	468.222003	16.225472	-0.018038	1.396180
88.956946	465.244296	16.230477	-0.018047	1.392662
88.923117	462.292037	16.235482	-0.018041	1.389134
88.772122	459.346284	16.240487	-0.018014	1.385558
88.825662	456.378081	16.245491	-0.018024	1.382028
88.730685	453.418244	16.250496	-0.018008	1.378439
88.667410	450.485146	16.255501	-0.017997	1.374885
88.535628	447.554426	16.260506	-0.017973	1.371297
88.731637	444.526001	16.265511	-0.018009	1.367716
88.603860	441.601628	16.270515	-0.017987	1.364119
88.482306	438.674263	16.275520	-0.017965	1.360511
88.502449	435.719966	16.280525	-0.017969	1.356919
88.594341	432.733467	16.285530	-0.017986	1.353308
88.419468	429.823194	16.290535	-0.017955	1.349670
88.431629	426.853631	16.295539	-0.017958	1.346027
88.396981	423.892003	16.300544	-0.017952	1.342364
88.519888	420.904237	16.305549	-0.017975	1.338726
88.278603	418.014733	16.310554	-0.017931	1.335046
88.223723	415.083891	16.315559	-0.017922	1.331383
88.264297	412.107816	16.320563	-0.017930	1.327693
88.180377	409.166291	16.325568	-0.017915	1.323984
88.270289	406.171776	16.330573	-0.017932	1.320272
88.096537	403.287679	16.335578	-0.017901	1.316576
88.144756	400.300100	16.340583	-0.017910	1.312834
88.311496	397.291005	16.345587	-0.017941	1.309105
88.153704	394.364075	16.350592	-0.017913	1.305330
88.096283	391.439871	16.355597	-0.017903	1.301590
88.151122	388.464736	16.360602	-0.017913	1.297824
88.113279	385.522903	16.365607	-0.017907	1.294049
88.111091	382.586123	16.370611	-0.017907	1.290285
87.836963	379.711315	16.375616	-0.017858	1.286470
87.939788	376.722866	16.380621	-0.017877	1.282663
88.000545	373.762286	16.385626	-0.017888	1.278863
87.850348	370.842888	16.390631	-0.017862	1.275011
87.717513	367.966267	16.395635	-0.017838	1.271211
87.658974	365.010560	16.400640	-0.017828	1.267329
87.774514	362.018279	16.405645	-0.017849	1.263465
87.777140	359.063324	16.410650	-0.017850	1.259588
87.652366	356.152055	16.415655	-0.017828	1.255699
87.743561	353.183554	16.420659	-0.017845	1.251819
87.702271	350.254782	16.425664	-0.017838	1.247921
87.520751	347.357414	16.430669	-0.017806	1.243988
87.533641	344.416866	16.435674	-0.017809	1.240074
87.361793	341.501848	16.440679	-0.017778	1.236097
87.534579	338.522527	16.445683	-0.017810	1.232179
87.282966	335.639839	16.450688	-0.017765	1.228183
87.327034	332.666245	16.455693	-0.017773	1.224188
87.275446	329.737257	16.460698	-0.017764	1.220196
87.254559	326.787638	16.465703	-0.017761	1.216177
87.309628	323.839972	16.470707	-0.017771	1.212183
87.258670	320.919732	16.475712	-0.017763	1.208163
87.012803	318.044191	16.480717	-0.017719	1.204100
87.193382	315.051845	16.485722	-0.017752	1.200063
87.147967	312.112477	16.490727	-0.017744	1.195979
87.122447	309.198165	16.495731	-0.017740	1.191926
86.896741	306.327937	16.500736	-0.017700	1.187824
86.982030	303.348429	16.505741	-0.017715	1.183704
86.890822	300.436150	16.510746	-0.017699	1.179579
86.926331	297.496177	16.515751	-0.017706	1.175462
86.792943	294.592733	16.520755	-0.017683	1.171301
86.791129	291.663251	16.525760	-0.017683	1.167151
86.711786	288.748274	16.530765	-0.017669	1.162970
86.563988	285.864116	16.535770	-0.017643	1.158783
86.739466	282.870113	16.540775	-0.017675	1.154584
86.556883	279.996283	16.545779	-0.017642	1.150365
86.576774	277.034052	16.550784	-0.017646	1.146103
86.618170	274.089604	16.555789	-0.017654	1.141861
86.503739	271.195138	16.560794	-0.017634	1.137599
86.490795	268.286099	16.565799	-0.017632	1.133350
86.242930	265.411993	16.570803	-0.017588	1.129019
86.312160	262.457327	16.575808	-0.017601	1.124712
86.182031	259.567941	16.580813	-0.017578	1.120384
86.222550	256.622921	16.585818	-0.017586	1.116043
86.240951	253.699593	16.590823	-0.017589	1.111707
86.259404	250.754205	16.595827	-0.017593	1.107321
86.179630	247.863774	16.600832	-0.017579	1.102949
86.165314	244.946226	16.605837	-0.017577	1.098553
86.024867	242.069729	16.610842	-0.017552	1.094135
86.073924	239.135544	16.615847	-0.017562	1.089711
85.918631	236.261125	16.620851	-0.017534	1.085253
85.967244	233.322398	16.625856	-0.017543	1.080786
85.918396	230.421270	16.630861	-0.017535	1.076306
85.892454	227.514019	16.635866	-0.017531	1.071810
85.764132	224.628159	16.640871	-0.017508	1.067274
85.685560	221.738244	16.645875	-0.017494	1.062738
85.515540	218.867509	16.650880	-0.017464	1.058164
85.612808	215.928668	16.655885	-0.017482	1.053608
85.571904	213.011060	16.660890	-0.017475	1.048990
85.531163	210.118032	16.665895	-0.017468	1.044391
85.410701	207.248537	16.670899	-0.017447	1.039766
85.428992	204.331986	16.675904	-0.017451	1.035121
85.588795	201.378718	16.680909	-0.017480	1.030474
85.584567	198.474955	16.685914	-0.017480	1.025795
85.364351	195.640403	16.690919	-0.017440	1.021086
85.341561	192.746316	16.695923	-0.017437	1.016369
85.210653	189.877913	16.700928	-0.017414	1.011611
85.409669	186.912983	16.705933	-0.017450	1.006859
85.298028	184.056512	16.710938	-0.017430	1.002086
85.218082	181.188232	16.715943	-0.017416	0.997290
85.034363	178.346562	16.720947	-0.017384	0.992454
84.982606	175.460671	16.725952	-0.017375	0.987597
85.043092	172.530361	16.730957	-0.017386	0.982707
84.779972	169.723099	16.735962	-0.017339	0.977811
84.623843	166.873637	16.740967	-0.017311	0.972882
84.698432	163.945366	16.745971	-0.017325	0.967929
84.707034	161.052800	16.750976	-0.017327	0.962973
84.682009	158.175517	16.755981	-0.017323	0.957997
84.627757	155.314601	16.760986	-0.017314	0.953007
84.664005	152.409214	16.765991	-0.017321	0.947967
84.632123	149.535049	16.770995	-0.017316	0.942914
84.524293	146.696591	16.776000	-0.017297	0.937850
84.603849	143.795217	16.781005	-0.017312	0.932762
84.501300	140.949659	16.786010	-0.017294	0.927633
84.458436	138.093891	16.791015	-0.017286	0.922494
84.316993	135.268671	16.796019	-0.017261	0.917320
84.272092	132.413044	16.801024	-0.017254	0.912122
84.234079	129.545020	16.806029	-0.017247	0.906877
84.133064	126.706623	16.811034	-0.017229	0.901614
84.211926	123.819069	16.816039	-0.017244	0.896346
84.117416	120.982701	16.821043	-0.017227	0.891030
84.089610	118.134458	16.826048	-0.017223	0.885703
84.042839	115.293105	16.831053	-0.017215	0.880344
83.915964	112.486362	16.836058	-0.017192	0.874965
83.804452	109.672176	16.841063	-0.017173	0.869549
83.818979	106.805637	16.846067	-0.017176	0.864082
83.782666	103.967911	16.851072	-0.017170	0.858602
83.607286	101.188976	16.856077	-0.017139	0.853107
83.535355	98.352459	16.861082	-0.017126	0.847535
83.713418	95.457378	16.866087	-0.017159	0.841981
83.566074	92.669746	16.871091	-0.017133	0.836379
83.527339	89.844524	16.876096	-0.017126	0.830740
83.369276	87.062216	16.881101	-0.017098	0.825065
83.453417	84.196443	16.886106	-0.017114	0.819352
83.527127	81.357517	16.891111	-0.017127	0.813647
83.291742	78.606266	16.896115	-0.017085	0.807859
83.199989	75.817939	16.901120	-0.017069	0.802058
83.278692	72.979734	16.906125	-0.017084	0.796233
83.090670	70.220871	16.911130	-0.017051	0.790337
83.069668	67.426113	16.916135	-0.017047	0.784444
82.900216	64.667482	16.921139	-0.017017	0.778473
82.938962	61.846325	16.926144	-0.017025	0.772478
82.903553	59.064205	16.931149	-0.017019	0.766464
82.694599	56.331643	16.936154	-0.016981	0.760378
82.732375	53.533916	16.941159	-0.016989	0.754290
82.647281	50.763377	16.946163	-0.016974	0.748117
82.540168	48.007087	16.951168	-0.016955	0.741907
82.563331	45.230639	16.956173	-0.016960	0.735702
82.304668	42.528767	16.961178	-0.016913	0.729390
82.291830	39.765343	16.966183	-0.016911	0.723078
82.271081	37.008541	16.971187	-0.016908	0.716720
82.191757	34.335233	16.976192	-0.016894	0.710452
82.116596	31.879281	16.981197	-0.016881	0.704643
