Tue Jun 02 08:43:28 2020

Number of Points = 3018
Depth (nm)	Load (µN)	Time (s)	Depth (V)	Load (V)
1.652529	-0.085123	0.000000	-0.000041	0.517360

1.666344	-0.090295	0.005005	-0.000044	0.517362
1.556932	-0.077336	0.010010	-0.000025	0.517283
1.667086	-0.193793	0.015014	-0.000045	0.517036
1.614284	-0.173846	0.020019	-0.000036	0.517043
1.586188	-0.170102	0.025024	-0.000032	0.517026
1.772840	-0.259104	0.030029	-0.000066	0.516954
1.583504	-0.265533	0.035034	-0.000032	0.516722
1.582047	-0.260802	0.040038	-0.000032	0.516739
1.395840	-0.261303	0.045043	0.000001	0.516529
1.495596	-0.331341	0.050048	-0.000018	0.516420
1.618138	-0.408620	0.055053	-0.000040	0.516313
1.513712	-0.437633	0.060058	-0.000022	0.516104
1.605340	-0.520594	0.065062	-0.000039	0.515944
1.557462	-0.558269	0.070067	-0.000031	0.515771
1.450216	-0.604332	0.075072	-0.000012	0.515504
1.511110	-0.667240	0.080077	-0.000023	0.515373
1.537057	-0.747401	0.085082	-0.000028	0.515147
1.528738	-0.825816	0.090086	-0.000027	0.514887
1.646858	-0.946840	0.095091	-0.000049	0.514634
1.542311	-0.984477	0.100096	-0.000031	0.514396
1.476401	-1.049751	0.105101	-0.000019	0.514113
1.564473	-1.162962	0.110106	-0.000035	0.513850
1.556458	-1.246431	0.115110	-0.000035	0.513574
1.607065	-1.368953	0.120115	-0.000044	0.513238
1.504447	-1.431112	0.125120	-0.000026	0.512923
1.454034	-1.518349	0.130125	-0.000017	0.512585
1.425018	-1.615602	0.135130	-0.000013	0.512240
1.597964	-1.782235	0.140134	-0.000044	0.511899
1.453232	-1.847485	0.145139	-0.000019	0.511525
1.443947	-1.950962	0.150144	-0.000017	0.511181
1.461677	-2.100969	0.155149	-0.000021	0.510716
1.481645	-2.225439	0.160154	-0.000025	0.510337
1.494722	-2.346282	0.165158	-0.000028	0.509961
1.466447	-2.483804	0.170163	-0.000023	0.509483
1.514052	-2.627744	0.175168	-0.000032	0.509071
1.640714	-2.799724	0.180173	-0.000056	0.508658
1.379401	-2.860097	0.185178	-0.000009	0.508163
1.521841	-3.051633	0.190182	-0.000035	0.507704
1.239919	-3.105842	0.195187	0.000015	0.507204
1.214580	-3.243650	0.200192	0.000020	0.506726
1.195123	-3.378447	0.205197	0.000023	0.506264
1.130287	-3.524485	0.210202	0.000034	0.505713
1.269175	-3.719340	0.215206	0.000008	0.505236
1.286738	-3.887042	0.220211	0.000005	0.504707
1.106943	-3.997056	0.225216	0.000037	0.504139
1.116656	-4.146695	0.230221	0.000035	0.503660
0.930915	-4.253474	0.235226	0.000068	0.503094
1.046044	-4.452749	0.240230	0.000046	0.502573
0.984818	-4.618741	0.245235	0.000057	0.501955
0.797693	-4.719034	0.250240	0.000090	0.501408
0.723731	-4.867156	0.255245	0.000103	0.500833
0.759328	-5.054789	0.260250	0.000096	0.500255
0.701500	-5.215095	0.265254	0.000106	0.499657
-0.024015	-5.124863	0.270259	0.000237	0.499110
-1.004817	-4.927057	0.275264	0.000414	0.498621
-1.504505	-4.870566	0.280269	0.000504	0.498225
-1.788541	-4.897019	0.285274	0.000555	0.497806
-2.089040	-4.911224	0.290278	0.000608	0.497408
-2.577080	-4.853684	0.295283	0.000696	0.497029
-2.914380	-4.830684	0.300288	0.000757	0.496711
-3.152684	-4.844806	0.305293	0.000799	0.496386
-3.340346	-4.872802	0.310298	0.000833	0.496074
-3.724270	-4.832410	0.315302	0.000902	0.495759
-3.935857	-4.833253	0.320307	0.000939	0.495509
-4.268357	-4.794833	0.325312	0.000999	0.495248
-4.161796	-4.917398	0.330317	0.000979	0.494966
-4.549336	-4.868583	0.335322	0.001049	0.494674
-4.820159	-4.838221	0.340326	0.001097	0.494459
-5.157631	-4.773696	0.345331	0.001158	0.494279
-5.202245	-4.837163	0.350336	0.001165	0.494016
-5.217632	-4.894537	0.355341	0.001168	0.493807
-5.572287	-4.817476	0.360346	0.001231	0.493649
-5.923049	-4.767884	0.365350	0.001294	0.493403
-5.805888	-4.874728	0.370355	0.001273	0.493185
-6.145245	-4.804743	0.375360	0.001334	0.493021
-6.480881	-4.761506	0.380365	0.001394	0.492771
-6.298158	-4.868698	0.385370	0.001360	0.492630
-6.551621	-4.825669	0.390374	0.001406	0.492477
-6.673848	-4.862611	0.395379	0.001427	0.492210
-6.827589	-4.837115	0.400384	0.001455	0.492116
-7.363989	-4.731883	0.405389	0.001551	0.491836
-6.973158	-4.891688	0.410394	0.001480	0.491764
-7.435490	-4.800745	0.415398	0.001563	0.491524
-7.279586	-4.897921	0.420403	0.001534	0.491384
-7.648533	-4.815584	0.425408	0.001601	0.491226
-7.793303	-4.835295	0.430413	0.001626	0.490990
-7.871324	-4.835750	0.435418	0.001640	0.490898
-8.158665	-4.808970	0.440422	0.001691	0.490649
-8.257383	-4.793164	0.445427	0.001709	0.490588
-8.294448	-4.845252	0.450432	0.001715	0.490370
-8.465401	-4.816992	0.455437	0.001745	0.490265
-8.666325	-4.812959	0.460442	0.001781	0.490042
-8.923606	-4.745598	0.465446	0.001827	0.489966
-8.814845	-4.847489	0.470451	0.001807	0.489753
-8.808589	-4.880489	0.475456	0.001806	0.489651
-9.153343	-4.834208	0.480461	0.001867	0.489399
-9.396542	-4.763989	0.485466	0.001911	0.489350
-9.555745	-4.774587	0.490470	0.001939	0.489126
-9.661632	-4.767460	0.495475	0.001958	0.489027
-9.613499	-4.815791	0.500480	0.001949	0.488923
-9.940962	-4.745565	0.505485	0.002007	0.488773
-9.809658	-4.821797	0.510490	0.001983	0.488674
-10.150900	-4.769100	0.515494	0.002044	0.488447
-10.054457	-4.838532	0.520499	0.002027	0.488329
-10.634250	-4.693550	0.525504	0.002131	0.488131
-10.439771	-4.773454	0.530509	0.002095	0.488095
-10.683759	-4.769501	0.535514	0.002139	0.487819
-10.499158	-4.837833	0.540518	0.002105	0.487810
-11.026786	-4.739633	0.545523	0.002200	0.487515
-10.854378	-4.795885	0.550528	0.002168	0.487533
-11.126396	-4.794862	0.555533	0.002217	0.487213
-11.071796	-4.820175	0.560538	0.002207	0.487195
-11.519916	-4.743819	0.565542	0.002287	0.486920
-11.299259	-4.835357	0.570547	0.002247	0.486876
-11.647198	-4.781899	0.575552	0.002309	0.486643
-11.598473	-4.820717	0.580557	0.002300	0.486572
-12.079915	-4.717614	0.585562	0.002387	0.486348
-11.997758	-4.771944	0.590566	0.002371	0.486264
-12.016913	-4.809959	0.595571	0.002374	0.486114
-12.311267	-4.759451	0.600576	0.002427	0.485935
-12.393771	-4.754962	0.605581	0.002441	0.485854
-12.699784	-4.715160	0.610586	0.002496	0.485624
-12.556091	-4.769515	0.615590	0.002470	0.485615
-12.747710	-4.791979	0.620595	0.002504	0.485309
-12.849017	-4.759667	0.625600	0.002522	0.485301
-13.028111	-4.768485	0.630605	0.002554	0.485058
-13.165227	-4.736089	0.635610	0.002578	0.485006
-13.281757	-4.761777	0.640614	0.002599	0.484780
-13.474234	-4.725531	0.645619	0.002633	0.484675
-13.522624	-4.744193	0.650624	0.002641	0.484556
-13.713169	-4.732663	0.655629	0.002675	0.484368
-13.467443	-4.844614	0.660634	0.002630	0.484284
-14.002597	-4.721773	0.665638	0.002727	0.484061
-13.990951	-4.736360	0.670643	0.002724	0.484029
-14.168834	-4.737124	0.675648	0.002756	0.483814
-13.961798	-4.826726	0.680653	0.002718	0.483760
-14.659927	-4.661963	0.685658	0.002844	0.483483
-14.505054	-4.719634	0.690662	0.002815	0.483476
-14.630301	-4.757329	0.695667	0.002837	0.483197
-14.768206	-4.718777	0.700672	0.002862	0.483166
-14.937906	-4.734813	0.705677	0.002892	0.482908
-15.021047	-4.723182	0.710682	0.002907	0.482850
-15.125414	-4.741609	0.715686	0.002925	0.482663
-15.224307	-4.740356	0.720691	0.002942	0.482551
-15.363497	-4.739671	0.725696	0.002967	0.482387
-15.655094	-4.689754	0.730701	0.003019	0.482208
-15.512566	-4.762866	0.735706	0.002993	0.482132
-15.782248	-4.735179	0.740710	0.003041	0.481903
-15.641567	-4.806462	0.745715	0.003015	0.481831
-16.101959	-4.709286	0.750720	0.003098	0.481610
-16.060460	-4.741748	0.755725	0.003090	0.481551
-16.358207	-4.709105	0.760730	0.003144	0.481305
-16.303896	-4.736289	0.765734	0.003133	0.481280
-16.686330	-4.695131	0.770739	0.003202	0.480960
-16.604198	-4.725239	0.775744	0.003187	0.480959
-16.923765	-4.679310	0.780749	0.003244	0.480731
-16.703481	-4.779848	0.785754	0.003204	0.480655
-16.954204	-4.752703	0.790758	0.003248	0.480447
-17.150572	-4.720179	0.795763	0.003283	0.480323
-17.277730	-4.713074	0.800768	0.003306	0.480195
-17.547561	-4.670607	0.805773	0.003354	0.480016
-17.422395	-4.738120	0.810778	0.003331	0.479938
-17.933395	-4.625312	0.815782	0.003423	0.479708
-17.782026	-4.680408	0.820787	0.003395	0.479705
-17.748328	-4.776482	0.825792	0.003389	0.479417
-18.018478	-4.686655	0.830797	0.003437	0.479401
-18.363962	-4.646745	0.835802	0.003499	0.479120
-18.261797	-4.687288	0.840806	0.003480	0.479108
-18.412291	-4.684318	0.845811	0.003507	0.478937
-18.413162	-4.699135	0.850816	0.003507	0.478888
-18.520368	-4.728454	0.855821	0.003525	0.478658
-18.683111	-4.703162	0.860826	0.003554	0.478550
-18.973912	-4.659419	0.865830	0.003606	0.478349
-19.065666	-4.665086	0.870835	0.003623	0.478220
-19.034019	-4.719485	0.875840	0.003616	0.478072
-19.203560	-4.708146	0.880845	0.003647	0.477907
-19.190902	-4.750825	0.885850	0.003644	0.477777
-19.559617	-4.667072	0.890854	0.003710	0.477620
-19.589919	-4.699853	0.895859	0.003715	0.477471
-19.892182	-4.648721	0.900864	0.003769	0.477282
-19.912464	-4.657453	0.905869	0.003772	0.477229
-20.079439	-4.672369	0.910874	0.003802	0.476975
-20.062670	-4.681691	0.915878	0.003799	0.476967
-20.200052	-4.723218	0.920883	0.003823	0.476656
-20.215730	-4.721058	0.925888	0.003825	0.476648
-20.362510	-4.751889	0.930893	0.003851	0.476363
-20.493883	-4.726982	0.935898	0.003875	0.476291
-20.887329	-4.665717	0.940902	0.003945	0.476024
-20.850305	-4.684654	0.945907	0.003938	0.476007
-20.986683	-4.721674	0.950912	0.003962	0.475712
-20.963681	-4.733421	0.955917	0.003958	0.475703
-21.376087	-4.677427	0.960922	0.004032	0.475393
-21.270389	-4.716980	0.965926	0.004012	0.475389
-21.402331	-4.746288	0.970931	0.004036	0.475127
-21.588441	-4.695332	0.975936	0.004069	0.475078
-21.806699	-4.695526	0.980941	0.004108	0.474812
-21.902985	-4.677479	0.985946	0.004125	0.474759
-22.129346	-4.659652	0.990950	0.004165	0.474545
-22.113403	-4.690908	0.995955	0.004162	0.474459
-22.282009	-4.697964	1.000960	0.004192	0.474229

-22.445051	-4.699902	1.010957	0.004220	0.474027
-22.632859	-4.677742	1.020954	0.004253	0.473878
-22.757882	-4.676407	1.030950	0.004275	0.473735
-22.896141	-4.681978	1.040947	0.004299	0.473550
-22.981524	-4.654457	1.050944	0.004314	0.473548
-22.946740	-4.669080	1.060941	0.004306	0.473546
-22.824112	-4.714589	1.070938	0.004283	0.473544
-22.943791	-4.697120	1.080934	0.004304	0.473464
-22.823121	-4.739658	1.090931	0.004281	0.473470
-23.021150	-4.695158	1.100928	0.004316	0.473388
-23.106799	-4.620759	1.110925	0.004331	0.473549
-22.835778	-4.718140	1.120922	0.004281	0.473549
-22.909426	-4.696290	1.130918	0.004293	0.473541
-23.041219	-4.650807	1.140915	0.004316	0.473544
-22.929480	-4.691621	1.150912	0.004295	0.473545
-22.963913	-4.668560	1.160909	0.004300	0.473590
-22.762151	-4.659531	1.170906	0.004263	0.473878
-22.744159	-4.667156	1.180902	0.004259	0.473879
-22.818179	-4.639498	1.190899	0.004271	0.473891
-22.667423	-4.694709	1.200896	0.004243	0.473890
-22.518880	-4.680941	1.210893	0.004215	0.474129
-22.426022	-4.709929	1.220890	0.004197	0.474148
-22.441296	-4.704847	1.230886	0.004199	0.474153
-22.438767	-4.708068	1.240883	0.004198	0.474151
-22.418557	-4.672647	1.250880	0.004193	0.474307
-22.159838	-4.722014	1.260877	0.004146	0.474460
-22.141644	-4.727625	1.270874	0.004141	0.474469
-22.139070	-4.728666	1.280870	0.004140	0.474475
-22.263071	-4.690110	1.290867	0.004162	0.474463
-22.048193	-4.686196	1.300864	0.004122	0.474749
-22.037422	-4.687192	1.310861	0.004119	0.474765
-21.996016	-4.705288	1.320858	0.004110	0.474759
-21.965671	-4.685109	1.330854	0.004104	0.474873
-21.656746	-4.734091	1.340851	0.004047	0.475089
-21.814531	-4.680941	1.350848	0.004075	0.475087
-21.736585	-4.709931	1.360845	0.004060	0.475088
-21.687296	-4.682626	1.370842	0.004050	0.475251
-21.559299	-4.687270	1.380838	0.004026	0.475399
-21.531948	-4.698437	1.390835	0.004020	0.475400
-21.576985	-4.685475	1.400832	0.004027	0.475396
-21.153771	-4.746166	1.410829	0.003950	0.475711
-21.191412	-4.732626	1.420826	0.003956	0.475719
-21.113616	-4.762512	1.430822	0.003941	0.475716
-21.262418	-4.713425	1.440819	0.003967	0.475711
-21.252782	-4.689649	1.450816	0.003964	0.475812
-21.078178	-4.692145	1.460813	0.003932	0.476025
-20.984164	-4.727132	1.470810	0.003914	0.476025
-21.075115	-4.699130	1.480806	0.003929	0.476017
-20.792925	-4.717942	1.490803	0.003877	0.476305
-20.777410	-4.710284	1.500800	0.003874	0.476357
-20.774217	-4.712891	1.510797	0.003872	0.476358
-20.853054	-4.688511	1.520794	0.003885	0.476352
-20.746449	-4.642297	1.530790	0.003865	0.476651
-20.697628	-4.658768	1.540787	0.003855	0.476660
-20.703107	-4.644831	1.550784	0.003856	0.476708
-20.474057	-4.651987	1.560781	0.003813	0.476971
-20.366186	-4.693191	1.570778	0.003793	0.476966
-20.412606	-4.677224	1.580774	0.003800	0.476971
-20.217710	-4.687484	1.590771	0.003764	0.477181
-20.237503	-4.653783	1.600768	0.003767	0.477280
-20.133150	-4.693849	1.610765	0.003747	0.477275
-20.219485	-4.657555	1.620762	0.003762	0.477302
-20.071424	-4.625868	1.630758	0.003734	0.477600
-19.914978	-4.681567	1.640755	0.003705	0.477605
-20.043269	-4.639201	1.650752	0.003727	0.477601
-19.743460	-4.671331	1.660749	0.003672	0.477863
-19.732987	-4.665721	1.670746	0.003669	0.477902
-19.593781	-4.715804	1.680742	0.003643	0.477905
-19.703358	-4.679170	1.690739	0.003662	0.477904
-19.316747	-4.778910	1.700736	0.003591	0.478037
-19.314808	-4.728577	1.710733	0.003590	0.478221
-19.290535	-4.738814	1.720730	0.003585	0.478222
-19.366741	-4.712830	1.730726	0.003597	0.478225
-19.298208	-4.739891	1.740723	0.003584	0.478221
-19.388817	-4.667578	1.750720	0.003599	0.478368
-19.117964	-4.715281	1.760717	0.003550	0.478540
-19.122615	-4.715223	1.770714	0.003550	0.478541
-19.122192	-4.718921	1.780710	0.003549	0.478535
-19.057601	-4.670801	1.790707	0.003536	0.478787
-18.825002	-4.730705	1.800704	0.003493	0.478870
-18.959128	-4.684441	1.810701	0.003516	0.478873
-18.768171	-4.753278	1.820698	0.003481	0.478874
-18.728797	-4.726571	1.830694	0.003473	0.479021
-18.692219	-4.719124	1.840691	0.003465	0.479098
-18.809905	-4.677516	1.850688	0.003486	0.479104
-18.523189	-4.768864	1.860685	0.003433	0.479144
-18.486176	-4.709837	1.870682	0.003425	0.479401
-18.382368	-4.747834	1.880678	0.003406	0.479402
-18.443802	-4.726367	1.890675	0.003416	0.479408
-18.302743	-4.736036	1.900672	0.003389	0.479553
-18.289975	-4.698268	1.910669	0.003386	0.479706
-18.166219	-4.744085	1.920666	0.003363	0.479704
-18.377082	-4.671914	1.930662	0.003400	0.479703
-17.932191	-4.738376	1.940659	0.003319	0.480022
-18.001780	-4.712148	1.950656	0.003330	0.480034
-17.898013	-4.752273	1.960653	0.003311	0.480028
-18.015146	-4.711659	1.970650	0.003331	0.480032
-17.691615	-4.740805	1.980646	0.003271	0.480332
-17.794935	-4.705341	1.990643	0.003289	0.480335
-17.653059	-4.758649	2.000640	0.003263	0.480330
-17.835069	-4.683621	2.010637	0.003295	0.480374
-17.496442	-4.726971	2.020634	0.003233	0.480643
-17.594601	-4.691563	2.030630	0.003249	0.480652
-17.481353	-4.734534	2.040627	0.003228	0.480648
-17.468999	-4.681670	2.050624	0.003225	0.480852
-17.252789	-4.730751	2.060621	0.003185	0.480952
-17.229233	-4.739626	2.070618	0.003180	0.480956
-17.350397	-4.685224	2.080614	0.003201	0.481003
-17.003018	-4.726599	2.090611	0.003137	0.481289
-16.955655	-4.745356	2.100608	0.003127	0.481289
-17.092769	-4.697348	2.110605	0.003151	0.481294
-16.997213	-4.718350	2.120602	0.003133	0.481344
-16.777226	-4.725625	2.130598	0.003092	0.481593
-16.823239	-4.711804	2.140595	0.003100	0.481591
-16.922564	-4.677452	2.150592	0.003117	0.481595
-16.565764	-4.752539	2.160589	0.003051	0.481776
-16.593376	-4.706914	2.170586	0.003055	0.481906
-16.630085	-4.698004	2.180582	0.003061	0.481898
-16.710255	-4.671421	2.190579	0.003075	0.481898
-16.476117	-4.672107	2.200576	0.003031	0.482187
-16.232018	-4.753556	2.210573	0.002986	0.482209
-16.326154	-4.723762	2.220570	0.003002	0.482203
-16.237772	-4.754029	2.230566	0.002986	0.482213
-16.113369	-4.720819	2.240563	0.002962	0.482485
-16.053231	-4.726999	2.250560	0.002950	0.482543
-16.119816	-4.705987	2.260557	0.002961	0.482540
-16.049762	-4.731823	2.270554	0.002948	0.482543
-15.904947	-4.708179	2.280550	0.002921	0.482806
-15.800749	-4.736276	2.290547	0.002901	0.482842
-15.882681	-4.711445	2.300544	0.002915	0.482834
-15.797744	-4.741787	2.310541	0.002899	0.482839
-15.591489	-4.729686	2.320538	0.002860	0.483137
-15.502912	-4.756552	2.330534	0.002844	0.483158
-15.513357	-4.755313	2.340531	0.002844	0.483156
-15.595068	-4.727983	2.350528	0.002858	0.483157
-15.340425	-4.755146	2.360525	0.002811	0.483379
-15.378955	-4.716502	2.370522	0.002817	0.483471
-15.376567	-4.719514	2.380518	0.002816	0.483470
-15.312964	-4.742256	2.390515	0.002804	0.483475
-15.144345	-4.716139	2.400512	0.002772	0.483775
-15.005754	-4.757756	2.410509	0.002746	0.483806
-14.979103	-4.765758	2.420506	0.002741	0.483817
-15.092110	-4.730527	2.430502	0.002760	0.483808
-14.897690	-4.746844	2.440499	0.002724	0.483993
-14.828034	-4.752059	2.450496	0.002710	0.484066
-14.744491	-4.783521	2.460493	0.002694	0.484065
-14.847007	-4.751226	2.470490	0.002712	0.484058
-14.691647	-4.735584	2.480486	0.002683	0.484306
-14.564440	-4.761816	2.490483	0.002659	0.484376
-14.447415	-4.805248	2.500480	0.002637	0.484375
-14.579283	-4.760220	2.510477	0.002660	0.484376
-14.290888	-4.806274	2.520474	0.002607	0.484573
-14.342567	-4.761484	2.530470	0.002615	0.484670
-14.257406	-4.790747	2.540467	0.002599	0.484679
-14.319691	-4.771015	2.550464	0.002609	0.484678
-14.161192	-4.788921	2.560461	0.002580	0.484814
-14.074897	-4.766702	2.570458	0.002563	0.485000
-14.008640	-4.791366	2.580454	0.002550	0.485002
-13.987564	-4.799185	2.590451	0.002546	0.485007
-13.856678	-4.847752	2.600448	0.002521	0.485005
-13.825506	-4.780710	2.610445	0.002514	0.485278
-13.730340	-4.807667	2.620442	0.002496	0.485307
-13.934355	-4.737125	2.630438	0.002532	0.485309
-13.717015	-4.769312	2.640435	0.002492	0.485467
-13.601538	-4.766148	2.650432	0.002470	0.485623
-13.545385	-4.787593	2.660429	0.002459	0.485624
-13.441538	-4.825684	2.670426	0.002440	0.485625
-13.477530	-4.770135	2.680422	0.002445	0.485778
-13.189322	-4.828493	2.690419	0.002392	0.485932
-13.353463	-4.772688	2.700416	0.002421	0.485931
-13.233494	-4.816574	2.710413	0.002398	0.485932
-13.265646	-4.787905	2.720410	0.002403	0.485997
-12.890998	-4.845777	2.730406	0.002334	0.486257
-13.056086	-4.787410	2.740403	0.002363	0.486264
-13.121588	-4.764922	2.750400	0.002374	0.486268
-13.013695	-4.779051	2.760397	0.002354	0.486356
-12.852365	-4.775353	2.770394	0.002324	0.486569
-12.993372	-4.727483	2.780390	0.002348	0.486569
-12.879252	-4.763932	2.790387	0.002327	0.486588
-12.680986	-4.748467	2.800384	0.002290	0.486885
-12.577693	-4.787849	2.810381	0.002270	0.486881
-12.686179	-4.753053	2.820378	0.002289	0.486876
-12.479907	-4.776939	2.830374	0.002251	0.487048
-12.408833	-4.765821	2.840371	0.002237	0.487178
-12.350107	-4.785320	2.850368	0.002226	0.487188
-12.436841	-4.756277	2.860365	0.002240	0.487189
-12.166154	-4.773291	2.870362	0.002190	0.487463
-12.101056	-4.784926	2.880358	0.002178	0.487507
-12.171925	-4.761737	2.890355	0.002190	0.487508
-12.138707	-4.772646	2.900352	0.002183	0.487516
-11.990822	-4.749705	2.910349	0.002155	0.487778
-11.843270	-4.791314	2.920346	0.002128	0.487820
-11.920480	-4.766212	2.930342	0.002141	0.487819
-11.970335	-4.733502	2.940339	0.002149	0.487877
-11.731354	-4.744047	2.950336	0.002105	0.488134
-11.727145	-4.746212	2.960333	0.002103	0.488138
-11.527944	-4.818655	2.970330	0.002066	0.488136
-11.566496	-4.782687	2.980326	0.002072	0.488218
-11.328886	-4.799619	2.990323	0.002028	0.488452
-11.373511	-4.785563	3.000320	0.002035	0.488452
-11.460634	-4.758300	3.010317	0.002050	0.488447
-11.400188	-4.745658	3.020314	0.002038	0.488568
-11.124807	-4.778927	3.030310	0.001987	0.488792
-11.294667	-4.722341	3.040307	0.002017	0.488787
-11.139284	-4.780046	3.050304	0.001988	0.488783
-11.133055	-4.735437	3.060301	0.001986	0.488948
-10.936270	-4.782523	3.070298	0.001950	0.489030
-11.145580	-4.710279	3.080294	0.001987	0.489031
-10.891692	-4.780032	3.090291	0.001940	0.489104
-10.842646	-4.729085	3.100288	0.001930	0.489342
-10.700292	-4.781221	3.110285	0.001903	0.489341
-10.824338	-4.739308	3.120282	0.001925	0.489341
-10.577802	-4.762744	3.130278	0.001879	0.489563
-10.642909	-4.719674	3.140275	0.001890	0.489637
-10.389206	-4.809651	3.150272	0.001843	0.489641
-10.538740	-4.758469	3.160269	0.001870	0.489642
-10.297138	-4.753189	3.170266	0.001825	0.489955
-10.411666	-4.710011	3.180262	0.001845	0.489971
-10.150856	-4.803493	3.190259	0.001797	0.489972
-10.272858	-4.747614	3.200256	0.001818	0.490022
-9.923450	-4.798410	3.210253	0.001754	0.490273
-10.093139	-4.738952	3.220250	0.001783	0.490278
-9.836543	-4.831121	3.230246	0.001736	0.490278
-10.066519	-4.753176	3.240243	0.001777	0.490274
-9.794454	-4.766915	3.250240	0.001727	0.490558
-9.865246	-4.734621	3.260237	0.001739	0.490589
-9.710629	-4.789878	3.270234	0.001710	0.490593
-9.643889	-4.814910	3.280230	0.001697	0.490594
-9.343067	-4.857105	3.290227	0.001641	0.490816
-9.348465	-4.835477	3.300224	0.001641	0.490889
-9.070514	-4.934200	3.310221	0.001590	0.490892
-9.394136	-4.819420	3.320218	0.001648	0.490901
-9.228563	-4.879897	3.330214	0.001617	0.490900
-9.416116	-4.816856	3.340211	0.001650	0.490896
-9.177443	-4.835208	3.350208	0.001606	0.491124
-9.223405	-4.790590	3.360205	0.001613	0.491227
-9.113120	-4.829406	3.370202	0.001592	0.491233
-9.227605	-4.790516	3.380198	0.001612	0.491234
-8.785284	-4.862304	3.390195	0.001531	0.491525
-8.786194	-4.861802	3.400192	0.001531	0.491531
-8.874668	-4.831811	3.410189	0.001546	0.491534
-8.764569	-4.870698	3.420186	0.001525	0.491539
-8.671573	-4.854382	3.430182	0.001507	0.491711
-8.520551	-4.868055	3.440179	0.001479	0.491851
-8.522016	-4.871380	3.450176	0.001478	0.491844
-8.515292	-4.871588	3.460173	0.001476	0.491858
-8.555783	-4.862863	3.470170	0.001482	0.491845
-8.334834	-4.873852	3.480166	0.001442	0.492077
-8.522553	-4.788603	3.490163	0.001475	0.492148
-8.260386	-4.880590	3.500160	0.001426	0.492155
-8.383942	-4.826610	3.510157	0.001448	0.492196
-8.157589	-4.822725	3.520154	0.001406	0.492485
-8.202762	-4.808569	3.530150	0.001413	0.492485
-8.181419	-4.817257	3.540147	0.001408	0.492487
-8.032709	-4.792695	3.550144	0.001381	0.492753
-7.873118	-4.842202	3.560141	0.001351	0.492782
-7.863926	-4.847037	3.570138	0.001348	0.492782
-7.966145	-4.787977	3.580134	0.001366	0.492866
-7.604858	-4.845865	3.590131	0.001300	0.493106
-7.726989	-4.807122	3.600128	0.001321	0.493098
-7.701515	-4.815828	3.610125	0.001315	0.493105
-7.447783	-4.863317	3.620122	0.001268	0.493252
-7.186990	-4.907655	3.630118	0.001220	0.493418
-7.421203	-4.826828	3.640115	0.001262	0.493419
-7.345309	-4.856857	3.650112	0.001247	0.493414
-7.458293	-4.816896	3.660109	0.001267	0.493420
-7.013143	-4.885107	3.670106	0.001185	0.493725
-7.057194	-4.866541	3.680102	0.001192	0.493741
-7.089986	-4.855145	3.690099	0.001197	0.493747
-7.139890	-4.840251	3.700096	0.001205	0.493744
-6.944329	-4.871971	3.710093	0.001169	0.493875
-6.946331	-4.831859	3.720090	0.001168	0.494014
-6.758822	-4.899587	3.730086	0.001134	0.494014
-6.888049	-4.856050	3.740083	0.001156	0.494014
-6.737219	-4.867540	3.750080	0.001128	0.494160
-6.701220	-4.832401	3.760077	0.001120	0.494327
-6.674547	-4.846799	3.770074	0.001115	0.494316
-6.743243	-4.807725	3.780070	0.001126	0.494372
-6.251788	-4.906898	3.790067	0.001036	0.494627
-6.444335	-4.839554	3.800064	0.001070	0.494631
-6.341142	-4.879819	3.810061	0.001051	0.494624
-6.468791	-4.829176	3.820058	0.001073	0.494649
-6.095209	-4.870731	3.830054	0.001004	0.494958
-6.188441	-4.839563	3.840051	0.001020	0.494958
-6.186750	-4.842662	3.850048	0.001019	0.494956
-6.304727	-4.756467	3.860045	0.001040	0.495112
-5.940060	-4.843915	3.870042	0.000973	0.495255
-6.092170	-4.791340	3.880038	0.000999	0.495258
-5.872097	-4.836324	3.890035	0.000959	0.495373
-5.857490	-4.784485	3.900032	0.000955	0.495571
-5.757895	-4.820690	3.910029	0.000936	0.495573
-5.727764	-4.831875	3.920026	0.000930	0.495577
-5.427739	-4.873243	3.930022	0.000875	0.495799
-5.469865	-4.835797	3.940019	0.000881	0.495881
-5.429285	-4.852003	3.950016	0.000873	0.495880
-5.497936	-4.829763	3.960013	0.000884	0.495880
-5.390552	-4.839994	3.970010	0.000864	0.495978
-5.217415	-4.833979	3.980006	0.000832	0.496209
-5.178254	-4.849359	3.990003	0.000824	0.496210
-5.163117	-4.857372	4.000000	0.000820	0.496207
-5.065435	-4.892750	4.009997	0.000802	0.496210
-4.906028	-4.870742	4.019994	0.000772	0.496477
-4.966971	-4.838354	4.029990	0.000782	0.496520
-4.803765	-4.897211	4.039987	0.000752	0.496521
-4.831141	-4.892431	4.049984	0.000756	0.496511
-4.862771	-4.855354	4.059981	0.000760	0.496604
-4.458791	-4.931835	4.069978	0.000686	0.496830
-4.583465	-4.887383	4.079974	0.000708	0.496838
-4.698245	-4.850611	4.089971	0.000728	0.496832
-4.665957	-4.854796	4.099968	0.000721	0.496862
-4.436107	-4.853721	4.109965	0.000679	0.497142
-4.490883	-4.837235	4.119962	0.000688	0.497139
-4.444120	-4.856566	4.129958	0.000678	0.497136
-4.270721	-4.853088	4.139955	0.000646	0.497357
-4.176688	-4.854782	4.149952	0.000628	0.497468
-4.176200	-4.858023	4.159949	0.000627	0.497464
-4.215013	-4.845547	4.169946	0.000633	0.497466
-4.001463	-4.853651	4.179942	0.000594	0.497696
-3.848395	-4.888490	4.189939	0.000565	0.497766
-3.852616	-4.887837	4.199936	0.000565	0.497769
-4.025252	-4.831588	4.209933	0.000595	0.497760
-3.724089	-4.884460	4.219930	0.000540	0.497944
-3.717787	-4.843603	4.229926	0.000538	0.498094
-3.494428	-4.924994	4.239923	0.000496	0.498091
-3.551588	-4.907413	4.249920	0.000506	0.498088
-3.504102	-4.925443	4.259917	0.000496	0.498090
-3.452433	-4.860579	4.269914	0.000486	0.498373
-3.309077	-4.901154	4.279910	0.000459	0.498412
-3.563640	-4.816120	4.289907	0.000504	0.498403
-3.165667	-4.960159	4.299904	0.000432	0.498396
-3.196889	-4.860777	4.309901	0.000436	0.498696
-2.791251	-4.992801	4.319898	0.000362	0.498739
-3.146312	-4.868743	4.329894	0.000425	0.498741
-2.978284	-4.932331	4.339891	0.000394	0.498733
-3.173501	-4.846839	4.349888	0.000428	0.498794
-2.786599	-4.929830	4.359885	0.000357	0.498978
-2.882641	-4.898776	4.369882	0.000374	0.498975
-2.727232	-4.955034	4.379878	0.000345	0.498976
-2.836402	-4.897309	4.389875	0.000364	0.499046
-2.458564	-4.958942	4.399872	0.000294	0.499290
-2.652953	-4.894431	4.409869	0.000329	0.499283
-2.468583	-4.960244	4.419866	0.000294	0.499286
-2.698958	-4.855677	4.429862	0.000335	0.499370
-2.306492	-4.930225	4.439859	0.000263	0.499588
-2.588971	-4.833828	4.449856	0.000313	0.499583
-2.446935	-4.879699	4.459853	0.000287	0.499603
-2.202405	-4.876540	4.469850	0.000242	0.499906
-2.075487	-4.920797	4.479846	0.000218	0.499914
-2.445136	-4.792554	4.489843	0.000284	0.499913
-2.290016	-4.770391	4.499840	0.000255	0.500174
-2.208729	-4.789140	4.509837	0.000239	0.500213
-2.044069	-4.814835	4.519834	0.000208	0.500327
-1.798342	-4.842048	4.529830	0.000163	0.500530
-1.636170	-4.901003	4.539827	0.000133	0.500530
-1.658097	-4.893989	4.549824	0.000136	0.500533
-1.718636	-4.874505	4.559821	0.000146	0.500533
-1.691070	-4.801847	4.569818	0.000140	0.500812
-1.464037	-4.874322	4.579814	0.000098	0.500843
-1.578802	-4.834841	4.589811	0.000118	0.500846
-1.487413	-4.826672	4.599808	0.000100	0.500986
-1.302994	-4.838558	4.609805	0.000066	0.501168
-1.234150	-4.864319	4.619802	0.000053	0.501169
-1.294317	-4.842797	4.629798	0.000063	0.501176
-1.187508	-4.829186	4.639795	0.000043	0.501352
-1.087752	-4.827741	4.649792	0.000024	0.501479
-1.034201	-4.848433	4.659789	0.000013	0.501479
-0.986527	-4.866736	4.669786	0.000003	0.501480
-0.901105	-4.842315	4.679782	-0.000013	0.501667
-0.935851	-4.794707	4.689779	-0.000008	0.501790
-0.891979	-4.811553	4.699776	-0.000016	0.501791
-0.826843	-4.807261	4.709773	-0.000029	0.501887
-0.742971	-4.776475	4.719770	-0.000045	0.502093
-0.624330	-4.819621	4.729766	-0.000068	0.502094
-0.629851	-4.818809	4.739763	-0.000068	0.502097
-0.608063	-4.741192	4.749760	-0.000072	0.502385
-0.664988	-4.710884	4.759757	-0.000063	0.502425
-0.618135	-4.698248	4.769754	-0.000072	0.502527
-0.676239	-4.621226	4.779750	-0.000063	0.502720
-0.475094	-4.682746	4.789747	-0.000100	0.502757
-1.092236	-4.378530	4.799744	0.000010	0.503050
-1.103179	-4.295031	4.809741	0.000011	0.503319
-1.220566	-4.164866	4.819738	0.000032	0.503618
-1.043230	-4.146229	4.829734	-0.000001	0.503891
-1.047969	-4.058732	4.839731	-0.000001	0.504180
-1.064544	-3.960469	4.849728	0.000001	0.504491
-1.074708	-3.866423	4.859725	0.000002	0.504795
-1.077458	-3.763163	4.869722	0.000001	0.505137
-1.047046	-3.671310	4.879718	-0.000005	0.505480
-1.063474	-3.548092	4.889715	-0.000003	0.505872
-1.050810	-3.437492	4.899712	-0.000006	0.506256
-0.973419	-3.355712	4.909709	-0.000021	0.506620
-0.903058	-3.272913	4.919706	-0.000035	0.506978
-0.748204	-3.216359	4.929702	-0.000064	0.507348
-0.865484	-3.053050	4.939699	-0.000044	0.507754
-0.771517	-2.972895	4.949696	-0.000062	0.508130
-0.715948	-2.874180	4.959693	-0.000073	0.508523
-0.621554	-2.805476	4.969690	-0.000091	0.508862
-0.595041	-2.696570	4.979686	-0.000096	0.509254
-0.519212	-2.603286	4.989683	-0.000111	0.509651
-0.542730	-2.480148	4.999680	-0.000108	0.510031
-0.658333	-2.317136	5.009677	-0.000088	0.510435
-0.575876	-2.203187	5.019674	-0.000103	0.510906
-0.522725	-2.099777	5.029670	-0.000114	0.511309
-0.440273	-1.988754	5.039667	-0.000130	0.511770
-0.458469	-1.851589	5.049664	-0.000127	0.512200
-0.419286	-1.728553	5.059661	-0.000135	0.512650
-0.303125	-1.628327	5.069658	-0.000157	0.513113
-0.308446	-1.496749	5.079654	-0.000157	0.513539
-0.341374	-1.338239	5.089651	-0.000152	0.514020
-0.297748	-1.222165	5.099648	-0.000161	0.514450
-0.175364	-1.106093	5.109645	-0.000184	0.514970
-0.130937	-0.991811	5.119642	-0.000193	0.515395
-0.253081	-0.786912	5.129638	-0.000172	0.515923
-0.219200	-0.648152	5.139635	-0.000179	0.516413
-0.149159	-0.518697	5.149632	-0.000193	0.516915
-0.162905	-0.341361	5.159629	-0.000191	0.517475
-0.123862	-0.200062	5.169626	-0.000199	0.517978
-0.091489	-0.045056	5.179622	-0.000206	0.518518
0.000000	0.026596	5.189619	-0.000223	0.518856

0.157926	0.099815	5.194624	-0.000252	0.519272
0.094042	0.419856	5.199629	-0.000241	0.520226
0.050754	0.891370	5.204634	-0.000234	0.521684
0.170032	1.427719	5.209638	-0.000256	0.523526
0.130066	2.163851	5.214643	-0.000249	0.525816
0.302184	2.944707	5.219648	-0.000281	0.528471
0.231339	3.941760	5.224653	-0.000269	0.531522
0.422111	4.959921	5.229658	-0.000304	0.534907
0.478216	6.150052	5.234662	-0.000315	0.538655
0.462337	7.463035	5.239667	-0.000312	0.542676
0.786001	8.779495	5.244672	-0.000371	0.547041
0.774132	10.302529	5.249677	-0.000370	0.551638
0.864016	11.902137	5.254682	-0.000387	0.556533
0.983777	13.566720	5.259686	-0.000409	0.561608
1.083614	15.345424	5.264691	-0.000428	0.566952
1.182029	17.212480	5.269696	-0.000446	0.572501
1.310706	19.158766	5.274701	-0.000470	0.578255
1.401524	21.192827	5.279706	-0.000487	0.584164
1.662300	23.260858	5.284710	-0.000535	0.590278
1.606132	25.502041	5.289715	-0.000525	0.596501
1.850621	27.717578	5.294720	-0.000570	0.602881
1.833356	30.088654	5.299725	-0.000568	0.609367
2.093209	32.436628	5.304730	-0.000615	0.615985
2.147778	34.919509	5.309734	-0.000626	0.622700
2.167586	37.478328	5.314739	-0.000630	0.629511
2.422133	40.008433	5.319744	-0.000677	0.636390
2.596350	42.628312	5.324749	-0.000709	0.643355
2.533276	45.372529	5.329754	-0.000698	0.650349
2.766842	48.080763	5.334758	-0.000741	0.657442
2.995974	50.826357	5.339763	-0.000783	0.664548
3.126285	53.666015	5.344768	-0.000807	0.671725
3.228513	56.554772	5.349773	-0.000827	0.678923
3.429667	59.435007	5.354778	-0.000864	0.686109
3.512658	62.399825	5.359782	-0.000879	0.693324
3.616819	65.389015	5.364787	-0.000899	0.700539
3.721511	68.404885	5.369792	-0.000919	0.707744
4.020468	71.402626	5.374797	-0.000973	0.714993
3.940014	74.524136	5.379802	-0.000959	0.722147
4.119035	77.614409	5.384806	-0.000993	0.729368
3.973902	80.815560	5.389811	-0.000967	0.736511
4.310929	83.885160	5.394816	-0.001029	0.743669
4.445950	87.044603	5.399821	-0.001054	0.750802
4.580189	90.222569	5.404826	-0.001079	0.757907
4.662026	93.420863	5.409830	-0.001094	0.764950
4.741321	96.649338	5.414835	-0.001109	0.771992
4.724340	99.900129	5.419840	-0.001107	0.778946
5.086706	103.062576	5.424845	-0.001173	0.785932
4.929056	106.387731	5.429850	-0.001146	0.792817
5.270434	109.560686	5.434854	-0.001208	0.799688
5.489439	112.777189	5.439859	-0.001248	0.806503
5.719182	116.013010	5.444864	-0.001291	0.813307
5.719433	119.324161	5.449869	-0.001291	0.820045
5.887766	122.591665	5.454874	-0.001323	0.826758
5.837322	125.931711	5.459878	-0.001314	0.833410
6.084995	129.165835	5.464883	-0.001360	0.840005
6.243444	132.414867	5.469888	-0.001389	0.846517
6.505346	135.669060	5.474893	-0.001437	0.853059
6.459937	138.993328	5.479898	-0.001430	0.859481
6.601043	142.269282	5.484902	-0.001456	0.865886
6.787198	145.535968	5.489907	-0.001490	0.872256
6.781546	148.852801	5.494912	-0.001490	0.878549
6.953252	152.106569	5.499917	-0.001522	0.884795
6.907791	155.448204	5.504922	-0.001514	0.891019
7.074138	158.689345	5.509926	-0.001545	0.897151
7.330736	161.930621	5.514931	-0.001592	0.903299
7.249768	165.252346	5.519936	-0.001578	0.909338
7.477389	168.494919	5.524941	-0.001620	0.915388
7.588731	171.744051	5.529946	-0.001641	0.921338
7.716975	174.999452	5.534950	-0.001665	0.927271
7.890720	178.239234	5.539955	-0.001697	0.933166
7.983903	181.488518	5.544960	-0.001715	0.938992
7.975813	184.773749	5.549965	-0.001714	0.944783
8.210324	187.992472	5.554970	-0.001757	0.950570
8.064033	191.302905	5.559974	-0.001732	0.956251
8.354269	194.475477	5.564979	-0.001785	0.961923
8.365165	197.731771	5.569984	-0.001787	0.967538
8.565765	200.940668	5.574989	-0.001824	0.973153
8.629522	204.164040	5.579994	-0.001837	0.978679
8.777889	207.375551	5.584998	-0.001864	0.984204
8.878901	210.594788	5.590003	-0.001883	0.989683
9.107174	213.786454	5.595008	-0.001925	0.995159
9.268716	216.965093	5.600013	-0.001955	1.000546
9.369957	220.184487	5.605018	-0.001974	1.005936
9.386953	223.406990	5.610022	-0.001978	1.011255
9.422112	226.635044	5.615027	-0.001985	1.016566
9.637527	229.772966	5.620032	-0.002025	1.021803
9.864354	232.932234	5.625037	-0.002066	1.027055
9.793303	236.182533	5.630042	-0.002054	1.032261
10.061376	239.309449	5.635046	-0.002104	1.037430
10.183743	242.478541	5.640051	-0.002126	1.042561
10.203071	245.691376	5.645056	-0.002131	1.047680
10.448224	248.817907	5.650061	-0.002176	1.052761
10.480233	252.014636	5.655066	-0.002182	1.057812
10.620198	255.173033	5.660070	-0.002208	1.062837
10.700352	258.355281	5.665075	-0.002223	1.067844
10.686404	261.562425	5.670080	-0.002222	1.072815
10.850478	264.696487	5.675085	-0.002252	1.077746
10.849434	267.871556	5.680090	-0.002253	1.082629
11.015953	271.009066	5.685094	-0.002283	1.087522
11.013446	274.189017	5.690099	-0.002284	1.092368
11.117242	277.335392	5.695104	-0.002303	1.097198
11.222896	280.471216	5.700109	-0.002323	1.101992
11.310126	283.616622	5.705114	-0.002340	1.106769
11.480736	286.736200	5.710118	-0.002371	1.111531
11.693468	289.833421	5.715123	-0.002410	1.116260
11.754600	292.971595	5.720128	-0.002422	1.120953
11.954416	296.089617	5.725133	-0.002459	1.125667
12.061921	299.213830	5.730138	-0.002479	1.130323
12.123491	302.373502	5.735142	-0.002491	1.134989
12.269950	305.477259	5.740147	-0.002518	1.139597
12.309448	308.634247	5.745152	-0.002526	1.144211
12.414883	311.761134	5.750157	-0.002546	1.148795
12.550515	314.884101	5.755162	-0.002571	1.153370
12.733746	317.955765	5.760166	-0.002605	1.157877
12.903224	321.071168	5.765171	-0.002636	1.162422
12.808937	324.233795	5.770176	-0.002620	1.166888
12.978388	327.348418	5.775181	-0.002651	1.171397
13.065836	330.446827	5.780186	-0.002668	1.175826
13.184897	333.557770	5.785190	-0.002690	1.180271
13.352488	336.645588	5.790195	-0.002721	1.184691
13.693827	339.692423	5.795200	-0.002783	1.189119
13.726117	342.830086	5.800205	-0.002790	1.193511
13.934256	345.902203	5.805210	-0.002828	1.197879
14.001412	349.016159	5.810214	-0.002841	1.202222
14.012511	352.163488	5.815219	-0.002844	1.206569
14.236565	355.229536	5.820224	-0.002885	1.210889
14.452662	358.309692	5.825229	-0.002925	1.215209
14.509361	361.432152	5.830234	-0.002936	1.219497
14.607381	364.543814	5.835238	-0.002954	1.223775
14.818789	367.622707	5.840243	-0.002993	1.228045
14.898468	370.752674	5.845248	-0.003008	1.232309
15.041251	373.809251	5.850253	-0.003035	1.236489
15.282303	376.890761	5.855258	-0.003079	1.240733
15.508198	379.930062	5.860262	-0.003121	1.244899
15.824215	382.990908	5.865267	-0.003179	1.249120
15.771920	386.142131	5.870272	-0.003170	1.253281
15.918113	389.228365	5.875277	-0.003197	1.257432
16.035386	392.325902	5.880282	-0.003219	1.261570
16.103632	395.446254	5.885286	-0.003232	1.265703
16.187758	398.547447	5.890291	-0.003248	1.269805
16.416960	401.607526	5.895296	-0.003290	1.273904
16.384933	404.717213	5.900301	-0.003285	1.277939
16.603009	407.793804	5.905306	-0.003325	1.282029
16.407900	410.957883	5.910310	-0.003291	1.286037
16.571605	414.036697	5.915315	-0.003321	1.290080
16.857877	417.047029	5.920320	-0.003373	1.294076
17.060802	420.105185	5.925325	-0.003411	1.298084
17.200898	423.185842	5.930330	-0.003437	1.302082
17.420388	426.240144	5.935334	-0.003477	1.306068
17.471931	429.348736	5.940339	-0.003487	1.310039
17.703854	432.420322	5.945344	-0.003530	1.314028
17.701452	435.521081	5.950349	-0.003530	1.317941
17.923531	438.581506	5.955354	-0.003571	1.321888
17.978340	441.661702	5.960358	-0.003582	1.325777
18.324072	444.674677	5.965363	-0.003645	1.329693
18.506332	447.723320	5.970368	-0.003679	1.333574
18.598715	450.824553	5.975373	-0.003696	1.337471
18.792346	453.867211	5.980378	-0.003732	1.341326
18.790512	457.001602	5.985382	-0.003732	1.345202
18.807461	460.100571	5.990387	-0.003736	1.349030
18.981933	463.172747	5.995392	-0.003768	1.352881
19.062695	466.225557	6.000397	-0.003784	1.356658
19.203739	469.285230	6.005402	-0.003810	1.360458
19.228532	472.386819	6.010406	-0.003815	1.364250
19.440277	475.416961	6.015411	-0.003854	1.368022
19.512477	478.516586	6.020416	-0.003868	1.371810
19.492803	481.617671	6.025421	-0.003865	1.375552
19.465870	484.715767	6.030426	-0.003861	1.379278
19.794809	487.721411	6.035430	-0.003921	1.383027
20.133923	490.692642	6.040435	-0.003983	1.386728
20.407817	493.749114	6.045440	-0.004033	1.390495
20.537310	496.804246	6.050445	-0.004057	1.394193
20.830671	499.826486	6.055450	-0.004111	1.397907
20.785017	502.956126	6.060454	-0.004104	1.401603
20.893576	506.019610	6.065459	-0.004124	1.405272
20.755720	509.167087	6.070464	-0.004100	1.408933
21.053366	512.182333	6.075469	-0.004154	1.412602
21.149335	515.236481	6.080474	-0.004172	1.416227
21.263707	518.308502	6.085478	-0.004194	1.419870
21.378138	521.350386	6.090483	-0.004215	1.423470
21.514925	524.434946	6.095488	-0.004241	1.427118
21.664488	527.480612	6.100493	-0.004268	1.430718
21.961894	530.469883	6.105498	-0.004323	1.434300
21.968950	533.569976	6.110502	-0.004325	1.437889
22.195673	536.607265	6.115507	-0.004366	1.441481
22.280345	539.660781	6.120512	-0.004383	1.445028
22.502970	542.716325	6.125517	-0.004423	1.448622
22.500325	545.817650	6.130522	-0.004424	1.452173
22.531247	548.900775	6.135526	-0.004430	1.455708
22.551518	551.969359	6.140531	-0.004434	1.459213
22.696474	555.032723	6.145536	-0.004461	1.462751
22.844484	558.073406	6.150541	-0.004489	1.466256
22.852987	561.167690	6.155546	-0.004491	1.469761
23.059419	564.174646	6.160550	-0.004529	1.473233
23.075640	567.266508	6.165555	-0.004533	1.476721
23.211743	570.284830	6.170560	-0.004558	1.480164
23.377561	573.319587	6.175565	-0.004589	1.483628
23.418593	576.388369	6.180570	-0.004597	1.487075
23.692260	579.401697	6.185574	-0.004647	1.490539
23.669653	582.469688	6.190579	-0.004644	1.493946
23.915592	585.504606	6.195584	-0.004689	1.497408
24.056615	588.538777	6.200589	-0.004715	1.500822
24.295582	591.562306	6.205594	-0.004759	1.504253
24.337137	594.642370	6.210598	-0.004767	1.507665
24.463995	597.711685	6.215603	-0.004791	1.511090
24.594503	600.718382	6.220608	-0.004815	1.514439
24.747671	603.769790	6.225613	-0.004844	1.517838
24.808449	606.841366	6.230618	-0.004855	1.521218
25.107015	609.825235	6.235622	-0.004910	1.524581
25.116362	612.910257	6.240627	-0.004912	1.527942
25.571987	615.904690	6.245632	-0.004996	1.531359
25.564585	618.962038	6.250637	-0.004995	1.534669
25.684007	622.045628	6.255642	-0.005017	1.538045
26.045836	625.022371	6.260646	-0.005083	1.541387
26.469403	627.989638	6.265651	-0.005161	1.544733
26.493526	631.111078	6.270656	-0.005166	1.548094
26.611482	634.188458	6.275661	-0.005188	1.551434
26.686620	637.219341	6.280666	-0.005202	1.554703
26.928893	640.266085	6.285670	-0.005247	1.558040
26.995510	643.319313	6.290675	-0.005259	1.561315
26.968524	646.428172	6.295680	-0.005255	1.564609
27.002820	649.492915	6.300685	-0.005262	1.567871
27.223507	652.521002	6.305690	-0.005303	1.571153
27.318355	655.562468	6.310694	-0.005321	1.574398
27.391678	658.611828	6.315699	-0.005335	1.577638
27.519618	661.676233	6.320704	-0.005358	1.580905
27.762776	664.679091	6.325709	-0.005403	1.584142
28.033446	667.672875	6.330714	-0.005453	1.587371
28.168795	670.759447	6.335718	-0.005478	1.590645
28.246580	673.751017	6.340723	-0.005493	1.593792
28.549395	676.782728	6.345728	-0.005548	1.597053
28.548830	679.872576	6.350733	-0.005549	1.600263
28.667322	682.901917	6.355738	-0.005571	1.603444
28.840924	685.966039	6.360742	-0.005603	1.606674
28.996324	689.006652	6.365747	-0.005632	1.609868
28.977200	692.071974	6.370752	-0.005629	1.613020
29.207718	695.103078	6.375757	-0.005671	1.616217
29.109765	698.190047	6.380762	-0.005654	1.619352
29.343650	701.221904	6.385766	-0.005697	1.622538
29.328031	704.288750	6.390771	-0.005695	1.625669
29.579193	707.295817	6.395776	-0.005741	1.628823
29.710666	710.337720	6.400781	-0.005766	1.631966
29.928133	713.341558	6.405786	-0.005806	1.635093
30.044223	716.371373	6.410790	-0.005828	1.638206
30.102306	719.442473	6.415795	-0.005839	1.641336
30.191577	722.467251	6.420800	-0.005856	1.644424
30.384085	725.507124	6.425805	-0.005891	1.647555
30.487271	728.539212	6.430810	-0.005911	1.650643
30.783023	731.521714	6.435814	-0.005965	1.653739
30.680312	734.638170	6.440819	-0.005947	1.656832
30.960207	737.626761	6.445824	-0.005998	1.659917
31.044588	740.669230	6.450829	-0.006014	1.662986
31.099029	743.735904	6.455834	-0.006025	1.666063
31.157401	746.787690	6.460838	-0.006036	1.669122
31.312315	749.812427	6.465843	-0.006065	1.672179
31.420035	752.839672	6.470848	-0.006085	1.675218
31.661827	755.840205	6.475853	-0.006129	1.678269
31.659554	758.911969	6.480858	-0.006130	1.681305
31.691735	761.980127	6.485862	-0.006136	1.684343
31.834170	764.995248	6.490867	-0.006163	1.687360
31.754846	768.116547	6.495872	-0.006149	1.690403
31.882210	771.100073	6.500877	-0.006173	1.693373
32.209255	774.072047	6.505882	-0.006233	1.696390
32.341938	777.103261	6.510886	-0.006257	1.699398
32.536707	780.129087	6.515891	-0.006293	1.702414
32.741881	783.140964	6.520896	-0.006331	1.705415
32.939625	786.167499	6.525901	-0.006368	1.708423
32.956390	789.222275	6.530906	-0.006371	1.711395
33.359632	792.187680	6.535910	-0.006445	1.714399
33.434499	795.234067	6.540915	-0.006459	1.717371
33.825204	798.218245	6.545920	-0.006530	1.720378
33.887638	801.265871	6.550925	-0.006542	1.723337
34.281306	804.263238	6.555930	-0.006614	1.726347
34.064710	807.420465	6.560934	-0.006576	1.729313
34.328547	810.402695	6.565939	-0.006624	1.732257
34.554548	813.417805	6.570944	-0.006666	1.735216
35.102000	816.337676	6.575949	-0.006766	1.738180
35.209905	819.409121	6.580954	-0.006786	1.741145
35.573439	822.411940	6.585958	-0.006852	1.744120
35.642170	825.491642	6.590963	-0.006865	1.747071
35.631367	828.620973	6.595968	-0.006864	1.750039
35.690864	831.620944	6.600973	-0.006876	1.752902
35.807958	834.703064	6.605978	-0.006898	1.755855
35.802046	837.755878	6.610982	-0.006897	1.758738
35.909335	840.802757	6.615987	-0.006917	1.761645
36.021402	843.841234	6.620992	-0.006938	1.764541
36.155314	846.869481	6.625997	-0.006963	1.767430
36.201096	849.931485	6.631002	-0.006972	1.770318
36.278142	852.964437	6.636006	-0.006987	1.773184
36.273371	856.017451	6.641011	-0.006987	1.776039
36.519548	859.027188	6.646016	-0.007032	1.778926
36.596436	862.032712	6.651021	-0.007047	1.781753
37.040947	864.990254	6.656026	-0.007128	1.784642
37.039492	868.059100	6.661030	-0.007128	1.787494
37.230226	871.097278	6.666035	-0.007163	1.790372
37.398581	874.082870	6.671040	-0.007194	1.793190
37.458030	877.147377	6.676045	-0.007206	1.796043
37.444056	880.217275	6.681050	-0.007204	1.798874
37.580885	883.229356	6.686054	-0.007229	1.801693
37.596547	886.296170	6.691059	-0.007233	1.804522
37.911053	889.257496	6.696064	-0.007291	1.807339
37.837405	892.348303	6.701069	-0.007278	1.810154
38.120649	895.318383	6.706074	-0.007330	1.812961
37.959042	898.428811	6.711078	-0.007301	1.815759
37.990817	901.493690	6.716083	-0.007308	1.818569
38.208943	904.459238	6.721088	-0.007348	1.821339
38.644544	907.399905	6.726093	-0.007428	1.824147
38.814052	910.416818	6.731098	-0.007459	1.826941
39.181919	913.413079	6.736102	-0.007526	1.829771
39.111116	916.460411	6.741107	-0.007514	1.832513
39.521150	919.433546	6.746112	-0.007589	1.835325
39.640244	922.473032	6.751117	-0.007611	1.838108
39.841371	925.511459	6.756122	-0.007648	1.840909
39.974262	928.543729	6.761126	-0.007673	1.843681
40.088298	931.606235	6.766131	-0.007694	1.846470
40.199682	934.661788	6.771136	-0.007715	1.849248
40.332456	937.671860	6.776141	-0.007740	1.851987
40.486677	940.707416	6.781146	-0.007768	1.854751
40.632993	943.727285	6.786150	-0.007796	1.857494
40.622781	946.813406	6.791155	-0.007794	1.860248
40.783199	949.843604	6.796160	-0.007824	1.862996
40.791545	952.899676	6.801165	-0.007826	1.865720
41.096355	955.892295	6.806170	-0.007882	1.868469
41.223147	958.866854	6.811174	-0.007906	1.871147
41.133931	962.007469	6.816179	-0.007890	1.873905
41.264696	964.976828	6.821184	-0.007915	1.876572
41.610488	967.955018	6.826189	-0.007978	1.879304
41.729966	970.962971	6.831194	-0.008000	1.881993
41.778253	974.056691	6.836198	-0.008010	1.884734
41.805389	977.105878	6.841203	-0.008015	1.887426
41.810811	980.143536	6.846208	-0.008017	1.890097
41.968507	983.131209	6.851213	-0.008046	1.892764
42.203837	986.153691	6.856218	-0.008090	1.895480
42.254330	989.178162	6.861222	-0.008099	1.898141
42.383586	992.220584	6.866227	-0.008123	1.900837
42.451570	995.252669	6.871232	-0.008136	1.903502
42.552204	998.281180	6.876237	-0.008155	1.906170
42.744351	1001.307397	6.881242	-0.008191	1.908858
42.977727	1004.223276	6.886246	-0.008234	1.911458
43.002651	1007.325836	6.891251	-0.008239	1.914157
43.134328	1010.337375	6.896256	-0.008263	1.916804
43.318225	1013.342615	6.901261	-0.008297	1.919456
43.659761	1016.316427	6.906266	-0.008360	1.922122
43.733311	1019.372374	6.911270	-0.008374	1.924780
43.771392	1022.444760	6.916275	-0.008382	1.927438
43.858383	1025.469146	6.921280	-0.008398	1.930065
43.958918	1028.483523	6.926285	-0.008417	1.932684
44.061036	1031.534671	6.931290	-0.008436	1.935331
44.193620	1034.552351	6.936294	-0.008461	1.937954
44.056396	1037.640690	6.941299	-0.008437	1.940560
44.369434	1040.622607	6.946304	-0.008494	1.943195
44.432215	1043.632798	6.951309	-0.008506	1.945783
44.632011	1046.687229	6.956314	-0.008543	1.948441
44.689522	1049.677049	6.961318	-0.008554	1.951003
45.107663	1052.645206	6.966323	-0.008630	1.953641
45.207522	1055.655610	6.971328	-0.008649	1.956224
45.328543	1058.696229	6.976333	-0.008672	1.958836
45.518042	1061.685385	6.981338	-0.008707	1.961419
45.694465	1064.727322	6.986342	-0.008739	1.964039
45.780727	1067.751341	6.991347	-0.008755	1.966617
45.858946	1070.830124	6.996352	-0.008770	1.969235
45.995621	1073.789298	7.001357	-0.008796	1.971765
46.230850	1076.824713	7.006362	-0.008839	1.974382
46.259666	1079.875504	7.011366	-0.008845	1.976953
46.196215	1082.951512	7.016371	-0.008834	1.979517
46.286738	1085.970517	7.021376	-0.008851	1.982071
46.504726	1088.975739	7.026381	-0.008891	1.984645
46.659769	1091.979937	7.031386	-0.008920	1.987197
46.726267	1095.015349	7.036390	-0.008933	1.989749
46.833032	1098.005622	7.041395	-0.008953	1.992270
47.108441	1101.011583	7.046400	-0.009003	1.994847
47.158798	1104.044819	7.051405	-0.009013	1.997382
47.084289	1107.130387	7.056410	-0.009000	1.999925
47.298045	1110.110798	7.061414	-0.009040	2.002454
47.385171	1113.149582	7.066419	-0.009056	2.004994
47.595518	1116.146428	7.071424	-0.009095	2.007529
47.872164	1119.105179	7.076429	-0.009146	2.010047
47.915469	1122.167024	7.081434	-0.009154	2.012585
48.047217	1125.198990	7.086438	-0.009179	2.015119
48.162143	1128.228266	7.091443	-0.009200	2.017643
48.182162	1131.272911	7.096448	-0.009205	2.020151
48.393899	1134.283328	7.101453	-0.009244	2.022679
48.343947	1137.368812	7.106458	-0.009235	2.025196
48.625047	1140.340216	7.111462	-0.009287	2.027703
48.838035	1143.303964	7.116467	-0.009326	2.030183
48.897808	1146.347112	7.121472	-0.009338	2.032685
49.041322	1149.372119	7.126477	-0.009364	2.035191
49.204765	1152.376561	7.131482	-0.009395	2.037682
49.317486	1155.388276	7.136486	-0.009416	2.040163
49.355487	1158.450402	7.141491	-0.009423	2.042663
49.569637	1161.439780	7.146496	-0.009463	2.045146
49.788740	1164.458303	7.151501	-0.009503	2.047650
49.907149	1167.470667	7.156506	-0.009525	2.050121
49.996182	1170.515007	7.161510	-0.009542	2.052607
50.229183	1173.495612	7.166515	-0.009585	2.055076
50.194020	1176.573001	7.171520	-0.009579	2.057551
50.307528	1179.589535	7.176525	-0.009600	2.060011
50.563332	1182.584861	7.181530	-0.009647	2.062489
50.695773	1185.606444	7.186534	-0.009672	2.064953
50.759603	1188.675691	7.191539	-0.009684	2.067434
50.887238	1191.656529	7.196544	-0.009708	2.069858
50.991322	1194.680387	7.201549	-0.009728	2.072308
51.114362	1197.703422	7.206554	-0.009750	2.074759
51.079713	1200.765313	7.211558	-0.009745	2.077198
51.167131	1203.784212	7.216563	-0.009761	2.079631
51.355600	1206.781681	7.221568	-0.009796	2.082069
51.488339	1209.801231	7.226573	-0.009821	2.084508
51.681926	1212.808038	7.231578	-0.009857	2.086950
51.609770	1215.868523	7.236582	-0.009844	2.089364
51.811969	1218.844760	7.241587	-0.009882	2.091778
51.858938	1221.908410	7.246592	-0.009891	2.094219
51.907459	1224.929011	7.251597	-0.009900	2.096623
51.900230	1227.999200	7.256602	-0.009900	2.099050
51.895434	1231.017600	7.261606	-0.009900	2.101434
51.890484	1234.091928	7.266611	-0.009899	2.103860
52.018545	1237.073015	7.271616	-0.009923	2.106242
52.224062	1240.051888	7.276621	-0.009961	2.108639
52.387403	1243.015425	7.281626	-0.009991	2.111011
52.345111	1246.100092	7.286630	-0.009984	2.113424
52.401813	1249.086701	7.291635	-0.009995	2.115782
52.617456	1252.101374	7.296640	-0.010035	2.118199
52.599315	1255.114059	7.301645	-0.010033	2.120553
52.667635	1258.178475	7.306650	-0.010046	2.122967
52.830804	1261.136480	7.311654	-0.010076	2.125318
52.962185	1264.187956	7.316659	-0.010100	2.127732
53.050557	1267.145912	7.321664	-0.010117	2.130060
53.226752	1270.182766	7.326669	-0.010150	2.132468
53.297898	1273.179150	7.331674	-0.010163	2.134816
53.499830	1276.219873	7.336678	-0.010200	2.137228
53.604396	1279.179884	7.341683	-0.010220	2.139551
53.756811	1282.246182	7.346688	-0.010248	2.141965
53.753898	1285.293940	7.351693	-0.010248	2.144324
53.888864	1288.313945	7.356698	-0.010274	2.146693
54.280700	1291.218658	7.361702	-0.010345	2.149033
54.436739	1294.241252	7.366707	-0.010374	2.151403
54.447655	1297.297329	7.371712	-0.010377	2.153762
54.443444	1300.378766	7.376717	-0.010377	2.156134
54.593390	1303.357834	7.381722	-0.010405	2.158462
54.735008	1306.380425	7.386726	-0.010431	2.160819
54.754079	1309.432093	7.391731	-0.010435	2.163166
54.871949	1312.456033	7.396736	-0.010457	2.165513
55.066752	1315.460980	7.401741	-0.010493	2.167861
55.078997	1318.475578	7.406746	-0.010496	2.170170
55.144420	1321.530456	7.411750	-0.010508	2.172521
55.277379	1324.526546	7.416755	-0.010533	2.174840
55.460886	1327.528065	7.421760	-0.010567	2.177173
55.656351	1330.517047	7.426765	-0.010603	2.179496
55.762774	1333.531909	7.431770	-0.010623	2.181816
55.949692	1336.555003	7.436774	-0.010658	2.184159
56.141429	1339.578899	7.441779	-0.010693	2.186501
56.304900	1342.554237	7.446784	-0.010723	2.188796
56.385595	1345.591085	7.451789	-0.010739	2.191117
56.393825	1348.635936	7.456794	-0.010741	2.193423
57.379988	1351.396352	7.461798	-0.010920	2.195744
57.572413	1354.476312	7.466803	-0.010955	2.198116
57.616570	1357.521001	7.471808	-0.010964	2.200423
57.548702	1360.676712	7.476813	-0.010952	2.202786
57.760478	1363.633767	7.481818	-0.010991	2.205062
57.780248	1366.733993	7.486822	-0.010996	2.207398
57.962851	1369.693872	7.491827	-0.011029	2.209665
57.881502	1372.801818	7.496832	-0.011015	2.211979
57.989238	1375.795139	7.501837	-0.011036	2.214248
58.296881	1378.790255	7.506842	-0.011092	2.216564
58.355068	1381.777608	7.511846	-0.011103	2.218812
58.519085	1384.839486	7.516851	-0.011133	2.221139
58.643132	1387.830511	7.521856	-0.011157	2.223401
58.749979	1390.890957	7.526861	-0.011177	2.225709
58.889553	1393.883623	7.531866	-0.011203	2.227971
58.982039	1396.874986	7.536870	-0.011220	2.230219
59.225312	1399.883958	7.541875	-0.011265	2.232513
59.359954	1402.887731	7.546880	-0.011290	2.234776
59.274694	1405.991340	7.551885	-0.011275	2.237059
59.397663	1408.964309	7.556890	-0.011298	2.239292
59.453304	1412.011895	7.561894	-0.011309	2.241562
59.704388	1414.999218	7.566899	-0.011355	2.243830
59.643396	1418.069906	7.571904	-0.011345	2.246085
59.712600	1421.077116	7.576909	-0.011358	2.248321
59.752157	1424.102930	7.581914	-0.011366	2.250562
59.843359	1427.126318	7.586918	-0.011383	2.252811
59.978655	1430.117630	7.591923	-0.011408	2.255044
60.110629	1433.142531	7.596928	-0.011433	2.257299
60.048021	1436.177183	7.601933	-0.011422	2.259514
60.278023	1439.194129	7.606938	-0.011464	2.261781
60.373985	1442.169550	7.611942	-0.011482	2.263984
60.484423	1445.241311	7.616947	-0.011503	2.266259
60.735090	1448.168084	7.621952	-0.011549	2.268458
60.973511	1451.176406	7.626957	-0.011593	2.270711
61.032410	1454.197956	7.631962	-0.011604	2.272931
61.236757	1457.184022	7.636966	-0.011642	2.275156
61.243062	1460.246078	7.641971	-0.011644	2.277390
61.341410	1463.254298	7.646976	-0.011662	2.279602
61.203677	1466.356244	7.651981	-0.011638	2.281828
61.370617	1469.314546	7.656986	-0.011669	2.284015
61.437952	1472.365560	7.661990	-0.011682	2.286246
61.572691	1475.335400	7.666995	-0.011707	2.288430
61.560427	1478.393735	7.672000	-0.011705	2.290644
61.708967	1481.405699	7.677005	-0.011733	2.292858
61.719735	1484.420063	7.682010	-0.011736	2.295040
61.900076	1487.424858	7.687014	-0.011769	2.297252
61.963115	1490.411768	7.692019	-0.011781	2.299422
62.073504	1493.459025	7.697024	-0.011802	2.301644
62.213076	1496.441072	7.702029	-0.011828	2.303824
62.194621	1499.520829	7.707034	-0.011825	2.306037
62.441797	1502.436788	7.712038	-0.011871	2.308188
62.353627	1505.528470	7.717043	-0.011855	2.310390
62.395370	1508.540743	7.722048	-0.011864	2.312561
62.604818	1511.526994	7.727053	-0.011902	2.314749
62.865040	1514.483281	7.732058	-0.011950	2.316925
62.911788	1517.529904	7.737062	-0.011959	2.319115
63.036072	1520.560769	7.742067	-0.011982	2.321310
63.115951	1523.555546	7.747072	-0.011997	2.323467
63.276829	1526.590347	7.752077	-0.012027	2.325668
63.355827	1529.578830	7.757082	-0.012042	2.327817
63.525685	1532.589716	7.762086	-0.012074	2.329999
63.635367	1535.634760	7.767091	-0.012094	2.332190
63.711358	1538.617070	7.772096	-0.012109	2.334327
64.060877	1541.620025	7.777101	-0.012173	2.336537
64.040948	1544.631989	7.782106	-0.012170	2.338670
64.107494	1547.693686	7.787110	-0.012182	2.340855
64.249854	1550.703215	7.792115	-0.012209	2.343018
64.243794	1553.770253	7.797120	-0.012208	2.345188
64.353787	1556.757856	7.802125	-0.012229	2.347324
64.417190	1559.759224	7.807130	-0.012241	2.349458
64.511108	1562.774342	7.812134	-0.012259	2.351606
64.720299	1565.747789	7.817139	-0.012297	2.353748
64.733797	1568.811371	7.822144	-0.012301	2.355910
64.852061	1571.803239	7.827149	-0.012323	2.358041
64.959637	1574.820027	7.832154	-0.012343	2.360186
64.938299	1577.886475	7.837158	-0.012340	2.362335
65.070442	1580.895971	7.842163	-0.012364	2.364476
65.112260	1583.921235	7.847168	-0.012373	2.366607
65.266341	1586.861343	7.852173	-0.012401	2.368700
65.320260	1589.939675	7.857178	-0.012412	2.370867
65.391293	1592.903041	7.862182	-0.012425	2.372954
65.478731	1595.966408	7.867187	-0.012442	2.375114
65.661982	1598.939065	7.872192	-0.012476	2.377228
65.608213	1602.005330	7.877197	-0.012467	2.379356
65.792916	1605.005186	7.882202	-0.012501	2.381486
65.674082	1608.052838	7.887206	-0.012480	2.383582
65.972916	1611.025743	7.892211	-0.012535	2.385714
66.110149	1613.961602	7.897216	-0.012560	2.387784
66.253294	1616.979465	7.902221	-0.012587	2.389910
66.418934	1620.020002	7.907226	-0.012617	2.392055
66.555477	1623.001016	7.912230	-0.012643	2.394150
66.762732	1626.029428	7.917235	-0.012681	2.396291
67.010052	1628.956987	7.922240	-0.012726	2.398369
67.096441	1632.039094	7.927245	-0.012743	2.400518
67.152484	1635.079659	7.932250	-0.012754	2.402630
67.279197	1638.113374	7.937254	-0.012777	2.404751
67.244522	1641.142832	7.942259	-0.012772	2.406832
67.399134	1644.143519	7.947264	-0.012800	2.408932
67.441965	1647.180036	7.952269	-0.012809	2.411031
67.551166	1650.187422	7.957274	-0.012829	2.413122
67.660584	1653.219676	7.962278	-0.012850	2.415228
67.732739	1656.222054	7.967283	-0.012864	2.417305
67.919610	1659.215820	7.972288	-0.012898	2.419397
68.077889	1662.225517	7.977293	-0.012927	2.421493
68.137653	1665.244810	7.982298	-0.012939	2.423573
68.040912	1668.380748	7.987302	-0.012922	2.425698
68.286596	1671.228840	7.992307	-0.012967	2.427696
68.609372	1674.230692	7.997312	-0.013026	2.429813
68.712127	1677.239188	8.002317	-0.013046	2.431887
68.888418	1680.247899	8.007322	-0.013078	2.433975
69.048991	1683.284679	8.012326	-0.013108	2.436077
69.117861	1686.270281	8.017331	-0.013121	2.438123
69.194404	1689.341770	8.022336	-0.013136	2.440228
69.546146	1692.265795	8.027341	-0.013200	2.442287
69.708880	1695.287491	8.032346	-0.013230	2.444372
69.740005	1698.363712	8.037350	-0.013236	2.446465
69.630297	1701.379702	8.042355	-0.013217	2.448487
69.792157	1704.436267	8.047360	-0.013247	2.450590
69.966469	1707.388786	8.052365	-0.013280	2.452623
70.145892	1710.422231	8.057370	-0.013313	2.454710
70.243544	1713.420186	8.062374	-0.013331	2.456755
70.352780	1716.437311	8.067379	-0.013352	2.458814
70.544815	1719.443078	8.072384	-0.013387	2.460880
70.689421	1722.454672	8.077389	-0.013414	2.462938
70.793646	1725.494051	8.082394	-0.013433	2.465005
70.702301	1728.523153	8.087398	-0.013418	2.467024
70.720695	1731.535943	8.092403	-0.013422	2.469053
71.005886	1734.518067	8.097408	-0.013474	2.471113
71.141219	1737.503364	8.102413	-0.013499	2.473144
71.045384	1740.606875	8.107418	-0.013482	2.475205
71.243206	1743.548964	8.112422	-0.013519	2.477215
71.375096	1746.594409	8.117427	-0.013543	2.479280
71.328095	1749.630547	8.122432	-0.013536	2.481301
71.462264	1752.665930	8.127437	-0.013561	2.483356
71.482798	1755.691587	8.132442	-0.013565	2.485381
71.493853	1758.671062	8.137446	-0.013568	2.487370
71.523010	1761.697153	8.142451	-0.013574	2.489393
71.687450	1764.707478	8.147456	-0.013604	2.491431
71.647082	1767.731083	8.152461	-0.013598	2.493435
71.836499	1770.751582	8.157466	-0.013633	2.495482
71.968172	1773.684809	8.162470	-0.013657	2.497457
72.041153	1776.766782	8.167475	-0.013671	2.499517
72.345096	1779.696130	8.172480	-0.013727	2.501521
72.313051	1782.786268	8.177485	-0.013722	2.503563
72.426776	1785.786735	8.182490	-0.013743	2.505572
72.518651	1788.756565	8.187494	-0.013760	2.507556
72.460510	1791.820167	8.192499	-0.013750	2.509570
72.835860	1794.769938	8.197504	-0.013819	2.511593
72.747369	1797.826043	8.202509	-0.013804	2.513593
72.858392	1800.860407	8.207514	-0.013825	2.515616
73.041669	1803.792146	8.212518	-0.013858	2.517584
72.975347	1806.889146	8.217523	-0.013847	2.519611
73.161429	1809.868509	8.222528	-0.013881	2.521608
73.122441	1812.914476	8.227533	-0.013875	2.523603
73.409078	1815.893989	8.232538	-0.013928	2.525617
73.333068	1818.900923	8.237542	-0.013915	2.527576
73.473574	1821.920540	8.242547	-0.013941	2.529584
73.562801	1824.925561	8.247552	-0.013958	2.531571
73.681927	1827.920209	8.252557	-0.013980	2.533555
73.780630	1830.977555	8.257562	-0.013998	2.535575
73.857974	1833.939134	8.262566	-0.014013	2.537527
74.018678	1836.986628	8.267571	-0.014043	2.539549
74.177790	1839.974642	8.272576	-0.014072	2.541531
74.307595	1842.990579	8.277581	-0.014097	2.543524
74.456138	1845.995423	8.282586	-0.014124	2.545511
74.616231	1848.937828	8.287590	-0.014154	2.547459
74.770018	1851.970839	8.292595	-0.014182	2.549462
74.911434	1854.977805	8.297600	-0.014209	2.551445
74.952333	1858.018622	8.302605	-0.014217	2.553429
74.972152	1861.087119	8.307610	-0.014221	2.555425
75.229747	1864.004485	8.312614	-0.014268	2.557367
75.331613	1867.053035	8.317619	-0.014287	2.559363
75.560184	1870.056816	8.322624	-0.014329	2.561353
75.686262	1873.062932	8.327629	-0.014353	2.563323
75.637726	1876.135531	8.332634	-0.014345	2.565301
75.746483	1879.108989	8.337638	-0.014365	2.567243
75.739972	1882.159715	8.342643	-0.014365	2.569212
75.822691	1885.199036	8.347648	-0.014380	2.571189
75.974780	1888.183254	8.352653	-0.014409	2.573142
75.977103	1891.233285	8.357658	-0.014410	2.575108
76.356052	1894.146655	8.362662	-0.014479	2.577056
76.270197	1897.238272	8.367667	-0.014464	2.579028
76.396088	1900.240582	8.372672	-0.014488	2.580982
76.592802	1903.226838	8.377677	-0.014524	2.582938
76.744078	1906.246219	8.382682	-0.014552	2.584904
76.896058	1909.360305	8.387686	-0.014580	2.586930
76.999720	1912.335488	8.392691	-0.014600	2.588857
77.048660	1915.355031	8.397696	-0.014609	2.590800
77.169100	1918.340746	8.402701	-0.014632	2.592733
77.114213	1921.372703	8.407706	-0.014623	2.594661
77.342821	1924.312033	8.412710	-0.014665	2.596582
77.382330	1927.338583	8.417715	-0.014672	2.598522
77.388982	1930.382293	8.422720	-0.014674	2.600465
77.519431	1933.378112	8.427725	-0.014699	2.602399
77.478343	1936.412818	8.432730	-0.014692	2.604325
77.627687	1939.392605	8.437734	-0.014720	2.606250
77.766176	1942.369764	8.442739	-0.014745	2.608169
77.749011	1945.431134	8.447744	-0.014743	2.610112
77.690856	1948.438293	8.452749	-0.014733	2.612011
77.842742	1951.439123	8.457754	-0.014761	2.613944
77.971932	1954.428257	8.462758	-0.014785	2.615864
78.124352	1957.426571	8.467763	-0.014814	2.617792
78.299872	1960.436607	8.472768	-0.014846	2.619731
78.501671	1963.416737	8.477773	-0.014883	2.621655
78.499350	1966.468582	8.482778	-0.014884	2.623584
78.657348	1969.472353	8.487782	-0.014913	2.625511
78.864699	1972.411373	8.492787	-0.014951	2.627406
78.903283	1975.482379	8.497792	-0.014959	2.629350
78.963571	1978.492779	8.502797	-0.014970	2.631259
79.050711	1981.515319	8.507802	-0.014987	2.633180
79.225970	1984.507411	8.512806	-0.015019	2.635096
79.349608	1987.493628	8.517811	-0.015042	2.636997
79.431086	1990.545414	8.522816	-0.015058	2.638931
79.442470	1993.583322	8.527821	-0.015061	2.640841
79.520556	1996.587859	8.532826	-0.015075	2.642741
79.768027	1999.580066	8.537830	-0.015121	2.644664
79.744580	2002.569579	8.542835	-0.015117	2.646533
79.916420	2005.599729	8.547840	-0.015149	2.648463
80.023688	2008.611725	8.552845	-0.015169	2.650368
80.141224	2011.628652	8.557850	-0.015191	2.652276
79.912767	2014.732798	8.562855	-0.015151	2.654174
79.922369	2017.728827	8.567859	-0.015153	2.656047
80.007171	2020.730402	8.572864	-0.015169	2.657936
80.060618	2023.750369	8.577869	-0.015180	2.659829
80.034732	2026.774757	8.582874	-0.015176	2.661709
80.074916	2029.802440	8.587879	-0.015184	2.663602
80.429058	2032.703985	8.592883	-0.015248	2.665473
80.316466	2035.753213	8.597888	-0.015229	2.667348
80.490304	2038.738608	8.602893	-0.015261	2.669235
80.641232	2041.696179	8.607898	-0.015289	2.671099
80.662885	2044.738075	8.612903	-0.015293	2.672991
80.998859	2047.700076	8.617907	-0.015355	2.674889
81.015108	2050.712629	8.622912	-0.015359	2.676759
81.015753	2053.783825	8.627917	-0.015359	2.678661
81.213619	2056.775215	8.632922	-0.015396	2.680547
81.326998	2059.778367	8.637927	-0.015417	2.682425
81.510047	2062.779452	8.642931	-0.015451	2.684313
81.626975	2065.741864	8.647936	-0.015473	2.686163
81.736096	2068.775471	8.652941	-0.015493	2.688055
81.755981	2071.830257	8.657946	-0.015498	2.689942
81.995974	2074.783308	8.662951	-0.015542	2.691805
82.303713	2077.775008	8.667955	-0.015598	2.693702
82.340140	2080.798450	8.672960	-0.015605	2.695569
82.442955	2083.822899	8.677965	-0.015625	2.697448
82.579873	2086.868008	8.682970	-0.015650	2.699343
82.628088	2089.864890	8.687975	-0.015659	2.701192
82.705479	2092.897075	8.692979	-0.015674	2.703066
82.889616	2095.878855	8.697984	-0.015708	2.704928
82.890101	2098.878085	8.702989	-0.015709	2.706766
83.050000	2101.899193	8.707994	-0.015739	2.708644
83.186948	2104.894945	8.712999	-0.015764	2.710502
83.488167	2107.846469	8.718003	-0.015819	2.712360
83.690709	2110.896354	8.723008	-0.015857	2.714260
83.713180	2113.892951	8.728013	-0.015861	2.716094
83.804493	2116.937575	8.733018	-0.015879	2.717968
84.039568	2119.943008	8.738023	-0.015922	2.719843
84.275128	2122.950974	8.743027	-0.015965	2.721717
84.350695	2125.988144	8.748032	-0.015979	2.723580
84.511150	2128.948326	8.753037	-0.016009	2.725410
84.684564	2131.959184	8.758042	-0.016041	2.727272
84.795761	2135.009777	8.763047	-0.016062	2.729145
84.947500	2137.980259	8.768051	-0.016090	2.730976
84.847422	2141.079971	8.773056	-0.016073	2.732839
85.153641	2144.046800	8.778061	-0.016129	2.734693
85.184512	2147.045678	8.783066	-0.016135	2.736516
85.323737	2150.078568	8.788071	-0.016161	2.738377
85.535153	2153.069921	8.793075	-0.016200	2.740225
85.687890	2156.081937	8.798080	-0.016228	2.742073
85.685312	2159.163809	8.803085	-0.016229	2.743935
85.975621	2162.040319	8.808090	-0.016282	2.745724
86.182459	2165.053224	8.813095	-0.016320	2.747578
86.097439	2168.174009	8.818099	-0.016305	2.749446
86.170230	2171.131479	8.823104	-0.016319	2.751241
86.299616	2174.163718	8.828109	-0.016343	2.753091
86.483553	2177.155791	8.833114	-0.016377	2.754924
86.628281	2180.123362	8.838119	-0.016404	2.756734
86.746475	2183.204532	8.843123	-0.016426	2.758607
86.794012	2186.180357	8.848128	-0.016435	2.760403
86.986422	2189.193269	8.853133	-0.016471	2.762246
86.939793	2192.272125	8.858138	-0.016463	2.764085
87.043725	2195.202721	8.863143	-0.016483	2.765860
87.230684	2198.254104	8.868147	-0.016517	2.767721
87.135545	2201.299840	8.873152	-0.016501	2.769528
87.197732	2204.276026	8.878157	-0.016513	2.771320
87.309693	2207.323899	8.883162	-0.016534	2.773162
87.313507	2210.303627	8.888167	-0.016535	2.774943
87.388201	2213.316091	8.893171	-0.016549	2.776755
87.504014	2216.367371	8.898176	-0.016571	2.778596
87.622983	2219.323965	8.903181	-0.016593	2.780380
87.851057	2222.363744	8.908186	-0.016635	2.782231
87.981738	2225.326698	8.913191	-0.016659	2.784018
88.065400	2228.284149	8.918195	-0.016675	2.785793
88.003352	2231.388374	8.923200	-0.016665	2.787629
88.133414	2234.361579	8.928205	-0.016689	2.789419
88.174446	2237.407567	8.933210	-0.016697	2.791236
88.088600	2240.449951	8.938215	-0.016682	2.793028
88.298246	2243.389830	8.943219	-0.016721	2.794808
88.424614	2246.410905	8.948224	-0.016745	2.796621
88.399744	2249.469530	8.953229	-0.016741	2.798429
88.620111	2252.453886	8.958234	-0.016781	2.800234
88.777546	2255.435619	8.963239	-0.016810	2.802025
88.681803	2258.502025	8.968243	-0.016794	2.803823
88.710997	2261.479549	8.973248	-0.016800	2.805587
88.820268	2264.494686	8.978253	-0.016820	2.807387
88.950789	2267.496177	8.983258	-0.016845	2.809181
89.037998	2270.486634	8.988263	-0.016861	2.810960
89.062420	2273.538341	8.993267	-0.016866	2.812763
89.212824	2276.546903	8.998272	-0.016894	2.814561
89.368057	2279.489743	9.003277	-0.016923	2.816320
89.429628	2282.543052	9.008282	-0.016935	2.818127
89.560337	2285.529678	9.013287	-0.016959	2.819905
89.620753	2288.556425	9.018291	-0.016971	2.821694
89.651115	2291.631476	9.023296	-0.016977	2.823505
89.797867	2294.515026	9.028301	-0.017004	2.825222
89.936939	2297.556481	9.033306	-0.017030	2.827030
90.022427	2300.605124	9.038311	-0.017046	2.828831
90.097973	2303.557801	9.043315	-0.017061	2.830573
90.230874	2306.606386	9.048320	-0.017085	2.832380
90.184034	2309.659710	9.053325	-0.017078	2.834159
90.474050	2312.587245	9.058330	-0.017131	2.835919
90.365063	2315.676017	9.063335	-0.017112	2.837706
90.386638	2318.667931	9.068339	-0.017116	2.839457
90.462112	2321.688074	9.073344	-0.017131	2.841232
90.708442	2324.667839	9.078349	-0.017176	2.843011
90.859797	2327.606427	9.083354	-0.017204	2.844749
90.836337	2330.693205	9.088359	-0.017201	2.846543
90.861858	2333.718603	9.093363	-0.017206	2.848309
91.077021	2336.662884	9.098368	-0.017246	2.850057
91.187982	2339.714466	9.103373	-0.017266	2.851850
91.231867	2342.736567	9.108378	-0.017275	2.853613
91.227776	2345.720949	9.113383	-0.017275	2.855346
91.383219	2348.746805	9.118387	-0.017304	2.857127
91.487574	2351.755739	9.123392	-0.017323	2.858890
91.554411	2354.759448	9.128397	-0.017336	2.860642
91.663356	2357.791880	9.133402	-0.017357	2.862416
91.740803	2360.762338	9.138407	-0.017371	2.864149
91.811104	2363.733411	9.143411	-0.017385	2.865879
91.967016	2366.782479	9.148416	-0.017414	2.867668
91.988733	2369.789430	9.153421	-0.017418	2.869409
92.219875	2372.764750	9.158426	-0.017461	2.871165
92.228838	2375.840720	9.163431	-0.017463	2.872942
92.375900	2378.798199	9.168435	-0.017490	2.874672
92.398551	2381.825836	9.173440	-0.017495	2.876421
92.582907	2384.873477	9.178445	-0.017529	2.878206
92.599415	2387.865374	9.183450	-0.017533	2.879932
92.770888	2390.858065	9.188455	-0.017565	2.881682
92.854829	2393.896433	9.193459	-0.017581	2.883442
93.040824	2396.830613	9.198464	-0.017615	2.885159
93.075803	2399.877869	9.203469	-0.017622	2.886915
93.213817	2402.901108	9.208474	-0.017648	2.888672
93.150639	2405.899276	9.213479	-0.017637	2.890382
93.328747	2408.945402	9.218483	-0.017670	2.892157
93.412711	2411.920298	9.223488	-0.017686	2.893875
93.557766	2414.896094	9.228493	-0.017713	2.895603
93.697081	2417.965405	9.233498	-0.017739	2.897382
93.685788	2420.967209	9.238503	-0.017737	2.899096
93.741826	2424.004244	9.243507	-0.017748	2.900841
94.021646	2426.984898	9.248512	-0.017799	2.902589
94.049598	2429.994178	9.253517	-0.017805	2.904311
94.269927	2432.973445	9.258522	-0.017846	2.906047
94.220837	2436.019025	9.263527	-0.017838	2.907775
94.429289	2438.970239	9.268531	-0.017876	2.909491
94.443929	2442.016271	9.273536	-0.017879	2.911228
94.424266	2445.080374	9.278541	-0.017876	2.912968
94.551024	2448.005678	9.283546	-0.017900	2.914653
94.597437	2451.072918	9.288551	-0.017909	2.916404
94.811764	2454.044731	9.293555	-0.017949	2.918127
94.819009	2457.060130	9.298560	-0.017951	2.919840
94.963320	2460.083338	9.303565	-0.017977	2.921579
95.017420	2463.093002	9.308570	-0.017988	2.923294
95.020776	2466.098326	9.313575	-0.017989	2.924998
95.094789	2469.110362	9.318579	-0.018003	2.926716
95.163959	2472.145417	9.323584	-0.018017	2.928445
95.179399	2475.126713	9.328589	-0.018020	2.930135
95.210740	2478.188128	9.333594	-0.018027	2.931871
95.540135	2481.093103	9.338599	-0.018087	2.933565
95.461483	2484.163018	9.343603	-0.018073	2.935286
95.589274	2487.157991	9.348608	-0.018097	2.936997
95.748648	2490.149774	9.353613	-0.018127	2.938710
95.913494	2493.127418	9.358618	-0.018157	2.940415
95.975845	2496.214282	9.363623	-0.018169	2.942164
95.991418	2499.156920	9.368627	-0.018173	2.943824
96.024559	2502.206743	9.373632	-0.018179	2.945546
96.199660	2505.189743	9.378637	-0.018212	2.947251
96.312643	2508.176913	9.383642	-0.018233	2.948949
96.454368	2511.201720	9.388647	-0.018259	2.950670
96.530997	2514.245992	9.393651	-0.018274	2.952392
96.776140	2517.153110	9.398656	-0.018319	2.954062
96.750901	2520.250029	9.403661	-0.018315	2.955795
96.772897	2523.265901	9.408666	-0.018320	2.957489
97.015170	2526.248182	9.413671	-0.018364	2.959197
97.029373	2529.276990	9.418675	-0.018367	2.960896
97.135720	2532.338197	9.423680	-0.018387	2.962625
97.256311	2535.232485	9.428685	-0.018410	2.964263
97.316394	2538.290035	9.433690	-0.018421	2.965981
97.461208	2541.305616	9.438695	-0.018448	2.967688
97.540617	2544.294220	9.443699	-0.018463	2.969369
97.495958	2547.344318	9.448704	-0.018456	2.971064
97.704461	2550.360326	9.453709	-0.018495	2.972778
97.701364	2553.340131	9.458714	-0.018495	2.974438
97.667901	2556.405200	9.463719	-0.018489	2.976141
97.957514	2559.384312	9.468723	-0.018542	2.977844
97.802716	2562.410314	9.473728	-0.018515	2.979504
97.926632	2565.464888	9.478733	-0.018538	2.981221
98.127670	2568.396958	9.483738	-0.018575	2.982882
98.097014	2571.391214	9.488743	-0.018571	2.984540
98.163529	2574.446769	9.493747	-0.018583	2.986247
98.382874	2577.368166	9.498752	-0.018624	2.987901
98.410242	2580.411618	9.503757	-0.018629	2.989593
98.426128	2583.433501	9.508762	-0.018633	2.991270
98.433987	2586.462698	9.513767	-0.018635	2.992949
98.561166	2589.438475	9.518771	-0.018659	2.994616
98.734856	2592.423373	9.523776	-0.018691	2.996294
98.896676	2595.465830	9.528781	-0.018721	2.998001
98.926335	2598.459675	9.533786	-0.018727	2.999661
98.872678	2601.544449	9.538791	-0.018718	3.001356
99.234878	2604.458562	9.543795	-0.018784	3.003020
99.128290	2607.470301	9.548800	-0.018766	3.004665
99.189430	2610.534077	9.553805	-0.018777	3.006364
99.308073	2613.522471	9.558810	-0.018799	3.008029
99.398134	2616.505157	9.563815	-0.018816	3.009686
99.419665	2619.590755	9.568819	-0.018821	3.011387
99.446568	2622.532976	9.573824	-0.018827	3.013010
99.700126	2625.511261	9.578829	-0.018873	3.014686
99.745108	2628.553486	9.583834	-0.018882	3.016365
99.680169	2631.579456	9.588839	-0.018871	3.018017
99.987736	2634.564476	9.593843	-0.018927	3.019703
100.073261	2637.576715	9.598848	-0.018944	3.021368
100.111154	2640.568474	9.603853	-0.018951	3.023014
100.091643	2643.596528	9.608858	-0.018948	3.024671
100.200791	2646.601004	9.613863	-0.018969	3.026333
100.134786	2649.656046	9.618867	-0.018958	3.027995
100.371513	2652.607011	9.623872	-0.019001	3.029646
100.470494	2655.618763	9.628877	-0.019020	3.031308
100.400126	2658.681150	9.633882	-0.019008	3.032971
100.359415	2661.675840	9.638887	-0.019001	3.034600
100.572658	2664.655974	9.643891	-0.019040	3.036259
100.568550	2667.705084	9.648896	-0.019040	3.037923
100.772355	2670.666569	9.653901	-0.019078	3.039568
100.908136	2673.689129	9.658906	-0.019103	3.041236
101.104657	2676.639919	9.663911	-0.019139	3.042873
100.972219	2679.704035	9.668915	-0.019116	3.044521
100.961887	2682.756297	9.673920	-0.019115	3.046181
101.207963	2685.716218	9.678925	-0.019160	3.047827
101.294399	2688.715923	9.683930	-0.019176	3.049471
101.509378	2691.706124	9.688935	-0.019216	3.051127
101.356882	2694.775311	9.693939	-0.019189	3.052771
101.513593	2697.745706	9.698944	-0.019218	3.054406
101.739588	2700.759206	9.703949	-0.019260	3.056074
101.669124	2703.795803	9.708954	-0.019248	3.057710
101.785943	2706.789576	9.713959	-0.019270	3.059349
101.964505	2709.816523	9.718963	-0.019303	3.061015
101.877868	2712.807604	9.723968	-0.019288	3.062621
102.222997	2715.731046	9.728973	-0.019351	3.064253
102.181332	2718.801358	9.733978	-0.019344	3.065907
102.278092	2721.803049	9.738983	-0.019362	3.067543
102.363990	2724.796622	9.743987	-0.019378	3.069173
102.502763	2727.800497	9.748992	-0.019404	3.070814
102.469814	2730.874987	9.753997	-0.019399	3.072468
102.763994	2733.773633	9.759002	-0.019453	3.074074
102.790213	2736.819575	9.764007	-0.019458	3.075720
102.921613	2739.860458	9.769011	-0.019483	3.077377
102.798337	2742.870457	9.774016	-0.019461	3.078979
103.014776	2745.883857	9.779021	-0.019501	3.080632
102.983355	2748.898059	9.784026	-0.019496	3.082248
103.088587	2751.877707	9.789031	-0.019516	3.083865
103.175628	2754.938342	9.794035	-0.019532	3.085522
103.151849	2757.944184	9.799040	-0.019529	3.087132
103.372948	2760.865040	9.804045	-0.019569	3.088732
103.370514	2763.969537	9.809050	-0.019570	3.090397
103.376397	2766.984286	9.814055	-0.019572	3.092014
103.346559	2769.959622	9.819059	-0.019567	3.093603
103.573516	2772.937142	9.824064	-0.019609	3.095231
103.567688	2776.025767	9.829069	-0.019608	3.096883
103.804213	2778.977105	9.834074	-0.019652	3.098496
103.854485	2781.991234	9.839079	-0.019662	3.100115
103.941702	2785.021458	9.844083	-0.019678	3.101747
103.959896	2787.917084	9.849088	-0.019682	3.103296
104.068238	2790.996805	9.854093	-0.019702	3.104956
104.138156	2794.049422	9.859098	-0.019716	3.106594
104.267846	2796.966770	9.864103	-0.019740	3.108169
104.398681	2800.001954	9.869107	-0.019764	3.109805
104.419428	2803.035234	9.874112	-0.019769	3.111424
104.594551	2805.970719	9.879117	-0.019801	3.113012
104.672777	2809.035588	9.884122	-0.019816	3.114654
104.816934	2812.012572	9.889127	-0.019843	3.116259
104.831608	2815.044447	9.894131	-0.019846	3.117872
104.728398	2818.088089	9.899136	-0.019828	3.119475
105.027243	2821.080821	9.904141	-0.019883	3.121107
105.193380	2824.041116	9.909146	-0.019914	3.122702
105.011403	2827.090149	9.914151	-0.019881	3.124293
105.114197	2830.146092	9.919155	-0.019901	3.125928
105.189652	2833.133257	9.924160	-0.019915	3.127522
105.255369	2836.108091	9.929165	-0.019928	3.129107
105.375148	2839.176633	9.934170	-0.019950	3.130748
105.284564	2842.150781	9.939175	-0.019934	3.132309
105.263778	2845.193168	9.944179	-0.019931	3.133915
105.515226	2848.179531	9.949184	-0.019978	3.135529
105.344044	2851.234332	9.954189	-0.019947	3.137119
105.576255	2854.175232	9.959194	-0.019990	3.138705
105.666970	2857.200853	9.964199	-0.020007	3.140315
105.752765	2860.185564	9.969203	-0.020023	3.141901
105.894932	2863.144757	9.974208	-0.020050	3.143482
105.893206	2866.180434	9.979213	-0.020050	3.145081
105.916700	2869.225686	9.984218	-0.020055	3.146688
105.942108	2872.191289	9.989223	-0.020060	3.148253
105.917882	2875.257229	9.994227	-0.020057	3.149863
106.054993	2878.264660	9.999232	-0.020082	3.151464
106.159723	2881.221169	10.004237	-0.020102	3.153032
106.407227	2884.214491	10.009242	-0.020147	3.154640
106.334670	2887.309785	10.014247	-0.020135	3.156255
106.501496	2890.211931	10.019251	-0.020166	3.157802
106.502735	2893.285109	10.024256	-0.020167	3.159414
106.763973	2896.260795	10.029261	-0.020215	3.161011
106.731545	2899.234104	10.034266	-0.020210	3.162564
106.796503	2902.272762	10.039271	-0.020222	3.164165
106.786501	2905.313413	10.044275	-0.020221	3.165755
106.806294	2908.337446	10.049280	-0.020225	3.167340
106.998431	2911.312578	10.054285	-0.020261	3.168923
107.017973	2914.351683	10.059290	-0.020265	3.170514
107.011498	2917.355055	10.064295	-0.020265	3.172082
106.959594	2920.358330	10.069299	-0.020256	3.173643
106.951935	2923.411058	10.074304	-0.020255	3.175236
107.153737	2926.382264	10.079309	-0.020292	3.176814
107.410525	2929.323511	10.084314	-0.020340	3.178383
107.476429	2932.388113	10.089319	-0.020352	3.179990
107.532865	2935.380061	10.094323	-0.020363	3.181556
107.536706	2938.316178	10.099328	-0.020364	3.183085
107.679032	2941.368532	10.104333	-0.020391	3.184693
107.854950	2944.364849	10.109338	-0.020423	3.186276
108.009626	2947.330532	10.114343	-0.020452	3.187839
107.904404	2950.434485	10.119347	-0.020434	3.189437
107.966936	2953.495759	10.124352	-0.020446	3.191036
108.150859	2956.373933	10.129357	-0.020480	3.192555
108.260199	2959.401072	10.134362	-0.020500	3.194141
108.309196	2962.456692	10.139367	-0.020510	3.195732
108.340161	2965.456587	10.144371	-0.020516	3.197291
108.478726	2968.442529	10.149376	-0.020542	3.198857
108.427437	2971.543321	10.154381	-0.020533	3.200456
108.584407	2974.424783	10.159386	-0.020563	3.201969
108.614923	2977.460292	10.164391	-0.020569	3.203543
108.695899	2980.503198	10.169395	-0.020584	3.205128
108.796204	2983.484465	10.174400	-0.020603	3.206682
108.934152	2986.463842	10.179405	-0.020629	3.208240
109.000048	2989.402772	10.184410	-0.020641	3.209766
109.057141	2991.637918	10.189415	-0.020652	3.210928

109.225807	2993.136491	10.194419	-0.020683	3.211724
109.347190	2994.193302	10.199424	-0.020706	3.212286
109.479566	2995.007578	10.204429	-0.020730	3.212724
109.580493	2995.514196	10.209434	-0.020749	3.213000
109.511172	2995.973458	10.214439	-0.020737	3.213227
109.623512	2996.263314	10.219443	-0.020758	3.213393
109.633464	2996.562842	10.224448	-0.020760	3.213549
109.650873	2996.562983	10.229453	-0.020764	3.213551
109.775597	2996.523087	10.234458	-0.020787	3.213548
109.738054	2996.652926	10.239463	-0.020780	3.213610
109.942885	2996.886738	10.244467	-0.020818	3.213759
110.143107	2996.990334	10.249472	-0.020854	3.213841
110.012818	2996.918880	10.254477	-0.020831	3.213786
110.110675	2996.928532	10.259482	-0.020850	3.213805
110.133443	2996.982376	10.264487	-0.020854	3.213836
110.194362	2996.930970	10.269491	-0.020866	3.213818
110.161583	2996.920828	10.274496	-0.020860	3.213809
110.286445	2996.960255	10.279501	-0.020883	3.213847
110.284340	2996.955892	10.284506	-0.020883	3.213845
110.352900	2996.927898	10.289511	-0.020896	3.213840
110.323601	2996.950755	10.294515	-0.020891	3.213848
110.293646	2996.904120	10.299520	-0.020886	3.213820
110.531249	2996.932359	10.304525	-0.020930	3.213868
110.418763	2996.973088	10.309530	-0.020910	3.213874
110.461135	2996.955691	10.314535	-0.020918	3.213871
110.441810	2996.891690	10.319539	-0.020915	3.213836
110.553419	2996.958268	10.324544	-0.020936	3.213885
110.446892	2996.956219	10.329549	-0.020917	3.213870
110.493775	2996.904909	10.334554	-0.020926	3.213851
110.535794	2996.948186	10.339559	-0.020934	3.213879
110.572300	2996.920837	10.344563	-0.020941	3.213870
110.769878	2996.879750	10.349568	-0.020977	3.213876
110.704803	2996.896973	10.354573	-0.020966	3.213877
110.706159	2996.879573	10.359578	-0.020966	3.213868
110.890259	2996.885082	10.364583	-0.021000	3.213897
110.887720	2996.829341	10.369587	-0.021000	3.213868
111.081525	2996.804403	10.374592	-0.021036	3.213882
111.032067	2996.816868	10.379597	-0.021027	3.213882
111.173422	2996.743474	10.384602	-0.021053	3.213864
111.095546	2996.800447	10.389607	-0.021040	3.213883
111.049808	2996.794960	10.394611	-0.021032	3.213874
111.192880	2996.741707	10.399616	-0.021058	3.213867
111.279083	2996.735680	10.404621	-0.021074	3.213876
111.186745	2996.724406	10.409626	-0.021058	3.213858
111.132997	2996.789505	10.414631	-0.021049	3.213884
111.180434	2996.850730	10.419635	-0.021058	3.213923
111.134905	2996.973623	10.424640	-0.021050	3.213980
111.319276	2996.891823	10.429645	-0.021084	3.213964
111.230562	2996.950467	10.434650	-0.021068	3.213982
111.357930	2996.941980	10.439655	-0.021092	3.213995
111.214054	2996.920170	10.444659	-0.021066	3.213965
111.214203	2996.944287	10.449664	-0.021067	3.213978
111.286416	2996.899571	10.454669	-0.021080	3.213965
111.351955	2996.950533	10.459674	-0.021092	3.214000
111.323562	2996.941647	10.464679	-0.021088	3.213992
111.379663	2996.917571	10.469683	-0.021098	3.213988
111.339621	2996.910569	10.474688	-0.021092	3.213979
111.410484	2996.923160	10.479693	-0.021105	3.213996
111.370857	2996.951187	10.484698	-0.021098	3.214005
111.409717	2996.940781	10.489703	-0.021106	3.214005
111.400705	2996.874035	10.494707	-0.021104	3.213970
111.437601	2996.962298	10.499712	-0.021112	3.214021
111.383504	2996.939039	10.504717	-0.021102	3.214002
111.401501	2996.950537	10.509722	-0.021106	3.214011
111.458029	2996.937252	10.514727	-0.021117	3.214012
111.610764	2996.912936	10.519731	-0.021145	3.214021
111.496130	2996.930002	10.524736	-0.021124	3.214014
111.590104	2996.958261	10.529741	-0.021142	3.214042
111.574037	2996.912776	10.534746	-0.021139	3.214017
111.548640	2996.930962	10.539751	-0.021135	3.214023
111.575430	2996.929217	10.544755	-0.021141	3.214026
111.414086	2996.916290	10.549760	-0.021112	3.213998
111.520348	2996.960065	10.554765	-0.021132	3.214035
111.617729	2996.946827	10.559770	-0.021150	3.214042
111.506709	2996.942939	10.564775	-0.021130	3.214025
111.510980	2996.925975	10.569779	-0.021131	3.214017
111.489795	2996.972123	10.574784	-0.021128	3.214038
111.433151	2996.882897	10.579789	-0.021118	3.213985
111.559331	2996.932888	10.584794	-0.021141	3.214028
111.710924	2996.925839	10.589799	-0.021169	3.214046
111.658529	2996.955442	10.594803	-0.021160	3.214054
111.749474	2996.939069	10.599808	-0.021177	3.214059
111.696680	2996.986348	10.604813	-0.021168	3.214076
111.692873	2996.927909	10.609818	-0.021168	3.214046
111.662489	2996.961356	10.614823	-0.021163	3.214059
111.689438	2996.937152	10.619827	-0.021168	3.214051
111.772230	2996.922946	10.624832	-0.021184	3.214055
111.750087	2996.940267	10.629837	-0.021180	3.214062
111.864858	2996.969664	10.634842	-0.021201	3.214093
111.663267	2996.929870	10.639847	-0.021165	3.214045
111.702200	2996.936409	10.644851	-0.021173	3.214054
111.636901	2996.940361	10.649856	-0.021162	3.214048
111.718850	2996.966971	10.654861	-0.021177	3.214073
111.870836	2996.901050	10.659866	-0.021205	3.214060
111.981046	2996.958319	10.664871	-0.021225	3.214105
111.913058	2996.970861	10.669875	-0.021213	3.214102
111.939284	2996.933520	10.674880	-0.021218	3.214087
111.841096	2996.935309	10.679885	-0.021201	3.214075
111.953190	2996.946030	10.684890	-0.021222	3.214096
111.767460	2996.957153	10.689895	-0.021189	3.214077
111.843457	2996.928394	10.694899	-0.021203	3.214073
111.702029	2996.953793	10.699904	-0.021178	3.214067
111.739708	2996.955819	10.704909	-0.021185	3.214073
111.847955	2996.940905	10.709914	-0.021205	3.214081
111.794267	2996.909054	10.714919	-0.021196	3.214058
111.753475	2996.974954	10.719923	-0.021189	3.214086
111.801653	2996.895427	10.724928	-0.021198	3.214052
111.802741	2996.990183	10.729933	-0.021199	3.214102
111.936525	2996.940611	10.734938	-0.021224	3.214095
111.918462	2996.919890	10.739943	-0.021221	3.214082
111.884457	2996.961569	10.744947	-0.021215	3.214099
111.905761	2996.916449	10.749952	-0.021219	3.214079
111.975867	2996.958932	10.754957	-0.021233	3.214111
111.997193	2996.953793	10.759962	-0.021237	3.214112
111.838770	2996.983103	10.764967	-0.021209	3.214105
111.789040	2996.944747	10.769971	-0.021200	3.214079
111.890458	2996.984359	10.774976	-0.021219	3.214114
111.889776	2996.912971	10.779981	-0.021219	3.214077
111.732248	2996.963249	10.784986	-0.021191	3.214082
111.893350	2996.940345	10.789991	-0.021221	3.214092
111.992554	2996.955100	10.794995	-0.021239	3.214114
112.018565	2996.943869	10.800000	-0.021244	3.214112
111.936189	2996.929336	10.805005	-0.021230	3.214094
112.045991	2996.964903	10.810010	-0.021250	3.214127
111.943912	2996.916831	10.815015	-0.021232	3.214089
111.959259	2996.939940	10.820019	-0.021236	3.214103
111.996505	2996.945111	10.825024	-0.021243	3.214112
111.958065	2996.976458	10.830029	-0.021236	3.214123
112.032990	2996.960102	10.835034	-0.021250	3.214125
111.974483	2996.956795	10.840039	-0.021240	3.214116
112.096132	2996.941349	10.845043	-0.021263	3.214125
111.976776	2996.926345	10.850048	-0.021241	3.214101
112.020918	2996.933924	10.855053	-0.021250	3.214111
111.998308	2996.937434	10.860058	-0.021246	3.214110
112.085746	2996.916540	10.865063	-0.021263	3.214112
112.186629	2996.948420	10.870067	-0.021281	3.214142
112.230946	2996.957165	10.875072	-0.021290	3.214153
112.092596	2996.978715	10.880077	-0.021265	3.214146
112.130506	2996.950386	10.885082	-0.021273	3.214137
112.154155	2996.911912	10.890087	-0.021277	3.214121
112.126591	2996.976116	10.895091	-0.021273	3.214150
112.011458	2996.934542	10.900096	-0.021252	3.214113
112.108379	2996.924457	10.905101	-0.021270	3.214122
112.066806	2996.931796	10.910106	-0.021263	3.214120
112.177272	2996.961129	10.915111	-0.021284	3.214151
112.188046	2996.977578	10.920115	-0.021286	3.214161
112.164884	2996.951546	10.925120	-0.021282	3.214145
112.272761	2996.919161	10.930125	-0.021302	3.214143
112.259056	2996.959081	10.935130	-0.021300	3.214162
112.189315	2996.966030	10.940135	-0.021288	3.214157
112.141677	2996.927722	10.945139	-0.021280	3.214131
112.130085	2996.949509	10.950144	-0.021278	3.214141
112.242321	2996.918389	10.955149	-0.021299	3.214141
112.152068	2996.950179	10.960154	-0.021283	3.214145
112.189815	2996.952793	10.965159	-0.021291	3.214152
112.349659	2996.935072	10.970163	-0.021320	3.214165
112.296158	2996.936493	10.975168	-0.021311	3.214159
112.255678	2996.942330	10.980173	-0.021304	3.214156
112.183910	2996.955876	10.985178	-0.021291	3.214154
112.202182	2996.928526	10.990183	-0.021295	3.214143
112.206313	2996.924928	10.995187	-0.021296	3.214142
112.334207	2996.945994	11.000192	-0.021320	3.214171
112.389426	2996.930029	11.005197	-0.021330	3.214170
112.325764	2996.898403	11.010202	-0.021319	3.214146
112.352466	2996.968784	11.015207	-0.021325	3.214186
112.345146	2996.948842	11.020211	-0.021324	3.214175
112.359839	2996.926077	11.025216	-0.021327	3.214166
112.381468	2996.906316	11.030221	-0.021331	3.214159
112.541164	2996.889847	11.035226	-0.021361	3.214172
112.519297	2996.893160	11.040231	-0.021357	3.214171
112.316489	2996.943960	11.045235	-0.021321	3.214170
112.436866	2996.935518	11.050240	-0.021343	3.214183
112.460965	2996.915707	11.055245	-0.021348	3.214176
112.394964	2996.948321	11.060250	-0.021337	3.214184
112.491924	2996.941257	11.065255	-0.021355	3.214194
112.633068	2996.827927	11.070259	-0.021380	3.214156
112.538195	2996.924565	11.075264	-0.021364	3.214193
112.643758	2996.849776	11.080269	-0.021383	3.214169
112.597504	2996.878353	11.085274	-0.021375	3.214178
112.599002	2996.875455	11.090279	-0.021376	3.214177
112.638768	2996.862386	11.095283	-0.021384	3.214176
112.473673	2996.903163	11.100288	-0.021354	3.214175
112.664056	2996.865207	11.105293	-0.021389	3.214181
112.601683	2996.845961	11.110298	-0.021379	3.214163
112.840372	2996.803043	11.115303	-0.021422	3.214174
112.729846	2996.809926	11.120307	-0.021403	3.214163
112.830765	2996.822410	11.125312	-0.021421	3.214184
112.796122	2996.813971	11.130317	-0.021416	3.214175
112.820032	2996.795422	11.135322	-0.021420	3.214169
112.810466	2996.786982	11.140327	-0.021419	3.214164
112.816321	2996.787773	11.145331	-0.021421	3.214165
112.805047	2996.795541	11.150336	-0.021419	3.214168
112.883601	2996.924852	11.155341	-0.021434	3.214246
112.785240	2996.920624	11.160346	-0.021416	3.214230
112.808788	2996.923984	11.165351	-0.021421	3.214236
112.869072	2996.958782	11.170355	-0.021432	3.214262
112.859803	2996.950263	11.175360	-0.021431	3.214257
112.698282	2996.967670	11.180365	-0.021402	3.214244
112.826793	2996.911623	11.185370	-0.021426	3.214233
112.767360	2996.926132	11.190375	-0.021416	3.214233
112.865727	2996.912029	11.195379	-0.021434	3.214240
112.827130	2996.932513	11.200384	-0.021428	3.214245
112.854853	2996.928098	11.205389	-0.021433	3.214247
112.745371	2996.952274	11.210394	-0.021414	3.214245
112.847359	2996.958416	11.215399	-0.021433	3.214262
112.907385	2996.909666	11.220403	-0.021444	3.214246
112.772075	2996.926165	11.225408	-0.021420	3.214236
112.842134	2996.925645	11.230413	-0.021433	3.214246
112.798873	2996.933432	11.235418	-0.021426	3.214244
112.731662	2996.956068	11.240423	-0.021414	3.214247
112.928597	2996.934550	11.245427	-0.021450	3.214263
112.977267	2996.928203	11.250432	-0.021459	3.214267
112.973693	2996.947861	11.255437	-0.021459	3.214277
112.897195	2996.917220	11.260442	-0.021446	3.214251
112.862908	2996.928075	11.265447	-0.021440	3.214252
113.023004	2996.949675	11.270451	-0.021470	3.214286
113.073851	2996.905788	11.275456	-0.021479	3.214270
113.067235	2996.937767	11.280461	-0.021478	3.214286
112.912413	2996.917036	11.285466	-0.021451	3.214255
112.750113	2996.926773	11.290471	-0.021422	3.214238
112.822982	2996.947926	11.295475	-0.021436	3.214259
112.810517	2996.932379	11.300480	-0.021434	3.214250
112.795190	2996.919411	11.305485	-0.021432	3.214241
112.992319	2996.943893	11.310490	-0.021468	3.214281
112.941924	2996.968118	11.315495	-0.021459	3.214287
113.032193	2996.926477	11.320499	-0.021476	3.214279
113.032663	2996.929306	11.325504	-0.021476	3.214280
112.985152	2996.935193	11.330509	-0.021468	3.214277
112.914461	2996.924821	11.335514	-0.021456	3.214263
112.987957	2996.960956	11.340519	-0.021470	3.214292
112.932177	2996.929655	11.345523	-0.021460	3.214268
113.076126	2996.906468	11.350528	-0.021487	3.214276
113.107483	2996.948350	11.355533	-0.021493	3.214303
113.030573	2996.933571	11.360538	-0.021479	3.214285
113.002311	2996.933130	11.365543	-0.021475	3.214281
113.004562	2996.936697	11.370547	-0.021475	3.214284
112.976802	2996.929457	11.375552	-0.021471	3.214276
113.034869	2996.915159	11.380557	-0.021482	3.214277
113.157186	2996.914082	11.385562	-0.021504	3.214294
113.126459	2996.958529	11.390567	-0.021499	3.214313
113.111262	2996.955221	11.395571	-0.021497	3.214309
113.350609	2996.921221	11.400576	-0.021541	3.214325
113.213220	2996.909792	11.405581	-0.021516	3.214301
113.120924	2996.922128	11.410586	-0.021500	3.214295
113.139469	2996.974081	11.415591	-0.021504	3.214324
113.179289	2996.902222	11.420595	-0.021512	3.214293
113.236594	2996.929331	11.425600	-0.021522	3.214315
113.147452	2996.953554	11.430605	-0.021507	3.214316
113.152650	2996.975122	11.435610	-0.021508	3.214328
113.141291	2996.932013	11.440615	-0.021507	3.214305
113.226536	2996.955332	11.445619	-0.021523	3.214329
113.194901	2996.922460	11.450624	-0.021517	3.214308
113.230814	2996.949801	11.455629	-0.021524	3.214327
113.236666	2996.958471	11.460634	-0.021526	3.214333
113.245803	2996.899008	11.465639	-0.021528	3.214304
113.189006	2996.933418	11.470643	-0.021518	3.214314
113.314184	2996.932793	11.475648	-0.021541	3.214331
113.363728	2996.932274	11.480653	-0.021551	3.214338
113.380275	2996.929618	11.485658	-0.021554	3.214339
113.377713	2996.979305	11.490663	-0.021554	3.214365
113.191036	2996.908261	11.495667	-0.021521	3.214303
113.415846	2996.932055	11.500672	-0.021562	3.214347
113.552368	2996.945382	11.505677	-0.021587	3.214373
113.252543	2996.920771	11.510682	-0.021533	3.214319
113.331628	2996.952998	11.515687	-0.021548	3.214347
113.468611	2996.933482	11.520691	-0.021573	3.214356
113.393249	2996.955253	11.525696	-0.021560	3.214357
113.349965	2996.926689	11.530701	-0.021553	3.214337
113.324850	2996.949649	11.535706	-0.021549	3.214346
113.398731	2996.942661	11.540711	-0.021562	3.214353
113.413919	2996.959151	11.545715	-0.021566	3.214363
113.327396	2996.923294	11.550720	-0.021550	3.214333
113.260572	2996.956128	11.555725	-0.021539	3.214342
113.433617	2996.908241	11.560730	-0.021571	3.214341
113.381992	2996.964909	11.565735	-0.021562	3.214363
113.400830	2996.911956	11.570739	-0.021566	3.214339
113.372650	2996.965423	11.575744	-0.021561	3.214363
113.412112	2996.936074	11.580749	-0.021569	3.214354
113.454773	2996.963440	11.585754	-0.021577	3.214374
113.402860	2996.946258	11.590759	-0.021568	3.214358
113.306831	2996.948073	11.595763	-0.021551	3.214347
113.273990	2996.926428	11.600768	-0.021545	3.214331
113.331667	2996.907993	11.605773	-0.021556	3.214330
113.484079	2996.940123	11.610778	-0.021584	3.214368
113.459112	2996.962438	11.615783	-0.021580	3.214376
113.472058	2996.982553	11.620787	-0.021583	3.214389
113.394832	2996.922410	11.625792	-0.021570	3.214348
113.540290	2996.960631	11.630797	-0.021596	3.214387
113.455247	2996.962555	11.635802	-0.021581	3.214377
113.429268	2996.928179	11.640807	-0.021577	3.214356
113.549406	2996.911321	11.645811	-0.021599	3.214364
113.396804	2996.962712	11.650816	-0.021572	3.214370
113.371971	2996.929242	11.655821	-0.021568	3.214350
113.440059	2996.930461	11.660826	-0.021581	3.214360
113.429468	2996.948349	11.665831	-0.021580	3.214368
113.556814	2996.901095	11.670835	-0.021603	3.214362
113.536418	2996.989457	11.675840	-0.021600	3.214405
113.428347	2996.913879	11.680845	-0.021581	3.214352
113.576456	2996.967757	11.685850	-0.021608	3.214400
113.563713	2996.912895	11.690855	-0.021606	3.214370
113.620419	2996.980159	11.695859	-0.021617	3.214413
113.545487	2996.920617	11.700864	-0.021604	3.214373
113.414544	2996.919592	11.705869	-0.021581	3.214354
113.501250	2996.963733	11.710874	-0.021597	3.214389
113.605717	2996.892868	11.715879	-0.021616	3.214368
113.625774	2996.945028	11.720883	-0.021620	3.214397
113.642855	2996.953138	11.725888	-0.021624	3.214404
113.646228	2996.953377	11.730893	-0.021625	3.214405
113.607573	2996.953274	11.735898	-0.021618	3.214400
113.681430	2996.910541	11.740903	-0.021632	3.214389
113.731385	2996.983236	11.745907	-0.021642	3.214433
113.553765	2996.910992	11.750912	-0.021610	3.214372
113.715805	2996.959956	11.755917	-0.021640	3.214420
113.631290	2996.959922	11.760922	-0.021625	3.214409
113.745614	2996.935521	11.765927	-0.021646	3.214412
113.526849	2996.966925	11.770931	-0.021607	3.214399
113.667548	2996.937938	11.775936	-0.021633	3.214403
113.731545	2996.940850	11.780941	-0.021645	3.214414
113.617628	2996.954084	11.785946	-0.021625	3.214406
113.722526	2996.914615	11.790951	-0.021644	3.214400
113.743353	2996.935060	11.795955	-0.021648	3.214414
113.655551	2996.949837	11.800960	-0.021633	3.214410
113.618187	2996.988172	11.805965	-0.021627	3.214425
113.513893	2996.915831	11.810970	-0.021608	3.214373
113.594090	2996.938675	11.815975	-0.021623	3.214397
113.539318	2996.970730	11.820979	-0.021614	3.214406
113.533936	2996.904822	11.825984	-0.021613	3.214372
113.597142	2996.982478	11.830989	-0.021625	3.214421
113.702772	2996.907062	11.835994	-0.021645	3.214397
113.543997	2996.969789	11.840999	-0.021617	3.214407
113.690848	2996.944620	11.846003	-0.021644	3.214415
113.681832	2996.942699	11.851008	-0.021642	3.214413
113.820507	2996.913644	11.856013	-0.021668	3.214417
113.573684	2996.968866	11.861018	-0.021624	3.214412
113.572749	2996.947224	11.866023	-0.021624	3.214402
113.565018	2996.909209	11.871027	-0.021623	3.214381
113.604436	2996.945922	11.876032	-0.021631	3.214406
113.553239	2996.955212	11.881037	-0.021622	3.214404
113.560658	2996.959829	11.886042	-0.021624	3.214408
113.503172	2996.911406	11.891047	-0.021614	3.214375
113.541274	2996.990886	11.896051	-0.021621	3.214422
113.617252	2996.945166	11.901056	-0.021635	3.214409
113.687754	2996.919081	11.906061	-0.021649	3.214406
113.521879	2996.983088	11.911066	-0.021619	3.214416
113.648100	2996.945223	11.916071	-0.021642	3.214414
113.675352	2996.908212	11.921075	-0.021648	3.214399
113.530703	2996.952034	11.926080	-0.021622	3.214402
113.554504	2996.964418	11.931085	-0.021627	3.214412
113.658391	2996.950062	11.936090	-0.021646	3.214420
113.568933	2996.954977	11.941095	-0.021630	3.214410
113.745815	2996.956368	11.946099	-0.021663	3.214436
113.642225	2996.936558	11.951104	-0.021644	3.214412
113.738389	2996.929103	11.956109	-0.021662	3.214421
113.765049	2996.914670	11.961114	-0.021668	3.214418
113.630773	2996.943010	11.966119	-0.021644	3.214414
113.783047	2996.979422	11.971123	-0.021672	3.214454
113.688603	2996.940819	11.976128	-0.021655	3.214422
113.600642	2996.921097	11.981133	-0.021640	3.214400
113.728585	2996.951250	11.986138	-0.021663	3.214433
113.683335	2996.943204	11.991143	-0.021656	3.214423
113.713104	2996.919460	11.996147	-0.021661	3.214416
113.732578	2996.919663	12.001152	-0.021665	3.214419
113.811805	2996.966400	12.006157	-0.021680	3.214454
113.832947	2996.922528	12.011162	-0.021685	3.214435
113.723752	2996.967229	12.016167	-0.021665	3.214443
113.695820	2996.924281	12.021171	-0.021661	3.214417
113.823858	2996.954409	12.026176	-0.021684	3.214451
113.773583	2996.954364	12.031181	-0.021676	3.214444
113.773033	2996.916863	12.036186	-0.021676	3.214425
113.713795	2996.919200	12.041191	-0.021666	3.214419
113.785206	2996.969832	12.046195	-0.021679	3.214455
113.739592	2996.929159	12.051200	-0.021671	3.214428
113.735815	2996.923421	12.056205	-0.021671	3.214425
113.824961	2996.943889	12.061210	-0.021688	3.214448
113.844779	2996.957331	12.066215	-0.021692	3.214458
113.685193	2996.964523	12.071219	-0.021663	3.214440
113.807078	2996.907207	12.076224	-0.021686	3.214428
113.867919	2996.962468	12.081229	-0.021697	3.214465
113.970308	2996.947905	12.086234	-0.021716	3.214472
113.873279	2996.953619	12.091239	-0.021699	3.214462
113.913353	2996.944105	12.096243	-0.021707	3.214463
113.871169	2996.957664	12.101248	-0.021700	3.214464
113.927676	2996.931057	12.106253	-0.021710	3.214459
113.831689	2996.958310	12.111258	-0.021694	3.214460
113.841631	2996.908931	12.116263	-0.021696	3.214436
113.876158	2996.985122	12.121267	-0.021703	3.214481
113.888080	2996.916431	12.126272	-0.021705	3.214447
113.902165	2996.952607	12.131277	-0.021708	3.214468
113.869254	2996.935221	12.136282	-0.021703	3.214455
114.018791	2996.910551	12.141287	-0.021730	3.214463
114.007135	2996.954781	12.146291	-0.021729	3.214485
113.950496	2996.940064	12.151296	-0.021719	3.214470
114.061142	2996.931186	12.156301	-0.021739	3.214481
113.988819	2996.950331	12.161306	-0.021727	3.214481
114.029922	2996.904790	12.166311	-0.021734	3.214463
113.896713	2996.929816	12.171315	-0.021711	3.214458
114.029125	2996.957571	12.176320	-0.021735	3.214491
114.085499	2996.926151	12.181325	-0.021746	3.214483
114.009293	2996.908151	12.186330	-0.021733	3.214464
113.954741	2996.505666	12.191335	-0.021723	3.214249

113.900790	2995.920069	12.196339	-0.021714	3.213940
114.054229	2994.413118	12.201344	-0.021742	3.213185
114.006314	2992.568825	12.206349	-0.021734	3.212228
114.051423	2990.397663	12.211354	-0.021742	3.211115
114.050254	2987.939406	12.216359	-0.021742	3.209847
114.003751	2985.311512	12.221363	-0.021734	3.208485
113.889999	2982.588979	12.226368	-0.021714	3.207065
113.996623	2979.796920	12.231373	-0.021733	3.205637
114.015952	2976.918782	12.236378	-0.021737	3.204153
113.931619	2974.004986	12.241383	-0.021722	3.202636
113.958366	2971.166789	12.246387	-0.021727	3.201172
114.032655	2968.140470	12.251392	-0.021740	3.199616
114.004753	2965.165158	12.256397	-0.021736	3.198073
113.957499	2962.213325	12.261402	-0.021727	3.196537
113.814216	2959.265659	12.266407	-0.021702	3.194990
113.919794	2956.201863	12.271411	-0.021721	3.193417
113.824363	2953.269635	12.276416	-0.021704	3.191883
113.923502	2950.265222	12.281421	-0.021722	3.190338
113.949654	2947.258891	12.286426	-0.021727	3.188781
113.872045	2944.252910	12.291431	-0.021713	3.187209
113.701779	2941.343473	12.296435	-0.021682	3.185674
113.810799	2938.220933	12.301440	-0.021702	3.184066
113.766600	2935.260919	12.306445	-0.021695	3.182520
113.749030	2932.381581	12.311450	-0.021692	3.181019
113.803894	2929.308595	12.316455	-0.021702	3.179427
113.898816	2926.231196	12.321459	-0.021719	3.177837
113.735268	2923.328132	12.326464	-0.021690	3.176302
113.520864	2920.313266	12.331469	-0.021651	3.174700
113.702007	2917.253185	12.336474	-0.021684	3.173129
113.600926	2914.308500	12.341479	-0.021666	3.171578
113.559923	2911.295984	12.346483	-0.021659	3.169999
113.517188	2908.263345	12.351488	-0.021651	3.168409
113.641267	2905.263290	12.356493	-0.021674	3.166858
113.609625	2902.261718	12.361498	-0.021668	3.165284
113.711199	2899.246150	12.366503	-0.021687	3.163720
113.508963	2896.301136	12.371507	-0.021651	3.162150
113.592168	2893.341716	12.376512	-0.021666	3.160612
113.515105	2890.295178	12.381517	-0.021652	3.159005
113.653257	2887.273889	12.386522	-0.021677	3.157440
113.597948	2884.288838	12.391527	-0.021668	3.155867
113.634991	2881.254873	12.396531	-0.021675	3.154280
113.559231	2878.249812	12.401536	-0.021661	3.152691
113.603453	2875.331604	12.406541	-0.021669	3.151165
113.660015	2872.234534	12.411546	-0.021680	3.149545
113.656935	2869.282104	12.416551	-0.021679	3.147992
113.387267	2866.345436	12.421555	-0.021631	3.146409
113.438867	2863.323129	12.426560	-0.021640	3.144826
113.570489	2860.241048	12.431565	-0.021664	3.143221
113.412208	2857.357148	12.436570	-0.021636	3.141679
113.442336	2854.334487	12.441575	-0.021642	3.140090
113.341457	2851.305514	12.446579	-0.021624	3.138478
113.382777	2848.274624	12.451584	-0.021631	3.136885
113.344368	2845.312304	12.456589	-0.021624	3.135315
113.222111	2842.254208	12.461594	-0.021603	3.133682
113.388348	2839.291596	12.466599	-0.021633	3.132141
113.291968	2836.281585	12.471603	-0.021616	3.130535
113.298064	2833.276696	12.476608	-0.021617	3.128946
113.213553	2830.311400	12.481613	-0.021602	3.127365
113.108803	2827.333660	12.486618	-0.021583	3.125773
113.298711	2824.260040	12.491623	-0.021618	3.124172
113.365797	2821.255335	12.496627	-0.021630	3.122588
113.277471	2818.309522	12.501632	-0.021614	3.121013
113.350558	2815.284441	12.506637	-0.021628	3.119419
113.211857	2812.266561	12.511642	-0.021603	3.117796
113.228783	2809.333228	12.516647	-0.021606	3.116241
113.197824	2806.286339	12.521651	-0.021601	3.114617
113.092247	2803.289459	12.526656	-0.021582	3.113008
113.001925	2800.369204	12.531661	-0.021566	3.111442
113.103284	2797.294646	12.536666	-0.021584	3.109820
113.094884	2794.262011	12.541671	-0.021583	3.108203
113.036411	2791.344699	12.546675	-0.021573	3.106641
112.982997	2788.292869	12.551680	-0.021563	3.105006
113.201999	2785.256375	12.556685	-0.021603	3.103418
113.052341	2782.347325	12.561690	-0.021576	3.101844
113.027813	2779.344400	12.566695	-0.021572	3.100237
112.979298	2776.289398	12.571699	-0.021563	3.098598
112.881610	2773.335230	12.576704	-0.021546	3.097005
112.800212	2770.350751	12.581709	-0.021531	3.095397
112.729542	2767.342763	12.586714	-0.021519	3.093777
112.937921	2764.280179	12.591719	-0.021557	3.092168
112.862096	2761.328023	12.596723	-0.021543	3.090576
112.888785	2758.241742	12.601728	-0.021548	3.088926
112.917023	2755.331278	12.606733	-0.021553	3.087370
112.755859	2752.325010	12.611738	-0.021524	3.085734
112.826934	2749.303539	12.616743	-0.021538	3.084122
112.792475	2746.321721	12.621747	-0.021532	3.082516
112.769681	2743.362095	12.626752	-0.021528	3.080922
112.702833	2740.346377	12.631757	-0.021516	3.079292
112.802455	2737.348303	12.636762	-0.021534	3.077694
112.718506	2734.308552	12.641767	-0.021519	3.076046
112.806481	2731.282000	12.646771	-0.021535	3.074429
112.732577	2728.289686	12.651776	-0.021522	3.072806
112.546101	2725.381290	12.656781	-0.021488	3.071211
112.627665	2722.327062	12.661786	-0.021503	3.069576
112.775689	2719.293260	12.666791	-0.021530	3.067961
112.648900	2716.342597	12.671795	-0.021508	3.066350
112.553929	2713.348992	12.676800	-0.021491	3.064719
112.714698	2710.305432	12.681805	-0.021520	3.063098
112.616340	2707.397342	12.686810	-0.021502	3.061511
112.644326	2704.307915	12.691815	-0.021508	3.059844
112.554523	2701.344698	12.696819	-0.021492	3.058226
112.417256	2698.378231	12.701824	-0.021467	3.056600
112.500272	2695.305150	12.706829	-0.021482	3.054947
112.421231	2692.304656	12.711834	-0.021468	3.053308
112.379184	2689.385959	12.716839	-0.021461	3.051719
112.378753	2686.313048	12.721843	-0.021461	3.050051
112.440918	2683.295303	12.726848	-0.021472	3.048422
112.442769	2680.331909	12.731853	-0.021473	3.046812
112.478701	2677.308472	12.736858	-0.021480	3.045174
112.314207	2674.322250	12.741863	-0.021450	3.043525
112.512395	2671.347471	12.746867	-0.021486	3.041936
112.301769	2668.335351	12.751872	-0.021448	3.040265
112.299372	2665.337530	12.756877	-0.021448	3.038631
112.281053	2662.361161	12.761882	-0.021445	3.037006
112.366455	2659.296030	12.766887	-0.021461	3.035348
112.234320	2656.319347	12.771891	-0.021437	3.033703
112.137939	2653.424777	12.776896	-0.021420	3.032109
112.203545	2650.324867	12.781901	-0.021432	3.030425
112.166334	2647.312671	12.786906	-0.021425	3.028773
112.145113	2644.392447	12.791911	-0.021422	3.027173
112.133013	2641.364600	12.796915	-0.021420	3.025515
112.137998	2638.310901	12.801920	-0.021421	3.023844
112.085362	2635.438871	12.806925	-0.021411	3.022263
112.193801	2632.346790	12.811930	-0.021431	3.020585
112.278138	2629.306869	12.816935	-0.021447	3.018931
112.091108	2626.372008	12.821939	-0.021413	3.017293
112.011735	2623.385735	12.826944	-0.021399	3.015641
111.965724	2620.345876	12.831949	-0.021391	3.013965
112.073361	2617.382205	12.836954	-0.021410	3.012353
112.046634	2614.347153	12.841959	-0.021406	3.010680
112.028398	2611.336403	12.846963	-0.021403	3.009021
111.975648	2608.362951	12.851968	-0.021393	3.007376
112.130577	2605.338731	12.856973	-0.021422	3.005734
112.146549	2602.283816	12.861978	-0.021425	3.004053
112.218811	2599.348013	12.866983	-0.021438	3.002446
112.097728	2596.376839	12.871987	-0.021416	3.000788
112.072514	2593.367760	12.876992	-0.021412	2.999124
111.984737	2590.400311	12.881997	-0.021396	2.997472
112.012233	2587.377132	12.887002	-0.021401	2.995805
111.916838	2584.340625	12.892007	-0.021384	2.994112
111.866303	2581.448540	12.897011	-0.021375	2.992505
112.007214	2578.357711	12.902016	-0.021401	2.990816
111.972780	2575.353348	12.907021	-0.021395	2.989147
111.922845	2572.391585	12.912026	-0.021386	2.987498
111.945930	2569.390914	12.917031	-0.021391	2.985838
111.786484	2566.376271	12.922035	-0.021362	2.984141
111.797892	2563.467115	12.927040	-0.021364	2.982528
111.724851	2560.419503	12.932045	-0.021351	2.980825
111.926842	2557.339239	12.937050	-0.021388	2.979144
111.792951	2554.395678	12.942055	-0.021364	2.977487
111.654316	2551.407998	12.947059	-0.021339	2.975804
111.716356	2548.343731	12.952064	-0.021351	2.974108
111.780215	2545.396671	12.957069	-0.021362	2.972477
111.699022	2542.378509	12.962074	-0.021348	2.970782
111.681695	2539.358841	12.967079	-0.021345	2.969096
111.702215	2536.389633	12.972083	-0.021349	2.967443
111.703000	2533.369432	12.977088	-0.021349	2.965757
111.580572	2530.359069	12.982093	-0.021327	2.964057
111.765585	2527.420457	12.987098	-0.021361	2.962444
111.479480	2524.424050	12.992103	-0.021310	2.960724
111.636161	2521.376088	12.997107	-0.021338	2.959044
111.559583	2518.417832	13.002112	-0.021324	2.957376
111.489325	2515.393756	13.007117	-0.021312	2.955671
111.508117	2512.367711	13.012122	-0.021316	2.953978
111.449704	2509.466272	13.017127	-0.021305	2.952342
111.503219	2506.363834	13.022131	-0.021315	2.950610
111.510338	2503.419599	13.027136	-0.021317	2.948959
111.218203	2500.472990	13.032141	-0.021264	2.947258
111.535575	2497.391950	13.037146	-0.021321	2.945576
111.485437	2494.403282	13.042151	-0.021313	2.943888
111.533119	2491.446621	13.047155	-0.021321	2.942232
111.377210	2488.457755	13.052160	-0.021294	2.940525
111.409014	2485.426916	13.057165	-0.021299	2.938823
111.413778	2482.440839	13.062170	-0.021301	2.937141
111.469510	2479.385732	13.067175	-0.021311	2.935427
111.385287	2476.410922	13.072179	-0.021296	2.933735
111.540254	2473.421571	13.077184	-0.021324	2.932072
111.523751	2470.372078	13.082189	-0.021321	2.930347
111.350477	2467.458399	13.087194	-0.021290	2.928672
111.242350	2464.459172	13.092199	-0.021271	2.926959
111.310121	2461.402380	13.097203	-0.021283	2.925240
111.247381	2458.492064	13.102208	-0.021272	2.923582
111.264595	2455.463446	13.107213	-0.021275	2.921869
111.314995	2452.381573	13.112218	-0.021285	2.920130
111.288512	2449.459034	13.117223	-0.021280	2.918468
111.227167	2446.423167	13.122227	-0.021269	2.916736
111.231487	2443.433829	13.127232	-0.021270	2.915039
111.251014	2440.423824	13.132237	-0.021274	2.913332
111.315693	2437.427005	13.137242	-0.021286	2.911638
111.306381	2434.381994	13.142247	-0.021284	2.909905
111.249663	2431.465641	13.147251	-0.021274	2.908236
111.238660	2428.430155	13.152256	-0.021273	2.906505
111.278576	2425.427566	13.157261	-0.021280	2.904801
111.070396	2422.495622	13.162266	-0.021243	2.903095
111.125917	2419.485035	13.167271	-0.021253	2.901387
111.060114	2416.402771	13.172275	-0.021241	2.899617
111.184604	2413.445120	13.177280	-0.021264	2.897947
111.079107	2410.420879	13.182285	-0.021245	2.896202
111.090953	2407.413902	13.187290	-0.021247	2.894484
110.982045	2404.497362	13.192295	-0.021228	2.892797
111.005754	2401.461683	13.197299	-0.021232	2.891063
111.089347	2398.425586	13.202304	-0.021248	2.889337
111.028641	2395.465842	13.207309	-0.021237	2.887631
111.011125	2392.445596	13.212314	-0.021234	2.885896
110.884987	2389.517179	13.217319	-0.021211	2.884194
110.834247	2386.518649	13.222323	-0.021202	2.882464
110.881820	2383.477799	13.227328	-0.021211	2.880725
110.944110	2380.453593	13.232333	-0.021223	2.878996
110.902750	2377.482250	13.237338	-0.021215	2.877280
110.952685	2374.413093	13.242343	-0.021225	2.875521
110.907318	2371.496331	13.247347	-0.021217	2.873834
110.781257	2368.490491	13.252352	-0.021194	2.872081
110.833484	2365.483013	13.257357	-0.021204	2.870355
110.756009	2362.508730	13.262362	-0.021190	2.868626
110.919450	2359.466245	13.267367	-0.021220	2.866896
110.701469	2356.480392	13.272371	-0.021180	2.865135
110.823087	2353.547869	13.277376	-0.021203	2.863460
110.728318	2350.525846	13.282381	-0.021186	2.861696
110.847727	2347.468019	13.287386	-0.021208	2.859946
110.727878	2344.512377	13.292391	-0.021186	2.858215
110.634748	2341.507890	13.297395	-0.021169	2.856458
110.505042	2338.505464	13.302400	-0.021146	2.854696
110.590816	2335.537185	13.307405	-0.021162	2.852988
110.527758	2332.499617	13.312410	-0.021151	2.851214
110.504497	2329.527826	13.317415	-0.021147	2.849484
110.647546	2326.482021	13.322419	-0.021173	2.847737
110.609019	2323.485480	13.327424	-0.021166	2.845988
110.384296	2320.544935	13.332429	-0.021126	2.844239
110.515570	2317.569075	13.337434	-0.021150	2.842528
110.456109	2314.487103	13.342439	-0.021139	2.840722
110.360269	2311.563049	13.347443	-0.021122	2.839001
110.391242	2308.522247	13.352448	-0.021128	2.837232
110.462666	2305.476059	13.357453	-0.021141	2.835466
110.511551	2302.514028	13.362458	-0.021150	2.833744
110.504027	2299.513839	13.367463	-0.021149	2.831989
110.565748	2296.465316	13.372467	-0.021160	2.830216
110.461406	2293.596234	13.377472	-0.021141	2.828520
110.420540	2290.521599	13.382477	-0.021134	2.826712
110.589613	2287.497539	13.387482	-0.021165	2.824969
110.302646	2284.639794	13.392487	-0.021113	2.823245
110.328439	2281.592817	13.397491	-0.021118	2.821462
110.393861	2278.538540	13.402496	-0.021130	2.819680
110.361731	2275.542250	13.407501	-0.021125	2.817914
110.278354	2272.520057	13.412506	-0.021110	2.816124
110.387953	2269.544266	13.417511	-0.021130	2.814392
110.238466	2266.559151	13.422515	-0.021103	2.812610
110.390426	2263.535138	13.427520	-0.021131	2.810855
110.321099	2260.538812	13.432525	-0.021118	2.809078
110.321799	2257.556600	13.437530	-0.021119	2.807319
110.254192	2254.549843	13.442535	-0.021107	2.805534
110.250440	2251.591174	13.447539	-0.021106	2.803786
110.355402	2248.545569	13.452544	-0.021125	2.802005
110.280095	2245.582131	13.457549	-0.021112	2.800240
110.387494	2242.520629	13.462554	-0.021132	2.798448
110.285563	2239.576548	13.467559	-0.021113	2.796688
110.169568	2236.576229	13.472563	-0.021093	2.794891
110.365723	2233.591332	13.477568	-0.021128	2.793156
110.050571	2230.601618	13.482573	-0.021071	2.791329
110.343818	2227.534658	13.487578	-0.021125	2.789559
110.141848	2224.597324	13.492583	-0.021088	2.787780
110.367000	2221.541620	13.497587	-0.021129	2.786003
110.032552	2218.656250	13.502592	-0.021069	2.784231
110.330287	2215.603352	13.507597	-0.021123	2.782466
110.126904	2212.600206	13.512602	-0.021087	2.780643
110.192841	2209.655061	13.517607	-0.021099	2.778900
109.917077	2206.653193	13.522611	-0.021049	2.777063
110.039517	2203.607118	13.527616	-0.021071	2.775267
110.089492	2200.626218	13.532621	-0.021081	2.773497
109.989347	2197.613711	13.537626	-0.021063	2.771681
109.865254	2194.643018	13.542631	-0.021040	2.769884
110.039950	2191.602649	13.547635	-0.021072	2.768096
109.947660	2188.590176	13.552640	-0.021056	2.766277
109.997592	2185.642334	13.557645	-0.021065	2.764521
109.808437	2182.662836	13.562650	-0.021031	2.762703
109.889832	2179.622261	13.567655	-0.021046	2.760894
109.730781	2176.684369	13.572659	-0.021017	2.759104
109.928362	2173.596445	13.577664	-0.021053	2.757284
109.803868	2170.617161	13.582669	-0.021031	2.755473
109.844199	2167.678868	13.587674	-0.021039	2.753714
109.879114	2164.606022	13.592679	-0.021045	2.751872
109.875297	2161.642853	13.597683	-0.021045	2.750087
109.696031	2158.670773	13.602688	-0.021012	2.748266
109.610233	2155.688661	13.607693	-0.020997	2.746454
109.492768	2152.742039	13.612698	-0.020976	2.744656
109.650478	2149.688150	13.617703	-0.021005	2.742840
109.518711	2146.677796	13.622707	-0.020981	2.740999
109.537117	2143.697206	13.627712	-0.020985	2.739201
109.502449	2140.644181	13.632717	-0.020979	2.737349
109.488868	2137.666521	13.637722	-0.020976	2.735545
109.467436	2134.678164	13.642727	-0.020973	2.733732
109.511988	2131.662336	13.647731	-0.020981	2.731912
109.564218	2128.621566	13.652736	-0.020991	2.730078
109.474871	2125.693383	13.657741	-0.020975	2.728285
109.408628	2122.684378	13.662746	-0.020963	2.726447
109.413668	2119.713708	13.667751	-0.020964	2.724643
109.567959	2116.669262	13.672755	-0.020992	2.722819
109.573738	2113.648972	13.677760	-0.020993	2.720983
109.509436	2110.671611	13.682765	-0.020982	2.719159
109.427942	2107.691542	13.687770	-0.020967	2.717329
109.256748	2104.718127	13.692775	-0.020937	2.715486
109.336495	2101.738157	13.697779	-0.020951	2.713683
109.232184	2098.717659	13.702784	-0.020933	2.711821
109.198579	2095.755800	13.707789	-0.020927	2.710005
109.235119	2092.730567	13.712794	-0.020934	2.708163
109.312349	2089.679699	13.717799	-0.020948	2.706311
109.248160	2086.750134	13.722803	-0.020936	2.704506
109.259619	2083.762266	13.727808	-0.020939	2.702678
109.194095	2080.715899	13.732813	-0.020927	2.700799
109.493112	2077.690912	13.737818	-0.020981	2.698998
109.260344	2074.696023	13.742823	-0.020939	2.697118
109.211613	2071.756239	13.747827	-0.020931	2.695304
109.223168	2068.736865	13.752832	-0.020933	2.693450
109.241150	2065.710581	13.757837	-0.020937	2.691592
109.064963	2062.792324	13.762842	-0.020905	2.689765
109.180161	2059.735169	13.767847	-0.020926	2.687903
108.997905	2056.750392	13.772851	-0.020893	2.686030
109.100518	2053.792680	13.777856	-0.020912	2.684225
109.075595	2050.737733	13.782861	-0.020908	2.682335
109.071798	2047.760612	13.787866	-0.020907	2.680496
109.107325	2044.736653	13.792871	-0.020914	2.678634
109.032429	2041.759240	13.797875	-0.020901	2.676779
109.091758	2038.746601	13.802880	-0.020911	2.674925
108.963142	2035.780032	13.807885	-0.020888	2.673065
108.925083	2032.734140	13.812890	-0.020882	2.671171
109.016625	2029.784235	13.817895	-0.020898	2.669358
108.874048	2026.771741	13.822899	-0.020873	2.667463
108.931209	2023.776682	13.827904	-0.020883	2.665613
108.847351	2020.799468	13.832909	-0.020869	2.663748
108.884182	2017.757321	13.837914	-0.020875	2.661863
108.837285	2014.765470	13.842919	-0.020867	2.659992
108.944259	2011.746564	13.847923	-0.020887	2.658132
108.693552	2008.785282	13.852928	-0.020842	2.656241
108.912696	2005.790393	13.857933	-0.020881	2.654413
108.826302	2002.754085	13.862938	-0.020866	2.652502
108.891625	1999.766799	13.867943	-0.020878	2.650649
108.911988	1996.758857	13.872947	-0.020882	2.648773
108.808469	1993.775527	13.877952	-0.020863	2.646888
108.821140	1990.822473	13.882957	-0.020866	2.645042
108.720151	1987.854376	13.887962	-0.020848	2.643165
108.628727	1984.809434	13.892967	-0.020831	2.641240
108.525632	1981.870927	13.897971	-0.020813	2.639378
108.615970	1978.784552	13.902976	-0.020830	2.637457
108.544879	1975.867706	13.907981	-0.020817	2.635612
108.442506	1972.859391	13.912986	-0.020799	2.633703
108.490564	1969.819584	13.917991	-0.020808	2.631800
108.586269	1966.828123	13.922995	-0.020825	2.629935
108.542218	1963.811391	13.928000	-0.020817	2.628026
108.474496	1960.819446	13.933005	-0.020805	2.626128
108.651291	1957.848488	13.938010	-0.020837	2.624287
108.424626	1954.846248	13.943015	-0.020797	2.622349
108.629349	1951.838857	13.948019	-0.020834	2.620488
108.408395	1948.863104	13.953024	-0.020794	2.618565
108.547329	1945.815020	13.958029	-0.020819	2.616663
108.517326	1942.886584	13.963034	-0.020814	2.614804
108.566607	1939.829663	13.968039	-0.020823	2.612876
108.414654	1936.895310	13.973043	-0.020796	2.610988
108.346252	1933.912338	13.978048	-0.020784	2.609082
108.299154	1930.859165	13.983053	-0.020776	2.607135
108.377887	1927.912689	13.988058	-0.020790	2.605278
108.344835	1924.867439	13.993063	-0.020784	2.603335
108.320406	1921.908951	13.998067	-0.020780	2.601448
108.251240	1918.915901	14.003072	-0.020768	2.599529
108.274305	1915.874725	14.008077	-0.020772	2.597595
108.373363	1912.869525	14.013082	-0.020790	2.595698
108.299273	1909.901722	14.018087	-0.020777	2.593790
108.378351	1906.852077	14.023091	-0.020792	2.591857
108.328201	1903.944334	14.028096	-0.020783	2.589989
108.198263	1900.919712	14.033101	-0.020759	2.588030
108.493542	1897.836195	14.038106	-0.020813	2.586112
108.125705	1894.835710	14.043111	-0.020747	2.584120
108.185451	1891.825948	14.048115	-0.020758	2.582202
108.268117	1888.837360	14.053120	-0.020773	2.580301
108.120870	1885.882621	14.058125	-0.020746	2.578376
108.173936	1882.870556	14.063130	-0.020756	2.576451
108.185033	1879.905478	14.068135	-0.020759	2.574547
108.024831	1876.890046	14.073139	-0.020730	2.572576
108.015396	1873.963650	14.078144	-0.020728	2.570690
107.957896	1870.930494	14.083149	-0.020718	2.568724
108.118333	1867.904183	14.088154	-0.020747	2.566803
107.991329	1864.980712	14.093159	-0.020725	2.564892
108.068789	1861.928234	14.098163	-0.020739	2.562935
107.976652	1858.963616	14.103168	-0.020722	2.561001
107.905708	1855.992299	14.108173	-0.020710	2.559066
107.972660	1852.928136	14.113178	-0.020722	2.557095
107.932112	1850.008193	14.118183	-0.020715	2.555196
107.834229	1846.978332	14.123187	-0.020697	2.553213
107.811001	1844.022102	14.128192	-0.020693	2.551290
107.644415	1841.035483	14.133197	-0.020663	2.549318
107.906643	1837.949297	14.138202	-0.020711	2.547364
107.779279	1835.074636	14.143207	-0.020688	2.545470
107.694590	1832.056845	14.148211	-0.020673	2.543489
107.636499	1829.047375	14.153216	-0.020663	2.541518
107.803515	1826.008116	14.158221	-0.020693	2.539570
107.706853	1822.994285	14.163226	-0.020676	2.537585
107.877083	1820.007884	14.168231	-0.020707	2.535668
107.505787	1817.070681	14.173235	-0.020640	2.533677
107.509151	1814.077672	14.178240	-0.020641	2.531721
107.553504	1811.055146	14.183245	-0.020649	2.529752
107.515331	1808.049435	14.188250	-0.020642	2.527776
107.567413	1805.064504	14.193255	-0.020652	2.525830
107.606087	1802.062797	14.198259	-0.020659	2.523869
107.537552	1799.049445	14.203264	-0.020647	2.521877
107.591762	1796.072927	14.208269	-0.020657	2.519933
107.497367	1793.031263	14.213274	-0.020640	2.517915
107.514080	1790.092933	14.218279	-0.020643	2.515985
107.479976	1787.073778	14.223283	-0.020637	2.513990
107.518477	1784.067425	14.228288	-0.020645	2.512017
107.419578	1781.133074	14.233293	-0.020627	2.510062
107.465452	1778.089238	14.238298	-0.020635	2.508062
107.460266	1775.110390	14.243303	-0.020635	2.506094
107.423723	1772.140477	14.248307	-0.020628	2.504123
107.367625	1769.084472	14.253312	-0.020618	2.502090
107.422098	1766.122353	14.258317	-0.020628	2.500140
107.267327	1763.096227	14.263322	-0.020601	2.498104
107.445265	1760.105404	14.268327	-0.020633	2.496156
107.463718	1757.083056	14.273331	-0.020637	2.494154
107.371898	1754.104317	14.278336	-0.020620	2.492157
107.273661	1751.167952	14.283341	-0.020603	2.490186
107.454449	1748.087033	14.288346	-0.020636	2.488172
107.284592	1745.168103	14.293351	-0.020605	2.486195
107.261874	1742.188941	14.298355	-0.020601	2.484205
107.139535	1739.162915	14.303360	-0.020579	2.482163
107.247497	1736.166724	14.308365	-0.020599	2.480185
107.149809	1733.154354	14.313370	-0.020582	2.478153
107.229439	1730.192718	14.318375	-0.020596	2.476189
107.135541	1727.185988	14.323379	-0.020579	2.474159
107.065320	1724.226101	14.328384	-0.020567	2.472163
107.100464	1721.183726	14.333389	-0.020573	2.470131
107.087587	1718.199750	14.338394	-0.020571	2.468127
107.241678	1715.178891	14.343399	-0.020599	2.466131
107.142512	1712.236282	14.348403	-0.020582	2.464134
107.074529	1709.225874	14.353408	-0.020570	2.462096
107.107003	1706.235587	14.358413	-0.020576	2.460091
107.081082	1703.179449	14.363418	-0.020571	2.458027
107.274551	1700.196274	14.368423	-0.020606	2.456056
106.919158	1697.250684	14.373427	-0.020542	2.453997
107.017568	1694.247001	14.378432	-0.020560	2.451989
106.976656	1691.242916	14.383437	-0.020553	2.449951
107.080060	1688.209150	14.388442	-0.020572	2.447921
106.922017	1685.308732	14.393447	-0.020544	2.445926
106.991535	1682.268971	14.398451	-0.020556	2.443881
106.972307	1679.274285	14.403456	-0.020553	2.441847
106.887917	1676.310374	14.408461	-0.020538	2.439819
106.998339	1673.219317	14.413466	-0.020558	2.437743
106.938348	1670.316851	14.418471	-0.020548	2.435758
106.805341	1667.302475	14.423475	-0.020524	2.433680
107.057940	1664.258869	14.428480	-0.020570	2.431661
106.744965	1661.344155	14.433485	-0.020513	2.429610
106.836108	1658.296195	14.438490	-0.020530	2.427551
106.615118	1655.423829	14.443495	-0.020490	2.425545
106.699946	1652.345155	14.448499	-0.020506	2.423459
106.605038	1649.362090	14.453504	-0.020489	2.421400
106.852227	1646.283231	14.458509	-0.020534	2.419345
106.481190	1643.370626	14.463514	-0.020467	2.417274
106.721513	1640.341281	14.468519	-0.020511	2.415248
106.706510	1637.286815	14.473523	-0.020508	2.413149
106.747045	1634.345340	14.478528	-0.020516	2.411138
106.685895	1631.326257	14.483533	-0.020505	2.409051
106.620289	1628.369695	14.488538	-0.020493	2.407004
106.771676	1625.329362	14.493543	-0.020521	2.404943
106.591222	1622.385948	14.498547	-0.020488	2.402878
106.521688	1619.401132	14.503552	-0.020476	2.400805
106.621125	1616.366696	14.508557	-0.020494	2.398732
106.330753	1613.431426	14.513562	-0.020442	2.396644
106.517681	1610.410244	14.518567	-0.020476	2.394595
106.434567	1607.401863	14.523571	-0.020461	2.392496
106.563510	1604.389738	14.528576	-0.020484	2.390438
106.555140	1601.378656	14.533581	-0.020483	2.388349
106.565804	1598.444001	14.538586	-0.020485	2.386316
106.489089	1595.460356	14.543591	-0.020472	2.384228
106.443048	1592.485467	14.548595	-0.020464	2.382151
106.380260	1589.447658	14.553600	-0.020452	2.380025
106.435417	1586.437685	14.558605	-0.020463	2.377941
106.259767	1583.495800	14.563610	-0.020431	2.375854
106.354329	1580.468499	14.568615	-0.020448	2.373764
106.343807	1577.470183	14.573619	-0.020447	2.371669
106.342416	1574.457206	14.578624	-0.020447	2.369564
106.347958	1571.480478	14.583629	-0.020448	2.367484
106.251802	1568.539752	14.588634	-0.020431	2.365405
106.347334	1565.456483	14.593639	-0.020448	2.363266
106.258736	1562.544116	14.598643	-0.020432	2.361205
106.188453	1559.487760	14.603648	-0.020420	2.359046
106.209940	1556.555341	14.608653	-0.020424	2.356991
106.027382	1553.554037	14.613658	-0.020391	2.354842
106.160233	1550.524592	14.618663	-0.020415	2.352739
106.148287	1547.542028	14.623667	-0.020413	2.350637
106.116197	1544.516753	14.628672	-0.020408	2.348497
106.040945	1541.608779	14.633677	-0.020394	2.346430
106.093455	1538.574887	14.638682	-0.020404	2.344299
106.023539	1535.568332	14.643687	-0.020392	2.342159
106.051518	1532.579001	14.648691	-0.020397	2.340050
105.884820	1529.574445	14.653696	-0.020367	2.337887
106.011332	1526.593267	14.658701	-0.020390	2.335802
105.938771	1523.558948	14.663706	-0.020377	2.333634
105.838015	1520.640083	14.668711	-0.020359	2.331540
105.905392	1517.591776	14.673715	-0.020372	2.329388
105.771898	1514.664913	14.678720	-0.020348	2.327277
105.822719	1511.634246	14.683725	-0.020357	2.325131
105.844076	1508.635133	14.688730	-0.020361	2.322999
105.807234	1505.614268	14.693735	-0.020355	2.320836
105.787516	1502.626571	14.698739	-0.020351	2.318699
105.894831	1499.627564	14.703744	-0.020371	2.316580
105.847097	1496.636329	14.708749	-0.020362	2.314430
105.734435	1493.694728	14.713754	-0.020342	2.312299
105.856759	1490.664203	14.718759	-0.020365	2.310155
105.682632	1487.699244	14.723763	-0.020333	2.307990
105.625367	1484.769287	14.728768	-0.020323	2.305874
105.660570	1481.687565	14.733773	-0.020330	2.303667
105.773016	1478.714608	14.738778	-0.020350	2.301554
105.658422	1475.691201	14.743783	-0.020330	2.299352
105.593185	1472.752249	14.748787	-0.020318	2.297220
105.445726	1469.759940	14.753792	-0.020292	2.295029
105.632930	1466.724728	14.758797	-0.020326	2.292880
105.597452	1463.730734	14.763802	-0.020320	2.290708
105.601016	1460.741959	14.768807	-0.020320	2.288548
105.450525	1457.795721	14.773811	-0.020293	2.286381
105.562703	1454.761102	14.778816	-0.020314	2.284207
105.471293	1451.800765	14.783821	-0.020298	2.282039
105.326572	1448.813605	14.788826	-0.020272	2.279838
105.491917	1445.768073	14.793831	-0.020302	2.277662
105.482991	1442.791188	14.798835	-0.020300	2.275494
105.365048	1439.799316	14.803840	-0.020279	2.273289
105.569347	1436.775299	14.808845	-0.020316	2.271132
105.409561	1433.794104	14.813850	-0.020288	2.268921
105.431018	1430.869864	14.818855	-0.020292	2.266790
105.336272	1427.827577	14.823859	-0.020275	2.264545
105.252412	1424.884744	14.828864	-0.020260	2.262373
105.225087	1421.858631	14.833869	-0.020255	2.260150
105.279104	1418.834064	14.838874	-0.020265	2.257946
105.228434	1415.857285	14.843879	-0.020256	2.255750
105.210878	1412.865487	14.848883	-0.020253	2.253548
105.161753	1409.873704	14.853888	-0.020245	2.251337
105.221761	1406.853268	14.858893	-0.020256	2.249128
105.272447	1403.879111	14.863898	-0.020265	2.246949
105.254782	1400.889314	14.868903	-0.020262	2.244740
105.141671	1397.926468	14.873907	-0.020242	2.242527
105.144852	1394.918778	14.878912	-0.020243	2.240306
104.980979	1391.961876	14.883917	-0.020213	2.238081
105.030349	1388.945350	14.888922	-0.020222	2.235860
105.031595	1385.920902	14.893927	-0.020223	2.233619
105.149272	1382.930482	14.898931	-0.020244	2.231428
104.950680	1379.956470	14.903936	-0.020209	2.229173
105.105461	1377.017427	14.908941	-0.020237	2.227025
105.043180	1373.964571	14.913946	-0.020226	2.224739
105.022154	1371.002955	14.918951	-0.020222	2.222528
104.875896	1368.011824	14.923955	-0.020196	2.220265
104.948051	1365.017489	14.928960	-0.020209	2.218047
104.897727	1362.021347	14.933965	-0.020200	2.215797
104.970380	1359.002577	14.938970	-0.020214	2.213557
104.993026	1355.989530	14.943975	-0.020218	2.211307
104.948140	1353.025623	14.948979	-0.020210	2.209075
104.732894	1350.107385	14.953984	-0.020171	2.206836
104.760311	1347.079759	14.958989	-0.020176	2.204569
104.748059	1344.087771	14.963994	-0.020174	2.202318
104.864454	1341.039725	14.968999	-0.020196	2.200052
104.745267	1338.109705	14.974003	-0.020174	2.197817
104.619762	1335.127388	14.979008	-0.020152	2.195539
104.654853	1332.111368	14.984013	-0.020158	2.193271
104.636214	1329.153680	14.989018	-0.020155	2.191033
104.584348	1326.139098	14.994023	-0.020146	2.188741
104.767545	1323.127994	14.999027	-0.020179	2.186505
104.610595	1320.143973	15.004032	-0.020151	2.184206
104.546866	1317.183899	15.009037	-0.020140	2.181945
104.611520	1314.127498	15.014042	-0.020152	2.179640
104.443180	1311.225159	15.019047	-0.020122	2.177393
104.516234	1308.155442	15.024051	-0.020135	2.175075
104.486186	1305.208752	15.029056	-0.020130	2.172823
104.422002	1302.184623	15.034061	-0.020118	2.170501
104.507407	1299.225880	15.039066	-0.020134	2.168263
104.454923	1296.203249	15.044071	-0.020125	2.165941
104.459682	1293.228284	15.049075	-0.020126	2.163666
104.454282	1290.215845	15.054080	-0.020125	2.161358
104.472320	1287.214309	15.059085	-0.020128	2.159061
104.332198	1284.289070	15.064090	-0.020103	2.156782
104.376135	1281.262186	15.069095	-0.020112	2.154468
104.337011	1278.298739	15.074099	-0.020105	2.152179
104.445778	1275.255036	15.079104	-0.020125	2.149862
104.217278	1272.367292	15.084109	-0.020083	2.147581
104.289845	1269.330092	15.089114	-0.020097	2.145255
104.168868	1266.362973	15.094119	-0.020075	2.142934
104.305849	1263.306747	15.099123	-0.020100	2.140604
104.199219	1260.364813	15.104128	-0.020081	2.138301
104.259461	1257.333636	15.109133	-0.020092	2.135967
104.145347	1254.380627	15.114138	-0.020072	2.133648
104.113964	1251.401773	15.119143	-0.020066	2.131327
104.074178	1248.384892	15.124147	-0.020059	2.128972
104.126734	1245.424586	15.129152	-0.020069	2.126681
104.100699	1242.380348	15.134157	-0.020064	2.124302
104.031148	1239.432055	15.139162	-0.020052	2.121985
103.974387	1236.434437	15.144167	-0.020042	2.119631
104.146013	1233.405922	15.149171	-0.020073	2.117306
104.164383	1230.388222	15.154176	-0.020077	2.114948
104.138486	1227.453363	15.159181	-0.020072	2.112643
104.077823	1224.432485	15.164186	-0.020062	2.110258
103.999175	1221.539125	15.169191	-0.020048	2.107967
103.961506	1218.496892	15.174195	-0.020041	2.105566
103.913698	1215.548160	15.179200	-0.020033	2.103234
103.853152	1212.506976	15.184205	-0.020022	2.100822
103.821067	1209.556996	15.189210	-0.020016	2.098488
103.941328	1206.495691	15.194215	-0.020038	2.096100
103.864852	1203.548276	15.199219	-0.020025	2.093751
103.808294	1200.550200	15.204224	-0.020014	2.091364
103.755541	1197.584485	15.209229	-0.020005	2.089001
103.868639	1194.542626	15.214234	-0.020026	2.086617
103.935661	1191.558073	15.219239	-0.020038	2.084264
103.499771	1188.652429	15.224243	-0.019960	2.081844
103.610091	1185.636443	15.229248	-0.019980	2.079471
103.694551	1182.621866	15.234253	-0.019995	2.077090
103.693084	1179.625466	15.239258	-0.019995	2.074699
103.560086	1176.677217	15.244263	-0.019971	2.072311
103.632834	1173.657909	15.249267	-0.019985	2.069915
103.452304	1170.733247	15.254272	-0.019952	2.067528
103.520430	1167.697218	15.259277	-0.019965	2.065112
103.457497	1164.707728	15.264282	-0.019954	2.062697
103.462045	1161.693903	15.269287	-0.019955	2.060277
103.489224	1158.712094	15.274291	-0.019960	2.057886
103.444973	1155.719271	15.279296	-0.019952	2.055464
103.341077	1152.761938	15.284301	-0.019933	2.053053
103.482113	1149.721077	15.289306	-0.019959	2.050635
103.386373	1146.784594	15.294311	-0.019942	2.048238
103.466768	1143.746723	15.299315	-0.019957	2.045801
103.368728	1140.793149	15.304320	-0.019939	2.043383
103.436270	1137.765541	15.309325	-0.019952	2.040945
103.495128	1134.777318	15.314330	-0.019962	2.038534
103.327509	1131.835067	15.319335	-0.019932	2.036099
103.358081	1128.842412	15.324339	-0.019938	2.033671
103.316671	1125.862301	15.329344	-0.019931	2.031232
103.222821	1122.896786	15.334349	-0.019914	2.028789
103.367888	1119.863596	15.339354	-0.019940	2.026349
103.161284	1116.908494	15.344359	-0.019903	2.023878
103.174340	1113.912103	15.349363	-0.019906	2.021428
103.218847	1110.904911	15.354368	-0.019914	2.018975
103.252650	1107.902105	15.359373	-0.019920	2.016519
103.092532	1104.966053	15.364378	-0.019892	2.014064
103.130390	1101.948574	15.369383	-0.019899	2.011591
103.065196	1098.975685	15.374387	-0.019887	2.009125
103.181627	1095.966345	15.379392	-0.019908	2.006674
103.053204	1092.988342	15.384397	-0.019885	2.004181
103.154790	1089.976527	15.389402	-0.019904	2.001717
102.937364	1087.045804	15.394407	-0.019865	1.999233
103.138476	1083.996862	15.399411	-0.019902	1.996759
102.986072	1081.071952	15.404416	-0.019874	1.994291
103.000462	1078.050759	15.409421	-0.019877	1.991785
103.011618	1075.077133	15.414426	-0.019879	1.989314
102.938412	1072.122250	15.419431	-0.019866	1.986833
102.869763	1069.119523	15.424435	-0.019854	1.984310
103.031835	1066.089977	15.429440	-0.019883	1.981823
102.889178	1063.131121	15.434445	-0.019858	1.979311
102.874492	1060.148260	15.439450	-0.019855	1.976809
102.940223	1057.125507	15.444455	-0.019868	1.974293
102.818845	1054.177414	15.449459	-0.019846	1.971786
102.905271	1051.172710	15.454464	-0.019862	1.969284
103.044830	1048.145066	15.459469	-0.019887	1.966774
102.834271	1045.219077	15.464474	-0.019849	1.964251
102.866572	1042.222236	15.469479	-0.019855	1.961732
102.750088	1039.257669	15.474483	-0.019834	1.959196
103.004878	1036.203242	15.479488	-0.019881	1.956681
102.788043	1033.278693	15.484493	-0.019842	1.954145
102.993358	1030.218010	15.489498	-0.019879	1.951606
102.639276	1027.354621	15.494503	-0.019815	1.949078
102.683366	1024.316717	15.499507	-0.019823	1.946507
102.652332	1021.342155	15.504512	-0.019818	1.943966
102.519514	1018.355069	15.509517	-0.019794	1.941383
102.543972	1015.361921	15.514522	-0.019799	1.938834
102.578568	1012.366138	15.519527	-0.019805	1.936283
102.475425	1009.387882	15.524531	-0.019787	1.933706
102.486840	1006.378537	15.529536	-0.019789	1.931130
102.389852	1003.454861	15.534541	-0.019772	1.928594
102.427390	1000.430705	15.539546	-0.019779	1.926005
102.406480	997.452827	15.544551	-0.019775	1.923437
102.398329	994.435720	15.549555	-0.019774	1.920835
102.401752	991.458730	15.554560	-0.019775	1.918268
102.325129	988.508137	15.559565	-0.019761	1.915697
102.360255	985.476958	15.564570	-0.019768	1.913085
102.401317	982.504500	15.569575	-0.019775	1.910521
102.199502	979.583216	15.574579	-0.019739	1.907931
102.203868	976.582847	15.579584	-0.019740	1.905326
102.247437	973.561166	15.584589	-0.019748	1.902710
102.253275	970.587863	15.589594	-0.019749	1.900122
102.131047	967.611043	15.594599	-0.019728	1.897491
102.192342	964.636169	15.599603	-0.019739	1.894910
102.053849	961.634225	15.604608	-0.019714	1.892245
102.173703	958.663693	15.609613	-0.019736	1.889677
101.936720	955.704222	15.614618	-0.019693	1.887014
102.115430	952.679927	15.619623	-0.019726	1.884409
102.052276	949.675834	15.624627	-0.019715	1.881749
102.054418	946.723737	15.629632	-0.019715	1.879149
102.041448	943.709005	15.634637	-0.019713	1.876487
102.064150	940.748786	15.639642	-0.019717	1.873879
101.970032	937.749631	15.644647	-0.019701	1.871199
102.108685	934.782829	15.649651	-0.019726	1.868611
101.889170	931.815320	15.654656	-0.019686	1.865916
101.807529	928.861200	15.659661	-0.019672	1.863269
101.977052	925.798559	15.664666	-0.019703	1.860594
101.959013	922.828091	15.669671	-0.019700	1.857942
101.822493	919.880258	15.674675	-0.019675	1.855273
101.892187	916.867988	15.679680	-0.019688	1.852602
101.783481	913.921314	15.684685	-0.019668	1.849935
101.892898	910.902115	15.689690	-0.019688	1.847262
101.573725	907.994271	15.694695	-0.019631	1.844560
101.758641	904.947035	15.699699	-0.019665	1.841876
101.777510	901.958320	15.704704	-0.019668	1.839192
101.815427	898.958578	15.709709	-0.019675	1.836500
101.734757	896.005786	15.714714	-0.019661	1.833811
101.595372	893.065104	15.719719	-0.019636	1.831112
101.550725	890.108320	15.724723	-0.019628	1.828423
101.506089	887.129412	15.729728	-0.019620	1.825709
101.598505	884.071298	15.734733	-0.019637	1.822960
101.585450	881.121062	15.739738	-0.019635	1.820274
101.491850	878.112048	15.744743	-0.019618	1.817507
101.520556	875.155676	15.749747	-0.019624	1.814819
101.500461	872.137792	15.754752	-0.019620	1.812057
101.479634	869.213409	15.759757	-0.019617	1.809376
101.362256	866.225297	15.764762	-0.019596	1.806604
101.307412	863.255930	15.769767	-0.019586	1.803863
101.330328	860.243649	15.774771	-0.019590	1.801102
101.304373	857.288193	15.779776	-0.019586	1.798375
101.227293	854.304870	15.784781	-0.019572	1.795602
101.275469	851.303507	15.789786	-0.019581	1.792846
101.238782	848.352344	15.794791	-0.019575	1.790106
101.280563	845.346205	15.799795	-0.019582	1.787336
101.115648	842.392797	15.804800	-0.019553	1.784547
101.160931	839.372485	15.809805	-0.019561	1.781755
101.189520	836.378256	15.814810	-0.019567	1.778978
101.172537	833.401587	15.819815	-0.019564	1.776200
100.988233	830.466319	15.824819	-0.019531	1.773404
101.110557	827.466239	15.829824	-0.019553	1.770638
101.070491	824.469487	15.834829	-0.019546	1.767820
101.225713	821.453454	15.839834	-0.019574	1.765040
101.035844	818.499048	15.844839	-0.019540	1.762207
101.045383	815.547966	15.849843	-0.019542	1.759434
100.933290	812.573052	15.854848	-0.019522	1.756597
100.848430	809.631099	15.859853	-0.019507	1.753795
100.867640	806.634016	15.864858	-0.019510	1.750968
100.992753	803.616219	15.869863	-0.019533	1.748150
101.007792	800.621898	15.874867	-0.019536	1.745316
101.023036	797.620371	15.879872	-0.019539	1.742470
100.960608	794.678418	15.884877	-0.019528	1.739652
100.869170	791.719052	15.889882	-0.019512	1.736803
100.713288	788.758001	15.894887	-0.019484	1.733929
100.703552	785.811668	15.899891	-0.019482	1.731109
100.662802	782.804935	15.904896	-0.019475	1.728217
100.795589	779.798370	15.909901	-0.019499	1.725375
100.828593	776.771865	15.914906	-0.019505	1.722478
100.839655	773.822938	15.919911	-0.019508	1.719644
100.806274	770.847060	15.924915	-0.019502	1.716765
100.756553	767.888029	15.929920	-0.019493	1.713892
100.603380	764.964509	15.934925	-0.019466	1.711015
100.649042	761.969409	15.939930	-0.019474	1.708128
100.445111	759.013847	15.944935	-0.019437	1.705195
100.693936	755.956971	15.949939	-0.019483	1.702303
100.489654	753.029162	15.954944	-0.019446	1.699386
100.641357	750.005610	15.959949	-0.019474	1.696486
100.519737	747.056350	15.964954	-0.019452	1.693565
100.495011	744.100527	15.969959	-0.019447	1.690664
100.328767	741.161501	15.974963	-0.019418	1.687728
100.492921	738.122779	15.979968	-0.019448	1.684797
100.303225	735.174186	15.984973	-0.019413	1.681834
100.563822	732.139804	15.989978	-0.019461	1.678928
100.341071	729.195754	15.994983	-0.019421	1.675949
100.454144	726.206833	15.999987	-0.019441	1.673029
100.232580	723.322143	16.004992	-0.019402	1.670099
100.261769	720.313914	16.009997	-0.019407	1.667122
100.278267	717.315538	16.015002	-0.019410	1.664146
100.257894	714.343464	16.020007	-0.019407	1.661179
100.228879	711.352226	16.025011	-0.019402	1.658184
100.153514	708.426191	16.030016	-0.019388	1.655234
99.992815	705.462054	16.035021	-0.019359	1.652212
100.247841	702.421450	16.040026	-0.019406	1.649246
99.994120	699.497820	16.045031	-0.019360	1.646223
99.697270	696.618807	16.050035	-0.019307	1.643225
99.242489	693.760972	16.055040	-0.019225	1.640190
99.259247	690.727356	16.060045	-0.019228	1.637129
99.258270	687.722051	16.065050	-0.019228	1.634085
99.232926	684.730879	16.070055	-0.019224	1.631042
99.251385	681.696720	16.075059	-0.019227	1.627964
99.340537	678.691977	16.080064	-0.019243	1.624934
98.974012	675.798894	16.085069	-0.019177	1.621859
99.090368	672.776619	16.090074	-0.019199	1.618809
98.998439	669.800167	16.095079	-0.019182	1.615729
99.030431	666.801672	16.100083	-0.019188	1.612663
98.904484	663.869802	16.105088	-0.019166	1.609606
98.922469	660.865951	16.110093	-0.019169	1.606519
98.945763	657.852943	16.115098	-0.019174	1.603417
98.951929	654.896967	16.120103	-0.019175	1.600363
98.970498	651.887115	16.125107	-0.019178	1.597251
98.881112	648.955508	16.130112	-0.019162	1.594177
98.781095	646.015467	16.135117	-0.019145	1.591085
98.891672	642.999014	16.140122	-0.019165	1.587980
98.798648	640.027311	16.145127	-0.019148	1.584845
98.921042	637.020384	16.150131	-0.019171	1.581742
98.829481	634.066704	16.155136	-0.019154	1.578615
98.676853	631.158436	16.160141	-0.019127	1.575507
98.743888	628.148313	16.165146	-0.019139	1.572363
98.844456	625.147015	16.170151	-0.019158	1.569233
98.691343	622.210210	16.175155	-0.019130	1.566076
98.604566	619.269695	16.180160	-0.019115	1.562933
98.636640	616.269066	16.185165	-0.019121	1.559761
98.657770	613.293847	16.190170	-0.019125	1.556606
98.791118	610.270939	16.195175	-0.019149	1.553433
98.562257	607.404636	16.200179	-0.019108	1.550293
98.580739	604.406060	16.205184	-0.019111	1.547092
98.669168	601.389576	16.210189	-0.019128	1.543891
98.602680	598.440591	16.215194	-0.019116	1.540700
98.441441	595.534928	16.220199	-0.019087	1.537515
98.353094	592.547446	16.225203	-0.019071	1.534262
98.387022	589.593146	16.230208	-0.019077	1.531081
98.294848	586.621470	16.235213	-0.019061	1.527830
98.249612	583.654999	16.240218	-0.019053	1.524594
98.341053	580.661599	16.245223	-0.019070	1.521372
98.312308	577.698078	16.250227	-0.019065	1.518132
98.252514	574.723888	16.255232	-0.019054	1.514861
98.168714	571.824586	16.260237	-0.019039	1.511657
98.037045	568.861971	16.265242	-0.019016	1.508359
98.084419	565.871209	16.270247	-0.019024	1.505089
98.106393	562.881114	16.275251	-0.019029	1.501803
98.110978	559.901948	16.280256	-0.019030	1.498515
97.985583	556.973159	16.285261	-0.019007	1.495228
98.012366	554.001714	16.290266	-0.019012	1.491942
97.992539	551.015945	16.295271	-0.019009	1.488617
97.992634	548.057601	16.300275	-0.019009	1.485321
97.805556	545.136784	16.305280	-0.018975	1.481990
97.824659	542.167282	16.310285	-0.018979	1.478675
97.806260	539.187394	16.315290	-0.018976	1.475326
97.770200	536.253077	16.320295	-0.018970	1.472015
97.766317	533.256736	16.325299	-0.018969	1.468638
97.737397	530.293086	16.330304	-0.018964	1.465281
97.714779	527.330820	16.335309	-0.018960	1.461920
97.670510	524.374958	16.340314	-0.018952	1.458550
97.549852	521.415859	16.345319	-0.018931	1.455139
97.659461	518.447495	16.350323	-0.018951	1.451799
97.626504	515.459165	16.355328	-0.018945	1.448373
97.655876	512.492755	16.360333	-0.018951	1.444988
97.673133	509.516689	16.365338	-0.018954	1.441579
97.590172	506.583676	16.370343	-0.018939	1.438173
97.546422	503.614330	16.375347	-0.018932	1.434732
97.616976	500.666904	16.380352	-0.018944	1.431352
97.479900	497.722184	16.385357	-0.018920	1.427887
97.361483	494.791195	16.390362	-0.018899	1.424437
97.577735	491.748442	16.395367	-0.018938	1.420979
97.519592	488.820877	16.400371	-0.018928	1.417540
97.429377	485.873042	16.405376	-0.018912	1.414055
97.440820	482.919388	16.410381	-0.018914	1.410596
97.270800	480.002632	16.415386	-0.018883	1.407099
97.331597	477.024506	16.420391	-0.018895	1.403613
97.400301	474.022938	16.425395	-0.018907	1.400094
97.405403	471.090572	16.430400	-0.018908	1.396623
97.326691	468.136037	16.435405	-0.018894	1.393083
97.367265	465.168809	16.440410	-0.018902	1.389567
97.346093	462.202870	16.445415	-0.018898	1.386018
97.108748	459.324376	16.450419	-0.018856	1.382478
97.093604	456.353548	16.455424	-0.018853	1.378908
97.159743	453.368499	16.460429	-0.018865	1.375344
97.018764	450.458449	16.465434	-0.018840	1.371777
97.152185	447.451527	16.470439	-0.018864	1.368197
96.889797	444.560564	16.475443	-0.018817	1.364584
97.003437	441.572283	16.480448	-0.018838	1.360999
96.915165	438.639390	16.485453	-0.018822	1.357388
97.016788	435.649173	16.490458	-0.018841	1.353777
96.986113	432.699418	16.495463	-0.018835	1.350150
96.988299	429.742793	16.500467	-0.018836	1.346519
96.838832	426.829205	16.505472	-0.018809	1.342868
96.930795	423.846634	16.510477	-0.018826	1.339222
96.807862	420.904864	16.515482	-0.018804	1.335527
96.888483	417.959279	16.520487	-0.018819	1.331903
96.769316	415.016687	16.525491	-0.018797	1.328188
96.782573	412.065269	16.530496	-0.018800	1.324508
96.522312	409.185375	16.535501	-0.018753	1.320790
96.685234	406.183832	16.540506	-0.018783	1.317090
96.677405	403.228096	16.545511	-0.018782	1.313365
96.657995	400.260182	16.550515	-0.018778	1.309608
96.568361	397.311608	16.555520	-0.018762	1.305834
96.652557	394.356359	16.560525	-0.018778	1.302117
96.380411	391.463847	16.565530	-0.018729	1.298314
96.407495	388.513609	16.570535	-0.018734	1.294556
96.226624	385.611363	16.575539	-0.018701	1.290759
96.224905	382.648538	16.580544	-0.018701	1.286950
96.264681	379.685667	16.585549	-0.018709	1.283149
96.284491	376.717456	16.590554	-0.018713	1.279320
96.186496	373.798135	16.595559	-0.018695	1.275491
96.261679	370.850510	16.600563	-0.018709	1.271691
96.123223	367.914900	16.605568	-0.018684	1.267800
96.217011	364.952610	16.610573	-0.018701	1.263965
96.185428	361.982840	16.615578	-0.018696	1.260053
96.183983	359.039850	16.620583	-0.018696	1.256178
95.995787	356.172961	16.625587	-0.018662	1.252307
96.090829	353.185501	16.630592	-0.018679	1.248392
96.122800	350.231428	16.635597	-0.018685	1.244481
95.970693	347.334721	16.640602	-0.018658	1.240550
95.924487	344.393981	16.645607	-0.018650	1.236596
96.064391	341.433467	16.650611	-0.018675	1.232688
95.708712	338.579884	16.655616	-0.018611	1.228684
96.005012	335.536033	16.660621	-0.018665	1.224711
95.795884	332.651498	16.665626	-0.018627	1.220706
95.856005	329.689372	16.670631	-0.018638	1.216708
95.766977	326.788032	16.675635	-0.018623	1.212710
95.729211	323.850360	16.680640	-0.018616	1.208673
95.542818	320.965011	16.685645	-0.018583	1.204625
95.673479	317.986004	16.690650	-0.018606	1.200583
95.485751	315.086534	16.695655	-0.018573	1.196487
95.596966	312.145922	16.700659	-0.018593	1.192462
95.328322	309.270639	16.705664	-0.018545	1.188333
95.425628	306.302822	16.710669	-0.018562	1.184236
95.298651	303.394913	16.715674	-0.018540	1.180100
95.436018	300.405192	16.720679	-0.018565	1.175962
95.407428	297.485677	16.725683	-0.018560	1.171829
95.395944	294.553565	16.730688	-0.018558	1.167671
95.415344	291.610119	16.735693	-0.018562	1.163498
95.283916	288.739329	16.740698	-0.018538	1.159339
95.290088	285.785936	16.745703	-0.018539	1.155115
95.255543	282.885688	16.750707	-0.018533	1.150931
95.220756	279.941212	16.755712	-0.018527	1.146668
95.133614	277.046180	16.760717	-0.018512	1.142435
95.135843	274.098700	16.765722	-0.018512	1.138155
95.114195	271.195046	16.770727	-0.018509	1.133910
95.011108	268.283680	16.775731	-0.018490	1.129597
94.917961	265.385497	16.780736	-0.018474	1.125292
94.802000	262.485338	16.785741	-0.018453	1.120956
95.013273	259.495697	16.790746	-0.018491	1.116637
94.857693	256.638736	16.795751	-0.018463	1.112311
94.868603	253.698892	16.800755	-0.018466	1.107930
94.830981	250.784360	16.805760	-0.018459	1.103544
94.860337	247.852289	16.810765	-0.018464	1.099149
94.668765	244.987268	16.815770	-0.018430	1.094723
94.711803	242.061617	16.820775	-0.018438	1.090310
94.642574	239.158898	16.825779	-0.018426	1.085855
94.762358	236.208632	16.830784	-0.018448	1.081408
94.563797	233.353353	16.835789	-0.018412	1.076920
94.517783	230.461694	16.840794	-0.018404	1.072439
94.411491	227.563550	16.845799	-0.018385	1.067896
94.366928	224.657850	16.850803	-0.018377	1.063355
94.264765	221.774486	16.855808	-0.018359	1.058799
94.381340	218.831112	16.860813	-0.018380	1.054247
94.254894	215.941631	16.865818	-0.018357	1.049628
94.167350	213.067866	16.870823	-0.018342	1.045035
94.122751	210.152429	16.875827	-0.018334	1.040379
94.120421	207.253639	16.880832	-0.018334	1.035752
94.040106	204.377164	16.885837	-0.018319	1.031097
93.917823	201.502989	16.890842	-0.018298	1.026401
93.877556	198.601249	16.895847	-0.018291	1.021685
94.017139	195.650510	16.900851	-0.018316	1.016968
93.979533	192.759108	16.905856	-0.018309	1.012226
93.869125	189.903698	16.910861	-0.018290	1.007479
93.773114	187.024665	16.915866	-0.018273	1.002679
93.804155	184.124257	16.920871	-0.018278	0.997894
93.761354	181.232430	16.925875	-0.018271	0.993057
93.662406	178.357585	16.930880	-0.018253	0.988193
93.546972	175.496768	16.935885	-0.018233	0.983318
93.548672	172.597870	16.940890	-0.018233	0.978423
93.496159	169.722343	16.945895	-0.018224	0.973512
93.565024	166.805930	16.950899	-0.018236	0.968577
93.427168	163.956661	16.955904	-0.018212	0.963610
93.317000	161.119530	16.960909	-0.018192	0.958654
93.264727	158.250129	16.965914	-0.018183	0.953652
93.350908	155.332915	16.970919	-0.018199	0.948623
93.297067	152.469592	16.975923	-0.018189	0.943577
93.229606	149.609437	16.980928	-0.018177	0.938501
92.992005	146.816570	16.985933	-0.018134	0.933412
93.082249	143.899457	16.990938	-0.018151	0.928276
92.945497	141.068903	16.995943	-0.018126	0.923126
92.961530	138.196753	17.000947	-0.018130	0.917968
92.652741	135.420306	17.005952	-0.018074	0.912749
92.713461	132.518536	17.010957	-0.018085	0.907506
92.550592	129.692539	17.015962	-0.018056	0.902229
92.508610	126.836551	17.020967	-0.018049	0.896942
92.418561	123.994568	17.025971	-0.018033	0.891620
92.531527	121.090640	17.030976	-0.018053	0.886282
92.449034	118.251862	17.035981	-0.018038	0.880906
92.511622	115.395828	17.040986	-0.018050	0.875560
92.350380	112.582729	17.045991	-0.018021	0.870114
92.316778	109.743744	17.050995	-0.018015	0.864670
92.470879	106.827897	17.056000	-0.018043	0.859169
92.358725	104.039429	17.061005	-0.018023	0.853700
92.247479	101.228004	17.066010	-0.018003	0.848151
92.057282	98.453190	17.071015	-0.017969	0.842584
92.118528	95.594332	17.076019	-0.017980	0.836986
92.052704	92.783341	17.081024	-0.017969	0.831358
91.921148	89.981444	17.086029	-0.017945	0.825665
91.959869	87.137491	17.091034	-0.017952	0.819966
91.843012	84.345367	17.096039	-0.017932	0.814223
91.839636	81.520296	17.101043	-0.017931	0.808452
91.748618	78.728544	17.106048	-0.017915	0.802645
91.702155	75.930721	17.111053	-0.017907	0.796816
91.666207	73.128430	17.116058	-0.017901	0.790943
91.636171	70.327189	17.121063	-0.017895	0.785031
91.534713	67.551355	17.126067	-0.017877	0.779076
91.533905	64.759452	17.131072	-0.017877	0.773117
91.387284	61.993352	17.136077	-0.017851	0.767056
91.408303	59.192798	17.141082	-0.017855	0.761000
91.284088	56.451055	17.146087	-0.017833	0.754912
91.117135	53.710660	17.151091	-0.017803	0.748745
91.026095	50.952847	17.156096	-0.017787	0.742548
91.022408	48.170163	17.161101	-0.017786	0.736310
90.924906	45.419464	17.166106	-0.017769	0.730018
90.978368	42.639067	17.171111	-0.017779	0.723724
90.831618	39.917160	17.176115	-0.017752	0.717348
90.821012	37.167229	17.181120	-0.017751	0.710960
90.596097	34.545166	17.186125	-0.017710	0.704639
90.701492	32.024762	17.191130	-0.017730	0.698776
