Tue Jun 02 08:49:09 2020

Number of Points = 2999
Depth (nm)	Load (µN)	Time (s)	Depth (V)	Load (V)
2.421746	-0.061905	0.000000	-0.000030	0.506156

2.494872	-0.087078	0.005005	-0.000043	0.506159
2.384693	-0.047595	0.010010	-0.000023	0.506163
2.278057	-0.013851	0.015014	-0.000004	0.506152
2.338875	-0.035022	0.020019	-0.000016	0.506155
2.368278	-0.049335	0.025024	-0.000021	0.506143
2.447331	-0.150716	0.030029	-0.000036	0.505903
2.443842	-0.175983	0.035034	-0.000035	0.505818
2.538959	-0.213106	0.040038	-0.000053	0.505807
2.297533	-0.218154	0.045043	-0.000009	0.505513
2.352633	-0.234820	0.050048	-0.000020	0.505523
2.322805	-0.300004	0.055053	-0.000014	0.505276
2.271744	-0.304747	0.060058	-0.000005	0.505203
2.392561	-0.419114	0.065062	-0.000027	0.504968
2.292588	-0.406011	0.070067	-0.000010	0.504897
2.282098	-0.503680	0.075072	-0.000008	0.504564
2.421202	-0.594202	0.080077	-0.000033	0.504429
2.221218	-0.575497	0.085082	0.000003	0.504260
2.403054	-0.729221	0.090086	-0.000031	0.503966
2.420227	-0.796099	0.095091	-0.000034	0.503767
2.445601	-0.880678	0.100096	-0.000039	0.503519
2.360507	-0.938184	0.105101	-0.000024	0.503232
2.412518	-1.041382	0.110106	-0.000033	0.502953
2.333176	-1.108934	0.115110	-0.000019	0.502639
2.278454	-1.177741	0.120115	-0.000009	0.502349
2.480662	-1.357800	0.125120	-0.000046	0.501990
2.208272	-1.357123	0.130125	0.000003	0.501676
2.232366	-1.466694	0.135130	-0.000002	0.501343
2.471730	-1.655839	0.140134	-0.000045	0.500997
2.423943	-1.754658	0.145139	-0.000037	0.500614
2.480689	-1.895567	0.150144	-0.000047	0.500214
2.246427	-1.939467	0.155149	-0.000005	0.499795
2.093492	-1.999116	0.160154	0.000022	0.499419
2.145690	-2.128376	0.165158	0.000012	0.499052
2.132258	-2.239914	0.170163	0.000015	0.498666
2.128117	-2.363865	0.175168	0.000015	0.498249
2.295880	-2.553459	0.180173	-0.000015	0.497815
2.078766	-2.620491	0.185178	0.000024	0.497337
2.197584	-2.788196	0.190182	0.000002	0.496918
2.123570	-2.921290	0.195187	0.000015	0.496387
2.273261	-3.110030	0.200192	-0.000012	0.495933
2.184195	-3.235330	0.205197	0.000004	0.495409
2.144390	-3.380946	0.210202	0.000011	0.494875
2.074179	-3.502562	0.215206	0.000023	0.494385
2.165877	-3.686246	0.220211	0.000006	0.493877
2.210889	-3.872728	0.225216	-0.000002	0.493304
2.271090	-4.056672	0.230221	-0.000013	0.492757
2.066616	-4.165926	0.235226	0.000023	0.492147
2.213042	-4.379684	0.240230	-0.000003	0.491600
2.004454	-4.487880	0.245235	0.000034	0.490987
1.997537	-4.664350	0.250240	0.000035	0.490383
2.060489	-4.864412	0.255245	0.000024	0.489781
1.962490	-5.014081	0.260250	0.000041	0.489157
1.980211	-5.191512	0.265254	0.000038	0.488577
1.781915	-5.315100	0.270259	0.000073	0.487919
1.587607	-5.434467	0.275264	0.000108	0.487281
1.629914	-5.630039	0.280269	0.000100	0.486666
1.086305	-5.630525	0.285274	0.000198	0.486011
-0.548356	-5.209643	0.290278	0.000493	0.485482
-0.992250	-5.174827	0.295283	0.000573	0.485067
-1.332321	-5.189051	0.300288	0.000635	0.484609
-1.781057	-5.134051	0.305293	0.000715	0.484256
-2.118462	-5.111809	0.310298	0.000776	0.483926
-2.474876	-5.078398	0.315302	0.000840	0.483611
-2.584554	-5.135232	0.320307	0.000860	0.483284
-2.926718	-5.116887	0.325312	0.000922	0.482934
-3.247673	-5.078138	0.330317	0.000979	0.482680
-3.424848	-5.101149	0.335322	0.001011	0.482387
-3.500038	-5.153190	0.340326	0.001024	0.482118
-3.768585	-5.138121	0.345331	0.001073	0.481845
-3.985131	-5.137251	0.350336	0.001112	0.481586
-4.241349	-5.127702	0.355341	0.001158	0.481309
-4.363032	-5.162922	0.360346	0.001179	0.481041
-4.628595	-5.129842	0.365350	0.001227	0.480833
-5.036979	-5.034590	0.370355	0.001301	0.480667
-5.237381	-5.057859	0.375360	0.001337	0.480343
-4.921536	-5.212710	0.380365	0.001279	0.480194
-5.459342	-5.076489	0.385370	0.001376	0.480011
-5.928966	-4.995120	0.390374	0.001461	0.479721
-5.903154	-5.030397	0.395379	0.001456	0.479632
-5.949561	-5.078964	0.400384	0.001464	0.479409
-5.956942	-5.136576	0.405389	0.001465	0.479202
-6.207693	-5.080978	0.410394	0.001510	0.479089
-6.349260	-5.093934	0.415398	0.001536	0.478873
-6.119216	-5.217393	0.420403	0.001494	0.478727
-6.810257	-5.030197	0.425408	0.001618	0.478533
-6.949057	-5.050845	0.430413	0.001643	0.478293
-7.038961	-5.038942	0.435418	0.001659	0.478226
-7.110879	-5.096355	0.440422	0.001672	0.477940
-7.132189	-5.109263	0.445427	0.001676	0.477871
-7.817297	-4.942225	0.450432	0.001799	0.477613
-7.786535	-4.955157	0.455437	0.001793	0.477608
-7.788864	-5.036730	0.460442	0.001794	0.477322
-7.847070	-5.028476	0.465446	0.001804	0.477281
-8.200366	-4.988219	0.470451	0.001868	0.476989
-8.323590	-4.953089	0.475456	0.001890	0.476962
-8.191302	-5.065125	0.480461	0.001865	0.476736
-8.420878	-5.007845	0.485466	0.001907	0.476655
-8.650135	-4.998671	0.490470	0.001948	0.476406
-8.822105	-4.956010	0.495475	0.001979	0.476345
-8.596366	-5.093825	0.500480	0.001938	0.476144
-8.888869	-5.028078	0.505485	0.001990	0.476015
-9.012480	-5.052336	0.510490	0.002012	0.475780
-9.311378	-4.965382	0.515494	0.002066	0.475717
-9.277913	-5.042840	0.520499	0.002060	0.475489
-9.417851	-5.018306	0.525504	0.002085	0.475404
-9.669904	-4.991863	0.530509	0.002130	0.475187
-10.064057	-4.879651	0.535514	0.002201	0.475096
-9.668789	-5.054921	0.540518	0.002129	0.474971
-10.028816	-4.986573	0.545523	0.002194	0.474768
-10.198736	-4.956536	0.550528	0.002225	0.474665
-10.437424	-4.929259	0.555533	0.002268	0.474468
-10.201051	-5.030164	0.560538	0.002225	0.474408
-10.450127	-5.013784	0.565542	0.002269	0.474159
-10.501134	-5.010023	0.570547	0.002278	0.474111
-10.839194	-4.952835	0.575552	0.002339	0.473895
-10.566458	-5.067470	0.580557	0.002290	0.473832
-10.987472	-4.997988	0.585562	0.002366	0.473556
-10.920549	-5.048067	0.590566	0.002353	0.473465
-11.590699	-4.875348	0.595571	0.002474	0.473244
-11.329308	-4.971502	0.600576	0.002427	0.473231
-11.582710	-4.969455	0.605581	0.002472	0.472926
-11.661483	-4.942164	0.610586	0.002486	0.472926
-11.956987	-4.911465	0.615590	0.002539	0.472669
-11.875953	-4.948979	0.620595	0.002524	0.472640
-12.048075	-4.955462	0.625600	0.002555	0.472405
-12.108366	-4.961567	0.630605	0.002566	0.472310
-12.321033	-4.936549	0.635610	0.002604	0.472136
-12.422287	-4.940860	0.640614	0.002622	0.471997
-12.328613	-5.013572	0.645619	0.002605	0.471859
-12.755512	-4.915237	0.650624	0.002682	0.471677
-12.902325	-4.887116	0.655629	0.002708	0.471595
-13.055313	-4.893600	0.660634	0.002736	0.471383
-12.914154	-4.949564	0.665638	0.002710	0.471363
-13.194524	-4.940446	0.670643	0.002760	0.471048
-13.261731	-4.921464	0.675648	0.002772	0.471033
-13.304522	-4.981724	0.680653	0.002780	0.470769
-13.424054	-4.949101	0.685658	0.002801	0.470737
-13.697060	-4.937247	0.690662	0.002850	0.470441
-13.757951	-4.922903	0.695667	0.002861	0.470417
-13.986217	-4.911283	0.700672	0.002902	0.470175
-14.122422	-4.881640	0.705677	0.002926	0.470112
-14.419439	-4.825052	0.710682	0.002980	0.469943
-14.630225	-4.797213	0.715686	0.003018	0.469781
-14.141092	-4.980817	0.720691	0.002929	0.469743
-14.400470	-4.961203	0.725696	0.002976	0.469490
-14.486596	-4.955388	0.730701	0.002991	0.469405
-14.924597	-4.862769	0.735706	0.003070	0.469188
-14.947739	-4.862727	0.740710	0.003074	0.469161
-15.139252	-4.861763	0.745715	0.003108	0.468926
-14.982084	-4.915926	0.750720	0.003079	0.468932
-15.630985	-4.787726	0.755725	0.003196	0.468577
-15.456241	-4.843766	0.760730	0.003165	0.468599
-15.616734	-4.840160	0.765734	0.003193	0.468412
-15.742989	-4.832076	0.770739	0.003216	0.468285
-15.755315	-4.863672	0.775744	0.003218	0.468159
-15.905237	-4.868233	0.780749	0.003245	0.467956
-15.567530	-5.023024	0.785754	0.003184	0.467831
-16.046611	-4.901576	0.790758	0.003270	0.467664
-16.345659	-4.851387	0.795763	0.003324	0.467469
-16.390905	-4.873784	0.800768	0.003332	0.467335
-16.234890	-4.977457	0.805773	0.003303	0.467163
-16.424161	-4.946501	0.810778	0.003337	0.467037
-16.802319	-4.881153	0.815782	0.003405	0.466797
-16.886406	-4.877043	0.820787	0.003420	0.466708
-16.904004	-4.920553	0.825792	0.003423	0.466532
-16.999297	-4.921584	0.830797	0.003440	0.466410
-17.474533	-4.816493	0.835802	0.003526	0.466189
-17.481142	-4.844826	0.840806	0.003527	0.466082
-17.512919	-4.872687	0.845811	0.003532	0.465944
-17.660663	-4.866080	0.850816	0.003559	0.465783
-17.883020	-4.818151	0.855821	0.003599	0.465676
-18.014291	-4.834112	0.860826	0.003622	0.465456
-17.811755	-4.924501	0.865830	0.003585	0.465389
-18.165698	-4.870554	0.870835	0.003649	0.465138
-18.312609	-4.826691	0.875840	0.003675	0.465111
-18.549402	-4.827177	0.880845	0.003718	0.464813
-18.279396	-4.927140	0.885850	0.003669	0.464797
-18.647718	-4.871509	0.890854	0.003735	0.464533
-18.840913	-4.810217	0.895859	0.003770	0.464511
-18.881482	-4.874904	0.900864	0.003777	0.464229
-18.957830	-4.852819	0.905869	0.003790	0.464214
-19.236835	-4.821429	0.910874	0.003841	0.463975
-19.238627	-4.825900	0.915878	0.003841	0.463959
-19.529881	-4.804537	0.920883	0.003893	0.463669
-19.366234	-4.874816	0.925888	0.003863	0.463625
-19.415499	-4.928958	0.930893	0.003872	0.463371
-19.803925	-4.812709	0.935898	0.003942	0.463298
-19.899846	-4.850471	0.940902	0.003959	0.463043
-19.874186	-4.877136	0.945907	0.003954	0.462981
-19.991025	-4.907289	0.950912	0.003975	0.462726
-20.168454	-4.858225	0.955917	0.004007	0.462680
-20.470352	-4.840280	0.960922	0.004061	0.462363
-20.300515	-4.900722	0.965926	0.004030	0.462363
-20.742125	-4.831668	0.970931	0.004110	0.462053
-20.585947	-4.888585	0.975936	0.004081	0.462048
-20.911187	-4.857239	0.980941	0.004140	0.461749
-20.830829	-4.892005	0.985946	0.004125	0.461728
-21.072241	-4.885382	0.990950	0.004168	0.461447
-21.361401	-4.789644	0.995955	0.004220	0.461426
-21.531110	-4.821333	1.000960	0.004251	0.461098

-21.665348	-4.832241	1.010957	0.004275	0.460891
-21.699832	-4.847848	1.020954	0.004280	0.460794
-21.991754	-4.816472	1.030950	0.004333	0.460539
-21.996451	-4.831506	1.040947	0.004333	0.460482
-21.985212	-4.836191	1.050944	0.004330	0.460483
-22.098367	-4.797061	1.060941	0.004350	0.460484
-22.207294	-4.835930	1.070938	0.004370	0.460208
-22.228648	-4.801716	1.080934	0.004373	0.460308
-22.201717	-4.826964	1.090931	0.004368	0.460255
-22.114408	-4.798287	1.100928	0.004351	0.460473
-22.125213	-4.793989	1.110925	0.004353	0.460478
-22.077533	-4.812086	1.120922	0.004344	0.460477
-22.085841	-4.810377	1.130918	0.004345	0.460476
-22.096427	-4.807291	1.140915	0.004346	0.460477
-22.073221	-4.816553	1.150912	0.004341	0.460476
-22.070665	-4.817366	1.160909	0.004341	0.460480
-22.038285	-4.780234	1.170906	0.004334	0.460659
-21.889589	-4.796185	1.180902	0.004307	0.460794
-21.825542	-4.821600	1.190899	0.004295	0.460787
-21.924879	-4.785610	1.200896	0.004312	0.460794
-21.880214	-4.762597	1.210893	0.004304	0.460938
-21.667349	-4.794564	1.220890	0.004265	0.461096
-21.619056	-4.812650	1.230886	0.004255	0.461096
-21.671407	-4.792769	1.240883	0.004264	0.461105
-21.514803	-4.803702	1.250880	0.004236	0.461268
-21.434727	-4.785600	1.260877	0.004221	0.461438
-21.424679	-4.793214	1.270874	0.004218	0.461427
-21.337136	-4.823837	1.280870	0.004202	0.461431
-21.296064	-4.800889	1.290867	0.004194	0.461570
-21.081107	-4.829823	1.300864	0.004155	0.461742
-21.150877	-4.807584	1.310861	0.004167	0.461737
-21.056314	-4.842199	1.320858	0.004149	0.461736
-21.071752	-4.836643	1.330854	0.004152	0.461739
-20.880517	-4.826536	1.340851	0.004117	0.462022
-20.888595	-4.817235	1.350848	0.004118	0.462049
-20.883590	-4.820926	1.360845	0.004116	0.462045
-20.789602	-4.855068	1.370842	0.004099	0.462045
-20.730797	-4.810891	1.380838	0.004088	0.462282
-20.602689	-4.837198	1.390835	0.004064	0.462353
-20.851075	-4.750650	1.400832	0.004108	0.462353
-20.592477	-4.812607	1.410829	0.004061	0.462461
-20.428724	-4.808861	1.420826	0.004031	0.462686
-20.456507	-4.800570	1.430822	0.004036	0.462684
-20.580879	-4.756366	1.440819	0.004058	0.462689
-20.121205	-4.841281	1.450816	0.003974	0.462969
-20.251563	-4.790376	1.460813	0.003997	0.462991
-20.146563	-4.830324	1.470810	0.003978	0.462983
-20.306876	-4.765965	1.480806	0.004006	0.463015
-19.831746	-4.853801	1.490803	0.003920	0.463305
-19.996267	-4.796943	1.500800	0.003949	0.463304
-19.901353	-4.829626	1.510797	0.003931	0.463310
-20.049382	-4.767740	1.520794	0.003958	0.463348
-19.615820	-4.846733	1.530790	0.003879	0.463617
-19.841294	-4.768211	1.540787	0.003919	0.463617
-19.724100	-4.809913	1.550784	0.003897	0.463619
-19.756426	-4.760576	1.560781	0.003903	0.463758
-19.329395	-4.856285	1.570778	0.003825	0.463958
-19.579009	-4.770038	1.580774	0.003870	0.463955
-19.392051	-4.837642	1.590771	0.003835	0.463953
-19.460918	-4.785654	1.600768	0.003847	0.464055
-19.316734	-4.795293	1.610765	0.003821	0.464206
-19.392551	-4.768859	1.620762	0.003834	0.464209
-19.248737	-4.801414	1.630758	0.003808	0.464277
-19.003099	-4.822357	1.640755	0.003763	0.464516
-18.907052	-4.858915	1.650752	0.003745	0.464510
-19.035774	-4.814189	1.660749	0.003768	0.464511
-18.901092	-4.860788	1.670746	0.003743	0.464517
-18.847077	-4.805262	1.680742	0.003733	0.464787
-18.837553	-4.801347	1.690739	0.003730	0.464817
-18.948403	-4.764363	1.700736	0.003750	0.464813
-18.650406	-4.805053	1.710733	0.003696	0.465046
-18.558140	-4.811509	1.720730	0.003678	0.465143
-18.475183	-4.840176	1.730726	0.003663	0.465149
-18.527687	-4.824670	1.740723	0.003672	0.465141
-18.293455	-4.863057	1.750720	0.003629	0.465303
-18.262200	-4.833227	1.760717	0.003623	0.465452
-18.286456	-4.826008	1.770714	0.003627	0.465451
-18.340650	-4.809580	1.780710	0.003636	0.465444
-18.342553	-4.763496	1.790707	0.003636	0.465610
-18.048354	-4.824281	1.800704	0.003582	0.465767
-18.091399	-4.809235	1.810701	0.003590	0.465770
-17.992882	-4.844325	1.820698	0.003571	0.465772
-17.914411	-4.797269	1.830694	0.003557	0.466042
-17.829930	-4.818924	1.840691	0.003541	0.466074
-17.816539	-4.823993	1.850688	0.003538	0.466076
-17.852171	-4.792286	1.860685	0.003544	0.466148
-17.650164	-4.791711	1.870682	0.003507	0.466408
-17.617383	-4.805148	1.880678	0.003501	0.466404
-17.591084	-4.814460	1.890675	0.003495	0.466408
-17.411641	-4.832934	1.900672	0.003463	0.466571
-17.253363	-4.850324	1.910669	0.003433	0.466711
-17.310249	-4.831187	1.920666	0.003443	0.466711
-17.231887	-4.858007	1.930662	0.003429	0.466717
-17.336021	-4.823299	1.940659	0.003447	0.466714
-16.938395	-4.877321	1.950656	0.003375	0.467024
-17.126602	-4.811790	1.960653	0.003408	0.467024
-16.977533	-4.864655	1.970650	0.003381	0.467027
-17.160976	-4.799739	1.980646	0.003413	0.467031
-16.873376	-4.825816	1.990643	0.003361	0.467302
-16.911632	-4.804990	2.000640	0.003367	0.467332
-16.782153	-4.852716	2.010637	0.003343	0.467328
-16.940894	-4.775425	2.020634	0.003372	0.467407
-16.381470	-4.902539	2.030630	0.003270	0.467660
-16.650596	-4.808339	2.040627	0.003318	0.467661
-16.515380	-4.856286	2.050624	0.003293	0.467663
-16.653486	-4.794550	2.060621	0.003318	0.467713
-16.269743	-4.861443	2.070618	0.003248	0.467959
-16.402250	-4.816769	2.080614	0.003271	0.467956
-16.268534	-4.862757	2.090611	0.003247	0.467963
-16.411208	-4.769259	2.100608	0.003272	0.468120
-15.984977	-4.874120	2.110605	0.003194	0.468285
-16.130674	-4.826733	2.120602	0.003220	0.468274
-16.054775	-4.854770	2.130598	0.003206	0.468273
-15.998164	-4.835214	2.140595	0.003195	0.468416
-15.702122	-4.891717	2.150592	0.003141	0.468590
-15.790609	-4.859822	2.160589	0.003157	0.468595
-15.683855	-4.897843	2.170586	0.003137	0.468597
-15.810754	-4.854554	2.180582	0.003160	0.468596
-15.545605	-4.869171	2.190579	0.003111	0.468879
-15.544134	-4.857584	2.200576	0.003110	0.468925
-15.313947	-4.937453	2.210573	0.003068	0.468933
-15.469333	-4.885389	2.220570	0.003096	0.468927
-15.483405	-4.880067	2.230566	0.003098	0.468931
-15.296706	-4.875846	2.240563	0.003064	0.469183
-15.245173	-4.895854	2.250560	0.003054	0.469180
-15.238945	-4.900565	2.260557	0.003052	0.469174
-15.291425	-4.863975	2.270554	0.003061	0.469242
-15.008450	-4.894549	2.280550	0.003010	0.469490
-14.918227	-4.928407	2.290547	0.002993	0.469486
-14.958350	-4.915478	2.300544	0.003000	0.469485
-15.014817	-4.896687	2.310541	0.003009	0.469485
-14.696714	-4.925335	2.320538	0.002951	0.469784
-14.627351	-4.948252	2.330534	0.002938	0.469793
-14.725667	-4.915008	2.340531	0.002956	0.469791
-14.822337	-4.882289	2.350528	0.002973	0.469790
-14.481447	-4.937501	2.360525	0.002911	0.470023
-14.419473	-4.934309	2.370522	0.002899	0.470115
-14.460496	-4.919671	2.380518	0.002906	0.470119
-14.409976	-4.941809	2.390515	0.002896	0.470107
-14.410319	-4.910347	2.400512	0.002896	0.470221
-14.161289	-4.944854	2.410509	0.002850	0.470413
-14.204159	-4.928349	2.420506	0.002858	0.470421
-14.291477	-4.900121	2.430502	0.002873	0.470415
-14.162306	-4.897840	2.440499	0.002849	0.470588
-13.992894	-4.918873	2.450496	0.002818	0.470728
-14.087804	-4.884033	2.460493	0.002835	0.470736
-14.044074	-4.896470	2.470490	0.002826	0.470750
-13.801037	-4.897572	2.480486	0.002782	0.471052
-13.753915	-4.916306	2.490483	0.002773	0.471048
-13.913795	-4.861152	2.500480	0.002801	0.471047
-13.575174	-4.935680	2.510477	0.002739	0.471208
-13.472254	-4.923008	2.520474	0.002720	0.471385
-13.465717	-4.926605	2.530470	0.002719	0.471383
-13.479330	-4.924595	2.540467	0.002721	0.471377
-13.561658	-4.877616	2.550464	0.002735	0.471444
-13.229065	-4.929056	2.560461	0.002675	0.471679
-13.360816	-4.883054	2.570458	0.002698	0.471681
-13.343892	-4.889182	2.580454	0.002694	0.471684
-13.166293	-4.886983	2.590451	0.002662	0.471915
-13.104312	-4.887645	2.600448	0.002650	0.471993
-13.009300	-4.922042	2.610445	0.002632	0.471993
-13.158126	-4.871319	2.620442	0.002659	0.471991
-12.898477	-4.876892	2.630438	0.002611	0.472297
-12.898295	-4.876285	2.640435	0.002611	0.472302
-12.851995	-4.894043	2.650432	0.002602	0.472301
-12.688161	-4.907056	2.660429	0.002572	0.472462
-12.504154	-4.925019	2.670426	0.002538	0.472630
-12.461709	-4.940853	2.680422	0.002530	0.472630
-12.527232	-4.921261	2.690419	0.002541	0.472621
-12.425243	-4.955995	2.700416	0.002522	0.472629
-12.375506	-4.927123	2.710413	0.002513	0.472795
-12.287782	-4.921350	2.720410	0.002497	0.472928
-12.267618	-4.930140	2.730406	0.002492	0.472925
-12.276125	-4.927536	2.740403	0.002494	0.472927
-12.226688	-4.888845	2.750400	0.002484	0.473128
-12.118676	-4.893932	2.760397	0.002464	0.473247
-12.020254	-4.930230	2.770394	0.002446	0.473245
-12.030594	-4.928825	2.780390	0.002447	0.473240
-11.877580	-4.902261	2.790387	0.002419	0.473526
-11.847439	-4.905278	2.800384	0.002413	0.473556
-11.677712	-4.963694	2.810381	0.002382	0.473565
-11.850895	-4.906404	2.820378	0.002413	0.473555
-11.484798	-4.942043	2.830374	0.002346	0.473886
-11.465010	-4.946192	2.840371	0.002342	0.473899
-11.365104	-4.981644	2.850368	0.002324	0.473902
-11.495602	-4.937709	2.860365	0.002347	0.473898
-11.476246	-4.939490	2.870362	0.002343	0.473919
-11.363682	-4.911910	2.880358	0.002322	0.474158
-11.332498	-4.922114	2.890355	0.002316	0.474164
-11.369610	-4.910918	2.900352	0.002322	0.474161
-11.065292	-4.948137	2.910349	0.002266	0.474410
-10.921944	-4.983247	2.920346	0.002240	0.474467
-11.019935	-4.950092	2.930342	0.002257	0.474466
-11.097152	-4.921238	2.940339	0.002271	0.474475
-10.860706	-4.963030	2.950336	0.002228	0.474624
-10.791002	-4.946863	2.960333	0.002214	0.474770
-10.660549	-4.994463	2.970330	0.002190	0.474767
-10.712266	-4.974193	2.980326	0.002199	0.474778
-10.831204	-4.906185	2.990323	0.002220	0.474872
-10.409609	-4.992279	3.000320	0.002144	0.475095
-10.623882	-4.915806	3.010317	0.002182	0.475101
-10.311708	-5.027312	3.020314	0.002125	0.475099
-10.560437	-4.920596	3.030310	0.002169	0.475169
-9.997400	-5.054078	3.040307	0.002067	0.475400
-10.375670	-4.922292	3.050304	0.002135	0.475398
-10.093003	-5.023196	3.060301	0.002083	0.475397
-10.372230	-4.927471	3.070298	0.002133	0.475391
-9.924846	-5.000171	3.080294	0.002052	0.475691
-10.017832	-4.961170	3.090291	0.002068	0.475716
-9.830398	-5.028351	3.100288	0.002034	0.475716
-10.062099	-4.949725	3.110285	0.002075	0.475708
-9.702826	-5.045016	3.120282	0.002010	0.475821
-9.840122	-4.940502	3.130278	0.002034	0.476021
-9.619346	-5.017275	3.140275	0.001994	0.476028
-9.838609	-4.942185	3.150272	0.002033	0.476023
-9.504824	-4.987589	3.160269	0.001972	0.476279
-9.611385	-4.930519	3.170266	0.001991	0.476350
-9.558361	-4.948333	3.180262	0.001981	0.476357
-9.545168	-4.937677	3.190259	0.001978	0.476413
-9.203058	-4.986962	3.200256	0.001916	0.476665
-9.292209	-4.956076	3.210253	0.001931	0.476667
-9.233640	-4.978710	3.220250	0.001920	0.476663
-9.280395	-4.941268	3.230246	0.001928	0.476740
-9.037877	-4.959852	3.240243	0.001884	0.476976
-9.092335	-4.941786	3.250240	0.001893	0.476976
-9.056898	-4.957030	3.260237	0.001886	0.476969
-8.895117	-4.948649	3.270234	0.001857	0.477201
-8.844024	-4.946477	3.280230	0.001847	0.477274
-8.758492	-4.976294	3.290227	0.001831	0.477279
-8.680071	-5.004030	3.300224	0.001816	0.477282
-8.563951	-4.988152	3.310221	0.001795	0.477483
-8.524162	-4.966169	3.320218	0.001787	0.477611
-8.519591	-4.969089	3.330214	0.001786	0.477610
-8.561370	-4.954561	3.340211	0.001793	0.477613
-8.433669	-4.939872	3.350208	0.001769	0.477824
-8.330765	-4.953281	3.360205	0.001750	0.477907
-8.315337	-4.957040	3.370202	0.001747	0.477916
-8.305621	-4.962784	3.380198	0.001745	0.477911
-7.994456	-4.983409	3.390195	0.001688	0.478224
-8.013026	-4.975094	3.400192	0.001691	0.478234
-7.931799	-5.003806	3.410189	0.001676	0.478237
-8.075034	-4.956184	3.420186	0.001701	0.478230
-7.954670	-4.936423	3.430182	0.001679	0.478449
-7.838370	-4.951755	3.440179	0.001657	0.478542
-7.824203	-4.956798	3.450176	0.001654	0.478545
-7.784409	-4.967746	3.460173	0.001647	0.478559
-7.517313	-4.970418	3.470170	0.001598	0.478880
-7.508698	-4.973436	3.480166	0.001596	0.478883
-7.505344	-4.973565	3.490163	0.001595	0.478890
-7.406389	-5.010346	3.500160	0.001576	0.478887
-7.393133	-4.987907	3.510157	0.001574	0.478984
-7.137182	-5.041415	3.520154	0.001527	0.479115
-7.243612	-5.005372	3.530150	0.001546	0.479113
-7.128002	-5.047630	3.540147	0.001524	0.479111
-7.230960	-5.012744	3.550144	0.001542	0.479110
-7.014095	-5.014685	3.560141	0.001503	0.479371
-7.060859	-4.986230	3.570138	0.001511	0.479416
-6.955825	-5.023454	3.580134	0.001491	0.479419
-6.992166	-5.011269	3.590131	0.001497	0.479420
-6.786124	-4.999007	3.600128	0.001460	0.479717
-6.763460	-5.004269	3.610125	0.001455	0.479730
-6.682210	-5.035747	3.620122	0.001440	0.479724
-6.666530	-5.042583	3.630118	0.001436	0.479722
-6.480973	-5.028259	3.640115	0.001402	0.480002
-6.512700	-5.005189	3.650112	0.001408	0.480046
-6.486523	-5.015307	3.660109	0.001402	0.480047
-6.473570	-5.021499	3.670106	0.001400	0.480044
-6.246902	-5.025581	3.680102	0.001358	0.480310
-6.282288	-5.003279	3.690099	0.001364	0.480347
-6.228875	-5.023831	3.700096	0.001354	0.480345
-6.225416	-5.026361	3.710093	0.001353	0.480343
-6.016576	-5.012443	3.720090	0.001315	0.480649
-6.096672	-4.982454	3.730086	0.001329	0.480659
-6.049026	-5.000274	3.740083	0.001319	0.480659
-6.031490	-4.970029	3.750080	0.001316	0.480788
-5.952380	-4.943660	3.760077	0.001301	0.480979
-5.853885	-4.979954	3.770074	0.001283	0.480976
-5.797306	-4.970838	3.780070	0.001272	0.481080
-5.568678	-4.985963	3.790067	0.001230	0.481310
-5.556587	-4.991739	3.800064	0.001228	0.481308
-5.614916	-4.972212	3.810061	0.001238	0.481307
-5.529140	-4.964166	3.820058	0.001222	0.481443
-5.413006	-4.959801	3.830054	0.001200	0.481603
-5.451207	-4.945703	3.840051	0.001207	0.481608
-5.409750	-4.947498	3.850048	0.001199	0.481656
-5.430492	-4.863504	3.860045	0.001202	0.481923
-5.378065	-4.884402	3.870042	0.001192	0.481918
-5.273509	-4.868058	3.880038	0.001172	0.482105
-5.142997	-4.878012	3.890035	0.001148	0.482233
-5.139153	-4.880407	3.900032	0.001147	0.482232
-5.000415	-4.855039	3.910029	0.001122	0.482492
-5.080899	-4.809412	3.920026	0.001136	0.482554
-4.991884	-4.834733	3.930022	0.001119	0.482578
-4.907071	-4.784395	3.940019	0.001103	0.482858
-4.973011	-4.762356	3.950016	0.001115	0.482857
-4.837789	-4.740386	3.960013	0.001090	0.483100
-4.794281	-4.734388	3.970010	0.001081	0.483177
-4.612740	-4.770476	3.980006	0.001048	0.483276
-4.413408	-4.778502	3.990003	0.001012	0.483493
-4.669195	-4.692005	4.000000	0.001057	0.483484
-4.524947	-4.695075	4.009997	0.001031	0.483651
-4.327021	-4.715440	4.019994	0.000995	0.483824
-4.506434	-4.652619	4.029990	0.001027	0.483826
-4.391635	-4.621726	4.039987	0.001005	0.484075
-4.345211	-4.638273	4.049984	0.000996	0.484077
-4.261865	-4.591113	4.059981	0.000981	0.484343
-4.176772	-4.609309	4.069978	0.000965	0.484387
-4.101832	-4.588717	4.079974	0.000951	0.484552
-4.006406	-4.583906	4.089971	0.000933	0.484687
-4.001157	-4.570698	4.099968	0.000932	0.484742
-3.834518	-4.549499	4.109965	0.000901	0.485019
-3.887799	-4.531866	4.119962	0.000910	0.485018
-3.808010	-4.498174	4.129958	0.000895	0.485233
-3.753863	-4.492962	4.139955	0.000885	0.485320
-3.834428	-4.416931	4.149952	0.000899	0.485486
-3.583568	-4.462489	4.159949	0.000853	0.485636
-3.541986	-4.446344	4.169946	0.000845	0.485745
-3.519477	-4.395501	4.179942	0.000841	0.485949
-3.445977	-4.415166	4.189939	0.000827	0.485974
-3.348799	-4.362173	4.199936	0.000809	0.486275
-3.370664	-4.354526	4.209933	0.000813	0.486278
-3.429034	-4.254980	4.219930	0.000823	0.486551
-3.235659	-4.315012	4.229926	0.000787	0.486582
-3.216357	-4.234889	4.239923	0.000783	0.486883
-3.049474	-4.291611	4.249920	0.000753	0.486893
-3.057968	-4.214634	4.259917	0.000754	0.487149
-3.057822	-4.199260	4.269914	0.000753	0.487205
-2.818280	-4.213071	4.279910	0.000709	0.487449
-2.886272	-4.168178	4.289907	0.000721	0.487523
-2.833159	-4.137574	4.299904	0.000711	0.487695
-2.713644	-4.140945	4.309901	0.000689	0.487830
-2.609366	-4.144005	4.319898	0.000670	0.487948
-2.593336	-4.090779	4.329894	0.000666	0.488152
-2.549204	-4.090354	4.339891	0.000658	0.488209
-2.468279	-4.047482	4.349888	0.000643	0.488456
-2.452331	-4.047127	4.359885	0.000639	0.488479
-2.301240	-4.007260	4.369882	0.000611	0.488799
-2.203345	-4.043323	4.379878	0.000593	0.488797
-2.194227	-3.992200	4.389875	0.000591	0.488985
-2.143585	-3.996235	4.399872	0.000581	0.489035
-2.035630	-3.990282	4.409869	0.000561	0.489188
-2.094225	-3.922525	4.419866	0.000572	0.489351
-1.973271	-3.940371	4.429862	0.000549	0.489439
-1.930997	-3.894332	4.439859	0.000541	0.489649
-1.862355	-3.896838	4.449856	0.000528	0.489726
-1.813377	-3.838601	4.459853	0.000519	0.489985
-1.812773	-3.819618	4.469850	0.000518	0.490053
-1.737348	-3.779488	4.479846	0.000504	0.490283
-1.633177	-3.799058	4.489843	0.000485	0.490344
-1.556345	-3.750262	4.499840	0.000470	0.490604
-1.544984	-3.738076	4.509837	0.000468	0.490662
-1.545631	-3.666293	4.519834	0.000468	0.490908
-1.501121	-3.646491	4.529830	0.000459	0.491031
-1.422036	-3.614824	4.539827	0.000444	0.491236
-1.399214	-3.570481	4.549824	0.000440	0.491417
-1.498850	-3.498583	4.559821	0.000457	0.491544
-1.355774	-3.455619	4.569818	0.000431	0.491863
-1.252265	-3.461123	4.579814	0.000412	0.491971
-1.350020	-3.371094	4.589811	0.000429	0.492162
-1.276698	-3.311654	4.599808	0.000415	0.492453
-1.292455	-3.251444	4.609805	0.000417	0.492641
-1.183804	-3.231696	4.619802	0.000397	0.492840
-1.186631	-3.150256	4.629798	0.000397	0.493114
-1.122816	-3.098629	4.639795	0.000385	0.493367
-0.963910	-3.096209	4.649792	0.000356	0.493567
-0.979066	-3.027798	4.659789	0.000358	0.493783
-0.922013	-2.976298	4.669786	0.000347	0.494027
-0.935800	-2.905346	4.679782	0.000349	0.494252
-1.028484	-2.801547	4.689779	0.000366	0.494495
-0.786004	-2.813863	4.699776	0.000321	0.494744
-0.906287	-2.689925	4.709773	0.000343	0.495021
-0.796969	-2.653023	4.719770	0.000322	0.495277
-0.855581	-2.543152	4.729766	0.000333	0.495580
-0.739925	-2.494969	4.739763	0.000311	0.495881
-0.730238	-2.407905	4.749760	0.000309	0.496188
-0.656221	-2.347172	4.759757	0.000295	0.496482
-0.643735	-2.266355	4.769754	0.000292	0.496770
-0.629300	-2.182705	4.779750	0.000289	0.497070
-0.715846	-2.058177	4.789747	0.000304	0.497388
-0.655989	-1.977314	4.799744	0.000293	0.497731
-0.589244	-1.894075	4.809741	0.000280	0.498091
-0.567759	-1.794698	4.819738	0.000276	0.498451
-0.496310	-1.716337	4.829734	0.000263	0.498799
-0.492759	-1.629072	4.839731	0.000262	0.499097
-0.509648	-1.517578	4.849728	0.000264	0.499452
-0.468391	-1.424001	4.859725	0.000256	0.499815
-0.329201	-1.365206	4.869722	0.000230	0.500176
-0.422076	-1.206524	4.879718	0.000247	0.500598
-0.403842	-1.094588	4.889715	0.000243	0.500994
-0.407944	-0.975785	4.899712	0.000243	0.501386
-0.323311	-0.876847	4.909709	0.000227	0.501816
-0.266159	-0.773217	4.919706	0.000217	0.502229
-0.299678	-0.640405	4.929702	0.000222	0.502633
-0.137266	-0.560816	4.939699	0.000192	0.503088
-0.283917	-0.379083	4.949696	0.000218	0.503521
-0.172225	-0.299403	4.959693	0.000198	0.503917
-0.160746	-0.165718	4.969690	0.000195	0.504374
-0.090034	-0.060555	4.979686	0.000182	0.504805
-0.016685	0.063889	4.989683	0.000168	0.505303
0.000000	0.132338	4.999680	0.000165	0.505551

0.071754	0.254664	5.004685	0.000151	0.506037
0.048709	0.553106	5.009690	0.000155	0.506992
0.003411	0.997632	5.014694	0.000163	0.508397
0.055446	1.540510	5.019699	0.000153	0.510230
0.174404	2.200429	5.024704	0.000132	0.512513
0.343050	2.971588	5.029709	0.000101	0.515201
0.217999	3.962947	5.034714	0.000123	0.518250
0.547318	4.907139	5.039718	0.000063	0.521641
0.577691	6.074432	5.044723	0.000057	0.525383
0.564526	7.367818	5.049728	0.000059	0.529446
0.676199	8.719056	5.054733	0.000039	0.533795
0.784557	10.178656	5.059738	0.000019	0.538441
0.841590	11.749154	5.064742	0.000008	0.543330
0.999460	13.386182	5.069747	-0.000021	0.548485
1.177181	15.105177	5.074752	-0.000053	0.553860
1.207345	16.970695	5.079757	-0.000059	0.559463
1.337990	18.876586	5.084762	-0.000083	0.565234
1.524641	20.852919	5.089766	-0.000117	0.571209
1.567185	22.965260	5.094771	-0.000125	0.577367
1.694410	25.123837	5.099776	-0.000149	0.583678
1.837751	27.349816	5.104781	-0.000175	0.590126
2.118173	29.602325	5.109786	-0.000226	0.596713
2.058956	32.037156	5.114790	-0.000216	0.603401
2.338512	34.422254	5.119795	-0.000267	0.610205
2.442639	36.926990	5.124800	-0.000286	0.617089
2.426195	39.547318	5.129805	-0.000284	0.624094
2.599310	42.141099	5.134810	-0.000315	0.631125
2.829732	44.782993	5.139814	-0.000358	0.638257
2.724788	47.581743	5.144819	-0.000339	0.645411
2.996795	50.302598	5.149824	-0.000389	0.652624
2.981645	53.174762	5.154829	-0.000386	0.659887
3.129281	56.020000	5.159834	-0.000414	0.667145
3.237240	58.939877	5.164838	-0.000434	0.674475
3.288072	61.908833	5.169843	-0.000443	0.681797
3.350393	64.891999	5.174848	-0.000455	0.689085
3.639577	67.846737	5.179853	-0.000508	0.696418
3.577632	70.939124	5.184858	-0.000497	0.703710
3.872307	73.949462	5.189862	-0.000551	0.711027
3.992137	77.044351	5.194867	-0.000573	0.718323
4.098995	80.157535	5.199872	-0.000593	0.725578
4.234103	83.306731	5.204877	-0.000618	0.732864
4.300177	86.478884	5.209882	-0.000630	0.740077
4.355209	89.676907	5.214886	-0.000641	0.747268
4.633391	92.837127	5.219891	-0.000692	0.754480
4.802510	96.015942	5.224896	-0.000723	0.761580
4.826278	99.285756	5.229901	-0.000727	0.768702
4.942380	102.514024	5.234906	-0.000749	0.775739
4.908945	105.814724	5.239910	-0.000743	0.782755
5.201365	109.018271	5.244915	-0.000797	0.789743
5.173364	112.323573	5.249920	-0.000792	0.796650
5.272857	115.596937	5.254925	-0.000811	0.803523
5.199509	118.935319	5.259930	-0.000798	0.810347
5.342031	122.191592	5.264934	-0.000824	0.817100
5.634368	125.427016	5.269939	-0.000878	0.823862
5.677240	128.723974	5.274944	-0.000886	0.830517
5.823626	132.013688	5.279949	-0.000913	0.837177
5.918965	135.296462	5.284954	-0.000931	0.843735
5.874518	138.631410	5.289958	-0.000923	0.850250
6.148727	141.872502	5.294963	-0.000973	0.856748
6.246118	145.161108	5.299968	-0.000991	0.863170
6.417266	148.423609	5.304973	-0.001023	0.869544
6.555882	151.711495	5.309978	-0.001048	0.875898
6.557892	155.012126	5.314982	-0.001049	0.882140
6.747090	158.283188	5.319987	-0.001084	0.888406
6.768261	161.584880	5.324992	-0.001088	0.894576
6.866470	164.864313	5.329997	-0.001107	0.900711
6.986898	168.139875	5.335002	-0.001129	0.906813
7.081740	171.418407	5.340006	-0.001147	0.912862
7.192789	174.679002	5.345011	-0.001167	0.918850
7.330112	177.920583	5.350016	-0.001193	0.924781
7.204980	181.253360	5.355021	-0.001170	0.930674
7.454572	184.466375	5.360026	-0.001216	0.936549
7.379628	187.761993	5.365030	-0.001203	0.942334
7.599421	190.972915	5.370035	-0.001243	0.948114
7.713282	194.216244	5.375040	-0.001264	0.953852
7.903006	197.404805	5.380045	-0.001299	0.959506
7.795294	200.711015	5.385050	-0.001280	0.965152
8.005749	203.904944	5.390054	-0.001319	0.970762
7.849108	207.208459	5.395059	-0.001291	0.976310
8.128790	210.371122	5.400064	-0.001342	0.981843
8.214432	213.583339	5.405069	-0.001358	0.987316
8.366494	216.799707	5.410074	-0.001386	0.992804
8.435546	220.016196	5.415078	-0.001399	0.998214
8.524075	223.216946	5.420083	-0.001416	1.003580
8.616969	226.412823	5.425088	-0.001433	1.008912
8.747348	229.601485	5.430093	-0.001457	1.014226
8.735562	232.816587	5.435098	-0.001455	1.019474
8.916743	235.989018	5.440102	-0.001489	1.024735
9.057697	239.149847	5.445107	-0.001515	1.029927
9.125657	242.351351	5.450112	-0.001527	1.035119
9.120610	245.540931	5.455117	-0.001527	1.040225
9.216839	248.719795	5.460122	-0.001545	1.045345
9.242950	251.920927	5.465126	-0.001550	1.050436
9.323385	255.089631	5.470131	-0.001565	1.055482
9.388476	258.251815	5.475136	-0.001577	1.060485
9.590000	261.387398	5.480141	-0.001614	1.065496
9.587307	264.580352	5.485146	-0.001614	1.070464
9.739985	267.722352	5.490150	-0.001643	1.075412
9.739834	270.883199	5.495155	-0.001643	1.080286
9.912898	274.010266	5.500160	-0.001675	1.085178
9.982558	277.163247	5.505165	-0.001688	1.090033
10.036165	280.328597	5.510170	-0.001698	1.094877
10.173342	283.455510	5.515174	-0.001723	1.099685
10.480742	286.528156	5.520179	-0.001780	1.104478
10.510079	289.692177	5.525184	-0.001785	1.109244
10.673297	292.827978	5.530189	-0.001815	1.114016
10.570574	296.009389	5.535194	-0.001797	1.118700
10.819900	299.094830	5.540198	-0.001843	1.123402
10.980253	302.202140	5.545203	-0.001872	1.128071
10.964136	305.391824	5.550208	-0.001870	1.132752
11.011505	308.519849	5.555213	-0.001879	1.137356
11.118993	311.641289	5.560218	-0.001899	1.141962
11.164141	314.777576	5.565222	-0.001908	1.146540
11.392888	317.876360	5.570227	-0.001949	1.151136
11.306681	321.044089	5.575232	-0.001934	1.155658
11.572140	324.103846	5.580237	-0.001983	1.160181
11.616010	327.225392	5.585242	-0.001991	1.164665
11.681780	330.355112	5.590246	-0.002004	1.169155
11.736273	333.480222	5.595251	-0.002014	1.173615
11.839541	336.585556	5.600256	-0.002033	1.178054
11.919680	339.703357	5.605261	-0.002048	1.182483
12.110406	342.777945	5.610266	-0.002083	1.186888
12.009206	345.956890	5.615270	-0.002065	1.191283
12.380410	348.950687	5.620275	-0.002133	1.195629
12.511837	352.037495	5.625280	-0.002157	1.199974
12.577165	355.168479	5.630285	-0.002170	1.204333
12.707541	358.264371	5.635290	-0.002194	1.208659
12.725242	361.406248	5.640294	-0.002197	1.212980
12.882083	364.470131	5.645299	-0.002226	1.217244
12.798630	367.645385	5.650304	-0.002212	1.221532
13.027145	370.684139	5.655309	-0.002253	1.225765
13.226486	373.769853	5.660314	-0.002290	1.230034
13.214602	376.900300	5.665318	-0.002288	1.234251
13.228312	380.010953	5.670323	-0.002291	1.238438
13.384396	383.077863	5.675328	-0.002320	1.242618
13.568100	386.139511	5.680333	-0.002354	1.246790
13.583956	389.264676	5.685338	-0.002357	1.250956
13.792073	392.322534	5.690342	-0.002395	1.255105
13.617508	395.484916	5.695347	-0.002364	1.259207
13.771850	398.567920	5.700352	-0.002393	1.263339
13.784762	401.662315	5.705357	-0.002396	1.267408
14.025479	404.712982	5.710362	-0.002440	1.271509
13.962758	407.819016	5.715366	-0.002429	1.275535
14.049986	410.897029	5.720371	-0.002445	1.279577
14.296406	413.932524	5.725376	-0.002490	1.283622
14.515261	416.972409	5.730381	-0.002530	1.287648
14.398559	420.126641	5.735386	-0.002509	1.291661
14.578926	423.172483	5.740390	-0.002543	1.295652
14.508961	426.300660	5.745395	-0.002530	1.299628
14.686147	429.373499	5.750400	-0.002563	1.303628
14.754401	432.451986	5.755405	-0.002576	1.307576
15.007377	435.489003	5.760410	-0.002622	1.311539
15.187467	438.550137	5.765414	-0.002655	1.315489
15.137984	441.667096	5.770419	-0.002647	1.319400
15.272377	444.724306	5.775424	-0.002671	1.323302
15.269605	447.835571	5.780429	-0.002671	1.327202
15.398177	450.872850	5.785434	-0.002695	1.331054
15.583570	453.930850	5.790438	-0.002729	1.334945
15.443558	457.060038	5.795443	-0.002704	1.338776
15.597176	460.111734	5.800448	-0.002733	1.342623
15.788515	463.145097	5.805453	-0.002768	1.346452
15.960643	466.191609	5.810458	-0.002799	1.350278
16.137984	469.243035	5.815462	-0.002832	1.354102
16.160263	472.322763	5.820467	-0.002836	1.357886
16.299560	475.382750	5.825472	-0.002862	1.361683
16.362434	478.466276	5.830477	-0.002874	1.365466
16.243763	481.587959	5.835482	-0.002853	1.369211
16.584913	484.592044	5.840486	-0.002915	1.372992
16.496245	487.705150	5.845491	-0.002900	1.376719
16.538422	490.788453	5.850496	-0.002908	1.380452
16.739317	493.814276	5.855501	-0.002945	1.384171
16.734889	496.916416	5.860506	-0.002944	1.387889
16.895298	499.971179	5.865510	-0.002974	1.391606
16.967751	503.010644	5.870515	-0.002987	1.395260
17.029908	506.076223	5.875520	-0.002999	1.398931
17.089837	509.172026	5.880525	-0.003011	1.402628
17.083396	512.235308	5.885530	-0.003010	1.406249
17.322888	515.257809	5.890534	-0.003054	1.409912
17.299684	518.336802	5.895539	-0.003050	1.413527
17.335824	521.414694	5.900544	-0.003057	1.417155
17.612842	524.405016	5.905549	-0.003108	1.420766
17.842534	527.418788	5.910554	-0.003150	1.424377
17.635925	530.588817	5.915558	-0.003113	1.427989
17.672282	533.677411	5.920563	-0.003120	1.431593
17.814899	536.662529	5.925568	-0.003146	1.435109
18.055948	539.689555	5.930573	-0.003190	1.438703
18.102321	542.762290	5.935578	-0.003199	1.442266
18.365993	545.768998	5.940582	-0.003247	1.445828
18.443487	548.837316	5.945587	-0.003262	1.449380
18.596078	551.885796	5.950592	-0.003290	1.452929
18.592290	554.974359	5.955597	-0.003290	1.456455
18.679207	558.037168	5.960602	-0.003306	1.459979
18.713127	561.100526	5.965606	-0.003313	1.463474
18.871344	564.152910	5.970611	-0.003342	1.466996
18.882789	567.238467	5.975616	-0.003344	1.470491
19.114118	570.242574	5.980621	-0.003387	1.473969
19.115182	573.311744	5.985626	-0.003387	1.477425
19.247156	576.354877	5.990630	-0.003412	1.480894
19.408865	579.363495	5.995635	-0.003441	1.484326
19.466291	582.444697	6.000640	-0.003452	1.487793
19.615293	585.482950	6.005645	-0.003480	1.491238
19.725507	588.527056	6.010650	-0.003500	1.494667
19.828365	591.571575	6.015654	-0.003519	1.498086
19.968731	594.629202	6.020659	-0.003545	1.501525
20.012403	597.683809	6.025664	-0.003553	1.504918
20.176502	600.733074	6.030669	-0.003584	1.508341
20.146379	603.823924	6.035674	-0.003579	1.511731
20.221264	606.864180	6.040678	-0.003593	1.515096
20.121023	609.956899	6.045683	-0.003575	1.518448
20.204938	613.018475	6.050688	-0.003591	1.521825
20.290795	616.032397	6.055693	-0.003607	1.525143
20.395204	619.095446	6.060698	-0.003626	1.528514
20.470535	622.142547	6.065702	-0.003640	1.531850
20.550500	625.173174	6.070707	-0.003655	1.535163
20.520270	628.253463	6.075712	-0.003650	1.538482
20.733157	631.257126	6.080717	-0.003689	1.541799
20.857792	634.279359	6.085722	-0.003712	1.545098
21.062521	637.323757	6.090726	-0.003750	1.548441
20.966797	640.419525	6.095731	-0.003733	1.551725
21.092970	643.434998	6.100736	-0.003756	1.554996
21.309835	646.424474	6.105741	-0.003796	1.558264
21.578442	649.427663	6.110746	-0.003845	1.561558
21.604077	652.500227	6.115750	-0.003850	1.564833
21.665387	655.557926	6.120755	-0.003862	1.568098
21.673001	658.647334	6.125760	-0.003864	1.571370
21.838882	661.646508	6.130765	-0.003894	1.574597
21.962588	664.677888	6.135770	-0.003917	1.577835
22.138504	667.719164	6.140774	-0.003949	1.581096
22.163386	670.766245	6.145779	-0.003954	1.584304
22.488179	673.765637	6.150784	-0.004013	1.587559
22.469691	676.868965	6.155789	-0.004011	1.590797
22.637443	679.850732	6.160794	-0.004041	1.593966
22.728407	682.910493	6.165798	-0.004058	1.597184
22.856049	685.959493	6.170803	-0.004082	1.600396
22.900125	688.995495	6.175808	-0.004090	1.603560
23.011992	692.068298	6.180813	-0.004111	1.606779
23.094342	695.106787	6.185818	-0.004127	1.609946
23.332639	698.102558	6.190822	-0.004170	1.613116
23.276268	701.201973	6.195827	-0.004160	1.616286
23.388229	704.242258	6.200832	-0.004181	1.619446
23.500455	707.269732	6.205837	-0.004202	1.622587
23.673374	710.305026	6.210842	-0.004234	1.625751
23.678066	713.371415	6.215846	-0.004235	1.628883
23.935190	716.383150	6.220851	-0.004282	1.632039
23.907376	719.449918	6.225856	-0.004277	1.635148
24.029828	722.471306	6.230861	-0.004300	1.638256
24.043479	725.530268	6.235866	-0.004303	1.641360
24.178615	728.552003	6.240870	-0.004328	1.644461
24.279400	731.592631	6.245875	-0.004347	1.647564
24.427071	734.634716	6.250880	-0.004374	1.650678
24.437956	737.660808	6.255885	-0.004376	1.653724
24.586183	740.697482	6.260890	-0.004404	1.656821
24.495777	743.777888	6.265894	-0.004388	1.659877
24.579058	746.815199	6.270899	-0.004403	1.662942
24.747591	749.822316	6.275904	-0.004434	1.665999
24.893152	752.844566	6.280909	-0.004461	1.669058
24.966981	755.880156	6.285914	-0.004475	1.672101
24.997480	758.935494	6.290918	-0.004481	1.675144
25.153781	761.930093	6.295923	-0.004510	1.678162
25.127989	765.029367	6.300928	-0.004506	1.681219
25.151669	768.063956	6.305933	-0.004510	1.684223
25.259188	771.113092	6.310938	-0.004530	1.687262
25.319377	774.137365	6.315942	-0.004542	1.690257
25.502447	777.133827	6.320947	-0.004575	1.693259
25.603217	780.164325	6.325952	-0.004594	1.696262
25.738713	783.186425	6.330957	-0.004619	1.699263
25.667365	786.277998	6.335962	-0.004607	1.702260
25.894541	789.275302	6.340966	-0.004648	1.705255
25.958235	792.314572	6.345971	-0.004660	1.708234
26.166058	795.324266	6.350976	-0.004698	1.711225
26.357294	798.288620	6.355981	-0.004733	1.714161
26.326086	801.390979	6.360986	-0.004728	1.717155
26.435071	804.408294	6.365990	-0.004748	1.720107
26.545281	807.447634	6.370995	-0.004769	1.723074
26.612789	810.490608	6.376000	-0.004782	1.726027
26.854832	813.486482	6.381005	-0.004826	1.728984
26.938055	816.512699	6.386010	-0.004841	1.731916
27.070370	819.569219	6.391014	-0.004866	1.734887
27.157190	822.574164	6.396019	-0.004882	1.737789
27.269417	825.656994	6.401024	-0.004903	1.740769
27.274362	828.681277	6.406029	-0.004904	1.743654
27.622375	831.675900	6.411034	-0.004968	1.746613
27.504646	834.782207	6.416038	-0.004947	1.749528
27.814700	837.694098	6.421043	-0.005003	1.752387
27.816846	840.786715	6.426048	-0.005004	1.755317
27.881413	843.807348	6.431053	-0.005016	1.758194
28.093988	846.812578	6.436058	-0.005055	1.761096
28.232517	849.865762	6.441062	-0.005081	1.764017
28.130172	852.941107	6.446067	-0.005063	1.766879
28.253676	856.006747	6.451072	-0.005086	1.769797
28.292395	858.996182	6.456077	-0.005093	1.772612
28.373330	862.073190	6.461082	-0.005108	1.775518
28.306613	865.126583	6.466086	-0.005097	1.778352
28.555911	868.105810	6.471091	-0.005142	1.781209
28.593576	871.148345	6.476096	-0.005150	1.784056
28.784175	874.161860	6.481101	-0.005185	1.786917
28.785754	877.233240	6.486106	-0.005185	1.789771
29.011769	880.186947	6.491110	-0.005227	1.792578
29.108021	883.203211	6.496115	-0.005245	1.795400
29.437146	886.191964	6.501120	-0.005305	1.798263
29.403261	889.254023	6.506125	-0.005299	1.801079
29.631629	892.261479	6.511130	-0.005341	1.803919
29.777128	895.279663	6.516134	-0.005367	1.806740
29.895908	898.340639	6.521139	-0.005389	1.809587
29.924689	901.361278	6.526144	-0.005395	1.812367
30.028532	904.420943	6.531149	-0.005414	1.815200
30.294800	907.369087	6.536154	-0.005463	1.817975
30.332324	910.445620	6.541158	-0.005470	1.820795
30.208749	913.543299	6.546163	-0.005449	1.823582
30.470552	916.541496	6.551168	-0.005496	1.826388
30.523929	919.587117	6.556173	-0.005506	1.829172
30.729866	922.545189	6.561178	-0.005544	1.831917
30.654548	925.642363	6.566182	-0.005531	1.834701
30.824915	928.637263	6.571187	-0.005562	1.837460
30.892023	931.670041	6.576192	-0.005575	1.840220
30.875729	934.742174	6.581197	-0.005573	1.842986
30.946197	937.771779	6.586202	-0.005586	1.845735
31.140493	940.786874	6.591206	-0.005621	1.848503
31.282831	943.762957	6.596211	-0.005648	1.851217
31.364765	946.831791	6.601216	-0.005663	1.853992
31.343271	949.855116	6.606221	-0.005660	1.856692
31.556143	952.896527	6.611226	-0.005699	1.859473
31.749287	955.845417	6.616230	-0.005734	1.862161
31.857555	958.922659	6.621235	-0.005754	1.864935
31.859101	961.977578	6.626240	-0.005755	1.867654
32.086339	964.957381	6.631245	-0.005796	1.870368
32.335105	967.928335	6.636250	-0.005842	1.873076
32.334767	970.993712	6.641254	-0.005842	1.875792
32.283639	974.078058	6.646259	-0.005834	1.878507
32.462866	977.068111	6.651264	-0.005866	1.881200
32.521052	980.103738	6.656269	-0.005877	1.883895
32.736679	983.120935	6.661274	-0.005917	1.886615
32.718061	986.176586	6.666278	-0.005914	1.889297
32.990522	989.113857	6.671283	-0.005964	1.891955
33.106071	992.171766	6.676288	-0.005985	1.894671
33.341717	995.159061	6.681293	-0.006028	1.897354
33.574285	998.161733	6.686298	-0.006071	1.900047
33.719825	1001.200181	6.691302	-0.006098	1.902742
33.699545	1004.274980	6.696307	-0.006094	1.905418
33.821821	1007.334189	6.701312	-0.006117	1.908117
33.719622	1010.364747	6.706317	-0.006099	1.910725
34.074747	1013.339560	6.711322	-0.006164	1.913408
34.064111	1016.384693	6.716326	-0.006162	1.916047
34.021683	1019.466468	6.721331	-0.006155	1.918704
34.085018	1022.480777	6.726336	-0.006167	1.921330
34.286858	1025.476604	6.731341	-0.006204	1.923974
34.472153	1028.484552	6.736346	-0.006238	1.926620
34.577292	1031.529319	6.741350	-0.006258	1.929272
34.588685	1034.539021	6.746355	-0.006260	1.931865
34.618345	1037.613802	6.751360	-0.006266	1.934514
34.649625	1040.629835	6.756365	-0.006272	1.937111
34.694307	1043.697217	6.761370	-0.006281	1.939751
34.974698	1046.631701	6.766374	-0.006332	1.942339
35.214294	1049.636611	6.771379	-0.006376	1.944973
35.405726	1052.651546	6.776384	-0.006411	1.947598
35.516365	1055.689523	6.781389	-0.006431	1.950217
35.829099	1058.654497	6.786394	-0.006488	1.952826
35.976280	1061.690675	6.791398	-0.006515	1.955447
36.066586	1064.722987	6.796403	-0.006532	1.958045
36.197443	1067.744129	6.801408	-0.006556	1.960642
36.109300	1070.832373	6.806413	-0.006541	1.963232
36.364184	1073.808118	6.811418	-0.006588	1.965817
36.379357	1076.879197	6.816422	-0.006591	1.968413
36.668140	1079.819762	6.821427	-0.006644	1.970971
36.593865	1082.922647	6.826432	-0.006631	1.973564
36.780701	1085.911188	6.831437	-0.006665	1.976127
36.941307	1088.919579	6.836442	-0.006694	1.978697
37.087383	1091.945392	6.841446	-0.006721	1.981274
37.122438	1094.998161	6.846451	-0.006728	1.983841
37.213804	1098.029377	6.851456	-0.006745	1.986401
37.391788	1101.027998	6.856461	-0.006778	1.988954
37.490745	1104.016777	6.861466	-0.006796	1.991475
37.612717	1107.062011	6.866470	-0.006819	1.994045
37.699174	1110.086584	6.871475	-0.006835	1.996585
37.872118	1113.075333	6.876480	-0.006867	1.999116
38.007927	1116.114672	6.881485	-0.006892	2.001675
38.015389	1119.167405	6.886490	-0.006894	2.004208
38.119790	1122.211285	6.891494	-0.006913	2.006756
38.350746	1125.183095	6.896499	-0.006955	2.009275
38.377795	1128.228709	6.901504	-0.006961	2.011798
38.662567	1131.209962	6.906509	-0.007013	2.014332
38.561182	1134.295054	6.911514	-0.006995	2.016847
38.709791	1137.301204	6.916518	-0.007022	2.019360
38.786618	1140.347991	6.921523	-0.007036	2.021884
38.906651	1143.355901	6.926528	-0.007059	2.024385
39.015892	1146.401533	6.931533	-0.007079	2.026910
38.958001	1149.441222	6.936538	-0.007069	2.029384
39.301945	1152.378703	6.941542	-0.007132	2.031876
39.398140	1155.421402	6.946547	-0.007149	2.034386
39.373823	1158.471690	6.951552	-0.007146	2.036868
39.367321	1161.521154	6.956557	-0.007145	2.039351
39.558668	1164.516636	6.961562	-0.007180	2.041838
39.504889	1167.559017	6.966566	-0.007171	2.044297
39.848839	1170.534310	6.971571	-0.007233	2.046802
39.830301	1173.549327	6.976576	-0.007231	2.049241
39.939834	1176.578842	6.981581	-0.007251	2.051723
40.016827	1179.601200	6.986586	-0.007265	2.054188
40.109427	1182.631930	6.991590	-0.007283	2.056660
40.383359	1185.604600	6.996595	-0.007333	2.059129
40.454117	1188.641351	7.001600	-0.007346	2.061594
40.577587	1191.664820	7.006605	-0.007369	2.064060
40.681218	1194.710519	7.011610	-0.007388	2.066535
40.918786	1197.657446	7.016614	-0.007431	2.068962
41.115162	1200.663507	7.021619	-0.007467	2.071424
41.232069	1203.681530	7.026624	-0.007489	2.073871
41.343927	1206.731726	7.031629	-0.007510	2.076340
41.369308	1209.780038	7.036634	-0.007515	2.078783
41.474313	1212.785738	7.041638	-0.007534	2.081209
41.625925	1215.827625	7.046643	-0.007562	2.083673
41.729281	1218.862416	7.051648	-0.007581	2.086116
41.773219	1221.881567	7.056653	-0.007590	2.088529
41.874820	1224.895782	7.061658	-0.007609	2.090950
41.774277	1227.977022	7.066662	-0.007591	2.093370
42.047328	1230.937091	7.071667	-0.007641	2.095785
41.991196	1234.008351	7.076672	-0.007631	2.098203
42.141057	1236.999519	7.081677	-0.007659	2.100606
42.170432	1240.048949	7.086682	-0.007665	2.103023
42.369751	1243.040193	7.091686	-0.007701	2.105433
42.356549	1246.110146	7.096691	-0.007699	2.107849
42.547942	1249.036154	7.101696	-0.007734	2.110201
42.695428	1252.069592	7.106701	-0.007761	2.112623
42.691505	1255.109318	7.111706	-0.007761	2.115010
42.801750	1258.118181	7.116710	-0.007782	2.117398
43.017947	1261.092434	7.121715	-0.007821	2.119783
43.078020	1264.132441	7.126720	-0.007833	2.122177
43.490942	1267.076063	7.131725	-0.007908	2.124581
43.329985	1270.195631	7.136730	-0.007879	2.126978
43.575954	1273.141935	7.141734	-0.007924	2.129337
43.634326	1276.206555	7.146739	-0.007935	2.131740
43.701498	1279.226135	7.151744	-0.007948	2.134107
43.843461	1282.230537	7.156749	-0.007974	2.136478
43.876060	1285.283089	7.161754	-0.007980	2.138857
43.884440	1288.314879	7.166758	-0.007982	2.141211
44.184918	1291.303917	7.171763	-0.008037	2.143601
44.287435	1294.307158	7.176768	-0.008056	2.145951
44.469808	1297.328387	7.181773	-0.008090	2.148332
44.477265	1300.321786	7.186778	-0.008092	2.150646
44.763512	1303.315480	7.191782	-0.008144	2.153025
44.831509	1306.332675	7.196787	-0.008157	2.155367
44.892413	1309.415474	7.201792	-0.008168	2.157755
45.051265	1312.386213	7.206797	-0.008197	2.160079
45.087302	1315.467373	7.211802	-0.008204	2.162454
45.255996	1318.434311	7.216806	-0.008235	2.164772
45.325775	1321.541157	7.221811	-0.008248	2.167170
45.428997	1324.445335	7.226816	-0.008268	2.169419
45.497464	1327.545243	7.231821	-0.008280	2.171806
45.716276	1330.470957	7.236826	-0.008320	2.174094
45.969647	1333.513240	7.241830	-0.008367	2.176477
46.105777	1336.529399	7.246835	-0.008392	2.178809
46.136429	1339.575388	7.251840	-0.008398	2.181136
46.304658	1342.589501	7.256845	-0.008429	2.183469
46.426729	1345.625508	7.261850	-0.008451	2.185806
46.522332	1348.614068	7.266854	-0.008469	2.188097
46.735449	1351.624389	7.271859	-0.008508	2.190431
46.769884	1354.639367	7.276864	-0.008515	2.192723
46.996337	1357.653312	7.281869	-0.008556	2.195057
47.053653	1360.694198	7.286874	-0.008567	2.197370
47.244487	1363.661769	7.291878	-0.008602	2.199656
47.488361	1366.701235	7.296883	-0.008647	2.202006
47.592639	1369.683481	7.301888	-0.008666	2.204278
47.576935	1372.785648	7.306893	-0.008664	2.206610
47.758897	1375.756161	7.311898	-0.008697	2.208886
47.721366	1378.808631	7.316902	-0.008691	2.211170
47.961843	1381.817321	7.321907	-0.008735	2.213485
47.944647	1384.849775	7.326912	-0.008732	2.215754
48.063177	1387.889657	7.331917	-0.008754	2.218058
48.223062	1390.861382	7.336922	-0.008784	2.220319
48.179060	1393.946679	7.341926	-0.008776	2.222614
48.267343	1396.968543	7.346931	-0.008793	2.224891
48.294225	1400.016263	7.351936	-0.008798	2.227170
48.275745	1402.967423	7.356941	-0.008795	2.229364
48.513091	1406.004143	7.361946	-0.008838	2.231679
48.514617	1408.981935	7.366950	-0.008839	2.233894
48.785769	1412.004195	7.371955	-0.008889	2.236202
48.714816	1415.029782	7.376960	-0.008876	2.238430
48.872352	1418.046391	7.381965	-0.008905	2.240703
49.118780	1421.028334	7.386970	-0.008950	2.242968
49.289222	1424.029465	7.391974	-0.008982	2.245227
49.326129	1427.083503	7.396979	-0.008989	2.247493
49.475787	1430.076363	7.401984	-0.009016	2.249737
49.362828	1433.156086	7.406989	-0.008997	2.251982
49.689186	1436.094586	7.411994	-0.009056	2.254222
49.926702	1439.087551	7.416998	-0.009099	2.256479
50.186188	1442.071916	7.422003	-0.009147	2.258733
50.105430	1445.168713	7.427008	-0.009133	2.260989
50.103474	1448.216844	7.432013	-0.009133	2.263226
50.285658	1451.217626	7.437018	-0.009166	2.265467
50.446164	1454.250803	7.442022	-0.009196	2.267725
50.381996	1457.270988	7.447027	-0.009185	2.269921
50.731101	1460.254523	7.452032	-0.009248	2.272181
50.710425	1463.239960	7.457037	-0.009245	2.274356
50.838611	1466.308835	7.462042	-0.009269	2.276624
50.828077	1469.295458	7.467046	-0.009267	2.278798
50.936421	1472.334967	7.472051	-0.009287	2.281036
51.030264	1475.348506	7.477056	-0.009305	2.283249
51.126461	1478.380834	7.482061	-0.009323	2.285474
51.137439	1481.390914	7.487066	-0.009325	2.287662
51.305413	1484.394690	7.492070	-0.009356	2.289878
51.322522	1487.426804	7.497075	-0.009360	2.292079
51.587704	1490.387244	7.502080	-0.009408	2.294281
51.574421	1493.448880	7.507085	-0.009406	2.296493
51.692677	1496.412036	7.512090	-0.009428	2.298660
51.838615	1499.442843	7.517094	-0.009455	2.300880
51.822036	1502.511276	7.522099	-0.009453	2.303089
51.913855	1505.518368	7.527104	-0.009470	2.305276
52.064731	1508.526176	7.532109	-0.009497	2.307474
52.076823	1511.512438	7.537114	-0.009500	2.309624
52.335448	1514.511482	7.542118	-0.009547	2.311836
52.293483	1517.514445	7.547123	-0.009540	2.313982
52.304082	1520.619848	7.552128	-0.009543	2.316211
52.467632	1523.553511	7.557133	-0.009573	2.318348
52.488069	1526.623568	7.562138	-0.009577	2.320550
52.697230	1529.601015	7.567142	-0.009615	2.322725
52.792927	1532.641026	7.572147	-0.009633	2.324918
52.708066	1535.696901	7.577152	-0.009618	2.327080
52.902941	1538.651014	7.582157	-0.009654	2.329229
53.105123	1541.638146	7.587162	-0.009691	2.331401
53.140844	1544.660744	7.592166	-0.009698	2.333560
53.402693	1547.655449	7.597171	-0.009746	2.335746
53.516235	1550.676721	7.602176	-0.009767	2.337917
53.500503	1553.729610	7.607181	-0.009764	2.340080
53.643924	1556.762373	7.612186	-0.009791	2.342262
53.678726	1559.779600	7.617190	-0.009798	2.344407
54.008650	1562.768279	7.622195	-0.009858	2.346593
54.032213	1565.730089	7.627200	-0.009863	2.348693
54.034258	1568.821231	7.632205	-0.009863	2.350877
54.097104	1571.806945	7.637210	-0.009875	2.352997
54.252068	1574.839096	7.642214	-0.009904	2.355169
54.255775	1577.861556	7.647219	-0.009905	2.357299
54.384385	1580.861967	7.652224	-0.009929	2.359438
54.484769	1583.881369	7.657229	-0.009947	2.361583
54.718120	1586.861455	7.662234	-0.009990	2.363727
54.754578	1589.903818	7.667238	-0.009997	2.365870
54.921323	1592.872277	7.672243	-0.010028	2.367988
54.999996	1595.894972	7.677248	-0.010042	2.370123
55.181515	1598.910795	7.682253	-0.010076	2.372272
55.250230	1601.929357	7.687258	-0.010089	2.374398
55.494792	1604.949135	7.692262	-0.010133	2.376561
55.611607	1607.918013	7.697267	-0.010155	2.378658
55.644195	1611.017000	7.702272	-0.010161	2.380826
55.644175	1614.015607	7.707277	-0.010162	2.382916
55.941548	1617.021932	7.712282	-0.010216	2.385072
55.850086	1620.043084	7.717286	-0.010200	2.387154
56.078528	1622.995369	7.722291	-0.010242	2.389255
56.161619	1626.043794	7.727296	-0.010257	2.391389
56.132580	1629.090275	7.732301	-0.010253	2.393496
56.278726	1632.096981	7.737306	-0.010280	2.395611
56.431652	1635.105466	7.742310	-0.010308	2.397727
56.566898	1638.080987	7.747315	-0.010333	2.399815
56.812963	1641.102845	7.752320	-0.010378	2.401956
56.769635	1644.142273	7.757325	-0.010370	2.404046
57.135908	1647.116253	7.762330	-0.010437	2.406175
57.115870	1650.121297	7.767334	-0.010434	2.408243
57.297780	1653.153081	7.772339	-0.010467	2.410370
57.411838	1656.166991	7.777344	-0.010488	2.412468
57.561699	1659.187207	7.782349	-0.010516	2.414576
57.563988	1662.226414	7.787354	-0.010517	2.416665
57.689830	1665.251350	7.792358	-0.010540	2.418768
57.758017	1668.257575	7.797363	-0.010553	2.420844
58.005955	1671.250933	7.802368	-0.010598	2.422947
58.121341	1674.283431	7.807373	-0.010620	2.425047
58.247962	1677.258343	7.812378	-0.010643	2.427108
58.373138	1680.264611	7.817382	-0.010666	2.429189
58.425648	1683.315946	7.822387	-0.010676	2.431284
58.431623	1686.337831	7.827392	-0.010678	2.433347
58.633435	1689.350923	7.832397	-0.010715	2.435443
58.569821	1692.348223	7.837402	-0.010704	2.437472
58.679165	1695.427683	7.842406	-0.010724	2.439590
58.855002	1698.371633	7.847411	-0.010756	2.441628
58.864155	1701.438100	7.852416	-0.010758	2.443714
58.966994	1704.458534	7.857421	-0.010777	2.445785
59.076899	1707.379494	7.862426	-0.010798	2.447789
59.176442	1710.463436	7.867430	-0.010816	2.449900
59.203220	1713.475020	7.872435	-0.010822	2.451944
59.359917	1716.452777	7.877440	-0.010850	2.453991
59.521439	1719.528203	7.882445	-0.010880	2.456103
59.443522	1722.491523	7.887450	-0.010867	2.458089
59.878468	1725.480195	7.892454	-0.010946	2.460194
59.766106	1728.532043	7.897459	-0.010926	2.462229
59.870949	1731.567962	7.902464	-0.010945	2.464296
59.946545	1734.577500	7.907469	-0.010960	2.466338
60.085892	1737.512936	7.912474	-0.010985	2.468340
60.267356	1740.543128	7.917478	-0.011018	2.470414
60.210538	1743.582109	7.922483	-0.011009	2.472443
60.295858	1746.604608	7.927488	-0.011025	2.474488
60.491971	1749.626245	7.932493	-0.011061	2.476553
60.602127	1752.556816	7.937498	-0.011081	2.478539
60.751735	1755.654997	7.942502	-0.011109	2.480642
60.825299	1758.622329	7.947507	-0.011122	2.482642
60.783424	1761.712449	7.952512	-0.011115	2.484698
60.920191	1764.682236	7.957517	-0.011140	2.486708
60.828691	1767.741551	7.962522	-0.011124	2.488731
60.765507	1770.799234	7.967526	-0.011114	2.490756
61.096534	1773.711542	7.972531	-0.011174	2.492762
61.170401	1776.736170	7.977536	-0.011188	2.494790
61.338701	1779.736501	7.982541	-0.011219	2.496818
61.302400	1782.770129	7.987546	-0.011213	2.498826
61.514180	1785.781646	7.992550	-0.011251	2.500868
61.588576	1788.786415	7.997555	-0.011265	2.502876
61.622655	1791.855239	8.002560	-0.011272	2.504917
61.745176	1794.783011	8.007565	-0.011295	2.506880
61.883126	1797.818243	8.012570	-0.011320	2.508916
61.985557	1800.802890	8.017574	-0.011339	2.510909
62.265030	1803.781215	8.022579	-0.011390	2.512932
62.319234	1806.833017	8.027584	-0.011400	2.514958
62.519886	1809.801185	8.032589	-0.011437	2.516955
62.538206	1812.847844	8.037594	-0.011441	2.518967
62.673291	1815.890847	8.042598	-0.011466	2.520997
62.744131	1818.866143	8.047603	-0.011479	2.522969
63.156025	1821.870752	8.052608	-0.011554	2.525026
63.117614	1824.829197	8.057613	-0.011548	2.526961
63.375914	1827.886082	8.062618	-0.011595	2.529019
63.332242	1830.923164	8.067622	-0.011587	2.531002
63.521926	1833.924888	8.072627	-0.011622	2.533007
63.489457	1837.017528	8.077632	-0.011617	2.535026
63.543979	1839.982034	8.082637	-0.011627	2.536976
63.691553	1843.014633	8.087642	-0.011654	2.538988
63.723176	1846.056417	8.092646	-0.011661	2.540981
63.561929	1849.110915	8.097651	-0.011632	2.542944
63.850860	1852.109484	8.102656	-0.011685	2.544956
63.814378	1855.026419	8.107661	-0.011679	2.546850
63.836424	1858.112908	8.112666	-0.011683	2.548865
64.101105	1861.047524	8.117670	-0.011731	2.550826
64.228107	1864.046038	8.122675	-0.011755	2.552800
64.358824	1867.107109	8.127680	-0.011779	2.554815
64.481436	1870.070831	8.132685	-0.011802	2.556763
64.578242	1873.091507	8.137690	-0.011820	2.558741
64.815629	1876.108039	8.142694	-0.011863	2.560742
64.901416	1879.083747	8.147699	-0.011879	2.562686
65.117461	1882.165283	8.152704	-0.011919	2.564723
65.220789	1885.095069	8.157709	-0.011938	2.566637
65.292345	1888.141435	8.162714	-0.011951	2.568620
65.527760	1891.146937	8.167718	-0.011994	2.570606
65.734472	1894.143800	8.172723	-0.012032	2.572579
65.711790	1897.201889	8.177728	-0.012029	2.574547
65.910579	1900.201243	8.182733	-0.012065	2.576517
65.974534	1903.210580	8.187738	-0.012077	2.578467
66.220653	1906.238932	8.192742	-0.012122	2.580462
66.187580	1909.253609	8.197747	-0.012117	2.582393
66.246811	1912.335736	8.202752	-0.012128	2.584384
66.445146	1915.365052	8.207757	-0.012164	2.586366
66.512551	1918.398652	8.212762	-0.012177	2.588324
66.646906	1921.374478	8.217766	-0.012202	2.590257
66.966789	1924.306028	8.222771	-0.012260	2.592195
66.953883	1927.341120	8.227776	-0.012258	2.594134
67.105454	1930.355563	8.232781	-0.012286	2.596090
67.061470	1933.367527	8.237786	-0.012278	2.598006
67.271735	1936.399256	8.242790	-0.012317	2.599982
67.409220	1939.334744	8.247795	-0.012342	2.601880
67.488668	1942.387632	8.252800	-0.012357	2.603841
67.577497	1945.381472	8.257805	-0.012374	2.605765
67.810150	1948.362927	8.262810	-0.012416	2.607707
67.780201	1951.420533	8.267814	-0.012411	2.609646
68.164473	1954.343026	8.272819	-0.012481	2.611576
68.120641	1957.405846	8.277824	-0.012474	2.613512
68.279467	1960.432369	8.282829	-0.012503	2.615463
68.360395	1963.410370	8.287834	-0.012518	2.617367
68.493735	1966.461827	8.292838	-0.012543	2.619325
68.598041	1969.462786	8.297843	-0.012562	2.621245
68.761409	1972.489506	8.302848	-0.012592	2.623191
68.853237	1975.491504	8.307853	-0.012609	2.625106
68.962671	1978.481136	8.312858	-0.012630	2.627015
68.906405	1981.522900	8.317862	-0.012620	2.628925
69.063368	1984.534857	8.322867	-0.012649	2.630854
69.070178	1987.532947	8.327872	-0.012651	2.632746
69.283544	1990.571673	8.332877	-0.012690	2.634699
69.413231	1993.528997	8.337882	-0.012714	2.636585
69.356024	1996.619067	8.342886	-0.012704	2.638518
69.475740	1999.599354	8.347891	-0.012726	2.640414
69.497306	2002.643320	8.352896	-0.012730	2.642330
69.491785	2005.660160	8.357901	-0.012730	2.644222
69.675802	2008.630313	8.362906	-0.012763	2.646119
69.801917	2011.605261	8.367910	-0.012787	2.648007
69.900583	2014.660279	8.372915	-0.012805	2.649939
69.896724	2017.658645	8.377920	-0.012805	2.651815
69.922477	2020.725585	8.382925	-0.012810	2.653737
70.015590	2023.721724	8.387930	-0.012827	2.655627
70.128555	2026.708443	8.392934	-0.012848	2.657513
70.218425	2029.727638	8.397939	-0.012865	2.659414
70.562470	2032.692882	8.402944	-0.012928	2.661326
70.360284	2035.773210	8.407949	-0.012892	2.663209
70.592301	2038.770278	8.412954	-0.012934	2.665117
70.624419	2041.719843	8.417958	-0.012940	2.666959
70.646475	2044.771352	8.422963	-0.012945	2.668860
70.725145	2047.757167	8.427968	-0.012960	2.670730
70.673051	2050.795525	8.432973	-0.012951	2.672607
70.878667	2053.785105	8.437978	-0.012988	2.674500
70.999344	2056.757952	8.442982	-0.013011	2.676365
70.991910	2059.795158	8.447987	-0.013010	2.678246
71.319706	2062.788249	8.452992	-0.013070	2.680159
71.206388	2065.809304	8.457997	-0.013050	2.682008
71.277696	2068.879375	8.463002	-0.013063	2.683919
71.213721	2071.856795	8.468006	-0.013052	2.685747
71.470900	2074.829254	8.473011	-0.013099	2.687629
71.638127	2077.857034	8.478016	-0.013130	2.689528
71.597592	2080.855071	8.483021	-0.013123	2.691369
71.594790	2083.914574	8.488026	-0.013123	2.693254
71.954693	2086.869204	8.493030	-0.013188	2.695138
71.783444	2089.910661	8.498035	-0.013158	2.696979
71.866808	2092.989485	8.503040	-0.013174	2.698887
71.761732	2095.975080	8.508045	-0.013155	2.700703
71.806319	2099.012549	8.513050	-0.013164	2.702576
71.993027	2101.986237	8.518054	-0.013198	2.704434
72.082463	2104.925219	8.523059	-0.013214	2.706252
72.022332	2108.006163	8.528064	-0.013204	2.708129
72.062366	2111.027374	8.533069	-0.013212	2.709987
72.374536	2113.929499	8.538074	-0.013269	2.711818
72.448282	2117.025245	8.543078	-0.013283	2.713725
72.540586	2119.949121	8.548083	-0.013300	2.715528
72.694508	2123.001260	8.553088	-0.013328	2.717419
72.779493	2126.018841	8.558093	-0.013344	2.719276
73.051865	2128.972710	8.563098	-0.013394	2.721126
72.933580	2132.077204	8.568103	-0.013373	2.722997
73.074362	2135.060225	8.573107	-0.013399	2.724838
73.239625	2138.004325	8.578112	-0.013429	2.726659
73.537805	2141.022230	8.583117	-0.013484	2.728548
73.518539	2144.036431	8.588122	-0.013481	2.730376
73.748597	2147.039352	8.593127	-0.013523	2.732241
73.928547	2150.046610	8.598131	-0.013556	2.734098
74.004458	2153.058894	8.603136	-0.013570	2.735938
74.027636	2156.120489	8.608141	-0.013575	2.737798
74.232527	2159.142790	8.613146	-0.013612	2.739664
74.172837	2162.162449	8.618151	-0.013602	2.741482
74.527023	2165.160625	8.623155	-0.013666	2.743357
74.671833	2168.102323	8.628160	-0.013693	2.745161
74.679497	2171.134876	8.633165	-0.013695	2.746994
74.631262	2174.218768	8.638170	-0.013687	2.748848
74.777559	2177.168641	8.643175	-0.013714	2.750653
74.881002	2180.184205	8.648179	-0.013733	2.752489
75.003994	2183.227268	8.653184	-0.013756	2.754344
74.992570	2186.196672	8.658189	-0.013754	2.756129
75.210924	2189.232861	8.663194	-0.013794	2.757994
75.351614	2192.196504	8.668199	-0.013820	2.759800
75.403808	2195.246986	8.673203	-0.013830	2.761642
75.273691	2198.329331	8.678208	-0.013807	2.763471
75.528966	2201.248694	8.683213	-0.013853	2.765267
75.583863	2204.275328	8.688218	-0.013864	2.767091
75.741620	2207.280529	8.693223	-0.013893	2.768920
75.771516	2210.247498	8.698227	-0.013899	2.770702
75.853329	2213.352228	8.703232	-0.013914	2.772574
75.961423	2216.305798	8.708237	-0.013934	2.774359
75.978575	2219.352340	8.713242	-0.013938	2.776183
76.003235	2222.376763	8.718247	-0.013943	2.777994
76.293839	2225.346911	8.723251	-0.013996	2.779817
76.153182	2228.400461	8.728256	-0.013971	2.781614
76.353367	2231.414324	8.733261	-0.014007	2.783445
76.281608	2234.368059	8.738266	-0.013995	2.785192
76.441116	2237.394484	8.743271	-0.014024	2.787022
76.567570	2240.394671	8.748275	-0.014048	2.788828
76.808864	2243.369582	8.753280	-0.014092	2.790638
76.749477	2246.418288	8.758285	-0.014082	2.792440
76.863417	2249.451706	8.763290	-0.014103	2.794261
76.999724	2252.380185	8.768295	-0.014128	2.796022
77.088385	2255.445384	8.773299	-0.014144	2.797855
77.198295	2258.467520	8.778304	-0.014165	2.799664
77.299719	2261.469830	8.783309	-0.014183	2.801460
77.270165	2264.521209	8.788314	-0.014179	2.803261
77.545824	2267.444156	8.793319	-0.014229	2.805037
77.250212	2270.546200	8.798323	-0.014176	2.806820
77.723894	2273.503430	8.803328	-0.014262	2.808648
77.683907	2276.483634	8.808333	-0.014255	2.810400
77.790227	2279.536493	8.813338	-0.014275	2.812220
77.898281	2282.560146	8.818343	-0.014295	2.814021
77.978865	2285.537988	8.823347	-0.014310	2.815789
78.024884	2288.587566	8.828352	-0.014319	2.817592
78.044746	2291.613168	8.833357	-0.014323	2.819376
77.944331	2294.631047	8.838362	-0.014305	2.821134
78.249550	2297.646808	8.843367	-0.014361	2.822958
78.269918	2300.573309	8.848371	-0.014365	2.824681
78.241735	2303.621372	8.853376	-0.014361	2.826465
78.272856	2306.665573	8.858381	-0.014367	2.828256
78.455019	2309.605142	8.863386	-0.014400	2.830010
78.541154	2312.631612	8.868391	-0.014416	2.831798
78.745448	2315.646006	8.873395	-0.014454	2.833597
78.741463	2318.624725	8.878400	-0.014454	2.835340
78.908374	2321.665438	8.883405	-0.014484	2.837146
78.873313	2324.673337	8.888410	-0.014478	2.838898
79.077040	2327.675910	8.893415	-0.014516	2.840685
79.071004	2330.725297	8.898419	-0.014515	2.842464
79.324161	2333.670554	8.903424	-0.014561	2.844224
79.506075	2336.634283	8.908429	-0.014595	2.845982
79.536003	2339.720420	8.913434	-0.014601	2.847785
79.587997	2342.694948	8.918439	-0.014611	2.849526
79.894412	2345.665945	8.923443	-0.014666	2.851305
79.846182	2348.752236	8.928448	-0.014658	2.853092
80.191071	2351.675878	8.933453	-0.014721	2.854848
80.066252	2354.754993	8.938458	-0.014699	2.856616
80.307880	2357.779623	8.943463	-0.014743	2.858411
80.391167	2360.747884	8.948467	-0.014759	2.860147
80.424853	2363.806968	8.953472	-0.014765	2.861926
80.462055	2366.823299	8.958477	-0.014773	2.863679
80.701634	2369.741915	8.963482	-0.014816	2.865409
80.768735	2372.776679	8.968487	-0.014829	2.867176
80.759381	2375.863132	8.973491	-0.014828	2.868959
80.793341	2378.828956	8.978496	-0.014834	2.870679
80.861741	2381.899817	8.983501	-0.014847	2.872464
80.971204	2384.855446	8.988506	-0.014868	2.874188
81.158157	2387.837474	8.993511	-0.014902	2.875938
81.467713	2390.817504	8.998515	-0.014958	2.877707
81.315583	2393.886419	9.003520	-0.014931	2.879450
81.438081	2396.889633	9.008525	-0.014954	2.881200
81.460698	2399.966970	9.013530	-0.014959	2.882974
81.550493	2402.860458	9.018535	-0.014975	2.884653
81.641390	2405.933045	9.023539	-0.014992	2.886434
81.676881	2408.956902	9.028544	-0.014999	2.888176
81.898853	2411.921134	9.033549	-0.015040	2.889914
82.076581	2414.917705	9.038554	-0.015072	2.891662
82.172053	2417.963376	9.043559	-0.015090	2.893424
82.303198	2420.891293	9.048563	-0.015114	2.895123
82.457392	2423.966626	9.053568	-0.015143	2.896909
82.424271	2427.010595	9.058573	-0.015137	2.898646
82.670364	2429.981901	9.063578	-0.015182	2.900385
82.732633	2433.017895	9.068583	-0.015194	2.902130
83.012676	2435.989358	9.073587	-0.015245	2.903873
83.005181	2438.984743	9.078592	-0.015244	2.905582
83.377055	2441.980535	9.083597	-0.015312	2.907351
83.320801	2444.997117	9.088602	-0.015302	2.909062
83.537393	2448.006505	9.093607	-0.015342	2.910812
83.640200	2451.024068	9.098611	-0.015361	2.912548
83.844424	2453.974841	9.103616	-0.015398	2.914260
83.872711	2457.019787	9.108621	-0.015404	2.915997
84.080483	2460.044595	9.113626	-0.015442	2.917750
84.243740	2463.020059	9.118631	-0.015472	2.919467
84.236081	2466.104265	9.123635	-0.015471	2.921217
84.359173	2469.107865	9.128640	-0.015494	2.922941
84.469005	2472.039916	9.133645	-0.015514	2.924622
84.590450	2475.100456	9.138650	-0.015537	2.926376
84.529462	2478.168378	9.143655	-0.015526	2.928104
84.385986	2481.172451	9.148659	-0.015501	2.929782
84.756094	2484.166438	9.153664	-0.015568	2.931535
84.689889	2487.190393	9.158669	-0.015557	2.933235
84.863960	2490.159144	9.163674	-0.015589	2.934940
84.959426	2493.160027	9.168679	-0.015606	2.936651
85.061524	2496.221689	9.173683	-0.015625	2.938395
85.088783	2499.185509	9.178688	-0.015631	2.940072
85.154766	2502.273110	9.183693	-0.015643	2.941823
85.294791	2505.187195	9.188698	-0.015669	2.943488
85.271958	2508.237879	9.193703	-0.015665	2.945202
85.367336	2511.225599	9.198707	-0.015683	2.946899
85.293853	2514.272897	9.203712	-0.015670	2.948602
85.522408	2517.214621	9.208717	-0.015712	2.950292
85.567291	2520.284534	9.213722	-0.015721	2.952024
85.503422	2523.277678	9.218727	-0.015710	2.953695
85.688670	2526.300218	9.223731	-0.015744	2.955420
85.756933	2529.274883	9.228736	-0.015757	2.957099
85.864593	2532.346102	9.233741	-0.015776	2.958838
85.914101	2535.312215	9.238746	-0.015786	2.960508
86.021161	2538.339800	9.243751	-0.015806	2.962220
86.163508	2541.295699	9.248755	-0.015832	2.963896
86.148695	2544.339061	9.253760	-0.015830	2.965596
86.257472	2547.375381	9.258765	-0.015850	2.967311
86.332294	2550.336314	9.263770	-0.015864	2.968977
86.463629	2553.348060	9.268775	-0.015888	2.970679
86.624485	2556.404838	9.273779	-0.015918	2.972409
86.497495	2559.353265	9.278784	-0.015895	2.974034
86.661464	2562.407668	9.283789	-0.015926	2.975762
86.750971	2565.422967	9.288794	-0.015942	2.977456
86.861649	2568.392608	9.293799	-0.015963	2.979126
86.973071	2571.429975	9.298803	-0.015983	2.980834
87.066926	2574.456036	9.303808	-0.016001	2.982531
87.214749	2577.333981	9.308813	-0.016028	2.984154
87.284716	2580.443212	9.313818	-0.016041	2.985892
87.212590	2583.446949	9.318823	-0.016029	2.987548
87.528787	2586.396764	9.323827	-0.016086	2.989234
87.531958	2589.425733	9.328832	-0.016087	2.990914
87.596154	2592.482285	9.333837	-0.016099	2.992618
87.490807	2595.497459	9.338842	-0.016081	2.994272
87.669337	2598.497530	9.343847	-0.016114	2.995961
87.957865	2601.478993	9.348851	-0.016166	2.997655
88.094624	2604.449550	9.353856	-0.016192	2.999318
87.972532	2607.528613	9.358861	-0.016170	3.001001
88.131264	2610.568836	9.363866	-0.016199	3.002705
88.092936	2613.465743	9.368871	-0.016193	3.004299
88.304355	2616.539515	9.373875	-0.016231	3.006027
88.234489	2619.571823	9.378880	-0.016219	3.007688
88.316155	2622.532098	9.383885	-0.016235	3.009332
88.524207	2625.561663	9.388890	-0.016273	3.011033
88.727857	2628.540899	9.393895	-0.016310	3.012704
88.765663	2631.521750	9.398899	-0.016317	3.014350
89.008331	2634.571975	9.403904	-0.016362	3.016064
88.960377	2637.561146	9.408909	-0.016354	3.017700
89.083488	2640.622346	9.413914	-0.016376	3.019400
89.248703	2643.596880	9.418919	-0.016407	3.021058
89.550353	2646.569576	9.423923	-0.016462	3.022735
89.520425	2649.568926	9.428928	-0.016457	3.024376
89.628110	2652.589468	9.433933	-0.016477	3.026047
89.666798	2655.614787	9.438938	-0.016484	3.027710
89.863071	2658.610868	9.443943	-0.016520	3.029380
89.900228	2661.622857	9.448947	-0.016527	3.031034
90.230760	2664.623597	9.453952	-0.016588	3.032725
90.155884	2667.606977	9.458957	-0.016575	3.034344
90.413529	2670.651263	9.463962	-0.016622	3.036046
90.377933	2673.705443	9.468967	-0.016616	3.037708
90.512571	2676.682368	9.473971	-0.016641	3.039353
90.432910	2679.748558	9.478976	-0.016627	3.041013
90.598780	2682.736815	9.483981	-0.016657	3.042667
90.697860	2685.672884	9.488986	-0.016676	3.044281
90.846495	2688.730567	9.493991	-0.016703	3.045969
90.815537	2691.753843	9.498995	-0.016698	3.047609
90.980328	2694.753087	9.504000	-0.016728	3.049265
90.968559	2697.768040	9.509005	-0.016726	3.050902
91.019234	2700.818049	9.514010	-0.016736	3.052567
91.067562	2703.781231	9.519015	-0.016745	3.054183
91.219045	2706.810341	9.524019	-0.016773	3.055850
91.104705	2709.863410	9.529024	-0.016753	3.057489
91.353491	2712.834620	9.534029	-0.016799	3.059137
91.496443	2715.808861	9.539034	-0.016825	3.060769
91.636084	2718.822553	9.544039	-0.016851	3.062422
91.740814	2721.740732	9.549043	-0.016870	3.064017
91.946557	2724.787521	9.554048	-0.016908	3.065696
91.853979	2727.843216	9.559053	-0.016892	3.067334
92.172895	2730.765333	9.564058	-0.016950	3.068961
92.211909	2733.831620	9.569063	-0.016957	3.070622
92.199706	2736.879454	9.574067	-0.016955	3.072266
92.149342	2739.839783	9.579072	-0.016947	3.073856
92.376622	2742.909906	9.584077	-0.016988	3.075545
92.466343	2745.886676	9.589082	-0.017005	3.077162
92.712629	2748.835020	9.594087	-0.017050	3.078786
92.704183	2751.872558	9.599091	-0.017049	3.080420
92.728175	2754.953928	9.604096	-0.017054	3.082082
92.857143	2757.860222	9.609101	-0.017078	3.083664
92.902514	2760.939027	9.614106	-0.017087	3.085325
92.938829	2763.948143	9.619111	-0.017094	3.086947
93.080359	2766.931904	9.624115	-0.017120	3.088570
93.013503	2769.978163	9.629120	-0.017108	3.090195
93.132683	2773.021304	9.634125	-0.017130	3.091845
93.184011	2775.917971	9.639130	-0.017140	3.093405
93.369182	2779.001745	9.644135	-0.017174	3.095085
93.548867	2781.985518	9.649139	-0.017207	3.096709
93.706916	2784.958129	9.654144	-0.017236	3.098323
93.744184	2787.977465	9.659149	-0.017243	3.099943
94.076948	2791.010892	9.664154	-0.017304	3.101614
94.142803	2793.884859	9.669159	-0.017316	3.103159
94.315559	2796.963946	9.674163	-0.017348	3.104829
94.190850	2800.040747	9.679168	-0.017326	3.106453
94.379845	2802.987068	9.684173	-0.017361	3.108052
94.376164	2806.035316	9.689178	-0.017360	3.109677
94.502891	2809.101319	9.694183	-0.017384	3.111330
94.379563	2812.054523	9.699187	-0.017362	3.112885
94.550515	2815.083005	9.704192	-0.017393	3.114522
94.483920	2818.105376	9.709197	-0.017382	3.116121
94.641796	2821.128895	9.714202	-0.017411	3.117752
94.653498	2824.112594	9.719207	-0.017414	3.119340
94.842804	2827.143150	9.724211	-0.017448	3.120977
94.748659	2830.116287	9.729216	-0.017432	3.122543
94.858547	2833.130367	9.734221	-0.017452	3.124158
95.022471	2836.122582	9.739226	-0.017482	3.125769
95.030714	2839.172070	9.744231	-0.017484	3.127388
95.162101	2842.101427	9.749235	-0.017508	3.128959
95.249603	2845.189211	9.754240	-0.017525	3.130607
95.389107	2848.136575	9.759245	-0.017550	3.132187
95.459260	2851.152612	9.764250	-0.017564	3.133793
95.418506	2854.211996	9.769255	-0.017557	3.135406
95.488665	2857.216395	9.774259	-0.017570	3.137004
95.674674	2860.184562	9.779264	-0.017604	3.138598
95.668589	2863.265886	9.784269	-0.017603	3.140225
95.834860	2866.217081	9.789274	-0.017634	3.141806
95.821913	2869.196848	9.794279	-0.017632	3.143376
95.828525	2872.214882	9.799283	-0.017634	3.144968
96.004341	2875.288988	9.804288	-0.017666	3.146613
96.038525	2878.193615	9.809293	-0.017673	3.148148
96.022658	2881.268584	9.814298	-0.017670	3.149765
96.056091	2884.319384	9.819303	-0.017677	3.151375
96.133333	2887.243564	9.824307	-0.017691	3.152923
96.163131	2890.291891	9.829312	-0.017697	3.154530
96.348650	2893.309986	9.834317	-0.017731	3.156142
96.345262	2896.240134	9.839322	-0.017731	3.157680
96.434486	2899.340195	9.844327	-0.017748	3.159320
96.567867	2902.333576	9.849331	-0.017773	3.160909
96.525530	2905.317946	9.854336	-0.017765	3.162468
96.454794	2908.349545	9.859341	-0.017753	3.164046
96.664104	2911.331873	9.864346	-0.017791	3.165638
96.796289	2914.313206	9.869351	-0.017816	3.167217
96.927614	2917.315995	9.874355	-0.017840	3.168807
96.860402	2920.360462	9.879360	-0.017828	3.170390
96.990294	2923.368499	9.884365	-0.017852	3.171981
97.075367	2926.314189	9.889370	-0.017868	3.173532
97.373854	2929.353652	9.894375	-0.017923	3.175161
97.214929	2932.394075	9.899379	-0.017894	3.176726
97.309108	2935.405264	9.904384	-0.017912	3.178310
97.463004	2938.410977	9.909389	-0.017940	3.179898
97.476388	2941.421098	9.914394	-0.017943	3.181469
97.493018	2944.343710	9.919399	-0.017947	3.182994
97.617737	2947.401965	9.924403	-0.017970	3.184604
97.705805	2950.394189	9.929408	-0.017986	3.186173
97.947606	2953.379838	9.934413	-0.018030	3.187760
97.897384	2956.412656	9.939418	-0.018022	3.189329
97.961163	2959.508452	9.944423	-0.018034	3.190947
98.043649	2962.402401	9.949427	-0.018049	3.192461
98.224816	2965.433235	9.954432	-0.018082	3.194060
98.370628	2968.467857	9.959437	-0.018109	3.195655
98.392313	2971.475733	9.964442	-0.018114	3.197217
98.436334	2974.485154	9.969447	-0.018122	3.198783
98.738825	2977.476571	9.974451	-0.018177	3.200375
98.753326	2980.436570	9.979456	-0.018181	3.201910
98.884589	2983.470062	9.984461	-0.018205	3.203498
98.834815	2986.497786	9.989466	-0.018196	3.205057
99.050937	2989.360119	9.994471	-0.018236	3.206567
99.017511	2991.596620	9.999475	-0.018230	3.207719

99.022754	2993.205922	10.004480	-0.018232	3.208551
99.118575	2994.280723	10.009485	-0.018249	3.209119
99.139098	2995.074081	10.014490	-0.018253	3.209532
99.216589	2995.625646	10.019495	-0.018267	3.209828
99.313739	2996.047472	10.024499	-0.018285	3.210059
99.479255	2996.255217	10.029504	-0.018315	3.210189
99.400173	2996.301300	10.034509	-0.018301	3.210202
99.357592	2996.871034	10.039514	-0.018294	3.210491
99.493203	2996.859989	10.044519	-0.018319	3.210504
99.504382	2996.809484	10.049523	-0.018321	3.210480
99.580278	2996.828238	10.054528	-0.018335	3.210500
99.377528	2996.844941	10.059533	-0.018299	3.210481
99.591789	2996.819619	10.064538	-0.018338	3.210497
99.576450	2996.794314	10.069543	-0.018335	3.210482
99.673924	2996.803698	10.074547	-0.018353	3.210501
99.730573	2996.751374	10.079552	-0.018363	3.210482
99.816258	2996.762081	10.084557	-0.018379	3.210499
99.767890	2996.742541	10.089562	-0.018371	3.210483
99.954008	2996.808770	10.094567	-0.018405	3.210543
99.958488	2996.953575	10.099571	-0.018406	3.210618
100.011426	2996.959087	10.104576	-0.018415	3.210629
99.897819	2996.935738	10.109581	-0.018395	3.210601
100.028051	2996.953341	10.114586	-0.018419	3.210628
99.770330	2996.971968	10.119591	-0.018373	3.210603
99.953983	2996.971727	10.124595	-0.018406	3.210628
100.022975	2996.919142	10.129600	-0.018419	3.210610
100.065118	2996.989820	10.134605	-0.018427	3.210653
100.156977	2996.971671	10.139610	-0.018443	3.210656
100.229735	2996.947719	10.144615	-0.018457	3.210654
100.209328	2996.921341	10.149619	-0.018453	3.210638
100.236679	2996.937291	10.154624	-0.018459	3.210650
100.228459	2996.967545	10.159629	-0.018457	3.210665
100.338425	2996.960907	10.164634	-0.018477	3.210677
100.091291	2996.980343	10.169639	-0.018433	3.210653
100.240093	2996.945833	10.174643	-0.018460	3.210656
100.194415	2997.016899	10.179648	-0.018452	3.210686
100.106100	2996.949925	10.184653	-0.018436	3.210640
100.125901	2996.977561	10.189658	-0.018440	3.210657
100.313869	2996.942306	10.194663	-0.018474	3.210665
100.371140	2996.944247	10.199667	-0.018485	3.210674
100.452061	2996.982232	10.204672	-0.018500	3.210705
100.416585	2996.956838	10.209677	-0.018494	3.210687
100.429731	2996.971126	10.214682	-0.018496	3.210696
100.559824	2996.956110	10.219687	-0.018520	3.210707
100.412033	2996.998705	10.224691	-0.018494	3.210709
100.626943	2996.913945	10.229696	-0.018533	3.210694
100.634525	2996.965397	10.234701	-0.018534	3.210722
100.569986	2996.993097	10.239706	-0.018523	3.210728
100.659316	2996.913931	10.244711	-0.018539	3.210699
100.628358	2996.996807	10.249715	-0.018534	3.210738
100.871345	2996.973526	10.254720	-0.018578	3.210760
100.809104	2996.966140	10.259725	-0.018567	3.210748
100.802342	2996.954274	10.264730	-0.018566	3.210741
100.730030	2996.965898	10.269735	-0.018553	3.210737
100.617294	2996.968925	10.274739	-0.018533	3.210723
100.621376	2996.959617	10.279744	-0.018534	3.210719
100.837230	2996.990127	10.284749	-0.018573	3.210765
100.618266	2996.988153	10.289754	-0.018534	3.210734
100.672790	2996.951513	10.294759	-0.018544	3.210723
100.781189	2996.974930	10.299763	-0.018564	3.210750
100.745481	2996.984073	10.304768	-0.018558	3.210750
100.880803	2996.940449	10.309773	-0.018582	3.210746
100.753420	2996.981243	10.314778	-0.018560	3.210750
100.723662	2996.950093	10.319783	-0.018555	3.210730
100.887415	2996.963621	10.324787	-0.018584	3.210759
100.528158	2996.986880	10.329792	-0.018520	3.210722
100.797954	2996.967957	10.334797	-0.018569	3.210750
100.759277	2996.989986	10.339802	-0.018562	3.210756
100.769223	2996.964602	10.344807	-0.018564	3.210744
100.790449	2996.973716	10.349811	-0.018568	3.210752
101.065106	2996.936566	10.354816	-0.018618	3.210771
100.968172	2997.014620	10.359821	-0.018601	3.210798
100.976270	2996.944970	10.364826	-0.018602	3.210763
100.821081	2996.933889	10.369831	-0.018575	3.210737
100.970723	2996.977784	10.374835	-0.018602	3.210780
100.934009	2996.930945	10.379840	-0.018596	3.210751
101.179298	2996.989310	10.384845	-0.018640	3.210815
101.025724	2996.961468	10.389850	-0.018613	3.210780
101.179624	2996.946772	10.394855	-0.018641	3.210793
101.200461	2996.950546	10.399859	-0.018645	3.210798
101.277214	2996.982387	10.404864	-0.018659	3.210826
101.146593	2996.906098	10.409869	-0.018635	3.210768
101.311083	2996.986569	10.414874	-0.018665	3.210833
101.231594	2996.964416	10.419879	-0.018651	3.210811
101.174820	2996.942268	10.424883	-0.018641	3.210792
101.089606	2996.967002	10.429888	-0.018626	3.210793
101.016075	2996.959595	10.434893	-0.018613	3.210779
101.105950	2997.000040	10.439898	-0.018630	3.210812
101.303934	2996.916760	10.444903	-0.018666	3.210797
101.211953	2996.925755	10.449907	-0.018649	3.210789
101.242500	2996.975333	10.454912	-0.018655	3.210819
101.226565	2996.938689	10.459917	-0.018652	3.210798
101.200430	2996.982784	10.464922	-0.018648	3.210817
101.259013	2996.951717	10.469927	-0.018659	3.210810
101.321619	2996.931676	10.474931	-0.018670	3.210808
101.169225	2996.961583	10.479936	-0.018643	3.210803
101.244481	2996.949063	10.484941	-0.018657	3.210807
101.234196	2996.937530	10.489946	-0.018655	3.210800
101.348437	2996.950927	10.494951	-0.018676	3.210822
101.345082	2996.913356	10.499955	-0.018676	3.210803
101.388471	2996.962542	10.504960	-0.018684	3.210834
101.347606	2996.916806	10.509965	-0.018677	3.210805
101.254825	2996.975005	10.514970	-0.018660	3.210823
101.380619	2996.918796	10.519975	-0.018683	3.210811
101.194243	2996.986777	10.524979	-0.018650	3.210821
101.229934	2996.959986	10.529984	-0.018656	3.210812
101.443176	2996.919824	10.534989	-0.018695	3.210821
101.350749	2996.930752	10.539994	-0.018679	3.210814
101.449313	2996.932595	10.544999	-0.018697	3.210829
101.296812	2996.915957	10.550003	-0.018669	3.210799
101.599014	2996.879344	10.555008	-0.018724	3.210822
101.499479	2996.880065	10.560013	-0.018706	3.210809
101.699915	2996.837263	10.565018	-0.018743	3.210815
101.543668	2996.880292	10.570023	-0.018715	3.210816
101.552726	2996.878128	10.575027	-0.018717	3.210816
101.526693	2996.875018	10.580032	-0.018712	3.210811
101.640716	2996.865490	10.585037	-0.018733	3.210822
101.559069	2996.855403	10.590042	-0.018719	3.210806
101.668295	2996.856224	10.595047	-0.018739	3.210821
101.767530	2996.809502	10.600051	-0.018757	3.210811
101.787979	2996.835759	10.605056	-0.018761	3.210827
101.678422	2996.838542	10.610061	-0.018741	3.210814
101.628290	2996.867248	10.615066	-0.018732	3.210822
101.494421	2996.880129	10.620071	-0.018708	3.210811
101.570356	2996.886783	10.625075	-0.018722	3.210825
101.581684	2996.965066	10.630080	-0.018725	3.210867
101.588389	2996.929656	10.635085	-0.018726	3.210850
101.730278	2996.942353	10.640090	-0.018752	3.210876
101.663211	2996.951370	10.645095	-0.018740	3.210871
101.809800	2996.970075	10.650099	-0.018767	3.210901
101.774170	2996.957421	10.655104	-0.018761	3.210890
101.709177	2996.961048	10.660109	-0.018749	3.210883
101.757515	2996.947223	10.665114	-0.018758	3.210883
101.587521	2996.964271	10.670119	-0.018728	3.210869
101.755154	2996.962860	10.675123	-0.018758	3.210891
101.679108	2996.965798	10.680128	-0.018745	3.210882
101.778027	2996.930047	10.685133	-0.018763	3.210878
101.719765	2996.942166	10.690138	-0.018753	3.210876
101.784373	2996.985103	10.695143	-0.018765	3.210907
101.654423	2996.930405	10.700147	-0.018741	3.210862
101.924744	2996.970627	10.705152	-0.018790	3.210920
101.746421	2996.934243	10.710157	-0.018758	3.210876
101.837357	2996.941142	10.715162	-0.018775	3.210893
101.963606	2996.977962	10.720167	-0.018798	3.210929
101.970234	2996.962532	10.725171	-0.018800	3.210922
101.865088	2996.940550	10.730176	-0.018781	3.210897
101.920835	2996.971329	10.735181	-0.018791	3.210921
101.871666	2996.976189	10.740186	-0.018783	3.210916
102.055058	2996.913123	10.745191	-0.018816	3.210909
101.869841	2996.999547	10.750195	-0.018783	3.210929
102.001839	2996.908419	10.755200	-0.018807	3.210900
101.818530	2996.956833	10.760205	-0.018774	3.210900
101.914416	2996.969069	10.765210	-0.018791	3.210920
101.813820	2996.915632	10.770215	-0.018774	3.210878
101.795047	2996.987409	10.775219	-0.018770	3.210913
101.924541	2996.912069	10.780224	-0.018794	3.210892
102.023404	2996.966460	10.785229	-0.018812	3.210934
101.908383	2996.979163	10.790234	-0.018792	3.210925
102.007890	2996.955958	10.795239	-0.018810	3.210927
101.956096	2996.945789	10.800243	-0.018801	3.210915
101.877430	2996.939141	10.805248	-0.018787	3.210901
102.023226	2996.981045	10.810253	-0.018813	3.210942
101.927388	2996.926341	10.815258	-0.018796	3.210901
101.884040	2996.993164	10.820263	-0.018789	3.210930
101.894258	2996.936253	10.825267	-0.018791	3.210902
101.857584	2996.975290	10.830272	-0.018784	3.210917
101.920478	2996.960012	10.835277	-0.018796	3.210918
101.835305	2996.957515	10.840282	-0.018781	3.210906
102.030509	2996.916711	10.845287	-0.018816	3.210911
101.939394	2996.979308	10.850291	-0.018800	3.210931
101.877269	2996.940434	10.855296	-0.018789	3.210903
102.042032	2996.957935	10.860301	-0.018819	3.210935
102.059634	2996.954103	10.865306	-0.018823	3.210935
101.983081	2996.958385	10.870311	-0.018809	3.210927
101.928924	2996.966992	10.875315	-0.018799	3.210925
102.073412	2996.962063	10.880320	-0.018826	3.210942
102.122686	2996.966740	10.885325	-0.018835	3.210951
101.927346	2996.940930	10.890330	-0.018800	3.210911
102.034243	2996.958100	10.895335	-0.018819	3.210935
102.101454	2996.948327	10.900339	-0.018832	3.210940
102.111124	2996.949629	10.905344	-0.018834	3.210942
102.101942	2996.932357	10.910349	-0.018832	3.210932
102.148888	2996.994514	10.915354	-0.018841	3.210970
102.109251	2996.990788	10.920359	-0.018834	3.210963
102.141606	2996.955811	10.925363	-0.018840	3.210950
102.068809	2996.951835	10.930368	-0.018827	3.210938
102.184380	2996.950366	10.935373	-0.018849	3.210953
102.029389	2996.979147	10.940378	-0.018821	3.210947
102.270983	2996.932050	10.945383	-0.018865	3.210956
102.314857	2996.997445	10.950387	-0.018873	3.210996
102.218555	2996.952540	10.955392	-0.018856	3.210960
102.183761	2996.955390	10.960397	-0.018850	3.210957
102.281805	2997.001533	10.965402	-0.018868	3.210994
102.189828	2996.959107	10.970407	-0.018851	3.210960
102.222812	2996.948158	10.975411	-0.018857	3.210959
102.277154	2996.937575	10.980416	-0.018868	3.210961
102.121003	2996.934605	10.985421	-0.018840	3.210938
102.047769	2997.000308	10.990426	-0.018827	3.210962
102.095883	2996.959322	10.995431	-0.018835	3.210948
102.272772	2996.963315	11.000435	-0.018868	3.210975
102.197627	2996.959359	11.005440	-0.018854	3.210962
102.150181	2996.917789	11.010445	-0.018846	3.210935
102.282075	2996.960368	11.015450	-0.018870	3.210975
102.222744	2996.950390	11.020455	-0.018860	3.210962
102.341777	2996.948000	11.025459	-0.018881	3.210977
102.237164	2996.956119	11.030464	-0.018863	3.210967
102.426581	2996.996703	11.035469	-0.018897	3.211014
102.256377	2996.984768	11.040474	-0.018867	3.210985
102.331315	2996.960237	11.045479	-0.018880	3.210983
102.206001	2996.933940	11.050483	-0.018858	3.210952
102.245434	2996.957568	11.055488	-0.018865	3.210970
102.198502	2996.955179	11.060493	-0.018857	3.210962
102.357751	2996.974149	11.065498	-0.018886	3.210994
102.390226	2996.998419	11.070503	-0.018892	3.211011
102.318395	2996.979668	11.075507	-0.018880	3.210992
102.250959	2996.955514	11.080512	-0.018868	3.210970
102.342541	2996.951959	11.085517	-0.018884	3.210981
102.405116	2996.983949	11.090522	-0.018896	3.211007
102.527175	2996.946880	11.095527	-0.018918	3.211004
102.466882	2996.988574	11.100531	-0.018908	3.211018
102.451670	2996.935401	11.105536	-0.018905	3.210989
102.517760	2996.955568	11.110541	-0.018917	3.211008
102.549547	2996.966109	11.115546	-0.018923	3.211018
102.516174	2997.001245	11.120551	-0.018918	3.211032
102.419964	2996.963573	11.125555	-0.018900	3.211000
102.398422	2996.983464	11.130560	-0.018897	3.211007
102.603301	2996.934039	11.135565	-0.018934	3.211010
102.446060	2997.024513	11.140570	-0.018906	3.211035
102.501597	2996.942233	11.145575	-0.018916	3.211000
102.598566	2996.947530	11.150579	-0.018934	3.211017
102.713005	2996.986893	11.155584	-0.018955	3.211053
102.646215	2996.936554	11.160589	-0.018943	3.211018
102.666108	2996.998048	11.165594	-0.018947	3.211053
102.464773	2996.962939	11.170599	-0.018911	3.211007
102.670368	2996.953248	11.175603	-0.018948	3.211030
102.571292	2996.968361	11.180608	-0.018930	3.211025
102.631540	2996.954997	11.185613	-0.018942	3.211026
102.599732	2996.978828	11.190618	-0.018936	3.211034
102.638922	2996.989215	11.195623	-0.018943	3.211045
102.624914	2996.988349	11.200627	-0.018941	3.211043
102.676399	2996.939812	11.205632	-0.018951	3.211025
102.716584	2996.985623	11.210637	-0.018958	3.211055
102.654568	2996.987246	11.215642	-0.018947	3.211047
102.707500	2996.961916	11.220647	-0.018957	3.211042
102.588045	2996.989709	11.225651	-0.018936	3.211040
102.544091	2996.955677	11.230656	-0.018928	3.211016
102.591157	2997.004496	11.235661	-0.018937	3.211048
102.577078	2996.926221	11.240666	-0.018934	3.211006
102.678505	2997.008365	11.245671	-0.018953	3.211063
102.702786	2996.980374	11.250675	-0.018958	3.211052
102.636771	2996.949186	11.255680	-0.018946	3.211027
102.514392	2997.008608	11.260685	-0.018924	3.211041
102.666284	2996.917630	11.265690	-0.018952	3.211015
102.533674	2996.991872	11.270695	-0.018928	3.211035
102.657407	2997.011825	11.275699	-0.018951	3.211063
102.549747	2996.913079	11.280704	-0.018931	3.210997
102.695853	2997.011767	11.285709	-0.018958	3.211068
102.682289	2996.971463	11.290714	-0.018956	3.211046
102.614683	2996.992721	11.295719	-0.018944	3.211048
102.638463	2996.940062	11.300723	-0.018948	3.211024
102.673308	2997.003022	11.305728	-0.018955	3.211061
102.714607	2996.989860	11.310733	-0.018963	3.211060
102.702121	2996.982540	11.315738	-0.018961	3.211055
102.599746	2996.965865	11.320743	-0.018942	3.211033
102.857241	2996.944181	11.325747	-0.018989	3.211057
102.687910	2997.043317	11.330752	-0.018959	3.211085
102.720621	2996.967109	11.335757	-0.018965	3.211050
102.678748	2996.928288	11.340762	-0.018958	3.211025
102.775356	2996.999012	11.345767	-0.018975	3.211075
102.674994	2997.006602	11.350771	-0.018957	3.211065
102.780682	2996.955743	11.355776	-0.018977	3.211054
102.761180	2996.956943	11.360781	-0.018974	3.211052
102.803035	2996.967225	11.365786	-0.018981	3.211063
102.724256	2996.999320	11.370791	-0.018967	3.211069
102.879026	2996.943870	11.375795	-0.018996	3.211062
102.853606	2996.971447	11.380800	-0.018991	3.211073
102.800445	2996.970713	11.385805	-0.018982	3.211065
102.709580	2996.989086	11.390810	-0.018966	3.211062
102.697959	2996.950079	11.395815	-0.018964	3.211041
102.811055	2996.986172	11.400819	-0.018984	3.211075
102.914589	2996.939515	11.405824	-0.019003	3.211065
102.702961	2997.037200	11.410829	-0.018965	3.211087
102.887867	2996.969498	11.415834	-0.018999	3.211078
102.767643	2996.967250	11.420839	-0.018978	3.211060
102.904369	2996.952292	11.425843	-0.019003	3.211071
102.868511	2997.006842	11.430848	-0.018996	3.211095
102.951793	2996.960734	11.435853	-0.019012	3.211083
102.792091	2996.932694	11.440858	-0.018983	3.211046
102.888213	2997.003549	11.445863	-0.019001	3.211096
102.737864	2996.947008	11.450867	-0.018974	3.211047
102.721823	2996.979348	11.455872	-0.018971	3.211061
102.525458	2996.964693	11.460877	-0.018936	3.211027
102.765251	2996.988853	11.465882	-0.018979	3.211073
102.811305	2996.954465	11.470887	-0.018988	3.211061
102.871262	2997.012559	11.475891	-0.018999	3.211100
102.771682	2996.952795	11.480896	-0.018981	3.211055
102.708254	2996.972336	11.485901	-0.018970	3.211057
102.888825	2996.966280	11.490906	-0.019003	3.211079
102.746346	2996.993545	11.495911	-0.018977	3.211073
102.840820	2996.996482	11.500915	-0.018995	3.211088
102.835832	2996.970834	11.505920	-0.018994	3.211074
102.798564	2996.953169	11.510925	-0.018988	3.211060
102.892135	2996.969050	11.515930	-0.019005	3.211082
102.809354	2996.958654	11.520935	-0.018990	3.211065
102.923184	2996.985478	11.525939	-0.019011	3.211095
102.901388	2996.984264	11.530944	-0.019007	3.211091
102.832930	2996.953725	11.535949	-0.018995	3.211066
102.721330	2997.009674	11.540954	-0.018975	3.211080
102.761084	2996.953974	11.545959	-0.018983	3.211057
102.848449	2996.976951	11.550963	-0.018999	3.211081
102.833322	2996.944926	11.555968	-0.018996	3.211063
102.863419	2997.031533	11.560973	-0.019002	3.211112
102.813656	2996.951255	11.565978	-0.018993	3.211064
102.990060	2996.997727	11.570983	-0.019025	3.211112
102.891336	2996.938339	11.575987	-0.019008	3.211068
102.867458	2997.003616	11.580992	-0.019003	3.211098
103.007426	2996.982956	11.585997	-0.019029	3.211107
102.853169	2996.969799	11.591002	-0.019001	3.211079
102.948127	2996.962324	11.596007	-0.019019	3.211089
102.713142	2996.950079	11.601011	-0.018977	3.211050
102.892103	2996.952920	11.606016	-0.019009	3.211077
102.954133	2996.968119	11.611021	-0.019021	3.211093
102.970861	2996.971174	11.616026	-0.019024	3.211097
102.927286	2996.962445	11.621031	-0.019016	3.211087
102.957650	2996.969736	11.626035	-0.019022	3.211095
102.879044	2996.936452	11.631040	-0.019008	3.211067
103.020782	2996.982469	11.636045	-0.019034	3.211111
102.856637	2996.974967	11.641050	-0.019004	3.211084
103.002503	2997.010812	11.646055	-0.019031	3.211123
103.043270	2996.967545	11.651059	-0.019039	3.211107
102.972235	2996.990320	11.656064	-0.019026	3.211109
102.940681	2996.961455	11.661069	-0.019021	3.211090
103.129858	2996.967629	11.666074	-0.019055	3.211119
103.081234	2996.961453	11.671079	-0.019046	3.211109
103.233305	2996.975685	11.676083	-0.019074	3.211138
103.116209	2996.982283	11.681088	-0.019053	3.211125
103.181628	2996.908865	11.686093	-0.019065	3.211097
102.959258	2996.973717	11.691098	-0.019025	3.211100
103.029805	2997.015688	11.696103	-0.019038	3.211131
103.140649	2996.935629	11.701107	-0.019059	3.211105
103.271404	2996.931939	11.706112	-0.019083	3.211122
103.164641	2996.949096	11.711117	-0.019063	3.211116
103.123914	2996.997079	11.716122	-0.019056	3.211135
103.020726	2996.987272	11.721127	-0.019038	3.211116
103.121806	2996.991477	11.726131	-0.019056	3.211132
103.257677	2996.944081	11.731136	-0.019081	3.211127
103.047075	2996.983420	11.736141	-0.019043	3.211118
103.021653	2996.988009	11.741146	-0.019039	3.211118
103.136771	2996.960048	11.746151	-0.019060	3.211119
103.199046	2996.957035	11.751155	-0.019072	3.211126
103.004193	2996.969800	11.756160	-0.019037	3.211106
103.124307	2996.965917	11.761165	-0.019059	3.211121
103.271929	2996.956531	11.766170	-0.019086	3.211137
103.223195	2996.954014	11.771175	-0.019077	3.211129
103.265030	2996.935870	11.776179	-0.019085	3.211125
103.144910	2996.956581	11.781184	-0.019063	3.211120
103.221730	2996.947883	11.786189	-0.019077	3.211126
103.250346	2996.940515	11.791194	-0.019083	3.211126
103.267762	2996.959116	11.796199	-0.019086	3.211138
103.092946	2996.955662	11.801203	-0.019055	3.211113
103.190992	2996.968539	11.806208	-0.019073	3.211133
103.199351	2996.930869	11.811213	-0.019075	3.211115
103.249768	2996.945529	11.816218	-0.019084	3.211130
103.158371	2996.945894	11.821223	-0.019068	3.211118
103.204284	2996.922431	11.826227	-0.019076	3.211112
103.154999	2996.958172	11.831232	-0.019068	3.211124
103.249201	2996.952714	11.836237	-0.019085	3.211134
103.124859	2996.952769	11.841242	-0.019063	3.211117
103.218500	2996.977103	11.846247	-0.019080	3.211143
103.150348	2996.941036	11.851251	-0.019068	3.211115
103.157195	2996.989065	11.856256	-0.019069	3.211141
103.060378	2996.979983	11.861261	-0.019052	3.211123
103.063700	2996.975715	11.866266	-0.019053	3.211122
103.199436	2996.972516	11.871271	-0.019078	3.211139
103.203228	2996.945741	11.876275	-0.019079	3.211126
103.117099	2996.938050	11.881280	-0.019063	3.211110
103.198355	2996.980801	11.886285	-0.019078	3.211143
103.316143	2996.884981	11.891290	-0.019100	3.211110
103.289824	2996.946674	11.896295	-0.019095	3.211139
103.188199	2996.913463	11.901299	-0.019077	3.211108
103.264048	2996.945555	11.906304	-0.019091	3.211135
103.261779	2996.950034	11.911309	-0.019091	3.211137
103.247546	2996.940758	11.916314	-0.019088	3.211131
103.330719	2996.924321	11.921319	-0.019104	3.211134
103.213991	2996.964091	11.926323	-0.019083	3.211138
103.296291	2996.910984	11.931328	-0.019098	3.211123
103.303975	2996.945483	11.936333	-0.019100	3.211142
103.214940	2996.918602	11.941338	-0.019084	3.211116
103.350885	2996.941359	11.946343	-0.019109	3.211146
103.300158	2996.917594	11.951347	-0.019100	3.211127
103.262103	2996.951558	11.956352	-0.019093	3.211140
103.321081	2996.913730	11.961357	-0.019104	3.211128
103.467374	2996.874450	11.966362	-0.019131	3.211128
103.327072	2996.890850	11.971367	-0.019106	3.211118
103.339600	2996.913776	11.976371	-0.019108	3.211132
103.369388	2996.883714	11.981376	-0.019114	3.211120
103.533871	2996.880731	11.986381	-0.019144	3.211142
103.242870	2996.923311	11.991386	-0.019091	3.211124
103.318871	2996.946893	11.996391	-0.019105	3.211147
103.394511	2996.892533	12.001395	-0.019119	3.211129

103.289864	2996.061054	12.006400	-0.019100	3.210686
103.353961	2994.580653	12.011405	-0.019112	3.209931
103.301883	2992.711345	12.016410	-0.019103	3.208958
103.210356	2990.456070	12.021415	-0.019086	3.207781
103.144799	2988.053371	12.026419	-0.019074	3.206531
103.295914	2985.363247	12.031424	-0.019102	3.205161
103.307968	2982.633426	12.036429	-0.019104	3.203751
103.203066	2979.852722	12.041434	-0.019085	3.202298
103.323702	2977.043931	12.046439	-0.019107	3.200861
103.242085	2974.084173	12.051443	-0.019092	3.199317
103.222054	2971.148595	12.056448	-0.019088	3.197794
103.200785	2968.192472	12.061453	-0.019085	3.196259
103.325830	2965.222188	12.066458	-0.019107	3.194736
103.180842	2962.190642	12.071463	-0.019081	3.193143
103.154432	2959.287709	12.076467	-0.019076	3.191632
103.056177	2956.308597	12.081472	-0.019058	3.190072
103.168354	2953.278930	12.086477	-0.019079	3.188513
103.182187	2950.271001	12.091482	-0.019081	3.186952
103.115234	2947.311952	12.096487	-0.019069	3.185403
103.017857	2944.301921	12.101491	-0.019051	3.183824
103.174960	2941.309236	12.106496	-0.019080	3.182288
103.034996	2938.368115	12.111501	-0.019055	3.180736
103.052026	2935.335520	12.116506	-0.019058	3.179159
103.041456	2932.300444	12.121511	-0.019056	3.177575
103.121201	2929.328840	12.126515	-0.019070	3.176036
103.036454	2926.296294	12.131520	-0.019055	3.174441
103.101660	2923.260953	12.136525	-0.019066	3.172866
102.937936	2920.349442	12.141530	-0.019037	3.171322
102.912834	2917.349654	12.146535	-0.019032	3.169751
102.895501	2914.274670	12.151539	-0.019029	3.168140
102.918954	2911.357336	12.156544	-0.019033	3.166617
102.886816	2908.310244	12.161549	-0.019028	3.165018
102.922113	2905.278170	12.166554	-0.019034	3.163435
102.892191	2902.353881	12.171559	-0.019029	3.161899
102.867120	2899.360655	12.176563	-0.019024	3.160326
102.954622	2896.282122	12.181568	-0.019040	3.158724
102.885257	2893.342483	12.186573	-0.019027	3.157172
102.842753	2890.311477	12.191578	-0.019020	3.155575
102.837959	2887.308112	12.196583	-0.019019	3.153996
102.739750	2884.315368	12.201587	-0.019001	3.152410
102.750638	2881.354727	12.206592	-0.019003	3.150855
102.745004	2878.313969	12.211597	-0.019002	3.149254
102.731729	2875.321291	12.216602	-0.018999	3.147677
102.504202	2872.406842	12.221607	-0.018958	3.146111
102.696848	2869.313069	12.226611	-0.018993	3.144508
102.648105	2866.290668	12.231616	-0.018984	3.142908
102.728333	2863.410187	12.236621	-0.018999	3.141400
102.697642	2860.314348	12.241626	-0.018993	3.139763
102.572200	2857.346811	12.246631	-0.018971	3.138178
102.713098	2854.315961	12.251635	-0.018996	3.136597
102.561566	2851.350251	12.256640	-0.018969	3.135009
102.521132	2848.308249	12.261645	-0.018961	3.133395
102.588876	2845.314098	12.266650	-0.018973	3.131821
102.386092	2842.363340	12.271655	-0.018937	3.130230
102.566661	2839.306897	12.276659	-0.018969	3.128637
102.306422	2836.342969	12.281664	-0.018922	3.127030
102.390949	2833.361501	12.286669	-0.018938	3.125462
102.414762	2830.310848	12.291674	-0.018942	3.123847
102.288585	2827.384737	12.296679	-0.018919	3.122277
102.395421	2824.348793	12.301683	-0.018938	3.120680
102.416992	2821.300460	12.306688	-0.018942	3.119064
102.547313	2818.291752	12.311693	-0.018966	3.117484
102.440606	2815.347053	12.316698	-0.018947	3.115903
102.415246	2812.294394	12.321703	-0.018942	3.114276
102.360475	2809.360973	12.326707	-0.018932	3.112707
102.165052	2806.367595	12.331712	-0.018897	3.111084
102.323797	2803.327695	12.336717	-0.018925	3.109488
102.144824	2800.354699	12.341722	-0.018893	3.107877
102.300192	2797.348626	12.346727	-0.018921	3.106297
102.371968	2794.304758	12.351731	-0.018934	3.104683
102.463113	2791.271213	12.356736	-0.018950	3.103077
102.213802	2788.415942	12.361741	-0.018905	3.101515
102.253078	2785.400745	12.366746	-0.018913	3.099910
102.241689	2782.329678	12.371751	-0.018910	3.098266
102.305678	2779.369228	12.376755	-0.018922	3.096691
102.275794	2776.336706	12.381760	-0.018917	3.095064
102.264584	2773.314687	12.386765	-0.018915	3.093444
102.123131	2770.413034	12.391770	-0.018889	3.091869
102.240067	2767.352820	12.396775	-0.018910	3.090245
102.059333	2764.350321	12.401779	-0.018877	3.088608
102.129717	2761.394376	12.406784	-0.018890	3.087032
102.190802	2758.298309	12.411789	-0.018901	3.085379
102.102724	2755.331148	12.416794	-0.018885	3.083772
102.128058	2752.375242	12.421799	-0.018890	3.082187
102.279401	2749.346393	12.426803	-0.018917	3.080580
102.277818	2746.330109	12.431808	-0.018917	3.078957
102.134972	2743.377787	12.436813	-0.018891	3.077347
102.231368	2740.341377	12.441818	-0.018908	3.075726
102.249557	2737.311128	12.446823	-0.018912	3.074095
102.054805	2734.384711	12.451827	-0.018876	3.072489
102.060008	2731.415589	12.456832	-0.018877	3.070888
102.113862	2728.326576	12.461837	-0.018887	3.069228
102.111713	2725.393817	12.466842	-0.018887	3.067644
102.116949	2722.354852	12.471847	-0.018888	3.066003
102.005694	2719.397337	12.476851	-0.018868	3.064388
102.017973	2716.405256	12.481856	-0.018870	3.062771
102.089988	2713.397798	12.486861	-0.018883	3.061154
101.963540	2710.389841	12.491866	-0.018860	3.059507
102.083976	2707.390137	12.496871	-0.018882	3.057900
101.893138	2704.377771	12.501875	-0.018847	3.056238
101.968994	2701.353752	12.506880	-0.018861	3.054610
101.994522	2698.329035	12.511885	-0.018865	3.052972
101.900189	2695.418748	12.516890	-0.018848	3.051378
101.935583	2692.365789	12.521895	-0.018855	3.049725
101.768422	2689.399994	12.526899	-0.018824	3.048088
101.850755	2686.379887	12.531904	-0.018839	3.046458
101.888949	2683.327620	12.536909	-0.018846	3.044803
101.874688	2680.335569	12.541914	-0.018844	3.043172
101.790252	2677.415427	12.546919	-0.018828	3.041569
101.907708	2674.311290	12.551923	-0.018850	3.039895
101.788185	2671.398267	12.556928	-0.018828	3.038289
101.613891	2668.406373	12.561933	-0.018796	3.036630
101.587479	2665.408017	12.566938	-0.018792	3.034990
101.598920	2662.391146	12.571943	-0.018794	3.033344
101.632733	2659.413716	12.576947	-0.018800	3.031722
101.686556	2656.333029	12.581952	-0.018810	3.030046
101.590823	2653.385988	12.586957	-0.018792	3.028419
101.522663	2650.410144	12.591962	-0.018780	3.026780
101.580798	2647.358336	12.596967	-0.018790	3.025118
101.491671	2644.397824	12.601971	-0.018774	3.023482
101.682219	2641.460187	12.606976	-0.018809	3.021900
101.614072	2638.371322	12.611981	-0.018796	3.020196
101.600447	2635.405628	12.616986	-0.018794	3.018566
101.572044	2632.406977	12.621991	-0.018789	3.016915
101.555896	2629.353193	12.626995	-0.018786	3.015235
101.358893	2626.378389	12.632000	-0.018750	3.013570
101.349570	2623.460600	12.637005	-0.018749	3.011963
101.335638	2620.401607	12.642010	-0.018746	3.010278
101.443597	2617.358760	12.647015	-0.018765	3.008619
101.318701	2614.433021	12.652019	-0.018743	3.006988
101.378810	2611.402176	12.657024	-0.018754	3.005326
101.283920	2608.385384	12.662029	-0.018737	3.003648
101.463214	2605.444168	12.667034	-0.018769	3.002052
101.274049	2602.403710	12.672039	-0.018735	3.000345
101.380875	2599.388018	12.677043	-0.018754	2.998695
101.407621	2596.400684	12.682048	-0.018759	2.997048
101.205562	2593.428263	12.687053	-0.018722	2.995373
101.287610	2590.395615	12.692058	-0.018737	2.993707
101.283546	2587.443776	12.697063	-0.018736	2.992072
101.311842	2584.375841	12.702067	-0.018742	2.990377
101.214805	2581.432290	12.707072	-0.018724	2.988730
101.139597	2578.433118	12.712077	-0.018710	2.987055
101.373979	2575.387254	12.717082	-0.018753	2.985401
101.116693	2572.441524	12.722087	-0.018706	2.983726
101.228517	2569.474049	12.727091	-0.018726	2.982095
101.109858	2566.462259	12.732096	-0.018705	2.980402
101.110698	2563.428491	12.737101	-0.018705	2.978715
101.077189	2560.427877	12.742106	-0.018699	2.977040
101.168023	2557.380873	12.747111	-0.018715	2.975358
101.034034	2554.406609	12.752115	-0.018691	2.973680
101.085206	2551.452440	12.757120	-0.018700	2.972041
100.924203	2548.422509	12.762125	-0.018671	2.970326
100.979932	2545.435154	12.767130	-0.018681	2.968668
101.046813	2542.410568	12.772135	-0.018693	2.966990
100.963166	2539.420181	12.777139	-0.018678	2.965306
101.071585	2536.419216	12.782144	-0.018698	2.963645
101.075510	2533.455212	12.787149	-0.018699	2.961988
100.997745	2530.415305	12.792154	-0.018684	2.960275
101.022092	2527.447300	12.797159	-0.018689	2.958617
100.831600	2524.431262	12.802163	-0.018654	2.956897
101.056738	2521.409953	12.807168	-0.018695	2.955239
100.993420	2518.442002	12.812173	-0.018684	2.953564
101.043642	2515.440656	12.817178	-0.018693	2.951888
100.903359	2512.448735	12.822183	-0.018667	2.950186
100.789602	2509.485042	12.827187	-0.018647	2.948502
100.915175	2506.469943	12.832192	-0.018669	2.946827
100.994917	2503.418866	12.837197	-0.018684	2.945123
100.775481	2500.504915	12.842202	-0.018644	2.943449
100.848314	2497.522419	12.847207	-0.018657	2.941781
100.781624	2494.435599	12.852211	-0.018645	2.940031
100.889241	2491.488844	12.857216	-0.018665	2.938387
100.741525	2488.446046	12.862221	-0.018638	2.936647
100.805314	2485.422601	12.867226	-0.018650	2.934950
100.771540	2482.468603	12.872231	-0.018643	2.933276
100.752438	2479.481808	12.877235	-0.018640	2.931586
100.758128	2476.440106	12.882240	-0.018641	2.929867
100.690003	2473.546135	12.887245	-0.018629	2.928218
100.687638	2470.456720	12.892250	-0.018628	2.926469
100.822098	2467.442531	12.897255	-0.018652	2.924783
100.590968	2464.511362	12.902259	-0.018611	2.923085
100.553741	2461.538437	12.907264	-0.018604	2.921393
100.801814	2458.420972	12.912269	-0.018649	2.919664
100.607625	2455.516042	12.917274	-0.018614	2.917984
100.506147	2452.489513	12.922279	-0.018595	2.916248
100.483211	2449.489915	12.927283	-0.018591	2.914540
100.574563	2446.490614	12.932288	-0.018608	2.912849
100.564149	2443.497571	12.937293	-0.018606	2.911144
100.448074	2440.469752	12.942298	-0.018585	2.909401
100.510715	2437.536353	12.947303	-0.018596	2.907740
100.591305	2434.432582	12.952307	-0.018611	2.905983
100.480154	2431.496909	12.957312	-0.018591	2.904291
100.422996	2428.517126	12.962317	-0.018580	2.902581
100.523010	2425.464692	12.967322	-0.018598	2.900854
100.446330	2422.468306	12.972327	-0.018584	2.899129
100.495593	2419.483999	12.977331	-0.018593	2.897431
100.367568	2416.469697	12.982336	-0.018570	2.895686
100.409097	2413.513999	12.987341	-0.018578	2.894000
100.379473	2410.502760	12.992346	-0.018572	2.892271
100.279797	2407.502796	12.997351	-0.018554	2.890535
100.180501	2404.528504	13.002355	-0.018536	2.888813
100.208316	2401.520046	13.007360	-0.018541	2.887092
100.223459	2398.479456	13.012365	-0.018544	2.885348
100.320892	2395.520603	13.017370	-0.018562	2.883664
100.243411	2392.535356	13.022375	-0.018548	2.881936
100.267397	2389.490082	13.027379	-0.018552	2.880188
100.120358	2386.554761	13.032384	-0.018525	2.878475
100.126943	2383.532708	13.037389	-0.018526	2.876735
100.428268	2380.426186	13.042394	-0.018581	2.874995
100.134877	2377.571873	13.047399	-0.018528	2.873301
100.240509	2374.498471	13.052403	-0.018547	2.871545
100.237321	2371.494019	13.057408	-0.018546	2.869810
100.079770	2368.557903	13.062413	-0.018518	2.868088
100.062108	2365.564434	13.067418	-0.018515	2.866355
100.001284	2362.531621	13.072423	-0.018504	2.864591
100.078396	2359.604406	13.077427	-0.018518	2.862910
100.064178	2356.549624	13.082432	-0.018515	2.861139
100.131056	2353.517845	13.087437	-0.018527	2.859394
100.055118	2350.537666	13.092442	-0.018513	2.857653
99.974877	2347.536880	13.097447	-0.018499	2.855899
99.990273	2344.532789	13.102451	-0.018502	2.854158
100.062704	2341.559421	13.107456	-0.018515	2.852443
99.938011	2338.519371	13.112461	-0.018492	2.850656
99.937561	2335.576820	13.117466	-0.018492	2.848945
99.975297	2332.523252	13.122471	-0.018499	2.847174
99.793567	2329.556101	13.127475	-0.018466	2.845417
99.824332	2326.617571	13.132480	-0.018472	2.843710
99.785498	2323.616059	13.137485	-0.018464	2.841954
99.868840	2320.531269	13.142490	-0.018480	2.840168
99.858032	2317.599834	13.147495	-0.018478	2.838456
99.635630	2314.578819	13.152499	-0.018437	2.836654
99.733468	2311.548456	13.157504	-0.018455	2.834900
99.790771	2308.571005	13.162509	-0.018465	2.833168
99.733937	2305.563429	13.167514	-0.018455	2.831399
99.556227	2302.602424	13.172519	-0.018423	2.829636
99.595651	2299.631322	13.177523	-0.018430	2.827902
99.674643	2296.539450	13.182528	-0.018444	2.826102
99.745466	2293.598692	13.187533	-0.018457	2.824389
99.479931	2290.659170	13.192538	-0.018409	2.822620
99.468679	2287.640298	13.197543	-0.018407	2.820845
99.538920	2284.588844	13.202547	-0.018420	2.819063
99.435458	2281.605494	13.207552	-0.018401	2.817292
99.358854	2278.591434	13.212557	-0.018387	2.815505
99.458713	2275.610896	13.217562	-0.018405	2.813767
99.502041	2272.560969	13.222567	-0.018413	2.811978
99.583692	2269.554914	13.227571	-0.018428	2.810219
99.523949	2266.560053	13.232576	-0.018417	2.808443
99.507892	2263.599513	13.237581	-0.018414	2.806692
99.296046	2260.631497	13.242586	-0.018376	2.804903
99.378088	2257.653945	13.247591	-0.018391	2.803158
99.345983	2254.608626	13.252595	-0.018385	2.801351
99.271824	2251.633787	13.257600	-0.018371	2.799578
99.329783	2248.626057	13.262605	-0.018382	2.797807
99.408624	2245.568387	13.267610	-0.018396	2.796009
99.219253	2242.648718	13.272615	-0.018362	2.794246
99.195884	2239.680586	13.277619	-0.018358	2.792481
99.335825	2236.563799	13.282624	-0.018383	2.790654
99.323211	2233.654176	13.287629	-0.018381	2.788924
99.314798	2230.596578	13.292634	-0.018379	2.787105
99.346746	2227.595987	13.297639	-0.018385	2.785326
99.166474	2224.743366	13.302643	-0.018352	2.783597
99.226257	2221.646305	13.307648	-0.018363	2.781763
99.247237	2218.649896	13.312653	-0.018367	2.779981
99.246339	2215.654380	13.317658	-0.018367	2.778194
99.286279	2212.591486	13.322663	-0.018374	2.776374
99.227996	2209.650902	13.327667	-0.018363	2.774608
99.184139	2206.641192	13.332672	-0.018355	2.772802
99.162717	2203.650991	13.337677	-0.018351	2.771011
99.229701	2200.665375	13.342682	-0.018363	2.769236
99.165295	2197.657037	13.347687	-0.018352	2.767424
99.138634	2194.658541	13.352691	-0.018347	2.765623
99.045601	2191.738973	13.357696	-0.018330	2.763857
99.094425	2188.668961	13.362701	-0.018339	2.762024
99.058004	2185.717641	13.367706	-0.018332	2.760247
98.918327	2182.712885	13.372711	-0.018307	2.758418
99.018410	2179.672482	13.377715	-0.018325	2.756608
98.888431	2176.695425	13.382720	-0.018302	2.754795
99.012023	2173.685346	13.387725	-0.018324	2.753005
98.899776	2170.699864	13.392730	-0.018304	2.751188
98.980054	2167.698435	13.397735	-0.018318	2.749393
99.014756	2164.682123	13.402739	-0.018324	2.747581
99.033863	2161.651102	13.407744	-0.018328	2.745755
98.957756	2158.728770	13.412749	-0.018314	2.743978
99.019035	2155.706535	13.417754	-0.018325	2.742162
98.961243	2152.682102	13.422759	-0.018315	2.740324
99.001968	2149.714699	13.427763	-0.018322	2.738536
98.925079	2146.689533	13.432768	-0.018308	2.736691
98.906659	2143.702519	13.437773	-0.018305	2.734878
98.910339	2140.729606	13.442778	-0.018306	2.733077
98.912310	2137.689693	13.447783	-0.018306	2.731234
98.879514	2134.719514	13.452787	-0.018300	2.729425
98.900672	2131.704292	13.457792	-0.018304	2.727597
98.757272	2128.695798	13.462797	-0.018278	2.725743
98.911655	2125.760315	13.467802	-0.018306	2.723985
98.771461	2122.721623	13.472807	-0.018280	2.722111
98.857120	2119.716193	13.477811	-0.018296	2.720296
98.782013	2116.734442	13.482816	-0.018282	2.718466
98.794820	2113.710194	13.487821	-0.018285	2.716624
98.692521	2110.764472	13.492826	-0.018266	2.714808
98.735564	2107.760015	13.497831	-0.018274	2.712981
98.708060	2104.717353	13.502835	-0.018269	2.711117
98.708224	2101.787634	13.507840	-0.018269	2.709325
98.765367	2098.723388	13.512845	-0.018279	2.707461
98.743358	2095.760253	13.517850	-0.018275	2.705642
98.740091	2092.795177	13.522855	-0.018275	2.703825
98.657945	2089.799639	13.527859	-0.018260	2.701974
98.714049	2086.761244	13.532864	-0.018270	2.700120
98.600255	2083.790285	13.537869	-0.018249	2.698275
98.597124	2080.752503	13.542874	-0.018249	2.696408
98.483369	2077.842031	13.547879	-0.018228	2.694598
98.558600	2074.782961	13.552883	-0.018242	2.692730
98.436015	2071.810684	13.557888	-0.018219	2.690878
98.188099	2068.886267	13.562893	-0.018175	2.689032
98.402499	2065.797322	13.567898	-0.018213	2.687166
98.415856	2062.797596	13.572903	-0.018216	2.685318
98.397185	2059.826489	13.577907	-0.018212	2.683480
98.314186	2056.779782	13.582912	-0.018197	2.681583
98.314384	2053.835063	13.587917	-0.018197	2.679762
98.228566	2050.812626	13.592922	-0.018182	2.677877
98.254054	2047.786444	13.597927	-0.018186	2.676008
98.382657	2044.799635	13.602931	-0.018210	2.674181
98.228057	2041.801214	13.607936	-0.018182	2.672294
98.238595	2038.823934	13.612941	-0.018184	2.670449
98.075137	2035.863564	13.617946	-0.018154	2.668581
98.241830	2032.769255	13.622951	-0.018184	2.666690
98.180857	2029.863375	13.627955	-0.018173	2.664872
98.192036	2026.802878	13.632960	-0.018175	2.662970
98.265966	2023.784273	13.637965	-0.018189	2.661104
98.208090	2020.794963	13.642970	-0.018178	2.659231
98.162491	2017.801668	13.647975	-0.018170	2.657357
98.033525	2014.864020	13.652979	-0.018146	2.655501
98.105242	2011.831970	13.657984	-0.018159	2.653621
98.075120	2008.816263	13.662989	-0.018154	2.651731
97.985203	2005.870721	13.667994	-0.018138	2.649873
97.824520	2002.877780	13.672999	-0.018109	2.647971
97.957411	1999.855191	13.678003	-0.018133	2.646103
97.823200	1996.893425	13.683008	-0.018108	2.644223
98.029767	1993.816006	13.688013	-0.018146	2.642332
97.951008	1990.864576	13.693018	-0.018131	2.640465
97.990364	1987.824036	13.698023	-0.018139	2.638563
97.820169	1984.852671	13.703027	-0.018108	2.636665
97.906862	1981.886903	13.708032	-0.018123	2.634816
97.809863	1978.862813	13.713037	-0.018106	2.632895
97.955057	1975.852503	13.718042	-0.018132	2.631027
97.737333	1972.900643	13.723047	-0.018093	2.629126
97.799266	1969.879558	13.728051	-0.018104	2.627233
97.720761	1966.946364	13.733056	-0.018090	2.625367
97.832342	1963.922309	13.738061	-0.018110	2.623479
97.752734	1960.896152	13.743066	-0.018095	2.621551
97.919499	1957.877875	13.748071	-0.018126	2.619674
97.848860	1954.864097	13.753075	-0.018113	2.617753
97.794201	1951.906956	13.758080	-0.018103	2.615870
97.500638	1948.960610	13.763085	-0.018050	2.613948
97.719066	1945.887897	13.768090	-0.018089	2.612040
97.542519	1942.963768	13.773095	-0.018057	2.610151
97.546029	1939.936673	13.778099	-0.018058	2.608229
97.675571	1936.904667	13.783104	-0.018081	2.606326
97.667754	1933.928275	13.788109	-0.018080	2.604431
97.658629	1930.890958	13.793114	-0.018078	2.602496
97.668249	1927.929943	13.798119	-0.018080	2.600612
97.525494	1924.941365	13.803123	-0.018054	2.598679
97.436456	1921.963829	13.808128	-0.018038	2.596763
97.464957	1918.960003	13.813133	-0.018043	2.594851
97.542100	1915.925137	13.818138	-0.018057	2.592926
97.552714	1912.945919	13.823143	-0.018059	2.591023
97.464379	1909.965595	13.828147	-0.018043	2.589099
97.522990	1906.947765	13.833152	-0.018054	2.587178
97.471834	1903.905849	13.838157	-0.018044	2.585219
97.485818	1900.849085	13.843162	-0.018047	2.583262
97.395135	1897.909377	13.848167	-0.018031	2.581358
97.228738	1894.927343	13.853171	-0.018000	2.579411
97.153446	1891.951836	13.858176	-0.017987	2.577484
97.197565	1888.969971	13.863181	-0.017995	2.575574
97.208164	1885.950104	13.868186	-0.017997	2.573632
97.271713	1882.922073	13.873191	-0.018008	2.571694
97.114437	1880.002482	13.878195	-0.017980	2.569781
97.128331	1876.964725	13.883200	-0.017982	2.567824
97.324025	1873.974660	13.888205	-0.018018	2.565931
97.230756	1870.984239	13.893210	-0.018001	2.563981
97.256013	1867.991189	13.898215	-0.018005	2.562051
97.196534	1865.009019	13.903219	-0.017995	2.560109
97.130691	1862.015132	13.908224	-0.017983	2.558158
97.061804	1859.035295	13.913229	-0.017970	2.556213
97.051949	1856.029304	13.918234	-0.017968	2.554262
97.049625	1853.025769	13.923239	-0.017968	2.552312
96.968295	1850.087275	13.928243	-0.017953	2.550387
97.010638	1847.022639	13.933248	-0.017961	2.548403
96.953064	1844.079923	13.938253	-0.017950	2.546477
96.933635	1841.101211	13.943258	-0.017947	2.544534
97.181507	1838.009892	13.948263	-0.017992	2.542568
97.080772	1835.065330	13.953267	-0.017973	2.540629
96.994882	1832.053822	13.958272	-0.017958	2.538647
96.998800	1829.061539	13.963277	-0.017959	2.536693
96.922743	1826.076163	13.968282	-0.017945	2.534727
96.869956	1823.070899	13.973287	-0.017935	2.532751
96.840981	1820.126887	13.978291	-0.017930	2.530818
96.772402	1817.096498	13.983296	-0.017918	2.528820
96.791585	1814.118378	13.988301	-0.017921	2.526871
96.775231	1811.129183	13.993306	-0.017918	2.524906
96.861558	1808.065671	13.998311	-0.017934	2.522912
96.617136	1805.160972	14.003315	-0.017890	2.520955
96.719639	1802.098310	14.008320	-0.017908	2.518961
96.769329	1799.079954	14.013325	-0.017917	2.516984
96.768685	1796.146088	14.018330	-0.017917	2.515051
96.569396	1793.153900	14.023335	-0.017881	2.513039
96.622194	1790.170050	14.028339	-0.017890	2.511081
96.642690	1787.142445	14.033344	-0.017894	2.509086
96.696729	1784.103378	14.038349	-0.017904	2.507089
96.502504	1781.231469	14.043354	-0.017869	2.505151
96.451464	1778.187023	14.048359	-0.017860	2.503126
96.444597	1775.184768	14.053363	-0.017858	2.501136
96.508031	1772.142804	14.058368	-0.017870	2.499132
96.309182	1769.189719	14.063373	-0.017834	2.497133
96.319621	1766.235519	14.068378	-0.017836	2.495174
96.512743	1763.121552	14.073383	-0.017871	2.493143
96.441718	1760.181809	14.078387	-0.017858	2.491174
96.275296	1757.195571	14.083392	-0.017828	2.489153
96.367348	1754.171863	14.088397	-0.017844	2.487157
96.394884	1751.209078	14.093402	-0.017849	2.485188
96.368303	1748.184270	14.098407	-0.017844	2.483164
96.443438	1745.172376	14.103411	-0.017858	2.481169
96.353429	1742.194028	14.108416	-0.017842	2.479160
96.322701	1739.205134	14.113421	-0.017836	2.477155
96.266317	1736.241800	14.118426	-0.017826	2.475160
96.236073	1733.228032	14.123431	-0.017820	2.473135
96.297960	1730.234291	14.128435	-0.017832	2.471141
96.120219	1727.265820	14.133440	-0.017799	2.469113
96.119422	1724.285409	14.138445	-0.017799	2.467112
96.200795	1721.296501	14.143450	-0.017814	2.465119
96.215588	1718.270031	14.148455	-0.017817	2.463087
96.111865	1715.295115	14.153459	-0.017798	2.461063
96.138501	1712.252208	14.158464	-0.017803	2.459019
96.235924	1709.229729	14.163469	-0.017820	2.457001
96.190599	1706.255684	14.168474	-0.017812	2.454984
96.057886	1703.280535	14.173479	-0.017788	2.452948
96.005836	1700.329868	14.178483	-0.017779	2.450943
96.097109	1697.266711	14.183488	-0.017795	2.448889
96.048114	1694.319802	14.188493	-0.017786	2.446884
96.084424	1691.314236	14.193498	-0.017793	2.444855
96.103414	1688.301448	14.198503	-0.017796	2.442816
95.935060	1685.347999	14.203507	-0.017766	2.440776
95.879389	1682.334876	14.208512	-0.017756	2.438718
96.078830	1679.312280	14.213517	-0.017792	2.436704
95.896440	1676.359652	14.218522	-0.017759	2.434657
95.912716	1673.350391	14.223527	-0.017762	2.432611
96.014376	1670.355252	14.228531	-0.017780	2.430591
95.941656	1667.319952	14.233536	-0.017767	2.428505
95.770624	1664.450848	14.238541	-0.017736	2.426511
95.803217	1661.398740	14.243546	-0.017742	2.424432
95.834137	1658.388523	14.248551	-0.017747	2.422380
95.790467	1655.396239	14.253555	-0.017740	2.420323
95.854684	1652.326317	14.258560	-0.017751	2.418233
95.782385	1649.412977	14.263565	-0.017738	2.416220
95.712388	1646.397265	14.268570	-0.017725	2.414136
95.799961	1643.368906	14.273575	-0.017741	2.412075
95.723478	1640.413502	14.278579	-0.017727	2.410027
95.591161	1637.398514	14.283584	-0.017703	2.407925
95.685723	1634.460928	14.288589	-0.017720	2.405922
95.615722	1631.412250	14.293594	-0.017708	2.403806
95.627511	1628.444250	14.298599	-0.017710	2.401762
95.741923	1625.383284	14.303603	-0.017731	2.399672
95.506956	1622.462479	14.308608	-0.017688	2.397605
95.528742	1619.473592	14.313613	-0.017692	2.395542
95.520801	1616.430753	14.318618	-0.017691	2.393435
95.484067	1613.484515	14.323623	-0.017684	2.391386
95.322724	1610.531181	14.328627	-0.017655	2.389304
95.439076	1607.493383	14.333632	-0.017676	2.387220
95.618416	1604.467906	14.338637	-0.017708	2.385157
95.702202	1601.426830	14.343642	-0.017723	2.383061
95.469006	1598.514261	14.348647	-0.017681	2.380985
95.447262	1595.477364	14.353651	-0.017677	2.378865
95.507401	1592.497135	14.358656	-0.017688	2.376801
95.387818	1589.525280	14.363661	-0.017666	2.374702
95.437019	1586.515819	14.368666	-0.017675	2.372611
95.407610	1583.504712	14.373671	-0.017670	2.370500
95.498288	1580.488726	14.378675	-0.017686	2.368410
95.420652	1577.559473	14.383680	-0.017672	2.366343
95.360034	1574.560579	14.388685	-0.017661	2.364228
95.354189	1571.566061	14.393690	-0.017660	2.362127
95.426018	1568.524828	14.398695	-0.017673	2.360008
95.310219	1565.571608	14.403699	-0.017652	2.357908
95.308873	1562.596153	14.408704	-0.017652	2.355815
95.253972	1559.564859	14.413709	-0.017642	2.353670
95.164154	1556.639417	14.418714	-0.017626	2.351589
95.285446	1553.556405	14.423719	-0.017648	2.349442
95.270654	1550.618540	14.428723	-0.017645	2.347365
95.177884	1547.654233	14.433728	-0.017628	2.345251
95.220885	1544.613395	14.438733	-0.017636	2.343110
95.261726	1541.600229	14.443738	-0.017643	2.340987
95.029349	1538.637900	14.448743	-0.017601	2.338838
94.979094	1535.687946	14.453747	-0.017592	2.336736
95.103881	1532.634479	14.458752	-0.017615	2.334596
94.926684	1529.659131	14.463757	-0.017583	2.332444
94.938965	1526.678523	14.468762	-0.017585	2.330328
94.927130	1523.649941	14.473767	-0.017583	2.328170
94.900216	1520.716433	14.478771	-0.017578	2.326075
94.871425	1517.698180	14.483776	-0.017573	2.323917
94.904610	1514.678505	14.488781	-0.017579	2.321770
94.789405	1511.696435	14.493786	-0.017558	2.319615
94.903786	1508.685665	14.498791	-0.017579	2.317488
94.798166	1505.698812	14.503795	-0.017560	2.315327
94.817233	1502.723370	14.508800	-0.017563	2.313201
94.693428	1499.746654	14.513805	-0.017541	2.311040
94.817435	1496.702574	14.518810	-0.017563	2.308883
94.659703	1493.805199	14.523815	-0.017534	2.306767
94.696045	1490.759885	14.528819	-0.017541	2.304586
94.679455	1487.768479	14.533824	-0.017538	2.302430
94.654837	1484.760918	14.538829	-0.017534	2.300258
94.636034	1481.753975	14.543834	-0.017530	2.298087
94.635104	1478.797324	14.548839	-0.017530	2.295953
94.639797	1475.739294	14.553843	-0.017531	2.293746
94.477339	1472.846626	14.558848	-0.017501	2.291618
94.570343	1469.777398	14.563853	-0.017518	2.289418
94.613671	1466.814117	14.568858	-0.017526	2.287281
94.568155	1463.816322	14.573863	-0.017518	2.285098
94.594552	1460.808380	14.578867	-0.017523	2.282921
94.509333	1457.834010	14.583872	-0.017507	2.280741
94.489563	1454.831507	14.588877	-0.017504	2.278554
94.438653	1451.867272	14.593882	-0.017494	2.276385
94.461579	1448.837798	14.598887	-0.017498	2.274184
94.446350	1445.865229	14.603891	-0.017496	2.272013
94.541349	1442.831166	14.608896	-0.017513	2.269820
94.573578	1439.848511	14.613901	-0.017519	2.267648
94.494417	1436.877674	14.618906	-0.017504	2.265458
94.413698	1433.888703	14.623911	-0.017490	2.263252
94.390653	1430.892221	14.628915	-0.017486	2.261051
94.425047	1427.842742	14.633920	-0.017492	2.258822
94.331840	1424.932386	14.638925	-0.017475	2.256665
94.299592	1421.903789	14.643930	-0.017469	2.254432
94.305425	1418.930202	14.648935	-0.017470	2.252246
94.322503	1415.908749	14.653939	-0.017473	2.250025
94.346276	1412.943855	14.658944	-0.017477	2.247846
94.155314	1409.993457	14.663949	-0.017443	2.245625
94.274665	1406.947988	14.668954	-0.017464	2.243404
94.345968	1403.906509	14.673959	-0.017477	2.241172
94.362800	1400.905649	14.678963	-0.017480	2.238955
94.223932	1398.000702	14.683968	-0.017455	2.236772
94.186010	1394.985130	14.688973	-0.017448	2.234528
94.094026	1392.043901	14.693978	-0.017432	2.232324
94.179199	1388.997249	14.698983	-0.017447	2.230080
94.119370	1386.055068	14.703987	-0.017436	2.227878
94.040318	1383.081158	14.708992	-0.017422	2.225647
93.961107	1380.072210	14.713997	-0.017408	2.223386
93.982331	1377.074540	14.719002	-0.017412	2.221155
93.952888	1374.049509	14.724007	-0.017406	2.218890
94.007309	1371.059207	14.729011	-0.017416	2.216668
93.819504	1368.099168	14.734016	-0.017382	2.214410
93.811698	1365.112654	14.739021	-0.017381	2.212171
93.775171	1362.114002	14.744026	-0.017374	2.209915
93.782606	1359.135242	14.749031	-0.017375	2.207681
93.747897	1356.115766	14.754035	-0.017369	2.205405
93.631240	1353.178791	14.759040	-0.017348	2.203169
93.565618	1350.144944	14.764045	-0.017336	2.200870
93.808852	1347.100441	14.769050	-0.017380	2.198634
93.711612	1344.144827	14.774055	-0.017362	2.196382
93.714265	1341.132494	14.779059	-0.017363	2.194108
93.615078	1338.195635	14.784064	-0.017345	2.191865
93.700457	1335.126471	14.789069	-0.017360	2.189563
93.607979	1332.231371	14.794074	-0.017344	2.187348
93.436253	1329.245365	14.799079	-0.017313	2.185043
93.395229	1326.238870	14.804083	-0.017305	2.182752
93.386023	1323.244255	14.809088	-0.017304	2.180475
93.281071	1320.256352	14.814093	-0.017285	2.178177
93.428579	1317.218439	14.819098	-0.017311	2.175899
93.311516	1314.256863	14.824103	-0.017290	2.173614
93.328109	1311.232564	14.829107	-0.017293	2.171311
93.346588	1308.259686	14.834112	-0.017296	2.169045
93.435237	1305.252962	14.839117	-0.017312	2.166767
93.370143	1302.257720	14.844122	-0.017301	2.164459
93.276440	1299.313177	14.849127	-0.017284	2.162181
93.189235	1296.285130	14.854131	-0.017268	2.159837
93.248288	1293.331636	14.859136	-0.017279	2.157584
93.255679	1290.288868	14.864141	-0.017280	2.155247
93.262821	1287.315968	14.869146	-0.017281	2.152961
93.142999	1284.350542	14.874151	-0.017259	2.150648
93.271652	1281.328334	14.879155	-0.017283	2.148348
93.351709	1278.337532	14.884160	-0.017297	2.146059
93.197393	1275.395654	14.889165	-0.017269	2.143748
93.100398	1272.392179	14.894170	-0.017252	2.141401
93.232428	1269.376655	14.899175	-0.017276	2.139098
93.003469	1266.437280	14.904179	-0.017234	2.136763
93.151085	1263.399553	14.909184	-0.017261	2.134442
92.981879	1260.463191	14.914189	-0.017230	2.132119
93.024906	1257.423233	14.919194	-0.017238	2.129765
93.168415	1254.437633	14.924199	-0.017264	2.127475
93.094862	1251.420440	14.929203	-0.017251	2.125105
93.053557	1248.465427	14.934208	-0.017243	2.122789
93.036560	1245.452467	14.939213	-0.017240	2.120431
92.943117	1242.512692	14.944218	-0.017223	2.118109
92.964852	1239.505716	14.949223	-0.017227	2.115760
92.841004	1236.562218	14.954227	-0.017205	2.113422
92.902308	1233.516575	14.959232	-0.017216	2.111047
92.860112	1230.560873	14.964237	-0.017208	2.108715
92.874377	1227.551521	14.969242	-0.017211	2.106351
92.721626	1224.595620	14.974247	-0.017183	2.103986
92.837583	1221.549942	14.979251	-0.017204	2.101614
92.631451	1218.600535	14.984256	-0.017167	2.099235
92.833618	1215.550921	14.989261	-0.017203	2.096877
92.859865	1212.532359	14.994266	-0.017208	2.094496
92.809463	1209.578933	14.999271	-0.017199	2.092145
92.694181	1206.602386	15.004275	-0.017178	2.089756
92.792467	1203.607969	15.009280	-0.017196	2.087404
92.824217	1200.585160	15.014285	-0.017201	2.085011
92.727671	1197.643765	15.019290	-0.017184	2.082647
92.732455	1194.606217	15.024295	-0.017185	2.080229
92.605122	1191.711764	15.029299	-0.017162	2.077889
92.643529	1188.651923	15.034304	-0.017169	2.075457
92.724083	1185.681229	15.039309	-0.017183	2.073103
92.612404	1182.693035	15.044314	-0.017163	2.070685
92.564018	1179.769493	15.049319	-0.017154	2.068331
92.530239	1176.753226	15.054323	-0.017148	2.065903
92.487979	1173.777218	15.059328	-0.017141	2.063504
92.580505	1170.721654	15.064333	-0.017157	2.061071
92.519579	1167.773508	15.069338	-0.017146	2.058684
92.408222	1164.787740	15.074343	-0.017126	2.056250
92.488152	1161.782976	15.079347	-0.017141	2.053847
92.517432	1158.773273	15.084352	-0.017146	2.051424
92.490252	1155.814798	15.089357	-0.017141	2.049025
92.478747	1152.816456	15.094362	-0.017139	2.046595
92.399727	1149.846846	15.099367	-0.017125	2.044168
92.357524	1146.849650	15.104371	-0.017117	2.041726
92.421902	1143.852809	15.109376	-0.017129	2.039308
92.295734	1140.893198	15.114381	-0.017106	2.036868
92.397583	1137.871370	15.119386	-0.017124	2.034434
92.333542	1134.890141	15.124391	-0.017113	2.031987
92.279249	1131.944589	15.129395	-0.017103	2.029569
92.218151	1128.961989	15.134400	-0.017092	2.027116
92.139027	1125.981921	15.139405	-0.017077	2.024657
92.186959	1122.957129	15.144410	-0.017086	2.022191
92.244343	1119.939062	15.149415	-0.017096	2.019731
92.197057	1116.959222	15.154419	-0.017088	2.017272
92.258369	1113.952502	15.159424	-0.017099	2.014816
92.030884	1111.034352	15.164429	-0.017058	2.012354
92.292003	1107.958343	15.169434	-0.017105	2.009887
92.225534	1105.001712	15.174439	-0.017093	2.007430
92.182797	1102.021885	15.179443	-0.017085	2.004957
92.146569	1099.047066	15.184448	-0.017079	2.002486
92.118586	1096.060112	15.189453	-0.017074	2.000005
92.158758	1093.063892	15.194458	-0.017081	1.997531
92.055838	1090.102914	15.199463	-0.017062	1.995045
91.945939	1087.146042	15.204467	-0.017042	1.992558
92.061895	1084.117165	15.209472	-0.017063	1.990067
91.916324	1081.189508	15.214477	-0.017037	1.987589
91.960519	1078.161556	15.219482	-0.017045	1.985074
91.907801	1075.182309	15.224487	-0.017035	1.982570
91.896620	1072.184017	15.229491	-0.017033	1.980059
91.872312	1069.189833	15.234496	-0.017029	1.977544
91.952872	1066.178080	15.239501	-0.017043	1.975040
91.887985	1063.202123	15.244506	-0.017032	1.972523
91.748119	1060.269103	15.249511	-0.017006	1.970019
91.845824	1057.249491	15.254515	-0.017024	1.967503
91.779161	1054.261888	15.259520	-0.017012	1.964967
91.702247	1051.302907	15.264525	-0.016998	1.962448
91.695388	1048.299776	15.269530	-0.016997	1.959908
91.665101	1045.318208	15.274535	-0.016991	1.957377
91.699623	1042.325371	15.279539	-0.016998	1.954850
91.568242	1039.344536	15.284544	-0.016974	1.952285
91.461694	1036.406331	15.289549	-0.016955	1.949760
91.554327	1033.352132	15.294554	-0.016971	1.947187
91.552605	1030.372577	15.299559	-0.016971	1.944648
91.477316	1027.388603	15.304563	-0.016957	1.942083
91.409284	1024.399152	15.309568	-0.016945	1.939511
91.550318	1021.367668	15.314573	-0.016970	1.936957
91.310208	1018.462226	15.319578	-0.016927	1.934403
91.296788	1015.446558	15.324583	-0.016925	1.931813
91.370529	1012.485302	15.329587	-0.016938	1.929291
91.440084	1009.429803	15.334592	-0.016951	1.926683
91.323293	1006.517518	15.339597	-0.016929	1.924144
91.230312	1003.516599	15.344602	-0.016913	1.921531
91.231877	1000.534641	15.349607	-0.016913	1.918957
91.163324	997.563805	15.354611	-0.016900	1.916370
91.182107	994.561236	15.359616	-0.016904	1.913777
91.164829	991.555659	15.364621	-0.016901	1.911167
91.202382	988.618241	15.369626	-0.016907	1.908628
91.018785	985.634337	15.374631	-0.016874	1.905983
90.959891	982.684255	15.379635	-0.016864	1.903399
90.980905	979.644710	15.384640	-0.016867	1.900756
91.203354	976.602111	15.389645	-0.016908	1.898164
91.087349	973.657353	15.394650	-0.016887	1.895558
90.848811	970.708965	15.399655	-0.016844	1.892910
90.951521	967.721632	15.404659	-0.016862	1.890322
91.004667	964.701052	15.409664	-0.016872	1.887686
91.024322	961.710235	15.414669	-0.016875	1.885064
91.001248	958.732624	15.419674	-0.016871	1.882437
90.810087	955.789589	15.424679	-0.016836	1.879789
90.964422	952.756828	15.429683	-0.016864	1.877157
90.881474	949.801288	15.434688	-0.016849	1.874522
90.812009	946.816320	15.439693	-0.016837	1.871860
90.843422	943.876298	15.444698	-0.016842	1.869264
90.755816	940.866831	15.449703	-0.016827	1.866568
90.772161	937.883826	15.454707	-0.016830	1.863922
90.581118	934.933129	15.459712	-0.016795	1.861241
90.613894	931.937202	15.464717	-0.016801	1.858580
90.587038	928.936604	15.469722	-0.016796	1.855894
90.546926	925.941703	15.474727	-0.016789	1.853206
90.580998	922.971835	15.479731	-0.016795	1.850558
90.655260	919.952061	15.484736	-0.016808	1.847872
90.741638	916.939112	15.489741	-0.016824	1.845193
90.607943	913.985245	15.494746	-0.016800	1.842498
90.641477	911.010293	15.499751	-0.016806	1.839830
90.673058	908.001519	15.504755	-0.016811	1.837126
90.614346	905.053318	15.509760	-0.016801	1.834447
90.570596	902.060776	15.514765	-0.016793	1.831728
90.489938	899.157055	15.519770	-0.016778	1.829075
90.377322	896.164827	15.524775	-0.016758	1.826328
90.416916	893.149541	15.529779	-0.016765	1.823600
90.565438	890.107166	15.534784	-0.016792	1.820877
90.395642	887.177661	15.539789	-0.016761	1.818158
90.507940	884.163883	15.544794	-0.016782	1.815441
90.382223	881.207270	15.549799	-0.016759	1.812702
90.370523	878.250547	15.554803	-0.016757	1.809993
90.434314	875.223581	15.559808	-0.016768	1.807238
90.402538	872.267049	15.564813	-0.016762	1.804515
90.443287	869.250763	15.569818	-0.016770	1.801754
90.350353	866.320850	15.574823	-0.016753	1.799028
90.431859	863.306468	15.579827	-0.016768	1.796273
90.278676	860.365251	15.584832	-0.016740	1.793511
90.337473	857.382123	15.589837	-0.016751	1.790769
90.096143	854.460756	15.594842	-0.016707	1.787990
90.119538	851.451277	15.599847	-0.016711	1.785205
90.163349	848.421668	15.604851	-0.016719	1.782403
90.024890	845.495649	15.609856	-0.016694	1.779638
90.036611	842.486457	15.614861	-0.016696	1.776836
89.951761	839.514789	15.619866	-0.016681	1.774036
89.904394	836.550431	15.624871	-0.016672	1.771249
89.993305	833.531964	15.629875	-0.016688	1.768449
89.834741	830.580855	15.634880	-0.016660	1.765632
89.844442	827.577082	15.639885	-0.016661	1.762813
89.872702	824.597868	15.644890	-0.016667	1.760018
89.811157	821.617902	15.649895	-0.016655	1.757190
89.857936	818.635153	15.654899	-0.016664	1.754388
89.726537	815.677003	15.659904	-0.016640	1.751550
89.873564	812.672198	15.664909	-0.016667	1.748750
89.806970	809.695376	15.669914	-0.016655	1.745905
89.636877	806.737248	15.674919	-0.016624	1.743041
89.894280	803.698570	15.679923	-0.016670	1.740230
89.773256	800.735619	15.684928	-0.016648	1.737367
89.648061	797.815420	15.689933	-0.016626	1.734539
89.667976	794.815843	15.694938	-0.016629	1.731677
89.768682	791.798548	15.699943	-0.016648	1.728818
89.652961	788.867260	15.704947	-0.016627	1.725968
89.588288	785.879641	15.709952	-0.016615	1.723076
89.650686	782.902884	15.714957	-0.016626	1.720230
89.616791	779.919200	15.719962	-0.016620	1.717341
89.719900	776.900291	15.724967	-0.016639	1.714458
89.639455	773.974384	15.729971	-0.016624	1.711601
89.512565	771.029778	15.734976	-0.016601	1.708706
89.508143	768.036727	15.739981	-0.016600	1.705798
89.367179	765.069885	15.744986	-0.016575	1.702868
89.439365	762.072716	15.749991	-0.016588	1.699971
89.342021	759.107576	15.754995	-0.016570	1.697046
89.268216	756.139849	15.760000	-0.016557	1.694120
89.359185	753.122778	15.765005	-0.016573	1.691195
89.444365	750.130089	15.770010	-0.016589	1.688287
89.309042	747.193529	15.775015	-0.016564	1.685357
89.261761	744.217420	15.780019	-0.016556	1.682412
89.272652	741.238251	15.785024	-0.016558	1.679478
89.267600	738.250755	15.790029	-0.016557	1.676525
89.293729	735.252544	15.795034	-0.016562	1.673566
89.351009	732.295874	15.800039	-0.016572	1.670654
89.298129	729.316347	15.805043	-0.016562	1.667677
89.159616	726.390394	15.810048	-0.016537	1.664721
88.987857	723.444591	15.815053	-0.016506	1.661728
89.123873	720.407081	15.820058	-0.016531	1.658740
89.054391	717.459929	15.825063	-0.016518	1.655769
89.142502	714.435137	15.830067	-0.016534	1.652768
88.996458	711.535541	15.835072	-0.016508	1.649808
89.089980	708.499584	15.840077	-0.016525	1.646786
89.001813	705.549734	15.845082	-0.016509	1.643785
89.004679	702.586602	15.850087	-0.016509	1.640795
88.947228	699.597965	15.855091	-0.016499	1.637753
89.022647	696.611350	15.860096	-0.016512	1.634753
89.038629	693.625125	15.865101	-0.016515	1.631727
89.005623	690.643493	15.870106	-0.016509	1.628684
88.874210	687.716324	15.875111	-0.016486	1.625658
88.785557	684.738194	15.880115	-0.016470	1.622588
88.732341	681.783581	15.885120	-0.016460	1.619549
88.763806	678.790909	15.890125	-0.016466	1.616493
88.798059	675.781974	15.895130	-0.016472	1.613416
88.741546	672.863932	15.900135	-0.016462	1.610396
88.761478	669.842768	15.905139	-0.016465	1.607290
88.727523	666.871156	15.910144	-0.016459	1.604211
88.841033	663.877050	15.915149	-0.016479	1.601153
88.643763	660.953840	15.920154	-0.016444	1.598056
88.582021	658.005638	15.925159	-0.016433	1.594973
88.557612	655.038766	15.930163	-0.016428	1.591878
88.637979	652.035778	15.935168	-0.016443	1.588776
88.487208	649.117311	15.940173	-0.016415	1.585675
88.476123	646.114800	15.945178	-0.016413	1.582529
88.500016	643.137839	15.950183	-0.016418	1.579416
88.496159	640.162902	15.955187	-0.016417	1.576289
88.427319	637.199669	15.960192	-0.016405	1.573146
88.485103	634.231985	15.965197	-0.016415	1.570036
88.373078	631.261529	15.970202	-0.016395	1.566857
88.543649	628.228719	15.975207	-0.016426	1.563705
88.463623	625.300882	15.980211	-0.016411	1.560570
88.339798	622.366473	15.985216	-0.016389	1.557406
88.379791	619.377310	15.990221	-0.016396	1.554235
88.269471	616.453432	15.995226	-0.016376	1.551074
88.339381	613.444236	16.000231	-0.016389	1.547880
88.148095	610.524632	16.005235	-0.016354	1.544681
88.143941	607.535367	16.010240	-0.016353	1.541468
88.238252	604.527974	16.015245	-0.016370	1.538265
88.270905	601.533921	16.020250	-0.016376	1.535047
88.375000	598.558572	16.025255	-0.016395	1.531868
88.022012	595.696948	16.030259	-0.016331	1.528640
88.149380	592.666210	16.035264	-0.016354	1.525396
88.140950	589.700988	16.040269	-0.016353	1.522167
88.042049	586.746161	16.045274	-0.016335	1.518910
87.769703	583.869649	16.050279	-0.016286	1.515667
87.929670	580.841680	16.055283	-0.016314	1.512410
88.050315	577.828278	16.060288	-0.016336	1.509148
88.129107	574.845644	16.065293	-0.016350	1.505897
87.920606	571.940448	16.070298	-0.016313	1.502619
87.853003	568.984527	16.075303	-0.016301	1.499329
87.910302	565.989471	16.080307	-0.016311	1.496035
87.742487	563.079665	16.085312	-0.016281	1.492745
87.740225	560.100277	16.090317	-0.016280	1.489432
87.642451	557.158433	16.095322	-0.016262	1.486117
87.746299	554.149292	16.100327	-0.016281	1.482796
87.607392	551.214200	16.105331	-0.016256	1.479459
87.581912	548.258191	16.110336	-0.016251	1.476133
87.635226	545.268390	16.115341	-0.016261	1.472792
87.536638	542.322919	16.120346	-0.016243	1.469435
87.399813	539.394484	16.125351	-0.016219	1.466076
87.327982	536.432308	16.130355	-0.016206	1.462695
87.365112	533.432989	16.135360	-0.016212	1.459306
87.338051	530.466699	16.140365	-0.016207	1.455922
87.269700	527.523805	16.145370	-0.016195	1.452541
87.309381	524.539059	16.150375	-0.016202	1.449146
87.313271	521.549073	16.155379	-0.016203	1.445723
87.262769	518.606459	16.160384	-0.016194	1.442325
87.271992	515.627542	16.165389	-0.016195	1.438901
87.213941	512.680920	16.170394	-0.016185	1.435480
87.386942	509.688754	16.175399	-0.016216	1.432087
87.341152	506.728925	16.180403	-0.016208	1.428639
87.374684	503.758937	16.185408	-0.016214	1.425202
87.260398	500.845094	16.190413	-0.016193	1.421764
87.208108	497.887051	16.195418	-0.016184	1.418290
87.344259	494.877272	16.200423	-0.016208	1.414821
87.189387	491.982998	16.205427	-0.016180	1.411364
87.046775	489.049934	16.210432	-0.016155	1.407858
87.076087	486.072100	16.215437	-0.016160	1.404359
86.866762	483.166644	16.220442	-0.016122	1.400842
86.893482	480.218186	16.225447	-0.016127	1.397359
87.003870	477.191433	16.230451	-0.016147	1.393808
86.929180	474.252596	16.235456	-0.016133	1.390278
86.893101	471.306803	16.240461	-0.016127	1.386746
86.846157	468.331059	16.245466	-0.016118	1.383165
86.834270	465.385885	16.250471	-0.016116	1.379626
86.813580	462.417302	16.255475	-0.016112	1.376046
86.805369	459.475103	16.260480	-0.016111	1.372493
86.825544	456.511322	16.265485	-0.016114	1.368917
86.714269	453.565290	16.270490	-0.016094	1.365299
86.708876	450.627865	16.275495	-0.016093	1.361725
86.805074	447.626537	16.280499	-0.016111	1.358106
86.854821	444.659409	16.285504	-0.016120	1.354500
86.572349	441.818256	16.290509	-0.016069	1.350901
86.595216	438.826196	16.295514	-0.016073	1.347234
86.527858	435.895656	16.300519	-0.016061	1.343595
86.577493	432.909420	16.305523	-0.016070	1.339926
86.468506	429.979107	16.310528	-0.016050	1.336250
86.426828	427.054897	16.315533	-0.016042	1.332599
86.355782	424.102590	16.320538	-0.016029	1.328891
86.363739	421.133773	16.325543	-0.016031	1.325186
86.439692	418.160045	16.330547	-0.016045	1.321493
86.443593	415.205657	16.335552	-0.016045	1.317783
86.434733	412.264582	16.340557	-0.016044	1.314074
86.371706	409.309065	16.345562	-0.016032	1.310313
86.288808	406.361583	16.350567	-0.016017	1.306543
86.365743	403.396639	16.355571	-0.016031	1.302809
86.288121	400.452640	16.360576	-0.016017	1.299024
86.138027	397.555779	16.365581	-0.015990	1.295256
86.208042	394.582612	16.370586	-0.016003	1.291476
86.192601	391.631606	16.375591	-0.016000	1.287675
86.036634	388.740698	16.380595	-0.015972	1.283879
85.873673	385.827083	16.385600	-0.015942	1.280040
85.927973	382.850402	16.390605	-0.015952	1.276203
85.817807	379.957524	16.395610	-0.015932	1.272390
85.730502	377.010170	16.400615	-0.015916	1.268505
85.828349	374.017602	16.405619	-0.015934	1.264632
85.787911	371.069560	16.410624	-0.015927	1.260743
85.708457	368.147553	16.415629	-0.015912	1.256859
85.829696	365.175549	16.420634	-0.015934	1.252988
85.714846	362.256742	16.425639	-0.015913	1.249068
85.693787	359.312825	16.430643	-0.015910	1.245145
85.624616	356.390694	16.435648	-0.015897	1.241217
85.588626	353.455434	16.440653	-0.015891	1.237274
85.538226	350.538829	16.445658	-0.015882	1.233336
85.628679	347.542633	16.450663	-0.015898	1.229344
85.397776	344.674153	16.455667	-0.015856	1.225363
85.434492	341.707749	16.460672	-0.015863	1.221360
85.349274	338.785848	16.465677	-0.015847	1.217348
85.510421	335.804430	16.470682	-0.015876	1.213356
85.604573	332.818098	16.475687	-0.015893	1.209313
85.451141	329.931604	16.480691	-0.015866	1.205277
85.391042	327.020831	16.485696	-0.015855	1.201238
85.313170	324.103782	16.490701	-0.015841	1.197169
85.300207	321.193505	16.495706	-0.015838	1.193125
85.276479	318.255187	16.500711	-0.015834	1.189024
85.238587	315.318870	16.505715	-0.015827	1.184905
85.167960	312.407450	16.510720	-0.015814	1.180791
85.149181	309.465949	16.515725	-0.015811	1.176644
85.267504	306.510749	16.520730	-0.015832	1.172530
85.039512	303.652302	16.525735	-0.015791	1.168371
84.957790	300.728924	16.530739	-0.015776	1.164176
84.996803	297.785371	16.535744	-0.015784	1.159995
84.813403	294.899196	16.540749	-0.015750	1.155773
84.806011	291.978387	16.545754	-0.015749	1.151572
84.742090	289.045008	16.550759	-0.015737	1.147309
84.605368	286.153770	16.555763	-0.015713	1.143056
84.596298	283.216781	16.560768	-0.015711	1.138783
84.534188	280.304367	16.565773	-0.015700	1.134504
84.460251	277.387651	16.570778	-0.015687	1.130197
84.607049	274.408531	16.575783	-0.015713	1.125892
84.777128	271.417304	16.580787	-0.015744	1.121566
84.671841	268.538978	16.585792	-0.015725	1.117249
84.503293	265.695279	16.590797	-0.015694	1.112935
84.346968	262.805352	16.595802	-0.015666	1.108541
84.413618	259.854089	16.600807	-0.015678	1.104153
84.346728	256.946550	16.605811	-0.015666	1.099744
84.250766	254.056781	16.610816	-0.015649	1.095329
84.344598	251.105650	16.615821	-0.015666	1.090902
84.234504	248.216177	16.620826	-0.015646	1.086444
84.138803	245.330391	16.625831	-0.015628	1.081981
84.320788	242.347898	16.630835	-0.015661	1.077498
84.236614	239.473087	16.635840	-0.015646	1.073020
84.092241	236.594711	16.640845	-0.015620	1.068487
84.144045	233.659480	16.645850	-0.015629	1.063950
83.836824	230.839743	16.650855	-0.015574	1.059381
83.960313	227.892697	16.655859	-0.015596	1.054826
83.803620	225.022907	16.660864	-0.015568	1.050221
83.864880	222.083401	16.665869	-0.015579	1.045603
83.801735	219.192473	16.670874	-0.015567	1.040975
83.645753	216.332231	16.675879	-0.015539	1.036323
83.751029	213.397332	16.680883	-0.015558	1.031676
83.644884	210.520324	16.685888	-0.015539	1.026983
83.559737	207.635216	16.690893	-0.015524	1.022267
83.476546	204.764966	16.695898	-0.015509	1.017554
83.416915	201.876811	16.700903	-0.015498	1.012804
83.616649	198.904595	16.705907	-0.015534	1.008040
83.433163	196.071125	16.710912	-0.015501	1.003264
83.375719	193.194830	16.715917	-0.015490	0.998467
83.416644	190.275758	16.720922	-0.015498	0.993631
83.312308	187.396561	16.725927	-0.015479	0.988755
83.296905	184.508676	16.730931	-0.015476	0.983892
83.418829	181.573185	16.735936	-0.015498	0.979004
83.233795	178.743560	16.740941	-0.015465	0.974091
83.289422	175.844483	16.745946	-0.015475	0.969178
83.239609	172.970027	16.750951	-0.015466	0.964218
83.093421	170.133694	16.755955	-0.015439	0.959241
83.079155	167.266015	16.760960	-0.015437	0.954263
82.999324	164.397766	16.765965	-0.015422	0.949218
82.972516	161.523291	16.770970	-0.015417	0.944168
82.909774	158.664511	16.775975	-0.015406	0.939096
82.852225	155.809604	16.780979	-0.015396	0.934007
82.807892	152.950963	16.785984	-0.015388	0.928891
82.653339	150.122670	16.790989	-0.015360	0.923733
82.663288	147.250399	16.795994	-0.015362	0.918569
82.678962	144.371494	16.800999	-0.015364	0.913368
82.652087	141.495298	16.806003	-0.015360	0.908115
82.583605	138.659083	16.811008	-0.015347	0.902878
82.354350	135.859584	16.816013	-0.015306	0.897576
82.529400	132.944154	16.821018	-0.015337	0.892287
82.452781	130.104166	16.826023	-0.015324	0.886945
82.487744	127.233058	16.831027	-0.015330	0.881584
82.374955	124.435985	16.836032	-0.015309	0.876234
82.263239	121.609216	16.841037	-0.015289	0.870795
82.391884	118.717560	16.846042	-0.015313	0.865357
82.148845	115.953736	16.851047	-0.015269	0.859883
82.120868	113.112041	16.856051	-0.015264	0.854367
82.111681	110.277880	16.861056	-0.015262	0.848843
82.023315	107.462114	16.866061	-0.015246	0.843264
81.967093	104.643048	16.871066	-0.015236	0.837665
81.938755	101.820300	16.876071	-0.015231	0.832039
81.753168	99.035082	16.881075	-0.015197	0.826340
81.672914	96.232562	16.886080	-0.015183	0.820642
81.669631	93.398942	16.891085	-0.015182	0.814894
81.755726	90.540625	16.896090	-0.015198	0.809119
81.400716	87.846500	16.901095	-0.015133	0.803324
81.403968	85.021771	16.906099	-0.015134	0.797475
81.472541	82.184440	16.911104	-0.015146	0.791604
81.453564	79.375630	16.916109	-0.015143	0.785685
81.347155	76.599875	16.921114	-0.015124	0.779726
81.367514	73.802327	16.926119	-0.015127	0.773770
81.242668	71.029416	16.931123	-0.015105	0.767711
81.254584	68.234171	16.936128	-0.015107	0.761659
81.197945	65.468291	16.941133	-0.015097	0.755571
81.045329	62.725028	16.946138	-0.015069	0.749409
81.079494	59.930455	16.951143	-0.015075	0.743227
80.869336	57.216274	16.956147	-0.015037	0.736982
80.937914	54.412834	16.961152	-0.015050	0.730702
80.921579	51.653363	16.966157	-0.015047	0.724400
80.768577	48.940831	16.971162	-0.015019	0.718041
80.909388	46.135856	16.976167	-0.015045	0.711649
80.779465	43.423568	16.981171	-0.015021	0.705195
80.691954	40.711999	16.986176	-0.015005	0.698717
80.685810	37.965477	16.991181	-0.015004	0.692164
80.564458	35.336174	16.996186	-0.014982	0.685734
80.460857	32.899052	17.001191	-0.014964	0.679727
