Tue Jun 02 08:54:38 2020

Number of Points = 2985
Depth (nm)	Load (µN)	Time (s)	Depth (V)	Load (V)
2.355209	0.097763	0.000000	0.000050	0.500867

2.356645	0.094025	0.005005	0.000049	0.500857
2.272899	0.124336	0.010010	0.000064	0.500861
2.324907	0.104536	0.015014	0.000055	0.500857
2.426198	0.068198	0.020019	0.000036	0.500855
2.412315	0.070667	0.025024	0.000039	0.500848
2.492206	0.044090	0.030029	0.000024	0.500854
2.411077	-0.021218	0.035034	0.000039	0.500543
2.590896	-0.078931	0.040038	0.000006	0.500563
2.565140	-0.075404	0.045043	0.000011	0.500545
2.446331	-0.102273	0.050048	0.000032	0.500318
2.381422	-0.105291	0.055053	0.000044	0.500233
2.514289	-0.172747	0.060058	0.000019	0.500165
2.463913	-0.228388	0.065062	0.000028	0.499922
2.423035	-0.226392	0.070067	0.000036	0.499881
2.325349	-0.279012	0.075072	0.000053	0.499593
2.452225	-0.348706	0.080077	0.000030	0.499510
2.389940	-0.393164	0.085082	0.000041	0.499290
2.354897	-0.443639	0.090086	0.000047	0.499082
2.401037	-0.504792	0.095091	0.000039	0.498933
2.519540	-0.601562	0.100096	0.000017	0.498750
2.462344	-0.675257	0.105101	0.000028	0.498438
2.361780	-0.711982	0.110106	0.000046	0.498199
2.227788	-0.741303	0.115110	0.000070	0.497944
2.394902	-0.871540	0.120115	0.000039	0.497707
2.397675	-0.963958	0.125120	0.000039	0.497402
2.491899	-1.089096	0.130125	0.000022	0.497095
2.365271	-1.141903	0.135130	0.000044	0.496770
2.483476	-1.278940	0.140134	0.000023	0.496452
2.287018	-1.310560	0.145139	0.000058	0.496115
2.359823	-1.443918	0.150144	0.000045	0.495755
2.313934	-1.531674	0.155149	0.000053	0.495407
2.235681	-1.608477	0.160154	0.000067	0.495057
2.250955	-1.728143	0.165158	0.000064	0.494674
2.349434	-1.883138	0.170163	0.000046	0.494271
2.326124	-1.986398	0.175168	0.000050	0.493897
2.332725	-2.100923	0.180173	0.000049	0.493520
2.186411	-2.195066	0.185178	0.000075	0.493029
2.163003	-2.303053	0.190182	0.000080	0.492638
2.210980	-2.454251	0.195187	0.000071	0.492186
2.305896	-2.624645	0.200192	0.000054	0.491724
2.248307	-2.744835	0.205197	0.000064	0.491249
2.165949	-2.858916	0.210202	0.000079	0.490766
2.020000	-2.952774	0.215206	0.000105	0.490274
2.130599	-3.128348	0.220211	0.000085	0.489812
2.027765	-3.253263	0.225216	0.000103	0.489265
1.908423	-3.338197	0.230221	0.000125	0.488835
1.964176	-3.513854	0.235226	0.000114	0.488305
1.983874	-3.677841	0.240230	0.000111	0.487770
2.006713	-3.847189	0.245235	0.000107	0.487221
2.116124	-4.045388	0.250240	0.000087	0.486677
2.037084	-4.190286	0.255245	0.000101	0.486088
1.964622	-4.339264	0.260250	0.000114	0.485491
1.889205	-4.488887	0.265254	0.000127	0.484888
1.880516	-4.659122	0.270259	0.000129	0.484295
1.829533	-4.806508	0.275264	0.000138	0.483728
1.755364	-4.956849	0.280269	0.000151	0.483122
1.696810	-5.118778	0.285274	0.000162	0.482494
1.490495	-5.226882	0.290278	0.000199	0.481871
-0.548298	-4.666168	0.295283	0.000567	0.481327
-1.034858	-4.617254	0.300288	0.000655	0.480905
-1.609212	-4.519761	0.305293	0.000758	0.480543
-1.922092	-4.506324	0.310298	0.000815	0.480209
-2.123872	-4.528164	0.315302	0.000851	0.479888
-2.297084	-4.557962	0.320307	0.000882	0.479574
-2.726480	-4.497333	0.325312	0.000960	0.479260
-2.866723	-4.513346	0.330317	0.000985	0.479034
-3.073261	-4.513322	0.335322	0.001022	0.478782
-3.019589	-4.613336	0.340326	0.001012	0.478501
-3.556164	-4.500830	0.345331	0.001109	0.478236
-3.799545	-4.505354	0.350336	0.001153	0.477923
-3.948994	-4.512847	0.355341	0.001180	0.477714
-4.117972	-4.518349	0.360346	0.001210	0.477489
-4.429184	-4.463441	0.365350	0.001266	0.477299
-4.580980	-4.494724	0.370355	0.001294	0.477004
-4.770867	-4.481032	0.375360	0.001328	0.476819
-4.854378	-4.489272	0.380365	0.001343	0.476689
-5.295195	-4.429904	0.385370	0.001422	0.476355
-5.166381	-4.502995	0.390374	0.001399	0.476259
-5.549813	-4.432408	0.395379	0.001468	0.476034
-5.598642	-4.482348	0.400384	0.001477	0.475801
-5.595475	-4.509783	0.405389	0.001476	0.475710
-5.891664	-4.493334	0.410394	0.001530	0.475403
-5.982112	-4.495212	0.415398	0.001546	0.475286
-6.305412	-4.429852	0.420403	0.001604	0.475117
-6.476811	-4.432636	0.425408	0.001635	0.474896
-6.476526	-4.462904	0.430413	0.001635	0.474792
-6.457834	-4.540420	0.435418	0.001631	0.474544
-6.622708	-4.508266	0.440422	0.001661	0.474454
-7.086186	-4.424959	0.445427	0.001745	0.474174
-7.042882	-4.453711	0.450432	0.001737	0.474128
-7.391154	-4.394963	0.455437	0.001799	0.473904
-7.099325	-4.523250	0.460442	0.001747	0.473816
-7.511044	-4.454153	0.465446	0.001821	0.473550
-7.504775	-4.483279	0.470451	0.001820	0.473456
-7.802735	-4.437807	0.475456	0.001873	0.473248
-7.937663	-4.420466	0.480461	0.001898	0.473143
-8.206336	-4.384722	0.485466	0.001946	0.472936
-8.186460	-4.418565	0.490470	0.001942	0.472843
-8.474809	-4.376390	0.495475	0.001994	0.472635
-8.304188	-4.455012	0.500480	0.001963	0.472570
-8.807919	-4.356568	0.505485	0.002054	0.472293
-8.664928	-4.406752	0.510490	0.002028	0.472294
-9.073105	-4.351247	0.515494	0.002102	0.471984
-8.684577	-4.482865	0.520499	0.002031	0.472004
-9.173896	-4.401823	0.525504	0.002120	0.471682
-9.083119	-4.430571	0.530509	0.002103	0.471695
-9.393164	-4.409663	0.535514	0.002159	0.471384
-9.172480	-4.498320	0.540518	0.002119	0.471347
-9.737846	-4.385488	0.545523	0.002221	0.471042
-9.571352	-4.447994	0.550528	0.002191	0.471030
-10.130856	-4.337511	0.555533	0.002292	0.470724
-9.810701	-4.444836	0.560538	0.002234	0.470745
-10.062943	-4.442014	0.565542	0.002279	0.470441
-10.280728	-4.368438	0.570547	0.002319	0.470431
-10.444552	-4.386907	0.575552	0.002348	0.470162
-10.333656	-4.435844	0.580557	0.002328	0.470129
-10.724203	-4.374440	0.585562	0.002398	0.469860
-10.849206	-4.346740	0.590566	0.002421	0.469803
-10.967145	-4.358813	0.595571	0.002442	0.469614
-10.953647	-4.396785	0.600576	0.002439	0.469497
-11.040452	-4.411769	0.605581	0.002455	0.469336
-11.194627	-4.399158	0.610586	0.002483	0.469189
-11.416439	-4.357891	0.615590	0.002523	0.469059
-11.394838	-4.400353	0.620595	0.002519	0.468937
-11.706448	-4.332470	0.625600	0.002575	0.468789
-11.878999	-4.324943	0.630605	0.002606	0.468600
-11.705344	-4.411903	0.635610	0.002574	0.468510
-11.941561	-4.389592	0.640614	0.002617	0.468294
-12.065403	-4.376034	0.645619	0.002639	0.468188
-12.533005	-4.271595	0.650624	0.002723	0.467975
-12.419965	-4.315084	0.655629	0.002703	0.467963
-12.408917	-4.402596	0.660634	0.002701	0.467666
-12.559180	-4.351682	0.665638	0.002728	0.467660
-12.795545	-4.359594	0.670643	0.002770	0.467336
-12.817169	-4.352481	0.675648	0.002774	0.467335
-13.000369	-4.367117	0.680653	0.002807	0.467054
-13.095819	-4.343226	0.685658	0.002824	0.467020
-13.373060	-4.319321	0.690662	0.002874	0.466758
-13.312003	-4.352493	0.695667	0.002863	0.466718
-13.301331	-4.422520	0.700672	0.002861	0.466482
-13.469877	-4.381735	0.705677	0.002891	0.466417
-13.767196	-4.366152	0.710682	0.002945	0.466100
-13.762866	-4.374837	0.715686	0.002944	0.466075
-13.981040	-4.378062	0.720691	0.002983	0.465790
-13.874999	-4.426545	0.725696	0.002964	0.465751
-14.358877	-4.337144	0.730701	0.003051	0.465462
-14.549225	-4.275570	0.735706	0.003086	0.465443
-14.610390	-4.318124	0.740710	0.003097	0.465215
-14.615107	-4.333364	0.745715	0.003097	0.465155
-14.641740	-4.386328	0.750720	0.003102	0.464933
-14.878172	-4.331951	0.755725	0.003145	0.464831
-15.004970	-4.346888	0.760730	0.003167	0.464618
-15.202735	-4.306122	0.765734	0.003203	0.464515
-15.178226	-4.361833	0.770739	0.003198	0.464348
-15.476182	-4.297665	0.775744	0.003252	0.464202
-15.341254	-4.378283	0.780749	0.003228	0.464085
-15.649407	-4.306142	0.785754	0.003283	0.463955
-15.566403	-4.388218	0.790758	0.003268	0.463766
-16.176295	-4.214554	0.795763	0.003378	0.463619
-15.943809	-4.330591	0.800768	0.003336	0.463497
-16.232400	-4.284681	0.805773	0.003388	0.463298
-16.030326	-4.383203	0.810778	0.003351	0.463201
-16.410429	-4.309175	0.815782	0.003420	0.462986
-16.342392	-4.362431	0.820787	0.003407	0.462882
-16.609005	-4.322511	0.825792	0.003455	0.462689
-16.578302	-4.376575	0.830797	0.003450	0.462534
-16.867798	-4.321647	0.835802	0.003502	0.462366
-16.884105	-4.364321	0.840806	0.003505	0.462192
-17.075183	-4.335092	0.845811	0.003539	0.462056
-17.025815	-4.402330	0.850816	0.003530	0.461877
-17.303116	-4.343553	0.855821	0.003580	0.461738
-17.456174	-4.345222	0.860826	0.003608	0.461538
-17.583794	-4.329208	0.865830	0.003631	0.461435
-17.772866	-4.325728	0.870835	0.003665	0.461208
-17.976885	-4.280798	0.875840	0.003701	0.461111
-17.878984	-4.368679	0.880845	0.003684	0.460920
-18.250644	-4.269933	0.885850	0.003751	0.460804
-18.172251	-4.346351	0.890854	0.003736	0.460629
-18.268402	-4.354479	0.895859	0.003753	0.460478
-18.364504	-4.365958	0.900864	0.003771	0.460315
-18.762094	-4.265420	0.905869	0.003842	0.460173
-18.701081	-4.334413	0.910874	0.003831	0.460002
-18.829390	-4.329861	0.915878	0.003854	0.459856
-18.762762	-4.407368	0.920883	0.003842	0.459661
-19.006004	-4.350197	0.925888	0.003886	0.459559
-19.184953	-4.355844	0.930893	0.003918	0.459311
-19.313708	-4.328471	0.935898	0.003941	0.459246
-19.235882	-4.410879	0.940902	0.003927	0.459048
-19.636977	-4.284885	0.945907	0.003999	0.458993
-19.825146	-4.299742	0.950912	0.004033	0.458700
-19.624675	-4.382630	0.955917	0.003997	0.458656
-19.808092	-4.401135	0.960922	0.004030	0.458356
-19.985345	-4.354968	0.965926	0.004062	0.458297
-20.173981	-4.360253	0.970931	0.004096	0.458038
-20.130790	-4.401612	0.975936	0.004088	0.457944
-20.275307	-4.406635	0.980941	0.004114	0.457741
-20.608676	-4.345857	0.985946	0.004174	0.457536
-20.907952	-4.272128	0.990950	0.004228	0.457421
-20.882270	-4.319519	0.995955	0.004223	0.457282
-20.874739	-4.382991	1.000960	0.004222	0.457062

-21.277068	-4.316875	1.010957	0.004294	0.456788
-21.324566	-4.357344	1.020954	0.004302	0.456582
-21.524077	-4.315550	1.030950	0.004338	0.456479
-21.565958	-4.339344	1.040947	0.004346	0.456341
-21.909783	-4.272619	1.050944	0.004407	0.456144
-21.703770	-4.345062	1.060941	0.004370	0.456147
-21.916466	-4.270662	1.070938	0.004408	0.456146
-21.741087	-4.331091	1.080934	0.004376	0.456153
-21.937299	-4.263244	1.090931	0.004411	0.456150
-21.676184	-4.356691	1.100928	0.004364	0.456147
-21.921929	-4.272202	1.110925	0.004408	0.456141
-21.789484	-4.287521	1.120922	0.004384	0.456257
-21.747792	-4.241145	1.130918	0.004376	0.456482
-21.491445	-4.332728	1.140915	0.004329	0.456479
-21.765665	-4.237300	1.150912	0.004379	0.456477
-21.396038	-4.367531	1.160909	0.004312	0.456479
-21.771311	-4.234550	1.170906	0.004379	0.456483
-21.467234	-4.345365	1.180902	0.004324	0.456472
-21.488175	-4.278098	1.190899	0.004328	0.456692
-21.219020	-4.346969	1.200896	0.004279	0.456789
-21.337297	-4.307420	1.210893	0.004300	0.456783
-21.307379	-4.318110	1.220890	0.004294	0.456784
-21.374109	-4.295643	1.230886	0.004306	0.456782
-21.096768	-4.315745	1.240883	0.004256	0.457067
-21.082983	-4.311727	1.250880	0.004253	0.457101
-21.229234	-4.262155	1.260877	0.004279	0.457096
-21.161531	-4.287305	1.270874	0.004266	0.457093
-20.781570	-4.339402	1.280870	0.004197	0.457393
-20.928080	-4.284368	1.290867	0.004224	0.457407
-20.921108	-4.288771	1.300864	0.004222	0.457402
-20.812956	-4.327916	1.310861	0.004202	0.457400
-20.805178	-4.256494	1.320858	0.004201	0.457671
-20.638991	-4.299890	1.330854	0.004170	0.457729
-20.606511	-4.310407	1.340851	0.004164	0.457734
-20.562917	-4.327563	1.350848	0.004156	0.457729
-20.344878	-4.326019	1.360845	0.004116	0.458016
-20.361168	-4.316541	1.370842	0.004119	0.458031
-20.396873	-4.304618	1.380838	0.004125	0.458031
-20.446030	-4.287532	1.390835	0.004134	0.458032
-20.146576	-4.307235	1.400832	0.004080	0.458346
-20.079780	-4.328923	1.410829	0.004067	0.458354
-20.149542	-4.305401	1.420826	0.004080	0.458352
-20.238870	-4.266096	1.430822	0.004095	0.458382
-20.028704	-4.261888	1.440819	0.004057	0.458668
-19.966403	-4.285061	1.450816	0.004046	0.458666
-19.967223	-4.285298	1.460813	0.004046	0.458666
-19.621027	-4.348741	1.470810	0.003983	0.458880
-19.599760	-4.322895	1.480806	0.003979	0.459003
-19.617182	-4.318141	1.490803	0.003982	0.459000
-19.639393	-4.310296	1.500800	0.003985	0.459002
-19.704709	-4.276612	1.510797	0.003997	0.459042
-19.510400	-4.288446	1.520794	0.003961	0.459250
-19.488795	-4.298057	1.530790	0.003957	0.459244
-19.453551	-4.312208	1.540787	0.003951	0.459240
-19.360141	-4.264966	1.550784	0.003933	0.459532
-19.236600	-4.301819	1.560781	0.003911	0.459558
-19.164097	-4.328881	1.570778	0.003898	0.459555
-19.152706	-4.312739	1.580774	0.003895	0.459629
-19.014027	-4.301406	1.590771	0.003870	0.459849
-18.904217	-4.338803	1.600768	0.003850	0.459856
-18.845028	-4.361474	1.610765	0.003839	0.459851
-18.808897	-4.374221	1.620762	0.003832	0.459853
-18.624613	-4.381326	1.630758	0.003798	0.460064
-18.699445	-4.322556	1.640755	0.003812	0.460183
-18.725630	-4.312898	1.650752	0.003816	0.460187
-18.818152	-4.281646	1.660749	0.003833	0.460183
-18.698298	-4.241991	1.670746	0.003811	0.460481
-18.445369	-4.330344	1.680742	0.003765	0.460486
-18.336811	-4.370802	1.690739	0.003745	0.460480
-18.407670	-4.326797	1.700736	0.003757	0.460551
-18.155413	-4.349551	1.710733	0.003712	0.460792
-18.056833	-4.382573	1.720730	0.003693	0.460800
-18.189709	-4.336639	1.730726	0.003717	0.460798
-18.060375	-4.382193	1.740723	0.003694	0.460800
-17.942294	-4.385324	1.750720	0.003672	0.460941
-17.956087	-4.335632	1.760717	0.003674	0.461105
-18.083371	-4.290945	1.770714	0.003697	0.461106
-18.077989	-4.283241	1.780710	0.003696	0.461142
-17.679373	-4.343149	1.790707	0.003623	0.461435
-17.750791	-4.317964	1.800704	0.003636	0.461437
-17.760114	-4.313936	1.810701	0.003637	0.461441
-17.635242	-4.320859	1.820698	0.003615	0.461577
-17.471695	-4.332827	1.830694	0.003585	0.461744
-17.478960	-4.331877	1.840691	0.003586	0.461740
-17.692520	-4.258973	1.850688	0.003624	0.461733
-17.398310	-4.281258	1.860685	0.003571	0.462028
-17.312549	-4.305032	1.870682	0.003555	0.462053
-17.286572	-4.315597	1.880678	0.003550	0.462050
-17.224032	-4.305074	1.890675	0.003538	0.462169
-17.068640	-4.308373	1.900672	0.003510	0.462356
-17.074894	-4.306466	1.910669	0.003511	0.462357
-17.008120	-4.329872	1.920666	0.003499	0.462359
-16.848796	-4.331416	1.930662	0.003470	0.462558
-16.711683	-4.344801	1.940659	0.003445	0.462685
-16.805900	-4.311838	1.950656	0.003461	0.462686
-16.695172	-4.350132	1.960653	0.003441	0.462691
-16.732367	-4.320087	1.970650	0.003447	0.462753
-16.590673	-4.305873	1.980646	0.003422	0.462986
-16.604138	-4.300554	1.990643	0.003424	0.462990
-16.715865	-4.261830	2.000640	0.003444	0.462989
-16.335818	-4.308948	2.010637	0.003375	0.463303
-16.355053	-4.300016	2.020634	0.003378	0.463313
-16.240998	-4.340666	2.030630	0.003357	0.463313
-16.279911	-4.328453	2.040627	0.003364	0.463309
-16.035431	-4.337515	2.050624	0.003319	0.463588
-16.240449	-4.255893	2.060621	0.003356	0.463623
-15.964071	-4.353750	2.070618	0.003306	0.463624
-16.093741	-4.301851	2.080614	0.003329	0.463648
-15.681162	-4.361357	2.090611	0.003254	0.463958
-15.793015	-4.322852	2.100608	0.003274	0.463956
-15.728692	-4.346775	2.110605	0.003262	0.463954
-15.845722	-4.305606	2.120602	0.003283	0.463955
-15.600694	-4.363164	2.130598	0.003239	0.464060
-15.617962	-4.317117	2.140595	0.003242	0.464205
-15.762526	-4.267037	2.150592	0.003267	0.464204
-15.674493	-4.272675	2.160589	0.003251	0.464297
-15.329801	-4.332472	2.170586	0.003189	0.464520
-15.486117	-4.279013	2.180582	0.003217	0.464516
-15.338147	-4.332503	2.190579	0.003190	0.464513
-15.287645	-4.273069	2.200576	0.003180	0.464791
-15.115152	-4.325629	2.210573	0.003149	0.464823
-15.205018	-4.294681	2.220570	0.003165	0.464822
-15.036482	-4.324155	2.230566	0.003134	0.464931
-14.989805	-4.281268	2.240563	0.003125	0.465145
-14.905318	-4.309078	2.250560	0.003110	0.465154
-14.917557	-4.305399	2.260557	0.003112	0.465153
-14.742494	-4.327336	2.270554	0.003080	0.465297
-14.760581	-4.279328	2.280550	0.003083	0.465448
-14.548615	-4.354145	2.290547	0.003044	0.465450
-14.813342	-4.261671	2.300544	0.003092	0.465448
-14.446608	-4.329101	2.310541	0.003025	0.465671
-14.420252	-4.311730	2.320538	0.003020	0.465768
-14.453712	-4.299684	2.330534	0.003026	0.465771
-14.353235	-4.334134	2.340531	0.003008	0.465776
-14.235280	-4.324158	2.350528	0.002986	0.465962
-14.062480	-4.353832	2.360525	0.002955	0.466076
-14.227752	-4.295743	2.370522	0.002984	0.466077
-14.174637	-4.315597	2.380518	0.002974	0.466075
-14.066667	-4.311564	2.390515	0.002955	0.466227
-13.738528	-4.377191	2.400512	0.002895	0.466407
-13.863565	-4.332870	2.410509	0.002917	0.466410
-13.983454	-4.290649	2.420506	0.002939	0.466411
-13.892410	-4.287984	2.430502	0.002922	0.466537
-13.689566	-4.308298	2.440499	0.002885	0.466722
-13.789216	-4.274396	2.450496	0.002903	0.466719
-13.654056	-4.323920	2.460493	0.002878	0.466714
-13.535890	-4.292323	2.470490	0.002857	0.466977
-13.344029	-4.344128	2.480486	0.002822	0.467035
-13.407429	-4.323631	2.490483	0.002833	0.467030
-13.464996	-4.305871	2.500480	0.002843	0.467023
-13.343144	-4.275008	2.510477	0.002821	0.467288
-13.181658	-4.319091	2.520474	0.002791	0.467335
-13.228137	-4.303990	2.530470	0.002799	0.467333
-13.261689	-4.260394	2.540467	0.002805	0.467448
-12.997789	-4.293691	2.550464	0.002757	0.467662
-13.001335	-4.291989	2.560461	0.002758	0.467665
-13.118470	-4.251036	2.570458	0.002779	0.467666
-12.862249	-4.257741	2.580454	0.002732	0.467965
-12.832175	-4.269287	2.590451	0.002726	0.467964
-12.682480	-4.322310	2.600448	0.002699	0.467965
-12.703324	-4.302294	2.610445	0.002702	0.468011
-12.437102	-4.321130	2.620442	0.002654	0.468280
-12.505545	-4.295802	2.630438	0.002666	0.468286
-12.536411	-4.287098	2.640435	0.002671	0.468280
-12.507163	-4.284523	2.650432	0.002666	0.468328
-12.279925	-4.291645	2.660429	0.002625	0.468588
-12.215443	-4.312503	2.670426	0.002613	0.468597
-12.239780	-4.303603	2.680422	0.002617	0.468600
-12.286536	-4.262422	2.690419	0.002625	0.468689
-11.892848	-4.334344	2.700416	0.002554	0.468928
-12.049168	-4.279655	2.710413	0.002582	0.468929
-11.922186	-4.325892	2.720410	0.002558	0.468925
-11.985597	-4.300705	2.730406	0.002570	0.468937
-11.862473	-4.280474	2.740403	0.002547	0.469165
-11.766848	-4.310378	2.750400	0.002529	0.469180
-11.789150	-4.303572	2.760397	0.002533	0.469178
-11.707604	-4.308569	2.770394	0.002518	0.469264
-11.471697	-4.325646	2.780390	0.002475	0.469500
-11.583482	-4.288631	2.790387	0.002495	0.469493
-11.432108	-4.343038	2.800384	0.002468	0.469492
-11.442343	-4.332091	2.810381	0.002469	0.469519
-11.189591	-4.343215	2.820378	0.002423	0.469797
-11.209686	-4.338247	2.830374	0.002427	0.469792
-11.235683	-4.328947	2.840371	0.002431	0.469794
-11.035600	-4.400590	2.850368	0.002395	0.469792
-11.085421	-4.334868	2.860365	0.002403	0.469964
-10.862192	-4.370881	2.870362	0.002363	0.470117
-10.895893	-4.360169	2.880358	0.002369	0.470115
-10.870870	-4.370179	2.890355	0.002364	0.470112
-10.850481	-4.376843	2.900352	0.002360	0.470116
-10.695958	-4.368622	2.910349	0.002332	0.470339
-10.670523	-4.354552	2.920346	0.002327	0.470423
-10.534962	-4.403362	2.930342	0.002302	0.470421
-10.559751	-4.395968	2.940339	0.002306	0.470418
-10.595202	-4.381511	2.950336	0.002312	0.470427
-10.570218	-4.304459	2.960333	0.002308	0.470732
-10.347975	-4.382398	2.970330	0.002267	0.470735
-10.418623	-4.359448	2.980326	0.002280	0.470730
-10.270049	-4.366041	2.990323	0.002253	0.470894
-10.196905	-4.349249	3.000320	0.002239	0.471046
-10.083105	-4.390001	3.010317	0.002218	0.471045
-10.186719	-4.355155	3.020314	0.002237	0.471041
-9.946576	-4.390717	3.030310	0.002193	0.471216
-10.011480	-4.321933	3.040307	0.002205	0.471380
-9.760210	-4.410999	3.050304	0.002159	0.471380
-10.097317	-4.294213	3.060301	0.002220	0.471375
-9.813562	-4.323196	3.070298	0.002168	0.471627
-9.702779	-4.347214	3.080294	0.002148	0.471682
-9.623774	-4.375567	3.090291	0.002133	0.471682
-9.871314	-4.274606	3.100288	0.002178	0.471732
-9.636190	-4.283185	3.110285	0.002135	0.471996
-9.628599	-4.286488	3.120282	0.002133	0.471996
-9.510839	-4.288327	3.130278	0.002112	0.472137
-9.443722	-4.265733	3.140275	0.002099	0.472302
-9.323362	-4.308541	3.150272	0.002077	0.472302
-9.369383	-4.282058	3.160269	0.002085	0.472340
-9.172716	-4.269599	3.170266	0.002050	0.472630
-9.165220	-4.273556	3.180262	0.002048	0.472627
-9.155649	-4.276746	3.190259	0.002046	0.472630
-8.996431	-4.261858	3.200256	0.002017	0.472881
-8.909901	-4.279006	3.210253	0.002001	0.472930
-8.931327	-4.271936	3.220250	0.002005	0.472930
-8.840663	-4.271601	3.230246	0.001988	0.473045
-8.619893	-4.290178	3.240243	0.001948	0.473255
-8.759883	-4.241560	3.250240	0.001973	0.473255
-8.779994	-4.238479	3.260237	0.001976	0.473242
-8.603958	-4.224740	3.270234	0.001944	0.473511
-8.453998	-4.263371	3.280230	0.001917	0.473562
-8.493815	-4.247704	3.290227	0.001924	0.473570
-8.433268	-4.241862	3.300224	0.001913	0.473667
-8.420973	-4.181485	3.310221	0.001910	0.473896
-8.254089	-4.238441	3.320218	0.001880	0.473904
-8.350107	-4.179476	3.330214	0.001897	0.473994
-8.168536	-4.192447	3.340211	0.001864	0.474175
-8.350456	-4.132439	3.350208	0.001896	0.474163
-7.994872	-4.201678	3.360205	0.001832	0.474361
-8.052452	-4.148154	3.370202	0.001842	0.474479
-7.906720	-4.201508	3.380198	0.001815	0.474474
-7.886885	-4.182187	3.390195	0.001811	0.474568
-7.722614	-4.179548	3.400192	0.001781	0.474782
-7.642999	-4.209051	3.410189	0.001767	0.474779
-7.496485	-4.259736	3.420186	0.001740	0.474784
-7.592561	-4.195559	3.430182	0.001757	0.474892
-7.369484	-4.213883	3.440179	0.001717	0.475105
-7.308453	-4.235084	3.450176	0.001705	0.475108
-7.298157	-4.240155	3.460173	0.001703	0.475104
-7.252384	-4.255744	3.470170	0.001695	0.475108
-7.062882	-4.253560	3.480166	0.001660	0.475351
-7.028419	-4.250148	3.490163	0.001654	0.475408
-7.095167	-4.228846	3.500160	0.001665	0.475402
-7.023950	-4.253246	3.510157	0.001652	0.475406
-6.950768	-4.273455	3.520154	0.001639	0.475427
-6.797611	-4.245246	3.530150	0.001611	0.475716
-6.835154	-4.231791	3.540147	0.001617	0.475719
-6.850449	-4.226816	3.550144	0.001620	0.475719
-6.783088	-4.232549	3.560141	0.001607	0.475784
-6.609189	-4.224653	3.570138	0.001576	0.476028
-6.551682	-4.244420	3.580134	0.001565	0.476031
-6.561175	-4.241712	3.590131	0.001567	0.476031
-6.436554	-4.274909	3.600128	0.001544	0.476070
-6.370362	-4.214278	3.610125	0.001532	0.476365
-6.396131	-4.206696	3.620122	0.001536	0.476362
-6.223907	-4.266637	3.630118	0.001505	0.476366
-6.204201	-4.269587	3.640115	0.001501	0.476382
-6.032060	-4.248874	3.650112	0.001469	0.476668
-5.949644	-4.278729	3.660109	0.001454	0.476667
-6.048226	-4.244711	3.670106	0.001472	0.476666
-5.953694	-4.278410	3.680102	0.001454	0.476666
-5.951345	-4.226067	3.690099	0.001454	0.476854
-5.844275	-4.226686	3.700096	0.001434	0.476985
-5.734064	-4.265732	3.710093	0.001414	0.476986
-5.699666	-4.277654	3.720090	0.001407	0.476988
-5.722811	-4.209022	3.730086	0.001411	0.477201
-5.488868	-4.265872	3.740083	0.001369	0.477292
-5.619975	-4.219337	3.750080	0.001392	0.477295
-5.420885	-4.289013	3.760077	0.001356	0.477298
-5.349469	-4.249237	3.770074	0.001343	0.477526
-5.307380	-4.237820	3.780070	0.001335	0.477620
-5.340924	-4.226457	3.790067	0.001341	0.477620
-5.324487	-4.232002	3.800064	0.001337	0.477622
-5.339528	-4.146000	3.810061	0.001340	0.477905
-5.211625	-4.185260	3.820058	0.001317	0.477927
-5.293077	-4.130639	3.830054	0.001331	0.478019
-4.859873	-4.218699	3.840051	0.001252	0.478246
-5.006005	-4.168296	3.850048	0.001279	0.478244
-5.041489	-4.155260	3.860045	0.001285	0.478247
-4.870154	-4.126561	3.870042	0.001254	0.478559
-4.795416	-4.154417	3.880038	0.001240	0.478555
-4.828494	-4.142971	3.890035	0.001245	0.478556
-4.691201	-4.101776	3.900032	0.001220	0.478869
-4.660529	-4.106878	3.910029	0.001215	0.478891
-4.604016	-4.128402	3.920026	0.001204	0.478887
-4.540201	-4.088936	3.930022	0.001192	0.479104
-4.553672	-4.080447	3.940019	0.001194	0.479119
-4.590409	-4.038209	3.950016	0.001201	0.479222
-4.428157	-4.036490	3.960013	0.001171	0.479428
-4.482252	-4.014087	3.970010	0.001181	0.479442
-4.346988	-3.979370	3.980006	0.001156	0.479729
-4.221085	-4.025024	3.990003	0.001133	0.479726
-4.456755	-3.880351	4.000000	0.001175	0.479942
-4.202405	-3.939476	4.009997	0.001129	0.480049
-4.167501	-3.891823	4.019994	0.001123	0.480258
-4.127368	-3.878636	4.029990	0.001115	0.480355
-4.056666	-3.858750	4.039987	0.001102	0.480512
-4.013959	-3.827220	4.049984	0.001094	0.480675
-3.952906	-3.811077	4.059981	0.001083	0.480807
-4.041480	-3.729285	4.069978	0.001098	0.480983
-3.855666	-3.740080	4.079974	0.001065	0.481174
-3.814287	-3.714136	4.089971	0.001057	0.481316
-3.673683	-3.712660	4.099968	0.001031	0.481494
-3.700150	-3.667328	4.109965	0.001036	0.481620
-3.813443	-3.567782	4.119962	0.001056	0.481828
-3.660499	-3.591213	4.129958	0.001028	0.481935
-3.555053	-3.542833	4.139955	0.001009	0.482231
-3.435692	-3.568740	4.149952	0.000987	0.482289
-3.352276	-3.517238	4.159949	0.000971	0.482569
-3.319308	-3.511929	4.169946	0.000965	0.482630
-3.324058	-3.444119	4.179942	0.000966	0.482859
-3.267956	-3.425171	4.189939	0.000955	0.482994
-3.192554	-3.397946	4.199936	0.000942	0.483181
-3.108336	-3.367195	4.209933	0.000926	0.483391
-3.192241	-3.308921	4.219930	0.000941	0.483491
-3.080108	-3.253213	4.229926	0.000920	0.483820
-3.108397	-3.210566	4.239923	0.000925	0.483935
-3.039477	-3.191804	4.249920	0.000913	0.484084
-2.975963	-3.137559	4.259917	0.000901	0.484349
-3.014413	-3.075685	4.269914	0.000907	0.484517
-2.879494	-3.072120	4.279910	0.000883	0.484694
-2.855354	-2.987695	4.289907	0.000878	0.485014
-2.710067	-2.989553	4.299904	0.000852	0.485185
-2.648683	-2.970770	4.309901	0.000840	0.485325
-2.581751	-2.904521	4.319898	0.000828	0.485635
-2.514759	-2.888338	4.329894	0.000816	0.485773
-2.468253	-2.852476	4.339891	0.000807	0.485953
-2.478014	-2.763827	4.349888	0.000808	0.486247
-2.328101	-2.769336	4.359885	0.000781	0.486410
-2.319819	-2.721159	4.369882	0.000779	0.486586
-2.155014	-2.694196	4.379878	0.000749	0.486879
-2.050616	-2.697281	4.389875	0.000730	0.486996
-1.860533	-2.702832	4.399872	0.000695	0.487207
-1.773087	-2.698729	4.409869	0.000679	0.487328
-1.679847	-2.671385	4.419866	0.000662	0.487535
-1.735540	-2.621428	4.429862	0.000672	0.487640
-1.619943	-2.605522	4.439859	0.000651	0.487835
-1.486227	-2.620750	4.449856	0.000627	0.487945
-1.577248	-2.528723	4.459853	0.000643	0.488151
-1.491104	-2.509873	4.469850	0.000627	0.488321
-1.530779	-2.452160	4.479846	0.000634	0.488471
-1.406677	-2.412609	4.489843	0.000611	0.488757
-1.441550	-2.373013	4.499840	0.000617	0.488851
-1.341098	-2.347478	4.509837	0.000599	0.489060
-1.337421	-2.298615	4.519834	0.000598	0.489232
-1.292122	-2.271576	4.529830	0.000589	0.489380
-1.270875	-2.196295	4.539827	0.000585	0.489663
-1.083722	-2.207285	4.549824	0.000551	0.489851
-1.178934	-2.125799	4.559821	0.000568	0.490016
-1.133798	-2.060728	4.569818	0.000560	0.490292
-1.221119	-1.966245	4.579814	0.000575	0.490510
-1.170889	-1.911283	4.589811	0.000566	0.490758
-1.093804	-1.866484	4.599808	0.000552	0.491003
-0.959731	-1.840769	4.609805	0.000527	0.491252
-0.931500	-1.763712	4.619802	0.000522	0.491548
-0.868632	-1.715786	4.629798	0.000510	0.491787
-0.846322	-1.657722	4.639795	0.000506	0.492012
-0.685501	-1.644541	4.649792	0.000476	0.492249
-0.823652	-1.516291	4.659789	0.000501	0.492520
-0.858203	-1.422703	4.669786	0.000507	0.492796
-0.646627	-1.401749	4.679782	0.000469	0.493120
-0.537148	-1.365867	4.689779	0.000449	0.493373
-0.550786	-1.287219	4.699776	0.000451	0.493623
-0.576656	-1.199350	4.709773	0.000455	0.493890
-0.592095	-1.109816	4.719770	0.000458	0.494175
-0.561437	-1.034777	4.729766	0.000452	0.494465
-0.484331	-0.971586	4.739763	0.000438	0.494771
-0.446463	-0.892502	4.749760	0.000431	0.495083
-0.343022	-0.837462	4.759757	0.000412	0.495392
-0.459999	-0.699072	4.769754	0.000432	0.495720
-0.373708	-0.629955	4.779750	0.000417	0.496055
-0.478435	-0.485822	4.789747	0.000435	0.496416
-0.302883	-0.444355	4.799744	0.000403	0.496764
-0.397661	-0.305701	4.809741	0.000420	0.497117
-0.256285	-0.232251	4.819738	0.000394	0.497531
-0.294565	-0.111312	4.829734	0.000401	0.497892
-0.181628	-0.044209	4.839731	0.000380	0.498250
-0.251296	0.099826	4.849728	0.000393	0.498651
0.000000	0.082986	4.859725	0.000347	0.498891

0.034881	0.204374	4.864730	0.000340	0.499337
-0.316922	0.615984	4.869734	0.000404	0.500295
-0.169961	0.994201	4.874739	0.000377	0.501723
0.068576	1.474163	4.879744	0.000334	0.503589
-0.002544	2.193543	4.884749	0.000346	0.505877
0.197071	2.946205	4.889754	0.000310	0.508575
0.174402	3.894340	4.894758	0.000314	0.511640
0.236915	4.931000	4.899763	0.000303	0.515070
0.472432	6.019963	4.904768	0.000260	0.518840
0.504874	7.277776	4.909773	0.000254	0.522892
0.792831	8.568463	4.914778	0.000201	0.527300
0.874531	10.023970	4.919782	0.000186	0.531960
1.039083	11.558529	4.924787	0.000156	0.536914
1.075960	13.224244	4.929792	0.000149	0.542088
1.086057	14.997978	4.934797	0.000147	0.547513
1.184589	16.827689	4.939802	0.000129	0.553145
1.369250	18.709593	4.944806	0.000096	0.558967
1.481076	20.701177	4.949811	0.000075	0.564976
1.654606	22.755294	4.954816	0.000043	0.571167
1.850715	24.878820	4.959821	0.000008	0.577514
1.880432	27.142193	4.964826	0.000002	0.584023
2.058714	29.420707	4.969830	-0.000031	0.590651
2.191882	31.787774	4.974835	-0.000055	0.597407
2.309722	34.219047	4.979840	-0.000077	0.604249
2.546321	36.675411	4.984845	-0.000120	0.611197
2.569481	39.268078	4.989850	-0.000124	0.618231
2.579351	41.922921	4.994854	-0.000126	0.625339
2.714924	44.584929	4.999859	-0.000151	0.632502
2.795968	47.323746	5.004864	-0.000166	0.639735
2.944300	50.073170	5.009869	-0.000194	0.646974
3.177503	52.859088	5.014874	-0.000236	0.654302
3.207579	55.745949	5.019878	-0.000242	0.661623
3.365956	58.642835	5.024883	-0.000271	0.669001
3.498447	61.585056	5.029888	-0.000295	0.676387
3.805759	64.504447	5.034893	-0.000351	0.683787
3.793073	67.552383	5.039898	-0.000349	0.691147
4.003630	70.570853	5.044902	-0.000388	0.698546
4.057427	73.660837	5.049907	-0.000398	0.705906
4.094205	76.794063	5.054912	-0.000405	0.713277
4.472898	79.817924	5.059917	-0.000474	0.720596
4.531425	82.987498	5.064922	-0.000485	0.727919
4.593157	86.177378	5.069926	-0.000496	0.735217
4.790069	89.340256	5.074931	-0.000532	0.742488
4.796311	92.579494	5.079936	-0.000534	0.749711
5.147395	95.729164	5.084941	-0.000598	0.756932
5.157520	98.992024	5.089946	-0.000600	0.764073
5.449981	102.178674	5.094950	-0.000653	0.771195
5.611077	105.426279	5.099955	-0.000683	0.778285
5.641696	108.724297	5.104960	-0.000689	0.785320
5.824062	111.980309	5.109965	-0.000722	0.792316
6.028987	115.228580	5.114970	-0.000759	0.799251
6.091921	118.530716	5.119974	-0.000771	0.806136
6.245210	121.825664	5.124979	-0.000799	0.813011
6.278199	125.142445	5.129984	-0.000806	0.819788
6.408899	128.444732	5.134989	-0.000830	0.826549
6.536959	131.749758	5.139994	-0.000853	0.833259
6.738344	135.012373	5.144998	-0.000890	0.839882
6.945636	138.279323	5.150003	-0.000928	0.846465
7.064021	141.585839	5.155008	-0.000950	0.853014
7.199997	144.876178	5.160013	-0.000975	0.859494
7.334168	148.173606	5.165018	-0.000999	0.865937
7.398740	151.487770	5.170022	-0.001011	0.872319
7.727514	154.715702	5.175027	-0.001071	0.878665
7.768720	158.029103	5.180032	-0.001079	0.884939
7.924896	161.312748	5.185037	-0.001108	0.891187
8.146202	164.568957	5.190042	-0.001148	0.897382
8.182169	167.888214	5.195046	-0.001155	0.903533
8.314748	171.170624	5.200051	-0.001179	0.909636
8.618274	174.390524	5.205056	-0.001235	0.915692
8.487452	177.740397	5.210061	-0.001212	0.921671
8.846185	180.939022	5.215066	-0.001277	0.927645
8.890998	184.231980	5.220070	-0.001285	0.933555
8.892612	187.518991	5.225075	-0.001286	0.939391
9.135623	190.740474	5.230080	-0.001330	0.945222
9.311676	193.974815	5.235085	-0.001363	0.951000
9.531171	197.193953	5.240090	-0.001403	0.956742
9.581096	200.456925	5.245094	-0.001412	0.962424
9.748144	203.676577	5.250099	-0.001443	0.968068
9.972100	206.893936	5.255104	-0.001484	0.973709
10.029110	210.131349	5.260109	-0.001494	0.979254
10.199810	213.354161	5.265114	-0.001525	0.984809
10.459353	216.534368	5.270118	-0.001573	0.990313
10.638437	219.753061	5.275123	-0.001606	0.995804
10.817560	222.951171	5.280128	-0.001638	1.001230
10.893807	226.179630	5.285133	-0.001653	1.006619
10.898265	229.432093	5.290138	-0.001654	1.011978
11.056938	232.622507	5.295142	-0.001683	1.017295
11.242400	235.788048	5.300147	-0.001717	1.022558
11.480628	238.955540	5.305152	-0.001760	1.027827
11.579008	242.157117	5.310157	-0.001778	1.033046
11.699596	245.330964	5.315162	-0.001801	1.038206
11.739287	248.554166	5.320166	-0.001808	1.043376
12.038830	251.670563	5.325171	-0.001863	1.048492
12.187713	254.857307	5.330176	-0.001890	1.053613
12.232967	258.054820	5.335181	-0.001899	1.058669
12.507376	261.172643	5.340186	-0.001949	1.063701
12.563698	264.379557	5.345190	-0.001959	1.068730
12.598968	267.576077	5.350195	-0.001966	1.073709
12.874124	270.683204	5.355200	-0.002016	1.078654
13.097025	273.807417	5.360205	-0.002057	1.083575
13.165526	276.989687	5.365210	-0.002070	1.088481
13.408033	280.120298	5.370214	-0.002114	1.093378
13.394122	283.302347	5.375219	-0.002112	1.098197
13.532582	286.457399	5.380224	-0.002137	1.103033
13.704552	289.591249	5.385229	-0.002169	1.107834
13.893094	292.716265	5.390234	-0.002203	1.112609
14.210513	295.796568	5.395238	-0.002261	1.117364
14.223399	298.972943	5.400243	-0.002264	1.122085
14.409067	302.094323	5.405248	-0.002297	1.126793
14.540626	305.249731	5.410253	-0.002322	1.131504
14.574784	308.401110	5.415258	-0.002328	1.136140
14.827151	311.495560	5.420262	-0.002374	1.140784
14.866536	314.657083	5.425267	-0.002382	1.145400
14.904411	317.818507	5.430272	-0.002389	1.149997
15.112346	320.929764	5.435277	-0.002427	1.154587
15.147621	324.052901	5.440282	-0.002434	1.159092
15.459603	327.122734	5.445286	-0.002491	1.163638
15.499428	330.267946	5.450291	-0.002498	1.168141
15.559685	333.410711	5.455296	-0.002509	1.172633
15.811675	336.474626	5.460301	-0.002555	1.177089
15.950237	339.584112	5.465306	-0.002581	1.181538
15.843643	342.773709	5.470310	-0.002562	1.185965
16.042095	345.867921	5.475315	-0.002598	1.190387
16.132105	348.968404	5.480320	-0.002615	1.194751
16.162380	352.109697	5.485325	-0.002621	1.199127
16.307150	355.191986	5.490330	-0.002647	1.203460
16.350448	358.321544	5.495334	-0.002656	1.207794
16.605075	361.381745	5.500339	-0.002702	1.212117
16.632093	364.497146	5.505344	-0.002707	1.216393
16.644196	367.629227	5.510349	-0.002710	1.220671
16.919422	370.675882	5.515354	-0.002760	1.224939
17.117483	373.754764	5.520358	-0.002796	1.229201
17.116215	376.902350	5.525363	-0.002796	1.233448
17.446852	379.914953	5.530368	-0.002856	1.237652
17.389923	383.066010	5.535373	-0.002847	1.241850
17.609428	386.120540	5.540378	-0.002887	1.246031
17.950925	389.151304	5.545382	-0.002949	1.250221
17.880457	392.305647	5.550387	-0.002936	1.254375
18.078188	395.377166	5.555392	-0.002973	1.258527
18.142635	398.486189	5.560397	-0.002985	1.262654
18.469126	401.511855	5.565402	-0.003044	1.266776
18.633082	404.605731	5.570406	-0.003074	1.270901
18.699422	407.706048	5.575411	-0.003086	1.274978
18.761596	410.805000	5.580416	-0.003098	1.279038
18.874038	413.903528	5.585421	-0.003119	1.283107
18.902797	417.004720	5.590426	-0.003124	1.287130
19.184214	420.057186	5.595430	-0.003176	1.291188
19.273322	423.131231	5.600435	-0.003192	1.295177
19.443806	426.212651	5.605440	-0.003223	1.299199
19.568946	429.292251	5.610445	-0.003246	1.303186
19.726351	432.369373	5.615450	-0.003275	1.307172
19.971553	435.430692	5.620454	-0.003320	1.311164
20.035437	438.531350	5.625459	-0.003332	1.315115
20.128174	441.622199	5.630464	-0.003349	1.319054
20.287026	444.685296	5.635469	-0.003378	1.322975
20.501371	447.728308	5.640474	-0.003417	1.326883
20.602209	450.826623	5.645478	-0.003436	1.330800
20.607380	453.920747	5.650483	-0.003437	1.334660
20.704533	457.006355	5.655488	-0.003455	1.338537
20.848219	460.075289	5.660493	-0.003481	1.342402
20.985771	463.128757	5.665498	-0.003507	1.346234
21.057332	466.227907	5.670502	-0.003520	1.350083
20.956176	469.348070	5.675507	-0.003502	1.353876
21.229415	472.357350	5.680512	-0.003552	1.357678
21.400428	475.417791	5.685517	-0.003583	1.361489
21.417997	478.494819	5.690522	-0.003587	1.365247
21.763505	481.512205	5.695526	-0.003650	1.369056
21.703151	484.628745	5.700531	-0.003639	1.372809
21.863456	487.672912	5.705536	-0.003669	1.376554
21.987749	490.739541	5.710541	-0.003691	1.380301
22.212221	493.765435	5.715546	-0.003732	1.384030
22.231099	496.883432	5.720550	-0.003736	1.387776
22.434182	499.932345	5.725555	-0.003773	1.391504
22.599019	502.955387	5.730560	-0.003803	1.395175
22.798010	506.015911	5.735565	-0.003840	1.398895
22.811366	509.102930	5.740570	-0.003843	1.402562
23.218512	512.085616	5.745574	-0.003917	1.406254
23.092225	515.228619	5.750579	-0.003894	1.409912
23.196686	518.286676	5.755584	-0.003913	1.413553
23.265929	521.376856	5.760589	-0.003926	1.417208
23.521428	524.385059	5.765594	-0.003973	1.420831
23.691522	527.435484	5.770598	-0.004004	1.424461
23.765020	530.532458	5.775603	-0.004018	1.428098
23.780177	533.621683	5.780608	-0.004021	1.431693
24.062228	536.605605	5.785613	-0.004072	1.435262
24.078390	539.696371	5.790618	-0.004076	1.438842
24.311624	542.723814	5.795622	-0.004118	1.442424
24.460200	545.782214	5.800627	-0.004145	1.446000
24.700046	548.804827	5.805632	-0.004189	1.449562
24.921947	551.844976	5.810637	-0.004230	1.453128
24.812230	554.989006	5.815642	-0.004210	1.456676
24.825907	558.062479	5.820646	-0.004213	1.460182
25.187185	561.061183	5.825651	-0.004279	1.463728
25.192425	564.151034	5.830656	-0.004280	1.467234
25.582903	567.139322	5.835661	-0.004351	1.470762
25.649548	570.203895	5.840666	-0.004363	1.474245
25.740333	573.275035	5.845670	-0.004380	1.477736
25.877676	576.329830	5.850675	-0.004405	1.481218
25.863445	579.418957	5.855680	-0.004403	1.484674
26.030329	582.449614	5.860685	-0.004434	1.488124
26.138657	585.527428	5.865690	-0.004454	1.491597
26.134292	588.579929	5.870694	-0.004453	1.494991
26.318538	591.629077	5.875699	-0.004487	1.498445
26.395312	594.689984	5.880704	-0.004501	1.501863
26.577196	597.716923	5.885709	-0.004535	1.505275
26.732217	600.769399	5.890714	-0.004563	1.508698
26.709964	603.860895	5.895718	-0.004559	1.512090
26.832338	606.883840	5.900723	-0.004582	1.515453
27.110665	609.878256	5.905728	-0.004633	1.518834
27.235181	612.915479	5.910733	-0.004655	1.522198
27.212946	616.028269	5.915738	-0.004652	1.525583
27.400960	619.040571	5.920742	-0.004686	1.528929
27.488512	622.107776	5.925747	-0.004702	1.532290
27.565136	625.174338	5.930752	-0.004717	1.535639
27.686590	628.200725	5.935757	-0.004739	1.538953
27.680638	631.298919	5.940762	-0.004738	1.542292
27.819481	634.341810	5.945766	-0.004764	1.545616
27.943810	637.369005	5.950771	-0.004787	1.548911
28.162321	640.385612	5.955776	-0.004827	1.552221
28.252934	643.422451	5.960781	-0.004843	1.555500
28.299460	646.490742	5.965786	-0.004852	1.558791
28.346158	649.552289	5.970790	-0.004861	1.562067
28.472328	652.587774	5.975795	-0.004884	1.565336
28.898910	655.539586	5.980800	-0.004962	1.568617
28.988721	658.596164	5.985805	-0.004978	1.571882
29.055425	661.660660	5.990810	-0.004991	1.575141
29.040645	664.747433	5.995814	-0.004988	1.578388
29.175659	667.782193	6.000819	-0.005013	1.581626
29.443680	670.789281	6.005824	-0.005062	1.584875
29.540722	673.844460	6.010829	-0.005080	1.588108
29.591650	676.923089	6.015834	-0.005090	1.591343
29.590511	679.959567	6.020838	-0.005090	1.594509
29.947504	682.935366	6.025843	-0.005155	1.597730
29.943896	686.028350	6.030848	-0.005154	1.600942
29.999057	689.074993	6.035853	-0.005165	1.604119
30.008250	692.153723	6.040858	-0.005167	1.607307
30.247129	695.173463	6.045862	-0.005210	1.610507
30.170992	698.229588	6.050867	-0.005197	1.613630
30.225803	701.302937	6.055872	-0.005207	1.616810
30.208010	704.374211	6.060877	-0.005205	1.619956
30.307885	707.398204	6.065882	-0.005223	1.623088
30.395934	710.440603	6.070886	-0.005239	1.626229
30.476842	713.494539	6.075891	-0.005254	1.629373
30.634550	716.501204	6.080896	-0.005283	1.632489
30.878430	719.498389	6.085901	-0.005328	1.635618
30.848941	722.553315	6.090906	-0.005323	1.638708
31.040807	725.575965	6.095910	-0.005358	1.641834
31.137640	728.610971	6.100915	-0.005376	1.644934
31.235771	731.632301	6.105920	-0.005394	1.648015
31.268681	734.696476	6.110925	-0.005400	1.651112
31.388484	737.718234	6.115930	-0.005422	1.654189
31.330143	740.793923	6.120934	-0.005412	1.657255
31.696447	743.773620	6.125939	-0.005479	1.660361
31.672570	746.818525	6.130944	-0.005475	1.663396
31.856876	749.852909	6.135949	-0.005508	1.666485
31.959015	752.897011	6.140954	-0.005527	1.669550
32.166250	755.871340	6.145958	-0.005565	1.672575
32.132815	758.964592	6.150963	-0.005559	1.675633
32.151692	762.009116	6.155968	-0.005563	1.678654
32.208044	765.060514	6.160973	-0.005574	1.681690
32.567792	768.033768	6.165978	-0.005639	1.684741
32.552417	771.093045	6.170982	-0.005637	1.687750
32.515486	774.202066	6.175987	-0.005631	1.690795
32.727973	777.164022	6.180992	-0.005669	1.693771
32.662558	780.243574	6.185997	-0.005658	1.696768
32.849307	783.279083	6.191002	-0.005692	1.699797
32.938214	786.284388	6.196006	-0.005709	1.702760
32.996468	789.354793	6.201011	-0.005719	1.705771
33.184962	792.380371	6.206016	-0.005754	1.708775
33.295215	795.369297	6.211021	-0.005774	1.711714
33.357688	798.457172	6.216026	-0.005786	1.714727
33.357130	801.472478	6.221030	-0.005786	1.717646
33.490557	804.515278	6.226035	-0.005811	1.720628
33.615513	807.521697	6.231040	-0.005834	1.723568
33.700248	810.551925	6.236045	-0.005849	1.726512
33.729055	813.631951	6.241050	-0.005855	1.729482
33.891102	816.616337	6.246054	-0.005885	1.732397
33.952412	819.660180	6.251059	-0.005896	1.735332
34.043664	822.715884	6.256064	-0.005913	1.738283
34.342120	825.656249	6.261069	-0.005967	1.741184
34.290650	828.771241	6.266074	-0.005958	1.744137
34.412236	831.782439	6.271078	-0.005981	1.747041
34.581652	834.803758	6.276083	-0.006012	1.749964
34.608535	837.841438	6.281088	-0.006017	1.752853
34.655263	840.889356	6.286093	-0.006026	1.755753
34.768388	843.904371	6.291098	-0.006047	1.758638
35.030488	846.894112	6.296102	-0.006095	1.761541
35.083858	849.931028	6.301107	-0.006105	1.764419
35.245147	852.965644	6.306112	-0.006134	1.767323
35.279903	856.020036	6.311117	-0.006141	1.770202
35.501104	859.007856	6.316122	-0.006181	1.773071
35.594918	862.060580	6.321126	-0.006198	1.775957
35.807044	865.058873	6.326131	-0.006237	1.778824
35.869725	868.114579	6.331136	-0.006249	1.781694
36.074222	871.133887	6.336141	-0.006286	1.784568
36.228130	874.148546	6.341146	-0.006314	1.787419
36.410026	877.186737	6.346150	-0.006348	1.790295
36.580460	880.152452	6.351155	-0.006379	1.793096
36.639531	883.241189	6.356160	-0.006390	1.795972
36.732968	886.270939	6.361165	-0.006407	1.798800
36.901439	889.279993	6.366170	-0.006438	1.801627
36.948992	892.358480	6.371174	-0.006447	1.804477
36.952951	895.404119	6.376179	-0.006448	1.807280
37.123379	898.418696	6.381184	-0.006479	1.810099
37.089666	901.471135	6.386189	-0.006474	1.812888
37.276439	904.477824	6.391194	-0.006508	1.815696
37.292266	907.549151	6.396198	-0.006511	1.818508
37.474444	910.530771	6.401203	-0.006544	1.821283
37.481935	913.621841	6.406208	-0.006546	1.824102
37.798015	916.559090	6.411213	-0.006604	1.826868
37.869942	919.625434	6.416218	-0.006617	1.829675
38.002145	922.604044	6.421222	-0.006641	1.832416
37.921057	925.704608	6.426227	-0.006627	1.835200
38.284374	928.636821	6.431232	-0.006693	1.837959
38.424843	931.680639	6.436237	-0.006719	1.840748
38.294284	934.775589	6.441242	-0.006696	1.843500
38.563582	937.764103	6.446246	-0.006745	1.846269
38.737246	940.805239	6.451251	-0.006777	1.849054
38.799856	943.803802	6.456256	-0.006788	1.851763
39.016092	946.830080	6.461261	-0.006828	1.854539
39.246858	949.817556	6.466266	-0.006870	1.857279
39.282001	952.882407	6.471270	-0.006877	1.860028
39.584838	955.862779	6.476275	-0.006932	1.862775
39.529580	958.961555	6.481280	-0.006922	1.865519
39.712144	961.985383	6.486285	-0.006955	1.868262
39.865486	964.977351	6.491290	-0.006984	1.870964
39.893699	968.033710	6.496294	-0.006989	1.873683
40.038580	971.044165	6.501299	-0.007016	1.876391
40.239779	974.074364	6.506304	-0.007052	1.879129
40.327564	977.071931	6.511309	-0.007069	1.881801
40.232702	980.196954	6.516314	-0.007052	1.884530
40.395085	983.192544	6.521318	-0.007082	1.887214
40.431652	986.248707	6.526323	-0.007089	1.889912
40.616832	989.214172	6.531328	-0.007123	1.892569
40.787274	992.232873	6.536333	-0.007154	1.895264
41.021253	995.234883	6.541338	-0.007196	1.897959
41.180810	998.241444	6.546342	-0.007226	1.900633
41.275162	1001.297763	6.551347	-0.007243	1.903328
41.282170	1004.360378	6.556352	-0.007245	1.906001
41.452225	1007.393965	6.561357	-0.007276	1.908690
41.541568	1010.383096	6.566362	-0.007292	1.911314
41.824233	1013.366645	6.571366	-0.007344	1.913984
42.041932	1016.361107	6.576371	-0.007384	1.916641
42.109353	1019.421919	6.581376	-0.007396	1.919310
42.400252	1022.395555	6.586381	-0.007449	1.921962
42.514699	1025.449244	6.591386	-0.007470	1.924631
42.623247	1028.510958	6.596390	-0.007490	1.927301
42.642373	1031.562831	6.601395	-0.007494	1.929934
42.822001	1034.565124	6.606400	-0.007527	1.932565
43.077285	1037.543044	6.611405	-0.007573	1.935193
43.077644	1040.631561	6.616410	-0.007574	1.937842
43.150707	1043.650528	6.621414	-0.007587	1.940447
43.176434	1046.734329	6.626419	-0.007593	1.943092
43.421516	1049.708169	6.631424	-0.007637	1.945699
43.531707	1052.756683	6.636429	-0.007658	1.948329
43.687896	1055.758813	6.641434	-0.007686	1.950929
43.916561	1058.758248	6.646438	-0.007728	1.953543
44.046021	1061.756605	6.651443	-0.007752	1.956125
44.072812	1064.833269	6.656448	-0.007757	1.958742
44.203077	1067.812754	6.661453	-0.007781	1.961302
44.151881	1070.920451	6.666458	-0.007772	1.963918
44.501918	1073.857655	6.671462	-0.007836	1.966495
44.606059	1076.893840	6.676467	-0.007855	1.969085
44.779132	1079.893037	6.681472	-0.007886	1.971659
44.853490	1082.941873	6.686477	-0.007900	1.974245
45.022195	1085.926180	6.691482	-0.007931	1.976799
45.313251	1088.938823	6.696486	-0.007984	1.979407
45.216795	1092.024596	6.701491	-0.007967	1.981968
45.367316	1095.051505	6.706496	-0.007995	1.984542
45.460291	1098.088555	6.711501	-0.008012	1.987107
45.590397	1101.079333	6.716506	-0.008036	1.989639
45.753370	1104.082753	6.721510	-0.008066	1.992188
45.840713	1107.120723	6.726515	-0.008082	1.994741
45.925018	1110.147648	6.731520	-0.008097	1.997282
45.870951	1113.232938	6.736525	-0.008088	1.999831
45.962128	1116.233465	6.741530	-0.008105	2.002345
45.999714	1119.284560	6.746534	-0.008112	2.004883
46.155264	1122.301798	6.751539	-0.008141	2.007422
46.221172	1125.289260	6.756544	-0.008153	2.009909
46.410749	1128.308267	6.761549	-0.008188	2.012452
46.442926	1131.339276	6.766554	-0.008194	2.014959
46.565354	1134.360028	6.771558	-0.008216	2.017479
46.779024	1137.353953	6.776563	-0.008255	2.019998
46.700147	1140.426172	6.781568	-0.008241	2.022501
47.037397	1143.390012	6.786573	-0.008303	2.025021
47.203423	1146.409543	6.791578	-0.008333	2.027539
47.297927	1149.410324	6.796582	-0.008351	2.030019
47.497903	1152.428374	6.801587	-0.008387	2.032538
47.381399	1155.483507	6.806592	-0.008367	2.035002
47.513858	1158.527054	6.811597	-0.008391	2.037519
47.643431	1161.524145	6.816602	-0.008415	2.039993
47.785216	1164.538914	6.821606	-0.008441	2.042482
47.936385	1167.573484	6.826611	-0.008468	2.044987
48.074257	1170.564695	6.831616	-0.008494	2.047449
48.235936	1173.565493	6.836621	-0.008523	2.049923
48.228120	1176.631499	6.841626	-0.008522	2.052403
48.306700	1179.648976	6.846630	-0.008537	2.054863
48.607810	1182.641080	6.851635	-0.008592	2.057356
48.727588	1185.644703	6.856640	-0.008614	2.059809
48.737239	1188.720350	6.861645	-0.008616	2.062290
48.910461	1191.727116	6.866650	-0.008648	2.064753
48.985635	1194.761154	6.871654	-0.008662	2.067211
49.026638	1197.794135	6.876659	-0.008669	2.069656
49.044108	1200.821834	6.881664	-0.008673	2.072088
49.345032	1203.782185	6.886669	-0.008728	2.074535
49.385844	1206.830938	6.891674	-0.008735	2.076984
49.721753	1209.778685	6.896678	-0.008797	2.079424
49.868562	1212.815146	6.901683	-0.008823	2.081884
49.829151	1215.879475	6.906688	-0.008817	2.084316
49.895282	1218.930563	6.911693	-0.008829	2.086762
50.035728	1221.929681	6.916698	-0.008855	2.089182
50.135736	1224.929437	6.921702	-0.008873	2.091590
50.270706	1227.963955	6.926707	-0.008898	2.094031
50.488583	1230.957881	6.931712	-0.008938	2.096458
50.612999	1233.980064	6.936717	-0.008961	2.098881
50.741653	1237.005450	6.941722	-0.008984	2.101305
50.821637	1240.045059	6.946726	-0.008999	2.103725
50.901651	1243.077903	6.951731	-0.009014	2.106137
51.171313	1246.066753	6.956736	-0.009063	2.108559
51.182199	1249.076128	6.961741	-0.009066	2.110930
51.381294	1252.089985	6.966746	-0.009102	2.113349
51.454737	1255.095794	6.971750	-0.009116	2.115727
51.638110	1258.129037	6.976755	-0.009149	2.118151
51.635489	1261.167191	6.981760	-0.009149	2.120530
51.614802	1264.246003	6.986765	-0.009146	2.122934
51.880037	1267.192036	6.991770	-0.009194	2.125302
52.031941	1270.242496	6.996774	-0.009222	2.127721
52.317942	1273.150428	7.001779	-0.009274	2.130059
52.339230	1276.252509	7.006784	-0.009278	2.132481
52.578239	1279.211956	7.011789	-0.009322	2.134842
52.766527	1282.253907	7.016794	-0.009356	2.137252
52.933474	1285.215979	7.021798	-0.009387	2.139593
53.195849	1288.258260	7.026803	-0.009435	2.142016
53.306352	1291.283013	7.031808	-0.009455	2.144386
53.589846	1294.296850	7.036813	-0.009507	2.146787
53.476890	1297.354176	7.041818	-0.009487	2.149122
53.550376	1300.386418	7.046822	-0.009500	2.151481
53.760811	1303.385605	7.051827	-0.009539	2.153845
53.943065	1306.399294	7.056832	-0.009572	2.156211
53.960241	1309.450858	7.061837	-0.009575	2.158563
54.159845	1312.444121	7.066842	-0.009612	2.160912
54.277188	1315.480439	7.071846	-0.009633	2.163272
54.325647	1318.535265	7.076851	-0.009643	2.165626
54.556452	1321.505358	7.081856	-0.009685	2.167958
54.902800	1324.451653	7.086861	-0.009748	2.170296
55.036723	1327.487833	7.091866	-0.009772	2.172649
55.104934	1330.530004	7.096870	-0.009785	2.174988
55.330990	1333.574061	7.101875	-0.009826	2.177364
55.281535	1336.588094	7.106880	-0.009818	2.179649
55.478348	1339.637998	7.111885	-0.009854	2.182018
55.613330	1342.641889	7.116890	-0.009878	2.184334
55.631293	1345.725414	7.121894	-0.009882	2.186680
55.799595	1348.705231	7.126899	-0.009913	2.188981
55.963325	1351.678159	7.131904	-0.009943	2.191273
56.096415	1354.701013	7.136909	-0.009967	2.193594
56.091559	1357.736673	7.141914	-0.009967	2.195889
56.104624	1360.790361	7.146918	-0.009970	2.198199
56.397201	1363.746534	7.151923	-0.010023	2.200499
56.368221	1366.838471	7.156928	-0.010018	2.202823
56.531362	1369.813622	7.161933	-0.010048	2.205103
56.690000	1372.845448	7.166938	-0.010077	2.207421
56.739276	1375.827450	7.171942	-0.010086	2.209674
56.866016	1378.891696	7.176947	-0.010110	2.212004
56.865325	1381.895140	7.181952	-0.010110	2.214257
56.921106	1384.958211	7.186957	-0.010120	2.216565
57.173091	1387.911265	7.191962	-0.010166	2.218834
57.300530	1390.932045	7.196966	-0.010190	2.221123
57.492143	1393.934926	7.201971	-0.010225	2.223410
57.605857	1396.966768	7.206976	-0.010246	2.225699
57.670492	1399.985665	7.211981	-0.010258	2.227964
57.847389	1402.961537	7.216986	-0.010290	2.230221
57.939931	1405.988228	7.221990	-0.010307	2.232494
58.030403	1409.022685	7.226995	-0.010324	2.234770
58.139442	1412.060386	7.232000	-0.010344	2.237051
58.214005	1415.033632	7.237005	-0.010358	2.239273
58.415282	1418.068433	7.242010	-0.010395	2.241568
58.658272	1421.050827	7.247014	-0.010439	2.243831
58.637905	1424.136913	7.252019	-0.010436	2.246108
58.791218	1427.112019	7.257024	-0.010464	2.248341
58.919166	1430.119849	7.262029	-0.010487	2.250589
59.113847	1433.140717	7.267034	-0.010523	2.252861
59.091785	1436.186940	7.272038	-0.010519	2.255099
59.078390	1439.255140	7.277043	-0.010517	2.257353
59.352963	1442.191859	7.282048	-0.010567	2.259574
59.369734	1445.270401	7.287053	-0.010571	2.261838
59.634317	1448.233121	7.292058	-0.010619	2.264072
59.594512	1451.332622	7.297062	-0.010612	2.266334
59.945056	1454.226127	7.302067	-0.010676	2.268531
60.338573	1457.189574	7.307072	-0.010747	2.270788
60.493443	1460.204751	7.312077	-0.010776	2.273026
60.729838	1463.203466	7.317082	-0.010819	2.275268
60.823599	1466.262972	7.322086	-0.010836	2.277520
61.002133	1469.246524	7.327091	-0.010869	2.279733
61.264338	1472.271524	7.332096	-0.010917	2.281993
61.555410	1475.242149	7.337101	-0.010970	2.284218
61.665933	1478.310006	7.342106	-0.010990	2.286471
61.793599	1481.306745	7.347110	-0.011013	2.288674
61.834903	1484.373241	7.352115	-0.011021	2.290906
61.915779	1487.415187	7.357120	-0.011036	2.293127
62.015314	1490.436428	7.362125	-0.011055	2.295335
62.310725	1493.401776	7.367130	-0.011108	2.297544
62.284909	1496.473108	7.372134	-0.011104	2.299756
62.416509	1499.492883	7.377139	-0.011128	2.301963
62.629800	1502.475204	7.382144	-0.011167	2.304160
62.695713	1505.550470	7.387149	-0.011180	2.306389
62.791787	1508.484575	7.392154	-0.011197	2.308520
62.915820	1511.557995	7.397158	-0.011220	2.310756
62.996609	1514.550546	7.402163	-0.011235	2.312922
63.125673	1517.575249	7.407168	-0.011259	2.315120
63.342220	1520.571322	7.412173	-0.011298	2.317315
63.375403	1523.586520	7.417178	-0.011305	2.319481
63.646926	1526.614274	7.422182	-0.011354	2.321706
63.661716	1529.622979	7.427187	-0.011357	2.323859
63.733505	1532.682338	7.432192	-0.011371	2.326058
63.809666	1535.685241	7.437197	-0.011385	2.328217
64.006369	1538.676203	7.442202	-0.011421	2.330391
64.160483	1541.712561	7.447206	-0.011449	2.332586
64.192315	1544.730627	7.452211	-0.011455	2.334739
64.285896	1547.770744	7.457216	-0.011472	2.336920
64.442014	1550.750278	7.462221	-0.011501	2.339069
64.493889	1553.808726	7.467226	-0.011511	2.341249
64.571681	1556.817111	7.472230	-0.011525	2.343397
64.656524	1559.869371	7.477235	-0.011541	2.345576
64.579577	1562.882787	7.482240	-0.011527	2.347691
64.819531	1565.855475	7.487245	-0.011571	2.349843
64.811332	1568.889503	7.492250	-0.011570	2.351983
64.869843	1571.900494	7.497254	-0.011581	2.354119
64.893942	1574.960937	7.502259	-0.011586	2.356281
65.016347	1577.909954	7.507264	-0.011608	2.358383
65.361158	1580.888251	7.512269	-0.011671	2.360553
65.468179	1583.890577	7.517274	-0.011691	2.362685
65.602536	1586.923990	7.522278	-0.011715	2.364844
65.704252	1589.943073	7.527283	-0.011734	2.366984
65.779302	1592.941902	7.532288	-0.011748	2.369101
65.737717	1596.037393	7.537293	-0.011741	2.371260
65.874254	1598.983571	7.542298	-0.011766	2.373350
65.947408	1602.038068	7.547302	-0.011780	2.375500
66.246404	1604.964513	7.552307	-0.011834	2.377608
66.429055	1607.988161	7.557312	-0.011868	2.379756
66.458410	1611.050757	7.562317	-0.011873	2.381897
66.705019	1614.033988	7.567322	-0.011918	2.384027
66.708673	1617.119410	7.572326	-0.011919	2.386174
66.893750	1619.993994	7.577331	-0.011953	2.388212
67.026998	1623.059421	7.582336	-0.011978	2.390369
67.198026	1626.060319	7.587341	-0.012009	2.392488
67.152476	1629.137971	7.592346	-0.012001	2.394612
67.276755	1632.162205	7.597350	-0.012024	2.396733
67.389990	1635.151246	7.602355	-0.012045	2.398825
67.455066	1638.207782	7.607360	-0.012057	2.400953
67.744443	1641.139863	7.612365	-0.012110	2.403039
67.941823	1644.169421	7.617370	-0.012146	2.405172
68.077816	1647.165888	7.622374	-0.012171	2.407267
68.227559	1650.156981	7.627379	-0.012198	2.409359
68.409063	1653.195283	7.632384	-0.012231	2.411489
68.573994	1656.188946	7.637389	-0.012261	2.413583
68.636679	1659.262092	7.642394	-0.012273	2.415708
68.680051	1662.279250	7.647398	-0.012281	2.417788
68.876379	1665.265455	7.652403	-0.012317	2.419878
69.023241	1668.309934	7.657408	-0.012344	2.421995
69.110195	1671.322224	7.662413	-0.012360	2.424076
69.258482	1674.337207	7.667418	-0.012387	2.426170
69.209564	1677.342382	7.672422	-0.012379	2.428214
69.338097	1680.362223	7.677427	-0.012403	2.430303
69.409192	1683.390038	7.682432	-0.012416	2.432385
69.462239	1686.425499	7.687437	-0.012426	2.434465
69.530376	1689.430573	7.692442	-0.012439	2.436527
69.763519	1692.405801	7.697446	-0.012481	2.438600
69.769195	1695.439368	7.702451	-0.012482	2.440665
69.914262	1698.428622	7.707456	-0.012509	2.442726
69.869351	1701.522700	7.712461	-0.012501	2.444818
69.933910	1704.486307	7.717466	-0.012513	2.446842
70.011603	1707.517763	7.722470	-0.012528	2.448912
69.988090	1710.572339	7.727475	-0.012524	2.450976
70.015136	1713.550234	7.732480	-0.012529	2.452997
70.158720	1716.591390	7.737485	-0.012556	2.455083
70.073051	1719.584620	7.742490	-0.012541	2.457087
70.361291	1722.581150	7.747494	-0.012593	2.459169
70.339784	1725.616407	7.752499	-0.012590	2.461212
70.476173	1728.604790	7.757504	-0.012615	2.463253
70.714624	1731.615874	7.762509	-0.012658	2.465329
70.814220	1734.536236	7.767514	-0.012676	2.467314
71.001332	1737.589365	7.772518	-0.012711	2.469405
71.177978	1740.583910	7.777523	-0.012743	2.471452
71.171826	1743.611560	7.782528	-0.012742	2.473482
71.337952	1746.661409	7.787533	-0.012773	2.475561
71.520992	1749.562625	7.792538	-0.012806	2.477542
71.589972	1752.681469	7.797542	-0.012819	2.479643
71.716008	1755.674160	7.802547	-0.012842	2.481670
71.751464	1758.719338	7.807552	-0.012849	2.483713
71.760032	1761.771638	7.812557	-0.012851	2.485753
72.042374	1764.668311	7.817562	-0.012902	2.487742
72.277878	1767.691168	7.822566	-0.012945	2.489805
72.497176	1770.691504	7.827571	-0.012985	2.491847
72.447772	1773.754909	7.832576	-0.012977	2.493876
72.784453	1776.731307	7.837581	-0.013038	2.495923
72.801911	1779.750208	7.842586	-0.013042	2.497932
72.933771	1782.782047	7.847590	-0.013066	2.499972
72.995307	1785.831217	7.852595	-0.013077	2.502007
73.143434	1788.828342	7.857600	-0.013104	2.504023
73.371127	1791.828779	7.862605	-0.013146	2.506056
73.286087	1794.847873	7.867610	-0.013131	2.508037
73.351699	1797.896553	7.872614	-0.013143	2.510066
73.547227	1800.845824	7.877619	-0.013179	2.512053
73.689650	1803.875200	7.882624	-0.013205	2.514081
73.913718	1806.863865	7.887629	-0.013246	2.516097
74.035304	1809.862322	7.892634	-0.013268	2.518098
74.291405	1812.864820	7.897638	-0.013315	2.520126
74.234418	1815.924131	7.902643	-0.013305	2.522128
74.424477	1818.953087	7.907648	-0.013340	2.524157
74.529933	1821.939088	7.912653	-0.013359	2.526139
74.642196	1824.943755	7.917658	-0.013380	2.528134
74.743140	1827.997561	7.922662	-0.013399	2.530157
74.928940	1830.955762	7.927667	-0.013433	2.532133
74.812095	1834.061584	7.932672	-0.013412	2.534144
75.096102	1837.003523	7.937677	-0.013464	2.536125
75.171917	1840.025233	7.942682	-0.013478	2.538115
75.293818	1843.069736	7.947686	-0.013500	2.540129
75.366648	1846.053399	7.952691	-0.013514	2.542091
75.449126	1849.111920	7.957696	-0.013529	2.544102
75.485132	1852.093588	7.962701	-0.013536	2.546053
75.624802	1855.079185	7.967706	-0.013561	2.548025
75.714627	1858.126673	7.972710	-0.013578	2.550025
75.775224	1861.107995	7.977715	-0.013589	2.551976
75.912351	1864.147357	7.982720	-0.013615	2.553978
75.715480	1867.222957	7.987725	-0.013579	2.555937
76.010704	1870.164095	7.992730	-0.013633	2.557902
76.355469	1873.140771	7.997734	-0.013696	2.559899
76.524793	1876.106420	8.002739	-0.013727	2.561853
76.573669	1879.198132	8.007744	-0.013736	2.563863
76.648194	1882.180098	8.012749	-0.013750	2.565806
76.643548	1885.220564	8.017754	-0.013749	2.567771
76.852035	1888.237346	8.022758	-0.013788	2.569759
77.043149	1891.175084	8.027763	-0.013822	2.571692
77.211385	1894.228481	8.032768	-0.013853	2.573693
77.334167	1897.251072	8.037773	-0.013876	2.575664
77.448707	1900.235302	8.042778	-0.013897	2.577607
77.697067	1903.255819	8.047782	-0.013942	2.579598
77.826115	1906.256187	8.052787	-0.013966	2.581551
77.940396	1909.303383	8.057792	-0.013987	2.583530
78.053117	1912.368753	8.062797	-0.014008	2.585519
78.062556	1915.448953	8.067802	-0.014010	2.587497
78.239340	1918.448908	8.072806	-0.014042	2.589453
78.264236	1921.423388	8.077811	-0.014047	2.591363
78.343083	1924.410655	8.082816	-0.014062	2.593289
78.425896	1927.460787	8.087821	-0.014077	2.595255
78.583368	1930.389193	8.092826	-0.014106	2.597156
78.579664	1933.464713	8.097830	-0.014106	2.599119
78.747591	1936.431205	8.102835	-0.014136	2.601044
78.747336	1939.462305	8.107840	-0.014137	2.602976
78.779452	1942.507146	8.112845	-0.014143	2.604922
79.024332	1945.422307	8.117850	-0.014188	2.606824
79.071328	1948.454274	8.122854	-0.014196	2.608761
79.144393	1951.495780	8.127859	-0.014210	2.610708
79.255409	1954.484832	8.132864	-0.014230	2.612628
79.396544	1957.511011	8.137869	-0.014256	2.614575
79.467312	1960.487921	8.142874	-0.014270	2.616476
79.508387	1963.524596	8.147878	-0.014277	2.618408
79.863781	1966.487124	8.152883	-0.014342	2.620351
79.878249	1969.521165	8.157888	-0.014345	2.622274
80.027417	1972.542087	8.162893	-0.014372	2.624212
80.229559	1975.504918	8.167898	-0.014409	2.626122
80.275980	1978.509289	8.172902	-0.014418	2.628027
80.422640	1981.567946	8.177907	-0.014445	2.629985
80.435722	1984.565318	8.182912	-0.014448	2.631877
80.416917	1987.638459	8.187917	-0.014445	2.633810
80.508797	1990.650444	8.192922	-0.014462	2.635723
80.457022	1993.661583	8.197926	-0.014453	2.637608
80.615284	1996.687217	8.202931	-0.014482	2.639539
80.769062	1999.636153	8.207936	-0.014510	2.641420
80.892738	2002.651842	8.212941	-0.014533	2.643336
80.979459	2005.700068	8.217946	-0.014549	2.645264
80.978899	2008.676845	8.222950	-0.014549	2.647130
81.109587	2011.719306	8.227955	-0.014573	2.649060
81.435491	2014.639478	8.232960	-0.014632	2.650948
81.359276	2017.702368	8.237965	-0.014619	2.652850
81.577590	2020.729781	8.242970	-0.014659	2.654782
81.637822	2023.711195	8.247974	-0.014670	2.656655
81.713495	2026.762760	8.252979	-0.014684	2.658574
81.807584	2029.797123	8.257984	-0.014701	2.660483
82.016134	2032.738941	8.262989	-0.014740	2.662355
82.038855	2035.829252	8.267994	-0.014744	2.664284
82.108080	2038.759606	8.272998	-0.014757	2.666120
82.199709	2041.788382	8.278003	-0.014774	2.668020
82.327647	2044.810208	8.283008	-0.014797	2.669922
82.451791	2047.749850	8.288013	-0.014820	2.671770
82.512574	2050.821881	8.293018	-0.014832	2.673688
82.585492	2053.819050	8.298022	-0.014845	2.675559
82.649702	2056.823417	8.303027	-0.014857	2.677433
82.925766	2059.836438	8.308032	-0.014907	2.679349
82.849071	2062.831886	8.313037	-0.014894	2.681189
82.879103	2065.916802	8.318042	-0.014900	2.683102
83.051343	2068.896096	8.323046	-0.014931	2.684974
83.017834	2071.895760	8.328051	-0.014926	2.686821
83.113782	2074.954248	8.333056	-0.014943	2.688725
83.222399	2077.906395	8.338061	-0.014963	2.690565
83.453802	2080.896167	8.343066	-0.015006	2.692449
83.508551	2083.956995	8.348070	-0.015016	2.694344
83.473098	2086.928604	8.353075	-0.015010	2.696167
83.628493	2089.966832	8.358080	-0.015038	2.698063
83.742052	2092.958991	8.363085	-0.015059	2.699922
83.806550	2095.980291	8.368090	-0.015071	2.701789
83.811908	2099.042847	8.373094	-0.015073	2.703669
84.065708	2101.932176	8.378099	-0.015119	2.705487
84.170621	2104.968384	8.383104	-0.015138	2.707366
84.165950	2108.033082	8.388109	-0.015138	2.709242
84.343036	2110.982107	8.393114	-0.015170	2.711078
84.414186	2114.023308	8.398118	-0.015183	2.712951
84.429799	2117.061350	8.403123	-0.015187	2.714811
84.631523	2120.023754	8.408128	-0.015224	2.716656
84.708395	2123.063489	8.413133	-0.015238	2.718524
84.662679	2126.106714	8.418138	-0.015230	2.720372
84.830357	2129.085798	8.423142	-0.015261	2.722218
85.042397	2132.108418	8.428147	-0.015299	2.724096
85.053471	2135.083881	8.433152	-0.015302	2.725909
85.273693	2138.086793	8.438157	-0.015342	2.727775
85.347575	2141.113819	8.443162	-0.015356	2.729628
85.598990	2144.067179	8.448166	-0.015401	2.731466
85.594556	2147.145302	8.453171	-0.015401	2.733333
85.672649	2150.159342	8.458176	-0.015416	2.735175
85.729935	2153.177359	8.463181	-0.015426	2.737015
85.750941	2156.255391	8.468186	-0.015431	2.738883
85.885409	2159.196844	8.473190	-0.015455	2.740687
86.066678	2162.219128	8.478195	-0.015488	2.742547
86.039947	2165.255788	8.483200	-0.015484	2.744378
86.188529	2168.173857	8.488205	-0.015511	2.746167
86.426552	2171.177639	8.493210	-0.015555	2.748022
86.366475	2174.235723	8.498214	-0.015544	2.749857
86.546494	2177.204022	8.503219	-0.015577	2.751678
86.603461	2180.269589	8.508224	-0.015588	2.753535
86.826727	2183.199377	8.513229	-0.015628	2.755338
86.715451	2186.300107	8.518234	-0.015609	2.757184
86.788306	2189.329877	8.523238	-0.015622	2.759019
86.822361	2192.314696	8.528243	-0.015629	2.760818
86.836828	2195.364346	8.533248	-0.015632	2.762652
87.106363	2198.301723	8.538253	-0.015681	2.764462
87.189779	2201.289682	8.543258	-0.015696	2.766268
87.211693	2204.345330	8.548262	-0.015701	2.768103
87.333865	2207.345906	8.553267	-0.015723	2.769921
87.416023	2210.367352	8.558272	-0.015738	2.771744
87.572211	2213.369455	8.563277	-0.015767	2.773567
87.712885	2216.331561	8.568282	-0.015793	2.775361
87.870393	2219.354044	8.573287	-0.015822	2.777194
87.984264	2222.382788	8.578291	-0.015843	2.779022
87.946232	2225.415463	8.583296	-0.015836	2.780824
88.109980	2228.427579	8.588301	-0.015866	2.782648
88.369052	2231.400644	8.593306	-0.015913	2.784464
88.158215	2234.440233	8.598311	-0.015876	2.786238
88.086824	2237.493507	8.603315	-0.015863	2.788042
88.340015	2240.472660	8.608320	-0.015909	2.789857
88.382210	2243.466716	8.613325	-0.015917	2.791643
88.564969	2246.490648	8.618330	-0.015951	2.793470
88.633082	2249.446439	8.623335	-0.015963	2.795236
88.751838	2252.463817	8.628339	-0.015985	2.797046
88.743937	2255.536973	8.633344	-0.015984	2.798866
88.784244	2258.528677	8.638349	-0.015992	2.800645
88.990517	2261.531092	8.643354	-0.016030	2.802457
89.121960	2264.533775	8.648359	-0.016054	2.804256
89.076520	2267.519461	8.653363	-0.016046	2.806013
89.295728	2270.553716	8.658368	-0.016086	2.807843
89.419207	2273.542898	8.663373	-0.016109	2.809629
89.479442	2276.547925	8.668378	-0.016120	2.811412
89.658696	2279.591209	8.673383	-0.016153	2.813237
89.662736	2282.559542	8.678387	-0.016154	2.814987
89.868129	2285.582879	8.683392	-0.016191	2.816802
90.012334	2288.623109	8.688397	-0.016218	2.818616
90.030806	2291.610541	8.693402	-0.016222	2.820376
90.277219	2294.637157	8.698407	-0.016266	2.822196
90.095975	2297.688751	8.703411	-0.016234	2.823958
90.402921	2300.584455	8.708416	-0.016290	2.825710
90.358536	2303.666640	8.713421	-0.016282	2.827510
90.343552	2306.677379	8.718426	-0.016280	2.829273
90.523530	2309.675317	8.723431	-0.016313	2.831060
90.540437	2312.718066	8.728435	-0.016316	2.832844
90.982433	2315.602369	8.733440	-0.016397	2.834606
91.012820	2318.664355	8.738445	-0.016403	2.836402
91.112407	2321.690370	8.743450	-0.016421	2.838187
91.208412	2324.714000	8.748455	-0.016439	2.839969
91.381634	2327.698273	8.753459	-0.016470	2.841740
91.447509	2330.748275	8.758464	-0.016483	2.843530
91.523598	2333.718021	8.763469	-0.016497	2.845274
91.830372	2336.691948	8.768474	-0.016553	2.847058
91.868508	2339.735805	8.773479	-0.016560	2.848836
92.038294	2342.738174	8.778483	-0.016591	2.850611
91.988558	2345.805519	8.783488	-0.016582	2.852387
92.108355	2348.803389	8.788493	-0.016604	2.854149
92.200328	2351.791174	8.793498	-0.016621	2.855899
92.304268	2354.829074	8.798503	-0.016641	2.857680
92.437689	2357.829831	8.803507	-0.016665	2.859443
92.597388	2360.813700	8.808512	-0.016694	2.861199
92.689575	2363.891422	8.813517	-0.016711	2.862997
92.705135	2366.800313	8.818522	-0.016715	2.864684
92.854832	2369.815848	8.823527	-0.016742	2.866453
92.954343	2372.885895	8.828531	-0.016760	2.868245
93.036786	2375.819533	8.833536	-0.016776	2.869954
93.117941	2378.908881	8.838541	-0.016791	2.871752
93.289220	2381.892921	8.843546	-0.016822	2.873502
93.414402	2384.834525	8.848551	-0.016845	2.875220
93.665376	2387.878779	8.853555	-0.016891	2.877016
93.727108	2390.914156	8.858560	-0.016902	2.878775
93.704817	2393.935623	8.863565	-0.016899	2.880511
93.815259	2396.995660	8.868570	-0.016919	2.882290
94.008322	2399.922900	8.873575	-0.016954	2.884005
93.979201	2402.975706	8.878579	-0.016950	2.885755
94.001377	2406.005505	8.883584	-0.016954	2.887498
94.310574	2408.937985	8.888589	-0.017010	2.889232
94.315622	2412.012250	8.893594	-0.017012	2.890997
94.550178	2414.999533	8.898599	-0.017054	2.892748
94.522497	2417.990340	8.903603	-0.017050	2.894457
94.628299	2421.030263	8.908608	-0.017069	2.896215
94.656260	2424.070592	8.913613	-0.017075	2.897959
94.721183	2427.065741	8.918618	-0.017087	2.899683
94.715672	2430.080939	8.923623	-0.017086	2.901406
94.831376	2433.129316	8.928627	-0.017107	2.903166
94.946088	2436.050223	8.933632	-0.017129	2.904852
94.994662	2439.083469	8.938637	-0.017138	2.906591
95.172200	2442.116138	8.943642	-0.017170	2.908349
95.165985	2445.064407	8.948647	-0.017169	2.910028
95.201401	2448.152880	8.953651	-0.017176	2.911793
95.266996	2451.151891	8.958656	-0.017189	2.913511
95.414311	2454.096742	8.963661	-0.017216	2.915210
95.432514	2457.167046	8.968666	-0.017219	2.916958
95.595378	2460.136926	8.973671	-0.017249	2.918672
95.761016	2463.120473	8.978675	-0.017279	2.920393
95.781349	2466.166516	8.983680	-0.017283	2.922125
95.976538	2469.135473	8.988685	-0.017319	2.923840
96.002711	2472.132815	8.993690	-0.017324	2.925544
96.106153	2475.184064	8.998695	-0.017343	2.927289
96.264649	2478.142275	9.003699	-0.017372	2.928989
96.292398	2481.177059	9.008704	-0.017378	2.930711
96.285678	2484.249267	9.013709	-0.017377	2.932447
96.493708	2487.191188	9.018714	-0.017415	2.934143
96.643754	2490.197038	9.023719	-0.017442	2.935865
96.758707	2493.235013	9.028723	-0.017464	2.937598
96.785604	2496.243055	9.033728	-0.017469	2.939300
97.100609	2499.206974	9.038733	-0.017526	2.941021
96.909844	2502.326666	9.043738	-0.017492	2.942749
97.172594	2505.199637	9.048743	-0.017540	2.944409
97.141476	2508.265916	9.053747	-0.017535	2.946130
97.346192	2511.265171	9.058752	-0.017572	2.947849
97.451022	2514.264209	9.063757	-0.017591	2.949552
97.637091	2517.251175	9.068762	-0.017625	2.951260
97.705930	2520.311652	9.073767	-0.017638	2.952989
97.698436	2523.282337	9.078771	-0.017637	2.954656
97.912482	2526.302999	9.083776	-0.017676	2.956384
97.947825	2529.358728	9.088781	-0.017683	2.958102
98.081535	2532.317974	9.093786	-0.017708	2.959781
98.191471	2535.364781	9.098791	-0.017728	2.961505
98.137280	2538.403976	9.103795	-0.017719	2.963197
98.145241	2541.356632	9.108800	-0.017720	2.964850
98.264655	2544.409450	9.113805	-0.017742	2.966575
98.142139	2547.449396	9.118810	-0.017721	2.968254
98.202009	2550.410520	9.123815	-0.017732	2.969917
98.323358	2553.480980	9.128819	-0.017754	2.971650
98.393681	2556.415185	9.133824	-0.017767	2.973297
98.548078	2559.437988	9.138829	-0.017796	2.975006
98.645446	2562.461646	9.143834	-0.017814	2.976706
98.661067	2565.468878	9.148839	-0.017817	2.978383
98.880142	2568.455975	9.153843	-0.017857	2.980079
98.754336	2571.518349	9.158848	-0.017834	2.981762
98.797639	2574.524134	9.163853	-0.017843	2.983440
98.977092	2577.460593	9.168858	-0.017875	2.985099
99.085918	2580.484753	9.173863	-0.017895	2.986795
99.210693	2583.488788	9.178867	-0.017918	2.988481
99.135890	2586.493131	9.183872	-0.017905	2.990136
99.155088	2589.569918	9.188877	-0.017909	2.991844
99.304095	2592.503056	9.193882	-0.017936	2.993492
99.280045	2595.537224	9.198887	-0.017933	2.995168
99.522721	2598.560591	9.203891	-0.017977	2.996878
99.551646	2601.547362	9.208896	-0.017982	2.998534
99.555740	2604.586751	9.213901	-0.017984	3.000215
99.724150	2607.601514	9.218906	-0.018014	3.001906
99.680047	2610.571714	9.223911	-0.018007	3.003539
99.943935	2613.549308	9.228915	-0.018055	3.005223
99.904385	2616.607602	9.233920	-0.018048	3.006903
99.975293	2619.589414	9.238925	-0.018061	3.008558
100.061479	2622.628189	9.243930	-0.018077	3.010245
100.232180	2625.606737	9.248935	-0.018108	3.011911
100.155581	2628.655398	9.253939	-0.018095	3.013577
100.424283	2631.584110	9.258944	-0.018144	3.015228
100.402017	2634.669384	9.263949	-0.018140	3.016921
100.450430	2637.685116	9.268954	-0.018149	3.018585
100.459935	2640.683697	9.273959	-0.018152	3.020232
100.515011	2643.737352	9.278963	-0.018162	3.021916
100.657928	2646.634653	9.283968	-0.018188	3.023527
100.743909	2649.648966	9.288973	-0.018204	3.025192
100.891285	2652.693063	9.293978	-0.018231	3.026882
100.996525	2655.651283	9.298983	-0.018251	3.028518
101.137317	2658.676094	9.303987	-0.018276	3.030194
101.269316	2661.727890	9.308992	-0.018301	3.031883
101.265298	2664.654369	9.313997	-0.018300	3.033482
101.322932	2667.735182	9.319002	-0.018311	3.035174
101.438192	2670.766971	9.324007	-0.018332	3.036847
101.478207	2673.747935	9.329011	-0.018340	3.038480
101.570446	2676.771680	9.334016	-0.018357	3.040143
101.662280	2679.796650	9.339021	-0.018374	3.041806
101.724507	2682.740306	9.344026	-0.018386	3.043419
101.857036	2685.772886	9.349031	-0.018410	3.045090
101.925813	2688.806910	9.354035	-0.018423	3.046752
101.980850	2691.787251	9.359040	-0.018433	3.048381
102.019267	2694.792151	9.364045	-0.018440	3.050020
102.183981	2697.831242	9.369050	-0.018471	3.051696
102.318943	2700.798563	9.374055	-0.018495	3.053328
102.440677	2703.797036	9.379059	-0.018518	3.054973
102.369905	2706.910432	9.384064	-0.018505	3.056652
102.532275	2709.868253	9.389069	-0.018535	3.058280
102.736179	2712.843976	9.394074	-0.018572	3.059922
102.809339	2715.900449	9.399079	-0.018586	3.061589
102.826398	2718.834937	9.404083	-0.018589	3.063180
103.011050	2721.823756	9.409088	-0.018623	3.064824
103.073183	2724.880712	9.414093	-0.018635	3.066486
103.066661	2727.878971	9.419098	-0.018634	3.068105
103.083688	2730.911105	9.424103	-0.018637	3.069746
103.076419	2733.947464	9.429107	-0.018637	3.071384
103.256395	2736.892553	9.434112	-0.018669	3.072999
103.318359	2739.934639	9.439117	-0.018681	3.074649
103.511926	2742.936032	9.444122	-0.018716	3.076295
103.508809	2745.955735	9.449127	-0.018716	3.077922
103.571559	2748.963681	9.454131	-0.018728	3.079550
103.663301	2751.996081	9.459136	-0.018745	3.081196
103.855390	2754.927830	9.464141	-0.018780	3.082801
103.874083	2757.916040	9.469146	-0.018784	3.084410
103.935065	2760.983214	9.474151	-0.018795	3.086067
103.990890	2763.994139	9.479155	-0.018806	3.087692
104.056808	2766.981221	9.484160	-0.018818	3.089304
104.160398	2770.032974	9.489165	-0.018837	3.090957
104.288409	2772.998769	9.494170	-0.018861	3.092565
104.388163	2775.986083	9.499175	-0.018879	3.094181
104.453994	2779.042539	9.504179	-0.018891	3.095827
104.416359	2782.076882	9.509184	-0.018885	3.097446
104.449811	2785.066603	9.514189	-0.018891	3.099050
104.692806	2788.086148	9.519194	-0.018936	3.100700
104.860738	2791.027868	9.524199	-0.018966	3.102297
104.733549	2794.033266	9.529203	-0.018944	3.103884
104.909353	2797.036781	9.534208	-0.018976	3.105513
104.955242	2800.082493	9.539213	-0.018985	3.107145
104.989765	2803.090160	9.544218	-0.018991	3.108754
104.939813	2806.141081	9.549223	-0.018983	3.110373
105.087331	2809.113010	9.554227	-0.019010	3.111978
105.158744	2812.096026	9.559232	-0.019023	3.113576
105.191044	2815.153407	9.564237	-0.019029	3.115208
105.386758	2818.180415	9.569242	-0.019065	3.116847
105.397265	2821.142980	9.574247	-0.019067	3.118423
105.500623	2824.171801	9.579251	-0.019086	3.120048
105.581378	2827.177779	9.584256	-0.019101	3.121656
105.575301	2830.120014	9.589261	-0.019101	3.123217
105.586716	2833.202014	9.594266	-0.019103	3.124854
105.815068	2836.208071	9.599271	-0.019145	3.126481
105.899894	2839.152664	9.604275	-0.019160	3.128054
106.105196	2842.182902	9.609280	-0.019198	3.129688
106.155973	2845.222952	9.614285	-0.019208	3.131305
106.250672	2848.153572	9.619290	-0.019225	3.132870
106.357342	2851.199357	9.624295	-0.019245	3.134496
106.471163	2854.220604	9.629299	-0.019266	3.136109
106.523211	2857.255396	9.634304	-0.019275	3.137720
106.512820	2860.274321	9.639309	-0.019274	3.139313
106.682912	2863.283932	9.644314	-0.019305	3.140926
106.681888	2866.257842	9.649319	-0.019305	3.142495
106.721507	2869.247743	9.654323	-0.019313	3.144077
106.841474	2872.288011	9.659328	-0.019335	3.145696
107.023305	2875.247401	9.664333	-0.019368	3.147281
107.047799	2878.258443	9.669338	-0.019373	3.148870
107.030897	2881.358127	9.674343	-0.019370	3.150499
107.183429	2884.272467	9.679347	-0.019398	3.152053
107.252762	2887.288510	9.684352	-0.019411	3.153648
107.526417	2890.287373	9.689357	-0.019461	3.155263
107.604636	2893.305942	9.694362	-0.019476	3.156859
107.498373	2896.367346	9.699367	-0.019457	3.158451
107.571859	2899.361101	9.704371	-0.019470	3.160032
107.716490	2902.359292	9.709376	-0.019497	3.161624
107.595658	2905.361837	9.714381	-0.019476	3.163181
107.794592	2908.344920	9.719386	-0.019512	3.164772
107.821566	2911.418682	9.724391	-0.019517	3.166385
107.878690	2914.350459	9.729395	-0.019528	3.167927
107.860296	2917.424553	9.734400	-0.019525	3.169532
108.136435	2920.436723	9.739405	-0.019575	3.171146
108.030261	2923.354009	9.744410	-0.019556	3.172655
108.267329	2926.407861	9.749415	-0.019600	3.174283
108.372554	2929.425098	9.754419	-0.019619	3.175873
108.280287	2932.442317	9.759424	-0.019603	3.177435
108.459401	2935.441612	9.764429	-0.019636	3.179024
108.579867	2938.451571	9.769434	-0.019658	3.180609
108.670637	2941.414068	9.774439	-0.019674	3.182165
108.726310	2944.391031	9.779443	-0.019685	3.183723
108.809707	2947.447861	9.784448	-0.019700	3.185326
108.881428	2950.450541	9.789453	-0.019714	3.186898
108.983973	2953.427866	9.794458	-0.019733	3.188460
108.920507	2956.532171	9.799463	-0.019722	3.190064
109.029094	2959.504275	9.804467	-0.019742	3.191623
109.246486	2962.425950	9.809472	-0.019781	3.193170
109.401122	2965.500674	9.814477	-0.019810	3.194787
109.453258	2968.506807	9.819482	-0.019819	3.196353
109.445178	2971.517843	9.824487	-0.019818	3.197913
109.623125	2974.556679	9.829491	-0.019851	3.199512
109.676599	2977.545246	9.834496	-0.019861	3.201067
109.989355	2980.455317	9.839501	-0.019918	3.202617
109.969683	2983.520050	9.844506	-0.019915	3.204199
110.094405	2986.565348	9.849511	-0.019938	3.205791
110.003534	2989.428513	9.854515	-0.019922	3.207259
109.933595	2991.681722	9.859520	-0.019909	3.208413

110.155111	2993.251120	9.864525	-0.019950	3.209254
110.241348	2994.292755	9.869530	-0.019965	3.209804
110.375098	2995.135658	9.874535	-0.019990	3.210258
110.451299	2995.611737	9.879539	-0.020004	3.210514
110.469644	2996.179466	9.884544	-0.020007	3.210810
110.407330	2996.246662	9.889549	-0.019996	3.210836
110.700355	2996.612517	9.894554	-0.020049	3.211065
110.805858	2996.742146	9.899559	-0.020068	3.211147
110.717474	2996.757601	9.904563	-0.020053	3.211142
110.793745	2996.743164	9.909568	-0.020066	3.211146
110.908662	2996.703322	9.914573	-0.020087	3.211141
110.995901	2996.699276	9.919578	-0.020103	3.211151
110.985171	2996.934852	9.924583	-0.020101	3.211271
111.050657	2996.953535	9.929587	-0.020113	3.211290
111.120289	2997.023145	9.934592	-0.020126	3.211335
111.078395	2996.990536	9.939597	-0.020119	3.211313
111.174735	2997.005851	9.944602	-0.020136	3.211334
111.194350	2997.045813	9.949607	-0.020140	3.211358
111.257277	2996.995603	9.954611	-0.020151	3.211340
111.296287	2997.006205	9.959616	-0.020159	3.211351
111.190529	2997.040800	9.964621	-0.020140	3.211355
111.315294	2997.011044	9.969626	-0.020162	3.211357
111.448716	2996.983220	9.974631	-0.020187	3.211361
111.597890	2997.035909	9.979635	-0.020214	3.211408
111.480438	2997.042153	9.984640	-0.020193	3.211396
111.538394	2997.001735	9.989645	-0.020203	3.211383
111.706845	2997.016020	9.994650	-0.020234	3.211413
111.743011	2997.005599	9.999655	-0.020240	3.211413
111.714630	2997.065592	10.004659	-0.020235	3.211440
111.670929	2997.000184	10.009664	-0.020228	3.211401
111.682702	2997.011983	10.014669	-0.020230	3.211408
111.822608	2997.001191	10.019674	-0.020255	3.211422
111.808420	2997.058013	10.024679	-0.020253	3.211450
111.792588	2996.967645	10.029683	-0.020250	3.211401
111.734658	2997.024608	10.034688	-0.020240	3.211423
111.860687	2996.989677	10.039693	-0.020263	3.211422
111.751203	2997.055514	10.044698	-0.020243	3.211441
111.851522	2996.991120	10.049703	-0.020261	3.211422
111.712493	2997.061187	10.054707	-0.020236	3.211439
111.737892	2996.972557	10.059712	-0.020241	3.211397
111.847663	2997.038755	10.064717	-0.020261	3.211446
111.927342	2997.011313	10.069722	-0.020276	3.211443
112.059349	2996.993548	10.074727	-0.020300	3.211452
111.969535	2997.060808	10.079731	-0.020283	3.211474
111.983430	2996.997623	10.084736	-0.020286	3.211444
112.041760	2997.021239	10.089741	-0.020297	3.211464
112.180037	2997.027823	10.094746	-0.020322	3.211487
111.985339	2997.020733	10.099751	-0.020287	3.211456
112.045410	2997.043885	10.104755	-0.020298	3.211477
112.026992	2997.000187	10.109760	-0.020295	3.211452
112.135348	2997.019570	10.114765	-0.020314	3.211477
112.037319	2996.966193	10.119770	-0.020297	3.211436
112.175357	2997.008538	10.124775	-0.020322	3.211477
112.320770	2996.981156	10.129779	-0.020348	3.211482
112.159298	2997.018471	10.134784	-0.020319	3.211480
112.251512	2996.997980	10.139789	-0.020336	3.211482
112.252444	2996.990277	10.144794	-0.020336	3.211478
112.293372	2996.968304	10.149799	-0.020344	3.211472
112.171130	2997.029065	10.154803	-0.020322	3.211487
112.189918	2996.990595	10.159808	-0.020325	3.211470
112.222712	2996.975626	10.164813	-0.020331	3.211467
112.385856	2996.939897	10.169818	-0.020361	3.211471
112.309054	2996.961948	10.174823	-0.020347	3.211472
112.272327	2996.978179	10.179827	-0.020341	3.211475
112.304985	2996.962036	10.184832	-0.020347	3.211472
112.412042	2996.948488	10.189837	-0.020366	3.211479
112.427205	2996.927923	10.194842	-0.020369	3.211471
112.411809	2996.926984	10.199847	-0.020367	3.211468
112.354837	2996.970382	10.204851	-0.020356	3.211483
112.309992	2996.956100	10.209856	-0.020348	3.211470
112.499540	2996.925448	10.214861	-0.020383	3.211480
112.556181	2996.911396	10.219866	-0.020393	3.211481
112.419039	2996.914406	10.224871	-0.020369	3.211463
112.553174	2996.905150	10.229875	-0.020393	3.211477
112.594919	2996.896271	10.234880	-0.020401	3.211478
112.688435	2996.848812	10.239885	-0.020418	3.211467
112.678993	2996.887433	10.244890	-0.020416	3.211486
112.562988	2996.887845	10.249895	-0.020395	3.211470
112.665697	2996.877874	10.254899	-0.020414	3.211479
112.662733	2996.886938	10.259904	-0.020414	3.211483
112.624456	2996.940490	10.264909	-0.020407	3.211506
112.692848	2996.991684	10.269914	-0.020419	3.211542
112.654144	2997.047771	10.274919	-0.020412	3.211566
112.667560	2996.982895	10.279923	-0.020415	3.211534
112.769097	2997.025878	10.284928	-0.020433	3.211570
112.634567	2996.986442	10.289933	-0.020409	3.211531
112.754579	2997.030561	10.294938	-0.020431	3.211571
112.806274	2996.987571	10.299943	-0.020441	3.211556
112.757609	2997.003347	10.304947	-0.020432	3.211557
112.736006	2997.014345	10.309952	-0.020428	3.211560
112.745621	2996.981339	10.314957	-0.020430	3.211545
112.866241	2997.038608	10.319962	-0.020452	3.211591
112.754708	2997.002130	10.324967	-0.020432	3.211557
112.785811	2996.994266	10.329971	-0.020438	3.211557
113.021185	2997.005278	10.334976	-0.020480	3.211595
112.895108	2996.986585	10.339981	-0.020458	3.211568
112.898178	2997.023693	10.344986	-0.020458	3.211588
112.767237	2997.013555	10.349991	-0.020435	3.211565
112.888389	2996.988998	10.354995	-0.020457	3.211569
113.007665	2997.007901	10.360000	-0.020479	3.211595
112.892390	2997.004486	10.365005	-0.020458	3.211578
112.923778	2996.994127	10.370010	-0.020464	3.211577
112.953170	2996.993374	10.375015	-0.020469	3.211581
112.940324	2997.008698	10.380019	-0.020467	3.211587
112.831748	2997.011973	10.385024	-0.020447	3.211574
112.985147	2996.992755	10.390029	-0.020475	3.211585
113.146786	2997.028224	10.395034	-0.020505	3.211625
113.147235	2997.041221	10.400039	-0.020505	3.211632
113.055502	2997.017627	10.405043	-0.020488	3.211608
113.060679	2996.965227	10.410048	-0.020489	3.211581
113.105660	2997.034754	10.415053	-0.020498	3.211624
113.124047	2997.044795	10.420058	-0.020501	3.211631
112.969056	2997.007774	10.425063	-0.020473	3.211591
113.008628	2996.999473	10.430067	-0.020481	3.211592
113.069790	2997.027179	10.435072	-0.020492	3.211615
113.165865	2997.003243	10.440077	-0.020509	3.211616
113.257793	2997.016110	10.445082	-0.020526	3.211635
113.117956	2996.997445	10.450087	-0.020501	3.211607
113.177486	2997.011064	10.455091	-0.020512	3.211622
113.202719	2997.014444	10.460096	-0.020516	3.211627
113.127772	2997.039026	10.465101	-0.020503	3.211630
113.168043	2997.007546	10.470106	-0.020510	3.211619
113.153710	2997.001483	10.475111	-0.020508	3.211614
113.128631	2997.028532	10.480115	-0.020504	3.211625
113.126073	2997.007840	10.485120	-0.020503	3.211614
113.158966	2997.052143	10.490125	-0.020509	3.211641
113.056131	2997.001247	10.495130	-0.020491	3.211601
113.153597	2997.005380	10.500135	-0.020509	3.211617
113.145205	2997.021939	10.505139	-0.020507	3.211624
113.040529	2997.009654	10.510144	-0.020488	3.211604
113.184896	2997.011597	10.515149	-0.020515	3.211625
113.174547	2997.012340	10.520154	-0.020513	3.211624
113.169785	2997.015227	10.525159	-0.020512	3.211625
113.154121	2996.996205	10.530163	-0.020509	3.211613
113.244359	2997.014968	10.535168	-0.020526	3.211635
113.170779	2997.031926	10.540173	-0.020513	3.211634
113.308679	2997.037405	10.545178	-0.020538	3.211655
113.413178	2997.010018	10.550183	-0.020557	3.211656
113.317770	2997.035203	10.555187	-0.020540	3.211656
113.365522	2996.982974	10.560192	-0.020548	3.211635
113.532956	2997.021745	10.565197	-0.020579	3.211679
113.556265	2996.985700	10.570202	-0.020583	3.211663
113.443196	2997.054914	10.575207	-0.020563	3.211684
113.489680	2997.015730	10.580211	-0.020571	3.211670
113.382037	2996.999996	10.585216	-0.020552	3.211647
113.393382	2997.031879	10.590221	-0.020554	3.211665
113.442823	2997.031240	10.595226	-0.020563	3.211672
113.379759	2996.987311	10.600231	-0.020552	3.211640
113.511182	2997.004195	10.605235	-0.020576	3.211667
113.375327	2997.025616	10.610240	-0.020552	3.211660
113.413898	2996.994588	10.615245	-0.020559	3.211649
113.478098	2997.035406	10.620250	-0.020570	3.211679
113.412839	2997.021710	10.625255	-0.020559	3.211663
113.411467	2997.006147	10.630259	-0.020559	3.211655
113.302647	2997.038530	10.635264	-0.020539	3.211657
113.318235	2996.989411	10.640269	-0.020542	3.211634
113.522636	2997.015323	10.645274	-0.020579	3.211675
113.489433	2997.010648	10.650279	-0.020573	3.211669
113.429326	2997.020997	10.655283	-0.020563	3.211666
113.514134	2997.006714	10.660288	-0.020578	3.211670
113.478776	2997.008663	10.665293	-0.020572	3.211666
113.562392	2996.988041	10.670298	-0.020587	3.211667
113.504770	2997.050373	10.675303	-0.020577	3.211692
113.432836	2996.956159	10.680307	-0.020564	3.211633
113.436151	2997.043427	10.685312	-0.020565	3.211679
113.466074	2997.005622	10.690317	-0.020570	3.211664
113.543517	2997.053205	10.695322	-0.020584	3.211699
113.455901	2996.985550	10.700327	-0.020569	3.211652
113.450058	2997.032898	10.705331	-0.020568	3.211676
113.451067	2997.017912	10.710336	-0.020568	3.211668
113.531392	2997.022975	10.715341	-0.020583	3.211682
113.717643	2996.985339	10.720346	-0.020616	3.211688
113.652327	2997.035800	10.725351	-0.020605	3.211705
113.585279	2996.966909	10.730355	-0.020593	3.211661
113.616258	2997.022011	10.735360	-0.020598	3.211694
113.742757	2997.033550	10.740365	-0.020621	3.211717
113.630821	2996.992938	10.745370	-0.020601	3.211681
113.738597	2997.026401	10.750375	-0.020621	3.211713
113.603333	2997.012567	10.755379	-0.020597	3.211687
113.704937	2996.999263	10.760384	-0.020615	3.211694
113.701830	2997.011392	10.765389	-0.020615	3.211700
113.657525	2997.011485	10.770394	-0.020607	3.211694
113.734877	2997.038519	10.775399	-0.020621	3.211719
113.628800	2996.980010	10.780403	-0.020602	3.211674
113.764524	2997.032664	10.785408	-0.020627	3.211720
113.916558	2997.004736	10.790413	-0.020654	3.211727
113.723155	2997.038438	10.795418	-0.020619	3.211718
113.931768	2996.990618	10.800423	-0.020657	3.211722
113.912465	2996.991322	10.805427	-0.020654	3.211720
113.825119	2997.006495	10.810432	-0.020638	3.211716
113.995793	2996.973003	10.815437	-0.020669	3.211722
114.140988	2996.908166	10.820442	-0.020695	3.211709
113.883647	2996.996998	10.825447	-0.020649	3.211719
113.981297	2996.954490	10.830451	-0.020667	3.211711
113.907688	2996.975086	10.835456	-0.020654	3.211711
113.986033	2996.970995	10.840461	-0.020668	3.211720
114.047066	2996.958801	10.845466	-0.020679	3.211722
114.090092	2996.939900	10.850471	-0.020687	3.211718
114.035602	2996.957225	10.855475	-0.020677	3.211720
114.005527	2996.931748	10.860480	-0.020672	3.211703
114.066770	2996.933417	10.865485	-0.020683	3.211712
114.072458	2996.928684	10.870490	-0.020684	3.211711
113.998137	2996.954914	10.875495	-0.020671	3.211714
114.087450	2996.947301	10.880499	-0.020687	3.211723
114.067320	2996.941569	10.885504	-0.020684	3.211717
114.078943	2996.957041	10.890509	-0.020686	3.211727
114.021028	2996.983144	10.895514	-0.020676	3.211732
114.080847	2996.941622	10.900519	-0.020687	3.211719
114.002277	2996.978665	10.905523	-0.020673	3.211728
113.938716	2996.984486	10.910528	-0.020661	3.211722
114.156588	2996.920285	10.915533	-0.020701	3.211719
114.131307	2996.919554	10.920538	-0.020696	3.211715
114.140570	2996.931418	10.925543	-0.020698	3.211723
114.106168	2996.951267	10.930547	-0.020692	3.211728
114.020306	2996.940629	10.935552	-0.020677	3.211711
113.982384	2996.957178	10.940557	-0.020670	3.211714
114.141972	2996.933897	10.945562	-0.020699	3.211724
114.041024	2996.945426	10.950567	-0.020681	3.211717
114.084262	2996.919812	10.955571	-0.020689	3.211709
114.185262	2996.899408	10.960576	-0.020707	3.211713
114.199234	2996.940881	10.965581	-0.020710	3.211736
114.206362	2996.987201	10.970586	-0.020711	3.211761
114.103642	2996.993150	10.975591	-0.020693	3.211750
114.211538	2997.015087	10.980595	-0.020712	3.211777
114.345645	2996.994954	10.985600	-0.020737	3.211785
114.104848	2997.005558	10.990605	-0.020693	3.211757
114.132332	2997.043438	10.995610	-0.020699	3.211781
114.219810	2996.975799	11.000615	-0.020715	3.211758
114.253832	2997.004074	11.005619	-0.020721	3.211777
114.320030	2996.999583	11.010624	-0.020733	3.211784
114.231372	2996.965483	11.015629	-0.020717	3.211754
114.175062	2997.006893	11.020634	-0.020707	3.211768
114.282030	2997.009712	11.025639	-0.020726	3.211784
114.183982	2997.039229	11.030643	-0.020709	3.211786
114.067035	2997.018100	11.035648	-0.020688	3.211759
114.100880	2996.978041	11.040653	-0.020694	3.211743
114.313810	2996.990193	11.045658	-0.020733	3.211779
114.265919	2997.022706	11.050663	-0.020724	3.211789
114.245961	2997.010271	11.055667	-0.020721	3.211780
114.142573	2996.972223	11.060672	-0.020702	3.211747
114.221019	2997.024988	11.065677	-0.020716	3.211785
114.273375	2996.996343	11.070682	-0.020726	3.211777
114.257343	2996.971366	11.075687	-0.020723	3.211762
114.238859	2997.009371	11.080691	-0.020720	3.211779
114.307606	2997.010860	11.085696	-0.020733	3.211790
114.487241	2997.006454	11.090701	-0.020765	3.211812
114.281087	2997.020550	11.095706	-0.020728	3.211791
114.280215	2997.003643	11.100711	-0.020728	3.211782
114.293827	2996.967150	11.105715	-0.020731	3.211766
114.167305	2997.015738	11.110720	-0.020708	3.211773
114.210734	2997.014884	11.115725	-0.020716	3.211779
114.327427	2996.999988	11.120730	-0.020737	3.211787
114.255315	2997.023816	11.125735	-0.020724	3.211790
114.308210	2996.982925	11.130739	-0.020734	3.211776
114.252659	2997.017477	11.135744	-0.020724	3.211787
114.300520	2996.962796	11.140749	-0.020733	3.211765
114.336326	2997.012986	11.145754	-0.020739	3.211796
114.277642	2997.008431	11.150759	-0.020729	3.211786
114.380329	2997.017231	11.155763	-0.020748	3.211804
114.415225	2996.949660	11.160768	-0.020754	3.211774
114.395873	2997.024810	11.165773	-0.020751	3.211811
114.484868	2997.032411	11.170778	-0.020767	3.211827
114.463104	2996.970834	11.175783	-0.020763	3.211792
114.595758	2997.053359	11.180787	-0.020787	3.211853
114.434482	2996.990766	11.185792	-0.020758	3.211799
114.561734	2996.995452	11.190797	-0.020781	3.211819
114.505581	2997.034400	11.195802	-0.020771	3.211831
114.443206	2996.987861	11.200807	-0.020760	3.211799
114.526866	2996.988409	11.205811	-0.020775	3.211811
114.362914	2997.006408	11.210816	-0.020746	3.211797
114.256652	2996.980621	11.215821	-0.020727	3.211770
114.361530	2997.008808	11.220826	-0.020746	3.211799
114.358116	2996.999838	11.225831	-0.020745	3.211794
114.515645	2997.021888	11.230835	-0.020774	3.211827
114.341216	2997.005155	11.235840	-0.020743	3.211794
114.390463	2997.014251	11.240845	-0.020752	3.211806
114.436393	2996.989736	11.245850	-0.020760	3.211800
114.449341	2997.043587	11.250855	-0.020763	3.211829
114.450233	2996.976588	11.255859	-0.020763	3.211795
114.488520	2997.031566	11.260864	-0.020770	3.211829
114.407900	2996.982013	11.265869	-0.020756	3.211792
114.415386	2996.997981	11.270874	-0.020757	3.211802
114.199669	2996.986785	11.275879	-0.020718	3.211766
114.337935	2997.001249	11.280883	-0.020743	3.211793
114.414669	2996.980038	11.285888	-0.020757	3.211792
114.336670	2997.050818	11.290893	-0.020743	3.211818
114.405345	2996.975472	11.295898	-0.020756	3.211789
114.310561	2996.996254	11.300903	-0.020739	3.211787
114.394624	2997.015454	11.305907	-0.020754	3.211808
114.454794	2997.016198	11.310912	-0.020765	3.211817
114.417074	2996.975809	11.315917	-0.020758	3.211791
114.500160	2997.019476	11.320922	-0.020774	3.211825
114.534992	2996.962209	11.325927	-0.020780	3.211801
114.671132	2997.007498	11.330931	-0.020805	3.211843
114.526418	2997.025826	11.335936	-0.020779	3.211832
114.605598	2996.997913	11.340941	-0.020793	3.211829
114.354168	2997.016790	11.345946	-0.020748	3.211804
114.568258	2997.030452	11.350951	-0.020787	3.211841
114.443733	2996.969581	11.355955	-0.020764	3.211792
114.504296	2997.050707	11.360960	-0.020775	3.211843
114.620711	2996.968713	11.365965	-0.020797	3.211817
114.667061	2997.026388	11.370970	-0.020805	3.211853
114.610837	2996.957031	11.375975	-0.020795	3.211809
114.670986	2997.030401	11.380979	-0.020806	3.211856
114.545067	2997.004999	11.385984	-0.020783	3.211825
114.675119	2996.968396	11.390989	-0.020807	3.211824
114.642715	2997.015551	11.395994	-0.020801	3.211844
114.674948	2997.030384	11.400999	-0.020807	3.211856
114.659932	2996.983955	11.406003	-0.020805	3.211831
114.678541	2997.009673	11.411008	-0.020808	3.211846
114.579641	2997.014605	11.416013	-0.020791	3.211836
114.702694	2996.964734	11.421018	-0.020813	3.211827
114.720847	2997.056537	11.426023	-0.020816	3.211877
114.634425	2996.945589	11.431027	-0.020801	3.211808
114.643077	2997.035682	11.436032	-0.020803	3.211856
114.677664	2997.010554	11.441037	-0.020809	3.211847
114.537068	2997.025971	11.446042	-0.020784	3.211836
114.823146	2997.000515	11.451047	-0.020835	3.211862
114.786475	2997.025204	11.456051	-0.020829	3.211870
114.664565	2996.998735	11.461056	-0.020807	3.211840
114.695081	2997.003132	11.466061	-0.020813	3.211846
114.820782	2996.991288	11.471066	-0.020836	3.211858
114.823309	2997.021285	11.476071	-0.020836	3.211874
114.673940	2997.037824	11.481075	-0.020809	3.211862
114.784527	2996.977351	11.486080	-0.020829	3.211846
114.804015	2996.972577	11.491085	-0.020833	3.211846
114.829713	2997.035142	11.496090	-0.020838	3.211882
114.731228	2997.031490	11.501095	-0.020820	3.211867
114.661043	2996.976739	11.506099	-0.020808	3.211829
114.715379	2997.028054	11.511104	-0.020818	3.211863
114.757568	2997.020873	11.516109	-0.020825	3.211865
114.732458	2997.000125	11.521114	-0.020821	3.211851
114.797724	2996.998305	11.526119	-0.020833	3.211859
114.805192	2996.981599	11.531123	-0.020834	3.211852
114.806465	2997.024033	11.536128	-0.020835	3.211874
114.680401	2997.019245	11.541133	-0.020812	3.211854
114.604328	2997.027787	11.546138	-0.020798	3.211848
114.703969	2997.012586	11.551143	-0.020817	3.211854
114.746389	2996.975086	11.556147	-0.020824	3.211841
114.649302	2996.982561	11.561152	-0.020807	3.211832
114.766398	2997.000843	11.566157	-0.020828	3.211857
114.865357	2997.029397	11.571162	-0.020846	3.211886
114.895352	2997.009725	11.576167	-0.020852	3.211880
114.764727	2996.961368	11.581171	-0.020828	3.211837
114.797211	2997.029389	11.586176	-0.020834	3.211876
114.830031	2996.985364	11.591181	-0.020840	3.211858
114.781754	2997.037347	11.596186	-0.020832	3.211879
114.841395	2997.014026	11.601191	-0.020843	3.211875
114.751975	2996.964391	11.606195	-0.020827	3.211837
114.924748	2997.001148	11.611200	-0.020858	3.211880
114.878691	2997.052541	11.616205	-0.020850	3.211900
114.923090	2997.012093	11.621210	-0.020858	3.211886
114.797742	2997.005298	11.626215	-0.020835	3.211865
114.968512	2997.012331	11.631219	-0.020866	3.211892
114.948535	2996.981139	11.636224	-0.020863	3.211873
114.897902	2997.007121	11.641229	-0.020854	3.211880
114.904614	2997.033584	11.646234	-0.020855	3.211895
114.884763	2997.020514	11.651239	-0.020852	3.211885
114.679907	2997.016713	11.656243	-0.020815	3.211855
114.912707	2996.993931	11.661248	-0.020857	3.211876
114.826359	2997.011863	11.666253	-0.020842	3.211873
114.861436	2997.033202	11.671258	-0.020848	3.211889
115.003318	2997.008582	11.676263	-0.020874	3.211896
114.905939	2997.007056	11.681267	-0.020856	3.211882
114.840321	2996.984374	11.686272	-0.020845	3.211861
114.798904	2997.027270	11.691277	-0.020837	3.211878
114.792141	2997.036741	11.696282	-0.020836	3.211882
114.897087	2996.976558	11.701287	-0.020855	3.211865
115.000299	2997.014269	11.706291	-0.020874	3.211899
114.908014	2997.028938	11.711296	-0.020858	3.211894
114.842906	2996.997647	11.716301	-0.020846	3.211869
114.910594	2997.010312	11.721306	-0.020858	3.211885
115.061296	2997.001502	11.726311	-0.020886	3.211901
114.901646	2996.997173	11.731315	-0.020857	3.211877
114.824430	2997.053222	11.736320	-0.020843	3.211896
114.916022	2997.006879	11.741325	-0.020860	3.211884
114.905139	2997.038022	11.746330	-0.020858	3.211899
114.936654	2997.001001	11.751335	-0.020864	3.211884
115.101528	2997.002341	11.756339	-0.020894	3.211908
115.109096	2997.045522	11.761344	-0.020895	3.211931
115.004693	2996.999870	11.766349	-0.020877	3.211893
114.986273	2997.002154	11.771354	-0.020873	3.211892
114.930147	2996.998733	11.776359	-0.020863	3.211883
114.998411	2996.991879	11.781363	-0.020876	3.211889
114.938776	2997.016624	11.786368	-0.020865	3.211893
114.982839	2997.001683	11.791373	-0.020873	3.211892
115.069567	2997.051042	11.796378	-0.020889	3.211929
115.177884	2996.997224	11.801383	-0.020909	3.211916
115.168212	2997.064962	11.806387	-0.020907	3.211950
115.067496	2996.984438	11.811392	-0.020889	3.211895
115.146819	2996.995824	11.816397	-0.020904	3.211912
115.079230	2997.045077	11.821402	-0.020892	3.211928
115.141425	2996.972662	11.826407	-0.020903	3.211899
115.107885	2997.054011	11.831411	-0.020897	3.211937
115.006384	2996.979749	11.836416	-0.020879	3.211885
115.109775	2996.997442	11.841421	-0.020898	3.211908
115.090880	2997.032532	11.846426	-0.020894	3.211924
115.161375	2997.003904	11.851431	-0.020907	3.211919
115.055943	2997.049908	11.856435	-0.020888	3.211928
115.052373	2996.659725	11.861440	-0.020888	3.211726

115.159379	2996.114291	11.866445	-0.020907	3.211460
115.195943	2994.623866	11.871450	-0.020914	3.210696
115.145934	2992.737706	11.876455	-0.020905	3.209715
115.249939	2990.467744	11.881459	-0.020923	3.208558
114.993311	2988.060717	11.886464	-0.020877	3.207279
115.199011	2985.435544	11.891469	-0.020914	3.205951
115.089405	2982.732975	11.896474	-0.020894	3.204539
115.185048	2979.840539	11.901479	-0.020911	3.203057
115.123948	2977.051518	11.906483	-0.020900	3.201605
115.115880	2974.168238	11.911488	-0.020899	3.200112
115.065673	2971.178819	11.916493	-0.020889	3.198556
114.993457	2968.266615	11.921498	-0.020876	3.197038
114.979698	2965.288435	11.926503	-0.020874	3.195492
115.100537	2962.269145	11.931507	-0.020895	3.193943
115.041235	2959.319241	11.936512	-0.020884	3.192404
114.895087	2956.404197	11.941517	-0.020858	3.190870
114.860105	2953.370752	11.946522	-0.020851	3.189290
114.931155	2950.338706	11.951527	-0.020864	3.187724
114.837232	2947.395465	11.956531	-0.020847	3.186181
114.840096	2944.370785	11.961536	-0.020847	3.184608
114.826905	2941.317708	11.966541	-0.020845	3.183018
114.932003	2938.393952	11.971546	-0.020864	3.181510
114.843668	2935.434064	11.976551	-0.020848	3.179956
114.762535	2932.371316	11.981555	-0.020833	3.178348
114.816715	2929.397192	11.986560	-0.020843	3.176805
114.669262	2926.388792	11.991565	-0.020816	3.175215
114.656059	2923.347748	11.996570	-0.020813	3.173626
114.848537	2920.329575	12.001575	-0.020848	3.172077
114.719411	2917.379972	12.006579	-0.020825	3.170518
114.770603	2914.346453	12.011584	-0.020834	3.168939
114.679193	2911.367627	12.016589	-0.020817	3.167369
114.667645	2908.367072	12.021594	-0.020815	3.165797
114.698147	2905.359697	12.026599	-0.020820	3.164227
114.679775	2902.320456	12.031603	-0.020817	3.162632
114.702577	2899.428328	12.036608	-0.020821	3.161120
114.723628	2896.373742	12.041613	-0.020824	3.159522
114.617917	2893.355974	12.046618	-0.020805	3.157924
114.698123	2890.399177	12.051623	-0.020820	3.156383
114.505756	2887.385782	12.056627	-0.020785	3.154774
114.425189	2884.381912	12.061632	-0.020770	3.153185
114.481289	2881.415224	12.066637	-0.020780	3.151633
114.472126	2878.379124	12.071642	-0.020778	3.150036
114.627994	2875.333912	12.076647	-0.020806	3.148455
114.502997	2872.386042	12.081651	-0.020784	3.146886
114.498472	2869.375790	12.086656	-0.020783	3.145300
114.481393	2866.355042	12.091661	-0.020779	3.143706
114.471657	2863.387131	12.096666	-0.020778	3.142140
114.330150	2860.462181	12.101671	-0.020752	3.140577
114.417372	2857.355740	12.106675	-0.020767	3.138950
114.503843	2854.336796	12.111680	-0.020783	3.137369
114.490106	2851.368868	12.116685	-0.020780	3.135799
114.390933	2848.352289	12.121690	-0.020762	3.134190
114.409047	2845.372282	12.126695	-0.020765	3.132617
114.287239	2842.402102	12.131699	-0.020743	3.131028
114.336493	2839.370099	12.136704	-0.020752	3.129431
114.417610	2836.342795	12.141709	-0.020767	3.127839
114.443650	2833.369610	12.146714	-0.020771	3.126267
114.297084	2830.367517	12.151719	-0.020745	3.124655
114.377069	2827.336851	12.156723	-0.020759	3.123059
114.217393	2824.460853	12.161728	-0.020730	3.121510
114.362653	2821.386718	12.166733	-0.020756	3.119899
114.222004	2818.346387	12.171738	-0.020731	3.118263
114.274224	2815.392219	12.176743	-0.020740	3.116701
114.147179	2812.394230	12.181747	-0.020717	3.115088
114.304477	2809.295460	12.186752	-0.020745	3.113462
114.310201	2806.386562	12.191757	-0.020746	3.111915
114.226674	2803.418366	12.196762	-0.020731	3.110322
114.193406	2800.370122	12.201767	-0.020725	3.108693
114.284620	2797.396214	12.206771	-0.020741	3.107120
114.270577	2794.361693	12.211776	-0.020738	3.105500
114.242626	2791.371137	12.216781	-0.020733	3.103900
114.062436	2788.465028	12.221786	-0.020700	3.102322
114.123334	2785.440544	12.226791	-0.020711	3.100715
114.148466	2782.389969	12.231795	-0.020716	3.099088
114.170702	2779.369205	12.236800	-0.020720	3.097476
114.053641	2776.405429	12.241805	-0.020698	3.095873
114.112308	2773.375543	12.246810	-0.020709	3.094260
114.168837	2770.371692	12.251815	-0.020719	3.092659
114.108678	2767.436120	12.256819	-0.020708	3.091077
114.038162	2764.381489	12.261824	-0.020695	3.089429
113.888716	2761.422173	12.266829	-0.020668	3.087820
113.998149	2758.421742	12.271834	-0.020688	3.086225
113.914886	2755.394621	12.276839	-0.020672	3.084587
114.054010	2752.383947	12.281843	-0.020697	3.082990
113.967737	2749.443296	12.286848	-0.020682	3.081397
114.001962	2746.384242	12.291853	-0.020688	3.079756
114.009723	2743.393192	12.296858	-0.020689	3.078148
113.946565	2740.420764	12.301863	-0.020678	3.076538
113.853080	2737.418806	12.306867	-0.020660	3.074907
113.962208	2734.350904	12.311872	-0.020680	3.073270
113.890182	2731.436590	12.316877	-0.020667	3.071688
114.022933	2728.387943	12.321882	-0.020691	3.070062
113.972508	2725.372505	12.326887	-0.020682	3.068427
113.794622	2722.476217	12.331891	-0.020649	3.066836
113.715010	2719.448884	12.336896	-0.020635	3.065189
113.901087	2716.353876	12.341901	-0.020668	3.063543
113.787199	2713.503057	12.346906	-0.020648	3.061983
113.652137	2710.463483	12.351911	-0.020623	3.060318
113.788370	2707.385787	12.356915	-0.020648	3.058672
113.589192	2704.476012	12.361920	-0.020611	3.057065
113.721464	2701.384196	12.366925	-0.020635	3.055409
113.713980	2698.378403	12.371930	-0.020634	3.053777
113.588259	2695.449236	12.376935	-0.020611	3.052169
113.661873	2692.407130	12.381939	-0.020624	3.050528
113.536496	2689.420732	12.386944	-0.020601	3.048887
113.447041	2686.459983	12.391949	-0.020585	3.047264
113.655365	2683.382251	12.396954	-0.020622	3.045621
113.553370	2680.383420	12.401959	-0.020604	3.043974
113.579235	2677.449663	12.406963	-0.020608	3.042380
113.518531	2674.438705	12.411968	-0.020597	3.040731
113.534355	2671.407190	12.416973	-0.020600	3.039081
113.543576	2668.438078	12.421978	-0.020602	3.037463
113.440975	2665.436137	12.426983	-0.020583	3.035810
113.599287	2662.347402	12.431987	-0.020611	3.034147
113.522545	2659.444500	12.436992	-0.020597	3.032550
113.394932	2656.463522	12.441997	-0.020574	3.030902
113.652259	2653.347234	12.447002	-0.020621	3.029236
113.393685	2650.465012	12.452007	-0.020574	3.027621
113.507458	2647.448602	12.457011	-0.020594	3.025986
113.354134	2644.439699	12.462016	-0.020566	3.024315
113.480720	2641.455455	12.467021	-0.020589	3.022699
113.572737	2638.439056	12.472026	-0.020606	3.021059
113.686472	2635.402335	12.477031	-0.020626	3.019410
113.595090	2632.450644	12.482035	-0.020609	3.017776
113.524346	2629.436343	12.487040	-0.020597	3.016110
113.629711	2626.391501	12.492045	-0.020615	3.014453
113.580062	2623.447942	12.497050	-0.020606	3.012827
113.343793	2620.461178	12.502055	-0.020564	3.011148
113.562929	2617.393767	12.507059	-0.020603	3.009493
113.500071	2614.442316	12.512064	-0.020592	3.007858
113.387475	2611.457554	12.517069	-0.020571	3.006196
113.340355	2608.460868	12.522074	-0.020562	3.004537
113.330261	2605.494062	12.527079	-0.020560	3.002899
113.261643	2602.510043	12.532083	-0.020548	3.001241
113.390352	2599.445284	12.537088	-0.020571	2.999568
113.347173	2596.449639	12.542093	-0.020563	2.997907
113.381447	2593.444339	12.547098	-0.020569	2.996250
113.281973	2590.421954	12.552103	-0.020551	2.994563
113.336439	2587.471342	12.557107	-0.020561	2.992939
113.177689	2584.491356	12.562112	-0.020532	2.991264
113.242100	2581.429689	12.567117	-0.020544	2.989577
113.205203	2578.492456	12.572122	-0.020537	2.987943
113.126719	2575.478379	12.577127	-0.020522	2.986259
113.100862	2572.468825	12.582131	-0.020518	2.984585
113.171280	2569.504439	12.587136	-0.020530	2.982950
112.957903	2566.540856	12.592141	-0.020492	2.981270
113.071811	2563.481186	12.597146	-0.020512	2.979587
113.109120	2560.465291	12.602151	-0.020519	2.977915
113.053329	2557.497190	12.607155	-0.020508	2.976254
113.016796	2554.445258	12.612160	-0.020502	2.974549
112.920919	2551.507962	12.617165	-0.020484	2.972897
113.048222	2548.477649	12.622170	-0.020507	2.971228
112.787863	2545.488275	12.627175	-0.020460	2.969520
113.090703	2542.451536	12.632179	-0.020515	2.967872
112.966220	2539.471900	12.637184	-0.020492	2.966189
112.854203	2536.460915	12.642189	-0.020472	2.964489
112.996108	2533.504169	12.647194	-0.020497	2.962858
112.877083	2530.484627	12.652199	-0.020475	2.961150
112.772450	2527.485148	12.657203	-0.020456	2.959455
112.943841	2524.465461	12.662208	-0.020487	2.957790
112.880951	2521.467232	12.667213	-0.020476	2.956100
112.970212	2518.427639	12.672218	-0.020492	2.954410
112.749355	2515.554930	12.677223	-0.020452	2.952764
112.883153	2512.489040	12.682227	-0.020476	2.951064
112.709230	2509.515991	12.687232	-0.020444	2.949367
112.712863	2506.533879	12.692237	-0.020445	2.947692
112.692930	2503.499560	12.697242	-0.020441	2.945982
112.641897	2500.515104	12.702247	-0.020432	2.944295
112.733469	2497.553955	12.707251	-0.020448	2.942643
112.689550	2494.538220	12.712256	-0.020440	2.940937
112.689555	2491.509164	12.717261	-0.020440	2.939230
112.734213	2488.520261	12.722266	-0.020448	2.937552
112.707739	2485.488289	12.727271	-0.020443	2.935837
112.702828	2482.451493	12.732275	-0.020442	2.934122
112.742069	2479.515681	12.737280	-0.020449	2.932469
112.696435	2476.473925	12.742285	-0.020441	2.930743
112.679168	2473.522029	12.747290	-0.020437	2.929071
112.649925	2470.523345	12.752295	-0.020432	2.927369
112.651230	2467.513418	12.757299	-0.020432	2.925665
112.490018	2464.545974	12.762304	-0.020403	2.923958
112.585803	2461.566402	12.767309	-0.020420	2.922285
112.638151	2458.471417	12.772314	-0.020429	2.920538
112.549491	2455.542224	12.777319	-0.020413	2.918861
112.427467	2452.544441	12.782323	-0.020391	2.917139
112.491360	2449.521937	12.787328	-0.020402	2.915432
112.503245	2446.526807	12.792333	-0.020404	2.913731
112.691602	2443.519914	12.797338	-0.020438	2.912051
112.507594	2440.511065	12.802343	-0.020405	2.910309
112.567838	2437.556877	12.807347	-0.020416	2.908636
112.502204	2434.539091	12.812352	-0.020404	2.906906
112.530737	2431.529402	12.817357	-0.020409	2.905195
112.422086	2428.564013	12.822362	-0.020389	2.903485
112.427195	2425.571578	12.827367	-0.020390	2.901778
112.465325	2422.489622	12.832371	-0.020397	2.900024
112.470786	2419.524130	12.837376	-0.020397	2.898330
112.382558	2416.522985	12.842381	-0.020381	2.896599
112.378506	2413.510785	12.847386	-0.020380	2.894875
112.256497	2410.594225	12.852391	-0.020358	2.893185
112.228396	2407.564061	12.857395	-0.020353	2.891445
112.239455	2404.533365	12.862400	-0.020355	2.889709
112.163614	2401.581305	12.867405	-0.020341	2.888004
112.033865	2398.578297	12.872410	-0.020318	2.886259
112.180970	2395.512901	12.877415	-0.020344	2.884523
112.095480	2392.644975	12.882419	-0.020328	2.882861
112.097161	2389.553740	12.887424	-0.020329	2.881084
112.207051	2386.541700	12.892429	-0.020348	2.879369
112.296094	2383.521061	12.897434	-0.020364	2.877645
112.155487	2380.533719	12.902439	-0.020339	2.875901
112.250998	2377.549500	12.907443	-0.020356	2.874197
112.144424	2374.572394	12.912448	-0.020337	2.872462
112.109166	2371.563903	12.917453	-0.020330	2.870721
112.012053	2368.586159	12.922458	-0.020312	2.868985
112.050938	2365.591619	12.927463	-0.020319	2.867262
112.052261	2362.572823	12.932467	-0.020319	2.865517
112.067708	2359.621992	12.937472	-0.020322	2.863812
111.983884	2356.655290	12.942477	-0.020307	2.862082
112.102473	2353.573050	12.947482	-0.020328	2.860316
112.065656	2350.594491	12.952487	-0.020321	2.858584
111.926251	2347.605487	12.957491	-0.020296	2.856828
112.019843	2344.540235	12.962496	-0.020313	2.855065
111.912622	2341.645815	12.967501	-0.020293	2.853367
111.915100	2338.581699	12.972506	-0.020294	2.851587
112.033252	2335.537019	12.977511	-0.020315	2.849837
112.142017	2332.578938	12.982515	-0.020334	2.848135
111.934141	2329.598599	12.987520	-0.020297	2.846366
111.832052	2326.628080	12.992525	-0.020278	2.844619
112.074312	2323.608362	12.997530	-0.020322	2.842900
111.968338	2320.590153	13.002535	-0.020302	2.841122
111.962378	2317.615944	13.007539	-0.020301	2.839386
111.992433	2314.597992	13.012544	-0.020307	2.837629
111.968230	2311.587771	13.017549	-0.020302	2.835867
111.989057	2308.635448	13.022554	-0.020306	2.834145
111.940711	2305.634233	13.027559	-0.020297	2.832382
111.827794	2302.628822	13.032563	-0.020276	2.830604
111.846831	2299.678756	13.037568	-0.020280	2.828880
111.799042	2296.627617	13.042573	-0.020271	2.827084
111.746735	2293.626565	13.047578	-0.020261	2.825316
111.841755	2290.694312	13.052583	-0.020278	2.823611
111.854590	2287.645900	13.057587	-0.020281	2.821824
111.820518	2284.628249	13.062592	-0.020274	2.820046
111.658414	2281.692180	13.067597	-0.020245	2.818293
111.639501	2278.625712	13.072602	-0.020241	2.816486
111.685236	2275.643980	13.077607	-0.020249	2.814739
111.636003	2272.677520	13.082611	-0.020240	2.812984
111.537468	2269.652914	13.087616	-0.020222	2.811185
111.543161	2266.667608	13.092621	-0.020223	2.809426
111.473853	2263.657549	13.097626	-0.020211	2.807638
111.439055	2260.674944	13.102631	-0.020204	2.805871
111.547564	2257.658908	13.107635	-0.020224	2.804108
111.519939	2254.650027	13.112640	-0.020219	2.802325
111.489608	2251.654398	13.117645	-0.020213	2.800548
111.386389	2248.688474	13.122650	-0.020194	2.798775
111.486169	2245.651903	13.127655	-0.020212	2.796993
111.453766	2242.643641	13.132659	-0.020206	2.795205
111.422637	2239.694838	13.137664	-0.020200	2.793451
111.434620	2236.665020	13.142669	-0.020203	2.791655
111.383107	2233.681169	13.147674	-0.020193	2.789875
111.416867	2230.679427	13.152679	-0.020199	2.788097
111.557626	2227.649309	13.157683	-0.020224	2.786320
111.413864	2224.698282	13.162688	-0.020198	2.784540
111.394431	2221.745884	13.167693	-0.020195	2.782779
111.361843	2218.684935	13.172698	-0.020189	2.780950
111.309684	2215.742126	13.177703	-0.020179	2.779187
111.330253	2212.705932	13.182707	-0.020183	2.777380
111.273938	2209.660936	13.187712	-0.020172	2.775553
111.385698	2206.707437	13.192717	-0.020192	2.773808
111.172069	2203.718566	13.197722	-0.020154	2.771985
111.250094	2200.695046	13.202727	-0.020168	2.770190
111.178422	2197.758402	13.207731	-0.020155	2.768421
111.178025	2194.680589	13.212736	-0.020154	2.766578
111.134750	2191.744825	13.217741	-0.020146	2.764812
111.128342	2188.747724	13.222746	-0.020145	2.763014
110.967205	2185.763489	13.227751	-0.020116	2.761195
111.029924	2182.756577	13.232755	-0.020127	2.759401
111.050054	2179.708847	13.237760	-0.020131	2.757574
110.968965	2176.723563	13.242765	-0.020116	2.755765
111.050236	2173.755019	13.247770	-0.020130	2.753994
110.904147	2170.744773	13.252775	-0.020104	2.752157
110.969357	2167.748977	13.257779	-0.020116	2.750364
110.946042	2164.729490	13.262784	-0.020111	2.748540
110.931086	2161.727186	13.267789	-0.020108	2.746726
110.828708	2158.768238	13.272794	-0.020090	2.744923
110.951218	2155.755372	13.277799	-0.020112	2.743125
110.955128	2152.731318	13.282803	-0.020112	2.741298
110.840820	2149.768344	13.287808	-0.020092	2.739487
110.832941	2146.742447	13.292813	-0.020090	2.737654
110.748679	2143.745903	13.297818	-0.020075	2.735825
110.895147	2140.731271	13.302823	-0.020101	2.734024
110.763459	2137.747885	13.307827	-0.020077	2.732192
110.786627	2134.740075	13.312832	-0.020081	2.730372
110.796300	2131.756689	13.317837	-0.020083	2.728562
110.618228	2128.795949	13.322842	-0.020051	2.726732
110.642858	2125.806040	13.327847	-0.020055	2.724919
110.620971	2122.805991	13.332851	-0.020051	2.723090
110.584912	2119.780816	13.337856	-0.020044	2.721242
110.676382	2116.778483	13.342861	-0.020061	2.719429
110.666907	2113.759892	13.347866	-0.020059	2.717588
110.521913	2110.789463	13.352871	-0.020032	2.715750
110.524374	2107.831318	13.357875	-0.020033	2.713945
110.655054	2104.750920	13.362880	-0.020056	2.712087
110.666737	2101.784875	13.367885	-0.020058	2.710276
110.662368	2098.784667	13.372890	-0.020057	2.708440
110.671566	2095.766730	13.377895	-0.020059	2.706595
110.624595	2092.852837	13.382899	-0.020050	2.704802
110.596023	2089.834190	13.387904	-0.020045	2.702947
110.530933	2086.836424	13.392909	-0.020033	2.701097
110.566892	2083.835641	13.397914	-0.020039	2.699261
110.496315	2080.826329	13.402919	-0.020026	2.697401
110.418310	2077.841092	13.407923	-0.020012	2.695552
110.431607	2074.843430	13.412928	-0.020015	2.693711
110.393639	2071.844540	13.417933	-0.020008	2.691859
110.395578	2068.834537	13.422938	-0.020008	2.690006
110.454732	2065.816457	13.427943	-0.020018	2.688156
110.373810	2062.804973	13.432947	-0.020004	2.686285
110.251163	2059.896330	13.437952	-0.019981	2.684468
110.358858	2056.861119	13.442957	-0.020001	2.682613
110.322117	2053.850059	13.447962	-0.019994	2.680746
110.246714	2050.885743	13.452967	-0.019980	2.678899
110.367702	2047.823592	13.457971	-0.020002	2.677026
110.245230	2044.860594	13.462976	-0.019980	2.675169
110.198881	2041.887452	13.467981	-0.019971	2.673318
110.156408	2038.854857	13.472986	-0.019963	2.671430
110.299958	2035.857864	13.477991	-0.019989	2.669597
110.190538	2032.862218	13.482995	-0.019969	2.667717
110.156627	2029.860121	13.488000	-0.019963	2.665845
110.220989	2026.887501	13.493005	-0.019974	2.664008
110.186426	2023.851171	13.498010	-0.019968	2.662113
110.139606	2020.863214	13.503015	-0.019960	2.660244
110.227335	2017.839340	13.508019	-0.019975	2.658375
110.084634	2014.842248	13.513024	-0.019949	2.656480
110.008646	2011.929503	13.518029	-0.019935	2.654649
109.997469	2008.885541	13.523034	-0.019933	2.652746
109.953568	2005.887850	13.528039	-0.019925	2.650865
110.058084	2002.882063	13.533043	-0.019944	2.649004
109.922690	1999.873666	13.538048	-0.019919	2.647097
110.041626	1996.884044	13.543053	-0.019941	2.645246
110.020308	1993.909391	13.548058	-0.019937	2.643378
109.946858	1990.881794	13.553063	-0.019923	2.641466
109.800433	1987.981103	13.558067	-0.019897	2.639619
110.025662	1984.858648	13.563072	-0.019937	2.637699
109.995568	1981.876231	13.568077	-0.019932	2.635819
109.877915	1978.937655	13.573082	-0.019910	2.633950
109.923090	1975.884495	13.578087	-0.019919	2.632036
109.859572	1972.945634	13.583091	-0.019907	2.630174
109.929998	1969.907197	13.588096	-0.019920	2.628272
109.865001	1966.914136	13.593101	-0.019908	2.626372
109.743172	1964.016687	13.598106	-0.019885	2.624520
109.716900	1960.971800	13.603111	-0.019881	2.622592
109.650116	1958.002847	13.608115	-0.019868	2.620703
109.508915	1955.015631	13.613120	-0.019843	2.618787
109.689239	1951.912896	13.618125	-0.019875	2.616857
109.625001	1948.983245	13.623130	-0.019864	2.614989
109.497135	1945.981008	13.628135	-0.019840	2.613062
109.631389	1942.949444	13.633139	-0.019864	2.611164
109.617252	1939.971092	13.638144	-0.019862	2.609270
109.593814	1936.942402	13.643149	-0.019857	2.607342
109.645770	1933.989092	13.648154	-0.019867	2.605474
109.694533	1930.954462	13.653159	-0.019875	2.603552
109.598149	1927.963360	13.658163	-0.019858	2.601629
109.571671	1924.997121	13.663168	-0.019853	2.599734
109.503717	1921.976106	13.668173	-0.019840	2.597795
109.549340	1918.987984	13.673178	-0.019849	2.595897
109.594923	1915.999842	13.678183	-0.019857	2.593997
109.517846	1912.979230	13.683187	-0.019843	2.592052
109.601250	1910.023540	13.688192	-0.019858	2.590178
109.510472	1907.006373	13.693197	-0.019841	2.588230
109.334766	1904.037694	13.698202	-0.019809	2.586295
109.445536	1900.921907	13.703207	-0.019829	2.584319
109.388533	1897.903571	13.708211	-0.019819	2.582372
109.507347	1894.917166	13.713216	-0.019840	2.580477
109.362257	1891.948492	13.718221	-0.019814	2.578542
109.246685	1888.975747	13.723226	-0.019793	2.576609
109.334796	1886.027845	13.728231	-0.019808	2.574729
109.275615	1882.993832	13.733235	-0.019798	2.572764
109.357867	1880.006492	13.738240	-0.019812	2.570855
109.175855	1877.042945	13.743245	-0.019779	2.568909
109.208001	1873.999774	13.748250	-0.019785	2.566952
109.181853	1871.105057	13.753255	-0.019780	2.565077
109.209189	1868.046354	13.758259	-0.019785	2.563106
109.079835	1865.093890	13.763264	-0.019761	2.561171
109.199626	1862.051793	13.768269	-0.019783	2.559225
109.157649	1859.024819	13.773274	-0.019775	2.557256
109.146003	1856.101375	13.778279	-0.019773	2.555359
109.133426	1853.051229	13.783283	-0.019771	2.553378
108.985804	1850.113955	13.788288	-0.019744	2.551442
109.172653	1847.082901	13.793293	-0.019778	2.549509
109.175272	1844.034490	13.798298	-0.019778	2.547527
109.084420	1841.143703	13.803303	-0.019761	2.545628
109.174344	1838.115048	13.808307	-0.019777	2.543674
108.962315	1835.168687	13.813312	-0.019739	2.541712
108.929982	1832.155143	13.818317	-0.019733	2.539740
108.909406	1829.122744	13.823322	-0.019729	2.537757
108.789750	1826.183762	13.828327	-0.019707	2.535813
108.709414	1823.161559	13.833331	-0.019693	2.533822
108.783432	1820.133456	13.838336	-0.019706	2.531855
108.756221	1817.161113	13.843341	-0.019701	2.529904
108.731879	1814.117114	13.848346	-0.019696	2.527904
108.884188	1811.119655	13.853351	-0.019724	2.525968
108.754967	1808.172703	13.858355	-0.019700	2.524009
108.808653	1805.115510	13.863360	-0.019710	2.522011
108.770078	1802.172182	13.868365	-0.019703	2.520069
108.837424	1799.126302	13.873370	-0.019715	2.518079
108.870929	1796.148652	13.878375	-0.019721	2.516125
108.699272	1793.193219	13.883379	-0.019690	2.514144
108.817234	1790.138060	13.888384	-0.019711	2.512152
108.739624	1787.201480	13.893389	-0.019697	2.510199
108.735741	1784.202534	13.898394	-0.019696	2.508218
108.562024	1781.251106	13.903399	-0.019664	2.506232
108.336142	1778.315412	13.908403	-0.019623	2.504246
108.433422	1775.228382	13.913408	-0.019641	2.502221
108.456323	1772.214460	13.918413	-0.019645	2.500229
108.631737	1769.136092	13.923418	-0.019677	2.498223
108.768205	1766.132037	13.928423	-0.019701	2.496257
108.502485	1763.232123	13.933427	-0.019653	2.494278
108.464000	1760.241296	13.938432	-0.019646	2.492282
108.330474	1757.277524	13.943437	-0.019622	2.490284
108.329041	1754.249425	13.948442	-0.019621	2.488268
108.517518	1751.215477	13.953447	-0.019655	2.486284
108.358451	1748.278368	13.958451	-0.019626	2.484294
108.449128	1745.227903	13.963456	-0.019643	2.482276
108.426060	1742.255778	13.968461	-0.019638	2.480286
108.483038	1739.217306	13.973466	-0.019648	2.478267
108.423246	1736.289070	13.978471	-0.019637	2.476296
108.340007	1733.284738	13.983475	-0.019622	2.474268
108.531374	1730.217893	13.988480	-0.019657	2.472252
108.400962	1727.291167	13.993485	-0.019633	2.470263
108.302194	1724.301957	13.998490	-0.019615	2.468236
108.287636	1721.373179	14.003495	-0.019612	2.466266
108.267744	1718.336251	14.008499	-0.019609	2.464221
108.381115	1715.313725	14.013504	-0.019629	2.462210
108.480230	1712.255990	14.018509	-0.019647	2.460172
108.472283	1709.246806	14.023514	-0.019645	2.458142
108.321333	1706.367837	14.028519	-0.019618	2.456170
108.310097	1703.321108	14.033523	-0.019616	2.454111
108.172776	1700.377486	14.038528	-0.019591	2.452094
108.169277	1697.365568	14.043533	-0.019590	2.450057
108.185388	1694.324617	14.048538	-0.019593	2.448003
108.102086	1691.423474	14.053543	-0.019578	2.446021
108.097045	1688.375989	14.058547	-0.019577	2.443954
108.194818	1685.331867	14.063552	-0.019594	2.441909
108.075821	1682.395776	14.068557	-0.019572	2.439891
108.087369	1679.331157	14.073562	-0.019574	2.437811
108.055977	1676.438647	14.078567	-0.019569	2.435838
108.144482	1673.355518	14.083571	-0.019584	2.433758
108.158973	1670.373048	14.088576	-0.019587	2.431729
108.177990	1667.380699	14.093581	-0.019590	2.429693
108.131917	1664.353695	14.098586	-0.019582	2.427618
108.065181	1661.484307	14.103591	-0.019570	2.425644
107.980383	1658.437413	14.108595	-0.019554	2.423544
107.984498	1655.434573	14.113600	-0.019555	2.421491
108.040525	1652.422129	14.118605	-0.019565	2.419440
107.812429	1649.446313	14.123610	-0.019523	2.417353
107.997844	1646.437370	14.128615	-0.019557	2.415328
107.930640	1643.429601	14.133619	-0.019545	2.413250
107.891240	1640.461630	14.138624	-0.019537	2.411202
107.829521	1637.470092	14.143629	-0.019526	2.409133
107.758097	1634.495217	14.148634	-0.019513	2.407070
107.946810	1631.462874	14.153639	-0.019547	2.405021
107.885835	1628.453492	14.158643	-0.019536	2.402934
107.847966	1625.473847	14.163648	-0.019529	2.400870
107.864560	1622.467736	14.168653	-0.019532	2.398798
107.838706	1619.493648	14.173658	-0.019527	2.396737
107.736793	1616.521888	14.178663	-0.019508	2.394660
107.694246	1613.515467	14.183667	-0.019501	2.392569
107.702063	1610.532556	14.188672	-0.019502	2.390504
107.722248	1607.511322	14.193677	-0.019505	2.388413
107.638221	1604.589077	14.198682	-0.019490	2.386366
107.689625	1601.548251	14.203687	-0.019499	2.384265
107.657480	1598.563451	14.208691	-0.019493	2.382182
107.652578	1595.523174	14.213696	-0.019492	2.380065
107.654601	1592.520663	14.218701	-0.019493	2.377974
107.642086	1589.565072	14.223706	-0.019490	2.375911
107.622122	1586.538537	14.228711	-0.019486	2.373794
107.615508	1583.562445	14.233715	-0.019485	2.371714
107.559270	1580.569348	14.238720	-0.019475	2.369610
107.539722	1577.588874	14.243725	-0.019471	2.367520
107.646185	1574.591359	14.248730	-0.019490	2.365444
107.391798	1571.629358	14.253735	-0.019444	2.363313
107.561308	1568.604654	14.258739	-0.019475	2.361228
107.445688	1565.607341	14.263744	-0.019454	2.359098
107.562252	1562.595937	14.268749	-0.019475	2.357007
107.491763	1559.613949	14.273754	-0.019462	2.354894
107.456031	1556.624218	14.278759	-0.019455	2.352782
107.361808	1553.670645	14.283763	-0.019438	2.350680
107.297824	1550.674188	14.288768	-0.019426	2.348553
107.459353	1547.674175	14.293773	-0.019455	2.346470
107.445852	1544.649947	14.298778	-0.019453	2.344330
107.442052	1541.648224	14.303783	-0.019452	2.342206
107.370608	1538.658341	14.308787	-0.019439	2.340074
107.286133	1535.683588	14.313792	-0.019424	2.337948
107.309136	1532.697212	14.318797	-0.019428	2.335835
107.353146	1529.652550	14.323802	-0.019435	2.333684
107.294276	1526.715469	14.328807	-0.019425	2.331584
107.166798	1523.705866	14.333811	-0.019402	2.329416
107.347889	1520.693734	14.338816	-0.019434	2.327312
107.303398	1517.716073	14.343821	-0.019426	2.325181
107.138892	1514.750794	14.348826	-0.019396	2.323030
107.048608	1511.774199	14.353831	-0.019380	2.320886
107.098338	1508.735166	14.358835	-0.019389	2.318726
107.140111	1505.769031	14.363840	-0.019396	2.316614
107.119591	1502.748066	14.368845	-0.019392	2.314447
107.185666	1499.748296	14.373850	-0.019404	2.312313
107.203738	1496.757160	14.378855	-0.019407	2.310172
107.125009	1493.776719	14.383859	-0.019393	2.308016
107.118850	1490.823378	14.388864	-0.019392	2.305893
107.163309	1487.771196	14.393869	-0.019399	2.303708
107.001877	1484.842088	14.398874	-0.019370	2.301564
107.021963	1481.813761	14.403879	-0.019374	2.299387
107.175986	1478.789071	14.408883	-0.019401	2.297240
107.007618	1475.829012	14.413888	-0.019371	2.295066
106.963767	1472.854262	14.418893	-0.019363	2.292907
106.948869	1469.844677	14.423898	-0.019360	2.290728
106.988114	1466.831980	14.428903	-0.019367	2.288556
106.903329	1463.899284	14.433907	-0.019351	2.286412
107.013584	1460.844001	14.438912	-0.019371	2.284221
106.939445	1457.889554	14.443917	-0.019358	2.282060
106.851367	1454.899526	14.448922	-0.019342	2.279868
106.939788	1451.895893	14.453927	-0.019358	2.277703
106.863893	1448.914724	14.458931	-0.019344	2.275516
106.840357	1445.904586	14.463936	-0.019339	2.273317
106.880000	1442.919269	14.468941	-0.019346	2.271149
106.758580	1439.914101	14.473946	-0.019324	2.268927
106.721695	1436.979630	14.478951	-0.019318	2.266775
106.779601	1433.931510	14.483955	-0.019328	2.264558
106.728394	1430.945160	14.488960	-0.019318	2.262360
106.729325	1427.911905	14.493965	-0.019319	2.260137
106.574190	1424.992433	14.498970	-0.019290	2.257960
106.493172	1421.999697	14.503975	-0.019276	2.255744
106.662707	1418.938200	14.508979	-0.019306	2.253532
106.468918	1415.991550	14.513984	-0.019271	2.251320
106.462834	1412.980178	14.518989	-0.019270	2.249101
106.433939	1410.059081	14.523994	-0.019264	2.246940
106.520088	1406.980052	14.528999	-0.019280	2.244688
106.479705	1404.020550	14.534003	-0.019272	2.242493
106.375822	1401.018328	14.539008	-0.019254	2.240249
106.442737	1398.014440	14.544013	-0.019265	2.238041
106.358516	1395.058677	14.549018	-0.019250	2.235832
106.289404	1392.047310	14.554023	-0.019238	2.233583
106.311149	1389.079615	14.559027	-0.019241	2.231384
106.340667	1386.044174	14.564032	-0.019247	2.229136
106.223623	1383.145164	14.569037	-0.019225	2.226952
106.240191	1380.108046	14.574042	-0.019228	2.224695
106.295019	1377.076921	14.579047	-0.019238	2.222448
106.228536	1374.086702	14.584051	-0.019226	2.220202
106.171117	1371.133891	14.589056	-0.019215	2.217983
106.150293	1368.099801	14.594061	-0.019211	2.215710
106.197466	1365.128890	14.599066	-0.019220	2.213498
106.156907	1362.129819	14.604071	-0.019212	2.211242
106.187848	1359.122919	14.609075	-0.019218	2.208994
106.267531	1356.145805	14.614080	-0.019232	2.206778
106.113536	1353.143611	14.619085	-0.019204	2.204486
106.163388	1350.188901	14.624090	-0.019213	2.202275
106.167877	1347.152491	14.629095	-0.019214	2.199990
106.164447	1344.179459	14.634099	-0.019213	2.197749
106.197379	1341.172641	14.639104	-0.019219	2.195488
106.003973	1338.229665	14.644109	-0.019184	2.193219
106.121476	1335.217810	14.649114	-0.019205	2.190970
106.112974	1332.209511	14.654119	-0.019203	2.188691
105.999783	1329.283906	14.659123	-0.019183	2.186448
106.017937	1326.261959	14.664128	-0.019186	2.184161
105.907387	1323.273050	14.669133	-0.019166	2.181865
105.972107	1320.243853	14.674138	-0.019177	2.179578
105.982769	1317.280491	14.679143	-0.019179	2.177327
105.839552	1314.276098	14.684147	-0.019153	2.175004
105.920143	1311.305191	14.689152	-0.019167	2.172759
105.752587	1308.310579	14.694157	-0.019137	2.170433
105.777862	1305.354864	14.699162	-0.019141	2.168181
105.985124	1302.283622	14.704167	-0.019179	2.165882
105.884459	1299.311702	14.709171	-0.019160	2.163582
105.859973	1296.327386	14.714176	-0.019156	2.161289
105.900372	1293.327267	14.719181	-0.019163	2.158997
105.785838	1290.373357	14.724186	-0.019142	2.156701
105.830782	1287.350354	14.729191	-0.019150	2.154387
105.726087	1284.395301	14.734195	-0.019131	2.152088
105.724808	1281.384378	14.739200	-0.019131	2.149767
105.666803	1278.460095	14.744205	-0.019120	2.147498
105.526442	1275.466681	14.749210	-0.019095	2.145152
105.581189	1272.461960	14.754215	-0.019105	2.142843
105.741501	1269.381013	14.759219	-0.019133	2.140498
105.730559	1266.425206	14.764224	-0.019131	2.138205
105.621942	1263.446442	14.769229	-0.019112	2.135869
105.636800	1260.458168	14.774234	-0.019114	2.133552
105.597199	1257.458797	14.779239	-0.019107	2.131211
105.494577	1254.528942	14.784243	-0.019088	2.128906
105.560482	1251.504450	14.789248	-0.019100	2.126567
105.529379	1248.500875	14.794253	-0.019094	2.124217
105.559270	1245.502756	14.799258	-0.019099	2.121884
105.468196	1242.525969	14.804263	-0.019083	2.119535
105.434788	1239.572987	14.809267	-0.019077	2.117217
105.529065	1236.516370	14.814272	-0.019094	2.114846
105.444428	1233.584554	14.819277	-0.019078	2.112526
105.404437	1230.568347	14.824282	-0.019071	2.110149
105.561717	1227.591219	14.829287	-0.019099	2.107848
105.410057	1224.601190	14.834291	-0.019072	2.105458
105.464817	1221.585349	14.839296	-0.019081	2.103096
105.383168	1218.601607	14.844301	-0.019067	2.100723
105.368893	1215.629189	14.849306	-0.019064	2.098373
105.304431	1212.630403	14.854311	-0.019052	2.095987
105.366341	1209.635838	14.859315	-0.019063	2.093634
105.291836	1206.641160	14.864320	-0.019050	2.091243
105.369467	1203.649716	14.869325	-0.019063	2.088890
105.341733	1200.671232	14.874330	-0.019058	2.086519
105.225270	1197.699165	14.879335	-0.019037	2.084128
105.358577	1194.673871	14.884339	-0.019061	2.081754
105.255174	1191.698482	14.889344	-0.019042	2.079358
105.286600	1188.693555	14.894349	-0.019048	2.076969
105.270876	1185.732828	14.899354	-0.019045	2.074601
105.139671	1182.755177	14.904359	-0.019021	2.072188
105.340054	1179.703399	14.909363	-0.019057	2.069797
105.096588	1176.835804	14.914368	-0.019013	2.067437
105.109245	1173.792760	14.919373	-0.019015	2.065000
105.149219	1170.793371	14.924378	-0.019022	2.062601
105.067725	1167.793780	14.929383	-0.019007	2.060169
105.206817	1164.806670	14.934387	-0.019032	2.057800
105.008060	1161.848931	14.939392	-0.018996	2.055365
104.963449	1158.868747	14.944397	-0.018988	2.052949
104.927003	1155.875975	14.949402	-0.018981	2.050522
104.867777	1152.921407	14.954407	-0.018971	2.048118
104.695672	1149.944645	14.959411	-0.018939	2.045663
104.964200	1146.888298	14.964416	-0.018988	2.043255
104.781530	1143.917897	14.969421	-0.018955	2.040796
104.918447	1140.920701	14.974426	-0.018979	2.038396
104.847692	1137.929521	14.979431	-0.018966	2.035945
104.684338	1134.996797	14.984435	-0.018937	2.033513
104.816658	1131.946168	14.989440	-0.018961	2.031060
104.598576	1129.042309	14.994445	-0.018921	2.028632
104.584758	1126.031611	14.999450	-0.018918	2.026167
104.575732	1123.033915	15.004455	-0.018917	2.023711
104.772252	1119.946035	15.009459	-0.018952	2.021232
104.649614	1117.018362	15.014464	-0.018930	2.018798
104.561292	1114.031097	15.019469	-0.018914	2.016321
104.678383	1111.018682	15.024474	-0.018935	2.013874
104.639551	1108.033762	15.029479	-0.018928	2.011406
104.623095	1105.065233	15.034483	-0.018924	2.008954
104.664602	1102.048912	15.039488	-0.018932	2.006475
104.582991	1099.081350	15.044493	-0.018917	2.004001
104.643569	1096.048799	15.049498	-0.018928	2.001507
104.480148	1093.157599	15.054503	-0.018898	1.999068
104.458136	1090.136729	15.059507	-0.018894	1.996556
104.540915	1087.149389	15.064512	-0.018909	1.994097
104.448753	1084.162467	15.069517	-0.018892	1.991588
104.311622	1081.244912	15.074522	-0.018867	1.989122
104.486345	1078.199267	15.079527	-0.018899	1.986629
104.493705	1075.198863	15.084531	-0.018900	1.984127
104.462793	1072.190625	15.089536	-0.018894	1.981604
104.554215	1069.204575	15.094541	-0.018911	1.979129
104.471252	1066.213947	15.099546	-0.018895	1.976601
104.303723	1063.305276	15.104551	-0.018865	1.974116
104.298247	1060.293738	15.109555	-0.018864	1.971584
104.232595	1057.327275	15.114560	-0.018852	1.969071
104.385953	1054.282420	15.119565	-0.018879	1.966548
104.252907	1051.331012	15.124570	-0.018855	1.964023
104.302158	1048.321182	15.129575	-0.018864	1.961495
104.292244	1045.361158	15.134579	-0.018862	1.958989
104.248652	1042.352740	15.139584	-0.018854	1.956430
104.119984	1039.433059	15.144589	-0.018831	1.953920
104.075179	1036.407150	15.149594	-0.018823	1.951340
104.200040	1033.403519	15.154599	-0.018845	1.948821
104.099934	1030.418751	15.159603	-0.018827	1.946254
104.123923	1027.416870	15.164608	-0.018831	1.943702
104.175077	1024.405042	15.169613	-0.018840	1.941146
104.077969	1021.459705	15.174618	-0.018822	1.938603
104.109953	1018.431283	15.179623	-0.018828	1.936021
104.044178	1015.484824	15.184627	-0.018816	1.933479
104.062445	1012.465349	15.189632	-0.018819	1.930894
104.028667	1009.524985	15.194637	-0.018813	1.928359
103.967515	1006.533494	15.199642	-0.018802	1.925769
104.063826	1003.512271	15.204647	-0.018819	1.923194
104.004276	1000.542449	15.209651	-0.018808	1.920616
103.981809	997.556725	15.214656	-0.018804	1.918032
104.000010	994.577595	15.219661	-0.018807	1.915461
103.874801	991.621215	15.224666	-0.018785	1.912866
103.868505	988.644167	15.229671	-0.018783	1.910283
103.805613	985.694109	15.234675	-0.018772	1.907704
103.856708	982.664753	15.239680	-0.018781	1.905084
103.989015	979.612727	15.244685	-0.018805	1.902465
103.905686	976.684135	15.249690	-0.018789	1.899888
103.905052	973.663477	15.254695	-0.018789	1.897251
103.849220	970.737679	15.259699	-0.018779	1.894677
103.800530	967.723948	15.264704	-0.018770	1.892025
103.899539	964.747422	15.269709	-0.018788	1.889444
103.899231	961.737235	15.274714	-0.018788	1.886802
103.727820	958.803553	15.279719	-0.018757	1.884174
103.644643	955.823676	15.284723	-0.018741	1.881527
103.656877	952.861702	15.289728	-0.018744	1.878920
103.654587	949.847753	15.294733	-0.018743	1.876259
103.715227	946.854545	15.299738	-0.018754	1.873630
103.601736	943.878111	15.304743	-0.018733	1.870963
103.697161	940.889222	15.309747	-0.018750	1.868340
103.515306	937.936659	15.314752	-0.018717	1.865667
103.596545	934.909865	15.319757	-0.018732	1.863000
103.608817	931.924988	15.324762	-0.018734	1.860346
103.641918	928.930769	15.329767	-0.018740	1.857686
103.548767	925.965064	15.334771	-0.018723	1.855011
103.396210	923.019860	15.339776	-0.018695	1.852333
103.498226	920.019415	15.344781	-0.018713	1.849676
103.466007	917.022682	15.349786	-0.018708	1.846979
103.363924	914.081028	15.354791	-0.018689	1.844308
103.360696	911.064882	15.359795	-0.018688	1.841594
103.381716	908.089448	15.364800	-0.018692	1.838921
103.327586	905.120305	15.369805	-0.018682	1.836227
103.221131	902.146859	15.374810	-0.018663	1.833510
103.372439	899.128419	15.379815	-0.018690	1.830824
103.204200	896.207558	15.384819	-0.018659	1.828128
103.316996	893.174608	15.389824	-0.018680	1.825409
103.358548	890.161250	15.394829	-0.018687	1.822683
103.104636	887.266179	15.399834	-0.018641	1.819973
103.151932	884.236966	15.404839	-0.018649	1.817227
103.160472	881.266292	15.409843	-0.018651	1.814518
103.056688	878.283287	15.414848	-0.018632	1.811760
103.158621	875.303170	15.419853	-0.018650	1.809062
103.149062	872.291526	15.424858	-0.018648	1.806298
103.043199	869.350929	15.429863	-0.018629	1.803566
103.050367	866.358093	15.434867	-0.018630	1.800815
103.165241	863.324641	15.439872	-0.018651	1.798056
103.105115	860.388456	15.444877	-0.018640	1.795329
103.126273	857.379723	15.449882	-0.018644	1.792556
103.041048	854.464514	15.454887	-0.018628	1.789832
102.939143	851.488229	15.459891	-0.018610	1.787043
102.894467	848.489196	15.464896	-0.018601	1.784246
103.020383	845.465411	15.469901	-0.018624	1.781473
102.869627	842.521387	15.474906	-0.018597	1.778686
103.028433	839.484911	15.479911	-0.018625	1.775903
103.003114	836.507365	15.484915	-0.018621	1.773114
102.760470	833.615203	15.489920	-0.018577	1.770334
103.021761	830.536505	15.494925	-0.018624	1.767529
102.961643	827.585955	15.499930	-0.018613	1.764742
102.790072	824.633164	15.504935	-0.018582	1.761913
102.657058	821.714664	15.509939	-0.018557	1.759125
102.903364	818.615274	15.514944	-0.018602	1.756278
102.846235	815.679887	15.519949	-0.018591	1.753488
102.768687	812.739419	15.524954	-0.018577	1.750682
102.776671	809.733174	15.529959	-0.018579	1.747836
102.788870	806.760173	15.534963	-0.018581	1.745019
102.674430	803.778095	15.539968	-0.018560	1.742148
102.600506	800.838475	15.544973	-0.018546	1.739326
102.604493	797.835228	15.549978	-0.018547	1.736463
102.590015	794.837934	15.554983	-0.018544	1.733595
102.669874	791.872127	15.559987	-0.018558	1.730782
102.549623	788.892264	15.564992	-0.018537	1.727888
102.547222	785.927447	15.569997	-0.018536	1.725041
102.501401	782.952289	15.575002	-0.018528	1.722166
102.226453	780.046517	15.580007	-0.018478	1.719280
102.438708	776.989167	15.585011	-0.018516	1.716397
102.434584	774.000613	15.590016	-0.018515	1.713507
102.369129	771.061136	15.595021	-0.018503	1.710641
102.335898	768.075808	15.600026	-0.018497	1.707735
102.226455	765.115715	15.605031	-0.018477	1.704824
102.326790	762.104271	15.610035	-0.018495	1.701926
102.320686	759.105448	15.615040	-0.018494	1.699001
102.261203	756.152709	15.620045	-0.018483	1.696099
102.365429	753.118537	15.625050	-0.018502	1.693165
102.211514	750.217843	15.630055	-0.018474	1.690273
102.337820	747.182869	15.635059	-0.018497	1.687335
102.167075	744.254624	15.640064	-0.018466	1.684401
102.095019	741.289834	15.645069	-0.018452	1.681458
102.068373	738.321451	15.650074	-0.018448	1.678520
102.077217	735.337085	15.655079	-0.018449	1.675574
102.275333	732.283917	15.660083	-0.018485	1.672616
102.072219	729.406658	15.665088	-0.018448	1.669695
102.087076	726.406953	15.670093	-0.018450	1.666720
102.042194	723.429209	15.675098	-0.018442	1.663741
102.108734	720.432482	15.680103	-0.018454	1.660775
102.107060	717.440983	15.685107	-0.018454	1.657786
102.240058	714.440226	15.690112	-0.018478	1.654827
102.028633	711.529185	15.695117	-0.018439	1.651838
102.040322	708.551090	15.700122	-0.018441	1.648851
101.959329	705.590628	15.705127	-0.018427	1.645846
101.860684	702.627554	15.710131	-0.018409	1.642826
101.995935	699.615348	15.715136	-0.018433	1.639829
102.163230	696.594217	15.720141	-0.018463	1.636829
101.997037	693.656894	15.725146	-0.018433	1.633796
101.936528	690.732641	15.730151	-0.018422	1.630806
101.689963	687.798250	15.735155	-0.018377	1.627738
101.774855	684.778732	15.740160	-0.018392	1.624689
101.722765	681.804923	15.745165	-0.018383	1.621634
101.750812	678.810607	15.750170	-0.018388	1.618580
101.716016	675.852972	15.755175	-0.018381	1.615537
101.742930	672.855836	15.760179	-0.018386	1.612468
101.660351	669.910451	15.765184	-0.018371	1.609409
101.671545	666.936992	15.770189	-0.018373	1.606348
101.689308	663.926993	15.775194	-0.018376	1.603245
101.558282	661.014760	15.780199	-0.018352	1.600186
101.699343	657.973945	15.785203	-0.018378	1.597082
101.623055	655.024576	15.790208	-0.018364	1.593992
101.402837	652.157184	15.795213	-0.018324	1.590931
101.274718	649.190069	15.800218	-0.018300	1.587792
101.344217	646.170596	15.805223	-0.018313	1.584661
101.308686	643.213145	15.810227	-0.018306	1.581552
101.324525	640.205925	15.815232	-0.018309	1.578403
101.434331	637.201715	15.820237	-0.018329	1.575283
101.302037	634.272038	15.825242	-0.018305	1.572151
101.350427	631.269610	15.830247	-0.018313	1.568999
101.354219	628.307203	15.835251	-0.018314	1.565868
101.301850	625.337653	15.840256	-0.018304	1.562703
101.124685	622.428119	15.845261	-0.018272	1.559551
101.160372	619.445236	15.850266	-0.018279	1.556390
101.266455	616.422211	15.855271	-0.018298	1.553205
101.120390	613.518360	15.860275	-0.018271	1.550051
101.052376	610.539849	15.865280	-0.018259	1.546838
101.174537	607.509439	15.870285	-0.018281	1.543631
101.175247	604.542467	15.875290	-0.018281	1.540442
101.103392	601.595022	15.880295	-0.018268	1.537242
101.049534	598.634896	15.885299	-0.018258	1.534027
100.997507	595.697700	15.890304	-0.018248	1.530831
100.911280	592.732366	15.895309	-0.018232	1.527586
100.933778	589.742057	15.900314	-0.018236	1.524346
100.928555	586.777951	15.905319	-0.018235	1.521117
101.035326	583.771362	15.910323	-0.018254	1.517876
101.037756	580.793040	15.915328	-0.018255	1.514621
100.914385	577.902511	15.920333	-0.018232	1.511410
100.844636	574.939484	15.925338	-0.018220	1.508131
100.740068	571.986258	15.930343	-0.018201	1.504843
100.775724	568.999088	15.935347	-0.018207	1.501562
100.671177	566.058484	15.940352	-0.018188	1.498274
100.723663	563.055867	15.945357	-0.018197	1.494968
100.835100	560.072093	15.950362	-0.018217	1.491697
100.701358	557.137045	15.955367	-0.018193	1.488382
100.822291	554.119288	15.960371	-0.018215	1.485063
100.689676	551.213757	15.965376	-0.018191	1.481767
100.617076	548.256372	15.970381	-0.018177	1.478427
100.666723	545.278572	15.975386	-0.018186	1.475104
100.749678	542.303309	15.980391	-0.018201	1.471788
100.512334	539.390130	15.985395	-0.018158	1.468413
100.575764	536.390247	15.990400	-0.018169	1.465047
100.499683	533.447933	15.995405	-0.018156	1.461685
100.521059	530.460048	16.000410	-0.018159	1.458301
100.407432	527.528438	16.005415	-0.018139	1.454922
100.332295	524.599676	16.010419	-0.018125	1.451552
100.359979	521.602409	16.015424	-0.018130	1.448136
100.350946	518.620315	16.020429	-0.018128	1.444715
100.386009	515.659485	16.025434	-0.018134	1.441328
100.265305	512.738111	16.030439	-0.018112	1.437917
100.262302	509.745504	16.035443	-0.018112	1.434462
100.336592	506.798609	16.040448	-0.018125	1.431082
100.241758	503.840430	16.045453	-0.018108	1.427614
100.144465	500.902017	16.050458	-0.018090	1.424160
100.165092	497.929593	16.055463	-0.018094	1.420704
100.057639	494.983937	16.060467	-0.018074	1.417221
100.232269	491.964323	16.065472	-0.018106	1.413754
99.974266	489.099345	16.070477	-0.018059	1.410288
100.099125	486.071395	16.075482	-0.018081	1.406775
100.198672	483.099321	16.080487	-0.018099	1.403308
100.159191	480.132384	16.085491	-0.018092	1.399783
100.083401	477.214530	16.090496	-0.018078	1.396293
99.970522	474.297546	16.095501	-0.018058	1.392781
99.883031	471.352367	16.100506	-0.018042	1.389236
100.014875	468.336614	16.105511	-0.018065	1.385686
99.807717	465.435355	16.110515	-0.018028	1.382127
99.893106	462.435847	16.115520	-0.018043	1.378560
100.004326	459.438114	16.120525	-0.018063	1.374996
99.857525	456.533500	16.125530	-0.018036	1.371430
99.837704	453.588851	16.130535	-0.018033	1.367858
99.737676	450.640895	16.135539	-0.018015	1.364240
99.771074	447.674901	16.140544	-0.018020	1.360645
99.608038	444.782191	16.145549	-0.017991	1.357049
99.568648	441.822167	16.150554	-0.017984	1.353412
99.641003	438.844091	16.155559	-0.017997	1.349790
99.647456	435.876855	16.160563	-0.017998	1.346144
99.526011	432.952332	16.165568	-0.017976	1.342487
99.550386	429.988663	16.170573	-0.017980	1.338832
99.527320	427.027131	16.175578	-0.017976	1.335151
99.499417	424.107015	16.180583	-0.017970	1.331509
99.519950	421.132334	16.185587	-0.017974	1.327809
99.551470	418.158437	16.190592	-0.017980	1.324105
99.525283	415.218308	16.195597	-0.017975	1.320408
99.506024	412.269756	16.200602	-0.017971	1.316693
99.452468	409.339573	16.205607	-0.017961	1.312976
99.300023	406.412865	16.210611	-0.017934	1.309210
99.303550	403.440077	16.215616	-0.017934	1.305442
99.352068	400.480357	16.220621	-0.017943	1.301699
99.287505	397.539045	16.225626	-0.017931	1.297920
99.192254	394.620145	16.230631	-0.017914	1.294146
99.295964	391.634711	16.235635	-0.017932	1.290361
99.218957	388.707812	16.240640	-0.017918	1.286562
99.306782	385.737586	16.245645	-0.017934	1.282768
99.165678	382.830229	16.250650	-0.017908	1.278943
99.131830	379.894181	16.255655	-0.017902	1.275117
99.163290	376.946226	16.260659	-0.017908	1.271293
99.166062	373.986186	16.265664	-0.017908	1.267429
99.017036	371.093122	16.270669	-0.017881	1.263573
99.017746	368.127537	16.275674	-0.017881	1.259677
98.907481	365.220586	16.280679	-0.017861	1.255796
98.863016	362.289516	16.285683	-0.017853	1.251901
98.791174	359.356672	16.290688	-0.017840	1.247979
98.955871	356.348736	16.295693	-0.017869	1.244052
98.850776	353.441667	16.300698	-0.017850	1.240124
98.883367	350.484589	16.305703	-0.017856	1.236180
98.760659	347.603945	16.310707	-0.017834	1.232255
98.749472	344.639541	16.315712	-0.017832	1.228255
98.661650	341.721279	16.320717	-0.017816	1.224270
98.779130	338.729088	16.325722	-0.017837	1.220266
98.528648	335.871428	16.330727	-0.017791	1.216261
98.566141	332.923227	16.335731	-0.017798	1.212254
98.595748	329.968802	16.340736	-0.017803	1.208221
98.676180	326.991324	16.345741	-0.017818	1.204167
98.497703	324.117055	16.350746	-0.017785	1.200119
98.449470	321.190455	16.355751	-0.017776	1.196047
98.518881	318.242022	16.360755	-0.017789	1.191987
98.577237	315.286000	16.365760	-0.017799	1.187897
98.462770	312.388698	16.370765	-0.017778	1.183792
98.348241	309.480218	16.375770	-0.017758	1.179657
98.505576	306.501836	16.380775	-0.017786	1.175540
98.344082	303.616920	16.385779	-0.017757	1.171387
98.496169	300.632492	16.390784	-0.017784	1.167230
98.355199	297.756297	16.395789	-0.017758	1.163069
98.334332	294.826470	16.400794	-0.017755	1.158875
98.157215	291.971500	16.405799	-0.017722	1.154697
98.048105	289.062811	16.410803	-0.017703	1.150460
97.989907	286.131095	16.415808	-0.017692	1.146199
98.024174	283.184411	16.420813	-0.017698	1.141946
98.006653	280.241717	16.425818	-0.017695	1.137658
98.008193	277.333082	16.430823	-0.017695	1.133412
97.994672	274.393393	16.435827	-0.017692	1.129098
98.069748	271.440745	16.440832	-0.017706	1.124793
97.987292	268.547281	16.445837	-0.017691	1.120478
97.870074	265.660875	16.450842	-0.017669	1.116140
97.719397	262.804306	16.455847	-0.017642	1.111812
97.713463	259.862048	16.460851	-0.017641	1.107413
97.667350	256.946062	16.465856	-0.017632	1.103016
97.725780	254.004848	16.470861	-0.017643	1.098617
97.735400	251.075815	16.475866	-0.017645	1.094193
97.751910	248.161240	16.480871	-0.017647	1.089777
97.703020	245.254219	16.485875	-0.017638	1.085321
97.697538	242.340473	16.490880	-0.017637	1.080858
97.569116	239.471815	16.495885	-0.017614	1.076381
97.495579	236.584851	16.500890	-0.017601	1.071887
97.629658	233.607979	16.505895	-0.017625	1.067345
97.387282	230.776454	16.510899	-0.017581	1.062808
97.284702	227.886315	16.515904	-0.017562	1.058235
97.331351	224.969246	16.520909	-0.017570	1.053680
97.197967	222.090879	16.525914	-0.017546	1.049069
97.189442	219.176031	16.530919	-0.017545	1.044449
97.212295	216.262255	16.535923	-0.017549	1.039826
97.155467	213.372447	16.540928	-0.017538	1.035177
97.126105	210.484113	16.545933	-0.017533	1.030525
97.172177	207.557816	16.550938	-0.017541	1.025833
97.089858	204.677082	16.555943	-0.017526	1.021121
97.130347	201.771433	16.560947	-0.017533	1.016415
96.944701	198.929571	16.565952	-0.017500	1.011665
97.154418	195.960358	16.570957	-0.017537	1.006907
96.855418	193.169494	16.575962	-0.017483	1.002130
96.938124	190.234359	16.580967	-0.017498	0.997311
96.919594	187.342217	16.585971	-0.017495	0.992481
97.006316	184.405828	16.590976	-0.017510	0.987615
96.913650	181.543903	16.595981	-0.017493	0.982745
96.999711	178.633730	16.600986	-0.017509	0.977874
96.889836	175.788069	16.605991	-0.017489	0.972973
96.714186	172.956590	16.610995	-0.017457	0.968033
96.629529	170.095007	16.616000	-0.017441	0.963069
96.667411	167.193882	16.621005	-0.017448	0.958085
96.708871	164.317487	16.626010	-0.017456	0.953120
96.721270	161.420636	16.631015	-0.017458	0.948076
96.525796	158.612948	16.636019	-0.017422	0.943034
96.714305	155.668137	16.641024	-0.017456	0.937959
96.706061	152.799893	16.646029	-0.017455	0.932871
96.559314	149.982794	16.651034	-0.017428	0.927760
96.493137	147.129053	16.656039	-0.017416	0.922605
96.329746	144.315685	16.661043	-0.017386	0.917434
96.418303	141.423295	16.666048	-0.017402	0.912248
96.331859	138.573052	16.671053	-0.017386	0.906999
96.276773	135.726087	16.676058	-0.017376	0.901745
96.269712	132.867147	16.681063	-0.017375	0.896469
96.177476	130.037654	16.686067	-0.017358	0.891162
96.150827	127.189727	16.691072	-0.017353	0.885831
95.998718	124.378245	16.696077	-0.017326	0.880454
96.099582	121.504595	16.701082	-0.017344	0.875093
96.088243	118.645786	16.706087	-0.017342	0.869653
96.004829	115.824419	16.711091	-0.017326	0.864202
95.958915	113.001787	16.716096	-0.017318	0.858740
95.891077	110.177480	16.721101	-0.017306	0.853224
95.911369	107.327994	16.726106	-0.017309	0.847683
95.805365	104.530467	16.731111	-0.017290	0.842122
95.713299	101.725373	16.736115	-0.017273	0.836518
95.625200	98.920994	16.741120	-0.017257	0.830880
95.610180	96.082862	16.746125	-0.017254	0.825187
95.482858	93.299033	16.751130	-0.017231	0.819486
95.466109	90.479341	16.756135	-0.017228	0.813750
95.562680	87.620153	16.761139	-0.017245	0.807973
95.477255	84.828940	16.766144	-0.017230	0.802164
95.398524	82.049759	16.771149	-0.017215	0.796342
95.089103	79.334527	16.776154	-0.017159	0.790443
95.154480	76.500510	16.781159	-0.017171	0.784525
95.096366	73.704781	16.786163	-0.017161	0.778551
95.037793	70.923724	16.791168	-0.017150	0.772563
94.900983	68.168257	16.796173	-0.017125	0.766523
95.080313	65.312093	16.801178	-0.017157	0.760458
94.907129	62.587844	16.806183	-0.017126	0.754362
94.803670	59.830484	16.811187	-0.017107	0.748198
94.617154	57.099744	16.816192	-0.017073	0.741977
94.615353	54.321259	16.821197	-0.017073	0.735741
94.696102	51.514788	16.826202	-0.017087	0.729454
94.556359	48.795544	16.831207	-0.017062	0.723135
94.505078	46.050850	16.836211	-0.017053	0.716773
94.229437	43.381292	16.841216	-0.017003	0.710347
94.381449	40.570409	16.846221	-0.017030	0.703881
94.245510	37.870331	16.851226	-0.017005	0.697380
94.053072	35.250232	16.856231	-0.016971	0.690961
94.046241	32.773229	16.861235	-0.016969	0.684986
