     #Energy        Mo_s        Mo_p        Mo_d        Nb_s        Nb_p        Nb_d         O_s         O_p
   -64.46758     0.00000     0.00000     0.00000     0.00000     0.00000     0.00000     0.00000     0.00000
   -64.44458     0.00000     0.00000     0.00000     0.00000     0.00000     0.00000     0.00000     0.00000
   -64.42158     0.00000     0.00000     0.00000     0.00000     0.00000     0.00000     0.00000     0.00000
   -64.39758     0.00000     0.00000     0.00000     0.00000     0.00000     0.00000     0.00000     0.00000
   -64.37458     0.00000     0.00000     0.00000     0.00000     0.00000     0.00000     0.00000     0.00000
   -64.35158     0.00000     0.00000     0.00000     0.00000     0.00000     0.00000     0.00000     0.00000
   -64.32858     0.00000     0.00000     0.00000     0.00000     0.00000     0.00000     0.00000     0.00000
   -64.30558     0.00000     0.00000     0.00000     0.00000     0.00000     0.00000     0.00000     0.00000
   -64.28158     0.00000     0.00000     0.00000     0.00000     0.00000     0.00000     0.00000     0.00000
   -64.25858     0.00000     0.00000     0.00000     0.00000     0.00000     0.00000     0.00000     0.00000
   -64.23558     0.00000     0.00000     0.00000     0.00000     0.00000     0.00000     0.00000     0.00000
   -64.21258     0.00000     0.00000     0.00000     0.00000     0.00000     0.00000     0.00000     0.00000
   -64.18958     0.00000     0.00000     0.00000     0.00000     0.00000     0.00000     0.00000     0.00000
   -64.16558     0.00000     0.00000     0.00000     0.00000     0.00000     0.00000     0.00000     0.00000
   -64.14258     0.00000     0.00000     0.00000     0.00000     0.00000     0.00000     0.00000     0.00000
   -64.11958     0.00000     0.00000     0.00000     0.00000     0.00000     0.00000     0.00000     0.00000
   -64.09658     0.00000     0.00000     0.00000     0.00000     0.00000     0.00000     0.00000     0.00000
   -64.07358     0.00000     0.00000     0.00000     0.00000     0.00000     0.00000     0.00000     0.00000
   -64.04958     0.00000     0.00000     0.00000     0.00000     0.00000     0.00000     0.00000     0.00000
   -64.02658     0.00000     0.00000     0.00000     0.00000     0.00000     0.00000     0.00000     0.00000
   -64.00358     0.00000     0.00000     0.00000     0.00000     0.00000     0.00000     0.00000     0.00000
   -63.98058     0.00000     0.00000     0.00000     0.00000     0.00000     0.00000     0.00000     0.00000
   -63.95758     0.00000     0.00000     0.00000     0.00000     0.00000     0.00000     0.00000     0.00000
   -63.93358     0.00000     0.00000     0.00000     0.00000     0.00000     0.00000     0.00000     0.00000
   -63.91058     0.00000     0.00000     0.00000     0.00000     0.00000     0.00000     0.00000     0.00000
   -63.88758     0.00000     0.00000     0.00000     0.00000     0.00000     0.00000     0.00000     0.00000
   -63.86458     0.00000     0.00000     0.00000     0.00000     0.00000     0.00000     0.00000     0.00000
   -63.84158     0.00000     0.00000     0.00000     0.00000     0.00000     0.00000     0.00000     0.00000
   -63.81758     0.00000     0.00000     0.00000     0.00000     0.00000     0.00000     0.00000     0.00000
   -63.79458     0.00000     0.00000     0.00000     0.00000     0.00000     0.00000     0.00000     0.00000
   -63.77158     0.00000     0.00000     0.00000     0.00000     0.00000     0.00000     0.00000     0.00000
   -63.74858     0.00000     0.00000     0.00000     0.00000     0.00000     0.00000     0.00000     0.00000
   -63.72558     0.00000     0.00000     0.00000     0.00000     0.00000     0.00000     0.00000     0.00000
   -63.70158     0.00000     0.00000     0.00000     0.00000     0.00000     0.00000     0.00000     0.00000
   -63.67858     0.00000     0.00000     0.00000     0.00000     0.00000     0.00000     0.00000     0.00000
   -63.65558     0.00000     0.00000     0.00000     0.00000     0.00000     0.00000     0.00000     0.00000
   -63.63258     0.00000     0.00000     0.00000     0.00000     0.00000     0.00000     0.00000     0.00000
   -63.60958     0.00000     0.00000     0.00000     0.00000     0.00000     0.00000     0.00000     0.00000
   -63.58558     0.00000     0.00000     0.00000     0.00000     0.00000     0.00000     0.00000     0.00000
   -63.56258     0.00000     0.00000     0.00000     0.00000     0.00000     0.00000     0.00000     0.00000
   -63.53958     0.00000     0.00000     0.00000     0.00000     0.00000     0.00000     0.00000     0.00000
   -63.51658     0.00000     0.00000     0.00000     0.00000     0.00000     0.00000     0.00000     0.00000
   -63.49358     0.00000     0.00000     0.00000     0.00000     0.00000     0.00000     0.00000     0.00000
   -63.46958     0.00000     0.00000     0.00000     0.00000     0.00000     0.00000     0.00000     0.00000
   -63.44658     0.00000     0.00000     0.00000     0.00000     0.00000     0.00000     0.00000     0.00000
   -63.42358     0.00000     0.00000     0.00000     0.00000     0.00000     0.00000     0.00000     0.00000
   -63.40058     0.00000     0.00000     0.00000     0.00000     0.00000     0.00000     0.00000     0.00000
   -63.37758     0.00000     0.00000     0.00000     0.00000     0.00000     0.00000     0.00000     0.00000
   -63.35358     0.00000     0.00000     0.00000     0.00000     0.00000     0.00000     0.00000     0.00000
   -63.33058     0.00000     0.00000     0.00000     0.00000     0.00000     0.00000     0.00000     0.00000
   -63.30758     0.00000     0.00000     0.00000     0.00000     0.00000     0.00000     0.00000     0.00000
   -63.28458     0.00000     0.00000     0.00000     0.00000     0.00000     0.00000     0.00000     0.00000
   -63.26158     0.00000     0.00000     0.00000     0.00000     0.00000     0.00000     0.00000     0.00000
   -63.23758     0.00000     0.00000     0.00000     0.00000     0.00000     0.00000     0.00000     0.00000
   -63.21458     0.00000     0.00000     0.00000     0.00000     0.00000     0.00000     0.00000     0.00000
   -63.19158     0.00000     0.00000     0.00000     0.00000     0.00000     0.00000     0.00000     0.00000
   -63.16858     0.00000     0.00000     0.00000     0.00000     0.00000     0.00000     0.00000     0.00000
   -63.14558     0.00000     0.00000     0.00000     0.00000     0.00000     0.00000     0.00000     0.00000
   -63.12158     0.00000     0.00000     0.00000     0.00000     0.00000     0.00000     0.00000     0.00000
   -63.09858     0.00000     0.00000     0.00000     0.00000     0.00000     0.00000     0.00000     0.00000
   -63.07558     0.00000     0.00000     0.00000     0.00000     0.00000     0.00000     0.00000     0.00000
   -63.05258     0.00000     0.00000     0.00000     0.00000     0.00000     0.00000     0.00000     0.00000
   -63.02958     0.00000     0.00000     0.00000     0.00000     0.00000     0.00000     0.00000     0.00000
   -63.00558     0.00000     0.00000     0.00000     0.00000     0.00000     0.00000     0.00000     0.00000
   -62.98258     0.00000     0.00000     0.00000     0.00000     0.00000     0.00000     0.00000     0.00000
   -62.95958     0.00000     0.00000     0.00000     0.00000     0.00000     0.00000     0.00000     0.00000
   -62.93658     0.00000     0.00000     0.00000     0.00000     0.00000     0.00000     0.00000     0.00000
   -62.91358     0.00000     0.00000     0.00000     0.00000     0.00000     0.00000     0.00000     0.00000
   -62.88958     0.00000     0.00000     0.00000     0.00000     0.00000     0.00000     0.00000     0.00000
   -62.86658     0.00000     0.00000     0.00000     0.00000     0.00000     0.00000     0.00000     0.00000
   -62.84358     0.00000     0.00000     0.00000     0.00000     0.00000     0.00000     0.00000     0.00000
   -62.82058     0.00000     0.00000     0.00000     0.00000     0.00000     0.00000     0.00000     0.00000
   -62.79758     0.00000     0.00000     0.00000     0.00000     0.00000     0.00000     0.00000     0.00000
   -62.77358     0.00000     0.00000     0.00000     0.00000     0.00000     0.00000     0.00000     0.00000
   -62.75058     0.00000     0.00000     0.00000     0.00000     0.00000     0.00000     0.00000     0.00000
   -62.72758     0.00000     0.00000     0.00000     0.00000     0.00000     0.00000     0.00000     0.00000
   -62.70458     0.00000     0.00000     0.00000     0.00000     0.00000     0.00000     0.00000     0.00000
   -62.68158     0.00000     0.00000     0.00000     0.00000     0.00000     0.00000     0.00000     0.00000
   -62.65758     0.00000     0.00000     0.00000     0.00000     0.00000     0.00000     0.00000     0.00000
   -62.63458     0.00000     0.00000     0.00000     0.00000     0.00000     0.00000     0.00000     0.00000
   -62.61158     0.00000     0.00000     0.00000     0.00000     0.00000     0.00000     0.00000     0.00000
   -62.58858     0.00000     0.00000     0.00000     0.00000     0.00000     0.00000     0.00000     0.00000
   -62.56558     0.00000     0.00000     0.00000     0.00000     0.00000     0.00000     0.00000     0.00000
   -62.54158     0.00000     0.00000     0.00000     0.00000     0.00000     0.00000     0.00000     0.00000
   -62.51858     0.00000     0.00000     0.00000     0.00000     0.00000     0.00000     0.00000     0.00000
   -62.49558     0.00000     0.00000     0.00000     0.00000     0.00000     0.00000     0.00000     0.00000
   -62.47258     0.00000     0.00000     0.00000     0.00000     0.00000     0.00000     0.00000     0.00000
   -62.44958     0.00000     0.00000     0.00000     0.00000     0.00000     0.00000     0.00000     0.00000
   -62.42558     0.00000     0.00000     0.00000     0.00000     0.00000     0.00000     0.00000     0.00000
   -62.40258     0.00000     0.00000     0.00000     0.00000     0.00000     0.00000     0.00000     0.00000
   -62.37958     0.00000     0.00000     0.00000     0.00000     0.00000     0.00000     0.00000     0.00000
   -62.35658     0.00000     0.00000     0.00000     0.00000     0.00000     0.00000     0.00000     0.00000
   -62.33358     0.00000     0.00000     0.00000     0.00000     0.00000     0.00000     0.00000     0.00000
   -62.31058     0.00000     0.00000     0.00000     0.00000     0.00000     0.00000     0.00000     0.00000
   -62.28658     0.00000     0.00000     0.00000     0.00000     0.00000     0.00000     0.00000     0.00000
   -62.26358     0.00000     0.00000     0.00000     0.00000     0.00000     0.00000     0.00000     0.00000
   -62.24058     0.00000     0.00000     0.00000     0.00000     0.00000     0.00000     0.00000     0.00000
   -62.21758     0.00000     0.00000     0.00000     0.00000     0.00000     0.00000     0.00000     0.00000
   -62.19458     0.00000     0.00000     0.00000     0.00000     0.00000     0.00000     0.00000     0.00000
   -62.17058     0.00000     0.00000     0.00000     0.00000     0.00000     0.00000     0.00000     0.00000
   -62.14758     0.00000     0.00000     0.00000     0.00000     0.00000     0.00000     0.00000     0.00000
   -62.12458     0.00000     0.00000     0.00000     0.00000     0.00000     0.00000     0.00000     0.00000
   -62.10158     0.00000     0.00000     0.00000     0.00000     0.00000     0.00000     0.00000     0.00000
   -62.07858     0.00000     0.00000     0.00000     0.00000     0.00000     0.00000     0.00000     0.00000
   -62.05458     0.00000     0.00000     0.00000     0.00000     0.00000     0.00000     0.00000     0.00000
   -62.03158     0.00001     0.00000     0.00000     0.00000     0.00000     0.00000     0.00000     0.00000
   -62.00858     0.00001     0.00000     0.00000     0.00000     0.00000     0.00000     0.00000     0.00000
   -61.98558     0.00003     0.00000     0.00000     0.00000     0.00000     0.00000     0.00000     0.00000
   -61.96258     0.00007     0.00000     0.00000     0.00000     0.00000     0.00000     0.00000     0.00000
   -61.93858     0.00017     0.00000     0.00000     0.00000     0.00000     0.00000     0.00000     0.00000
   -61.91558     0.00037     0.00000     0.00000     0.00000     0.00000     0.00000     0.00000     0.00000
   -61.89258     0.00080     0.00000     0.00000     0.00000     0.00000     0.00000     0.00000     0.00000
   -61.86958     0.00169     0.00000     0.00000     0.00000     0.00000     0.00000     0.00000     0.00000
   -61.84658     0.00346     0.00000     0.00000     0.00000     0.00000     0.00000     0.00000     0.00000
   -61.82258     0.00695     0.00000     0.00000     0.00000     0.00000     0.00000     0.00000     0.00000
   -61.79958     0.01360     0.00000     0.00000     0.00000     0.00000     0.00000     0.00000     0.00000
   -61.77658     0.02598     0.00000     0.00000     0.00000     0.00000     0.00000     0.00000     0.00000
   -61.75358     0.04849     0.00000     0.00000     0.00000     0.00000     0.00000     0.00000     0.00000
   -61.73058     0.08836     0.00001     0.00000     0.00000     0.00000     0.00000     0.00000     0.00000
   -61.70658     0.15731     0.00001     0.00001     0.00000     0.00000     0.00000     0.00000     0.00000
   -61.68358     0.27364     0.00002     0.00001     0.00000     0.00000     0.00000     0.00000     0.00000
   -61.66058     0.46526     0.00003     0.00002     0.00000     0.00000     0.00000     0.00000     0.00000
   -61.63758     0.77348     0.00006     0.00003     0.00000     0.00000     0.00000     0.00000     0.00000
   -61.61458     1.25752     0.00009     0.00006     0.00000     0.00000     0.00000     0.00000     0.00000
   -61.59058     2.00034     0.00015     0.00010     0.00000     0.00000     0.00000     0.00000     0.00000
   -61.56758     3.11404     0.00023     0.00016     0.00000     0.00000     0.00000     0.00000     0.00000
   -61.54458     4.74580     0.00035     0.00026     0.00000     0.00000     0.00000     0.00000     0.00000
   -61.52158     7.08435     0.00052     0.00041     0.00001     0.00000     0.00000     0.00000     0.00000
   -61.49858    10.35950     0.00077     0.00063     0.00001     0.00000     0.00000     0.00000     0.00000
   -61.47458    14.84908     0.00110     0.00095     0.00002     0.00000     0.00000     0.00000     0.00000
   -61.45158    20.86658     0.00154     0.00141     0.00002     0.00000     0.00000     0.00000     0.00000
   -61.42858    28.75921     0.00212     0.00205     0.00003     0.00000     0.00000     0.00000     0.00000
   -61.40558    38.88861     0.00285     0.00291     0.00004     0.00001     0.00000     0.00000     0.00000
   -61.38258    51.60570     0.00376     0.00405     0.00006     0.00001     0.00000     0.00000     0.00000
   -61.35858    67.22634     0.00485     0.00551     0.00007     0.00001     0.00000     0.00001     0.00001
   -61.33558    85.99213     0.00613     0.00735     0.00009     0.00001     0.00000     0.00001     0.00001
   -61.31258   108.03234     0.00760     0.00960     0.00012     0.00002     0.00000     0.00001     0.00001
   -61.28958   133.32638     0.00924     0.01228     0.00015     0.00002     0.00000     0.00001     0.00002
   -61.26658   161.66757     0.01101     0.01539     0.00018     0.00003     0.00001     0.00002     0.00002
   -61.24258   192.63382     0.01287     0.01888     0.00022     0.00003     0.00001     0.00002     0.00003
   -61.21958   225.60280     0.01477     0.02269     0.00026     0.00004     0.00001     0.00003     0.00003
   -61.19658   259.71480     0.01664     0.02670     0.00030     0.00005     0.00001     0.00004     0.00004
   -61.17358   293.94960     0.01843     0.03080     0.00034     0.00006     0.00002     0.00005     0.00005
   -61.15058   327.13760     0.02005     0.03480     0.00039     0.00007     0.00002     0.00005     0.00006
   -61.12658   358.07430     0.02145     0.03855     0.00043     0.00008     0.00003     0.00006     0.00007
   -61.10358   385.53970     0.02257     0.04187     0.00048     0.00009     0.00003     0.00007     0.00008
   -61.08058   408.44240     0.02338     0.04460     0.00052     0.00010     0.00004     0.00008     0.00009
   -61.05758   425.84140     0.02386     0.04661     0.00056     0.00011     0.00004     0.00009     0.00010
   -61.03458   437.06040     0.02399     0.04782     0.00059     0.00012     0.00005     0.00009     0.00010
   -61.01058   441.71110     0.02377     0.04819     0.00062     0.00013     0.00005     0.00009     0.00011
   -60.98758   439.70140     0.02324     0.04772     0.00065     0.00014     0.00006     0.00010     0.00011
   -60.96458   431.23120     0.02242     0.04646     0.00067     0.00015     0.00006     0.00010     0.00011
   -60.94158   416.78800     0.02136     0.04450     0.00069     0.00015     0.00007     0.00009     0.00010
   -60.91858   397.08500     0.02009     0.04195     0.00071     0.00016     0.00007     0.00009     0.00010
   -60.89458   373.01000     0.01866     0.03896     0.00072     0.00016     0.00007     0.00008     0.00009
   -60.87158   345.54100     0.01713     0.03566     0.00073     0.00016     0.00007     0.00007     0.00008
   -60.84858   315.73400     0.01554     0.03218     0.00073     0.00017     0.00007     0.00007     0.00007
   -60.82558   284.59800     0.01394     0.02866     0.00073     0.00016     0.00007     0.00006     0.00006
   -60.80258   253.10880     0.01235     0.02519     0.00073     0.00016     0.00007     0.00005     0.00006
   -60.77858   222.11310     0.01082     0.02187     0.00072     0.00016     0.00007     0.00004     0.00005
   -60.75558   192.36220     0.00937     0.01876     0.00070     0.00015     0.00007     0.00003     0.00004
   -60.73258   164.42140     0.00802     0.01591     0.00068     0.00015     0.00006     0.00003     0.00003
   -60.70958   138.71770     0.00679     0.01333     0.00065     0.00014     0.00006     0.00002     0.00002
   -60.68658   115.52710     0.00568     0.01105     0.00061     0.00013     0.00006     0.00002     0.00002
   -60.66258    94.98190     0.00470     0.00906     0.00056     0.00011     0.00005     0.00001     0.00001
   -60.63958    77.08159     0.00384     0.00734     0.00051     0.00010     0.00004     0.00001     0.00001
   -60.61658    61.75030     0.00310     0.00588     0.00046     0.00009     0.00004     0.00001     0.00001
   -60.59358    48.82202     0.00247     0.00466     0.00040     0.00008     0.00003     0.00000     0.00000
   -60.57058    38.09061     0.00194     0.00365     0.00034     0.00007     0.00003     0.00000     0.00000
   -60.54658    29.31487     0.00151     0.00282     0.00029     0.00005     0.00002     0.00000     0.00000
   -60.52358    22.24556     0.00115     0.00215     0.00024     0.00004     0.00002     0.00000     0.00000
   -60.50058    16.63635     0.00087     0.00162     0.00019     0.00004     0.00002     0.00000     0.00000
   -60.47758    12.25314     0.00065     0.00120     0.00015     0.00003     0.00001     0.00000     0.00000
   -60.45458     8.88238     0.00047     0.00088     0.00011     0.00002     0.00001     0.00000     0.00000
   -60.43058     6.33247     0.00034     0.00063     0.00009     0.00002     0.00001     0.00000     0.00000
   -60.40758     4.43663     0.00024     0.00044     0.00006     0.00001     0.00000     0.00000     0.00000
   -60.38458     3.05206     0.00017     0.00031     0.00005     0.00001     0.00000     0.00000     0.00000
   -60.36158     2.06008     0.00011     0.00021     0.00003     0.00001     0.00000     0.00000     0.00000
   -60.33858     1.36341     0.00008     0.00014     0.00002     0.00000     0.00000     0.00000     0.00000
   -60.31458     0.88398     0.00005     0.00009     0.00001     0.00000     0.00000     0.00000     0.00000
   -60.29158     0.56108     0.00003     0.00006     0.00001     0.00000     0.00000     0.00000     0.00000
   -60.26858     0.34852     0.00002     0.00004     0.00001     0.00000     0.00000     0.00000     0.00000
   -60.24558     0.21172     0.00001     0.00002     0.00000     0.00000     0.00000     0.00000     0.00000
   -60.22258     0.12569     0.00001     0.00001     0.00000     0.00000     0.00000     0.00000     0.00000
   -60.19858     0.07291     0.00000     0.00001     0.00000     0.00000     0.00000     0.00000     0.00000
   -60.17558     0.04129     0.00000     0.00000     0.00000     0.00000     0.00000     0.00000     0.00000
   -60.15258     0.02283     0.00000     0.00000     0.00000     0.00000     0.00000     0.00000     0.00000
   -60.12958     0.01232     0.00000     0.00000     0.00000     0.00000     0.00000     0.00000     0.00000
   -60.10658     0.00648     0.00000     0.00000     0.00000     0.00000     0.00000     0.00000     0.00000
   -60.08258     0.00333     0.00000     0.00000     0.00000     0.00000     0.00000     0.00000     0.00000
   -60.05958     0.00167     0.00000     0.00000     0.00000     0.00000     0.00000     0.00000     0.00000
   -60.03658     0.00081     0.00000     0.00000     0.00000     0.00000     0.00000     0.00000     0.00000
   -60.01358     0.00039     0.00000     0.00000     0.00000     0.00000     0.00000     0.00000     0.00000
   -59.99058     0.00018     0.00000     0.00000     0.00000     0.00000     0.00000     0.00000     0.00000
   -59.96658     0.00008     0.00000     0.00000     0.00000     0.00000     0.00000     0.00000     0.00000
   -59.94358     0.00004     0.00000     0.00000     0.00000     0.00000     0.00000     0.00000     0.00000
   -59.92058     0.00002     0.00000     0.00000     0.00000     0.00000     0.00000     0.00000     0.00000
   -59.89758     0.00001     0.00000     0.00000     0.00000     0.00000     0.00000     0.00000     0.00000
   -59.87458     0.00000     0.00000     0.00000     0.00000     0.00000     0.00000     0.00000     0.00000
   -59.85058     0.00000     0.00000     0.00000     0.00000     0.00000     0.00000     0.00000     0.00000
   -59.82758     0.00000     0.00000     0.00000     0.00000     0.00000     0.00000     0.00000     0.00000
   -59.80458     0.00000     0.00000     0.00000     0.00000     0.00000     0.00000     0.00000     0.00000
   -59.78158     0.00000     0.00000     0.00000     0.00000     0.00000     0.00000     0.00000     0.00000
   -59.75858     0.00000     0.00000     0.00000     0.00000     0.00000     0.00000     0.00000     0.00000
   -59.73458     0.00000     0.00000     0.00000     0.00000     0.00000     0.00000     0.00000     0.00000
   -59.71158     0.00000     0.00000     0.00000     0.00000     0.00000     0.00000     0.00000     0.00000
   -59.68858     0.00000     0.00000     0.00000     0.00000     0.00000     0.00000     0.00000     0.00000
   -59.66558     0.00000     0.00000     0.00000     0.00000     0.00000     0.00000     0.00000     0.00000
   -59.64258     0.00000     0.00000     0.00000     0.00000     0.00000     0.00000     0.00000     0.00000
   -59.61958     0.00000     0.00000     0.00000     0.00000     0.00000     0.00000     0.00000     0.00000
   -59.59558     0.00000     0.00000     0.00000     0.00000     0.00000     0.00000     0.00000     0.00000
   -59.57258     0.00000     0.00000     0.00000     0.00000     0.00000     0.00000     0.00000     0.00000
   -59.54958     0.00000     0.00000     0.00000     0.00000     0.00000     0.00000     0.00000     0.00000
   -59.52658     0.00000     0.00000     0.00000     0.00000     0.00000     0.00000     0.00000     0.00000
   -59.50358     0.00000     0.00000     0.00000     0.00000     0.00000     0.00000     0.00000     0.00000
   -59.47958     0.00000     0.00000     0.00000     0.00000     0.00000     0.00000     0.00000     0.00000
   -59.45658     0.00000     0.00000     0.00000     0.00000     0.00000     0.00000     0.00000     0.00000
   -59.43358     0.00000     0.00000     0.00000     0.00000     0.00000     0.00000     0.00000     0.00000
   -59.41058     0.00000     0.00000     0.00000     0.00000     0.00000     0.00000     0.00000     0.00000
   -59.38758     0.00000     0.00000     0.00000     0.00000     0.00000     0.00000     0.00000     0.00000
   -59.36358     0.00000     0.00000     0.00000     0.00000     0.00000     0.00000     0.00000     0.00000
   -59.34058     0.00000     0.00000     0.00000     0.00000     0.00000     0.00000     0.00000     0.00000
   -59.31758     0.00000     0.00000     0.00000     0.00000     0.00000     0.00000     0.00000     0.00000
   -59.29458     0.00000     0.00000     0.00000     0.00000     0.00000     0.00000     0.00000     0.00000
   -59.27158     0.00000     0.00000     0.00000     0.00000     0.00000     0.00000     0.00000     0.00000
   -59.24758     0.00000     0.00000     0.00000     0.00000     0.00000     0.00000     0.00000     0.00000
   -59.22458     0.00000     0.00000     0.00000     0.00000     0.00000     0.00000     0.00000     0.00000
   -59.20158     0.00000     0.00000     0.00000     0.00000     0.00000     0.00000     0.00000     0.00000
   -59.17858     0.00000     0.00000     0.00000     0.00000     0.00000     0.00000     0.00000     0.00000
   -59.15558     0.00000     0.00000     0.00000     0.00000     0.00000     0.00000     0.00000     0.00000
   -59.13158     0.00000     0.00000     0.00000     0.00000     0.00000     0.00000     0.00000     0.00000
   -59.10858     0.00000     0.00000     0.00000     0.00000     0.00000     0.00000     0.00000     0.00000
   -59.08558     0.00000     0.00000     0.00000     0.00000     0.00000     0.00000     0.00000     0.00000
   -59.06258     0.00000     0.00000     0.00000     0.00000     0.00000     0.00000     0.00000     0.00000
   -59.03958     0.00000     0.00000     0.00000     0.00000     0.00000     0.00000     0.00000     0.00000
   -59.01558     0.00000     0.00000     0.00000     0.00000     0.00000     0.00000     0.00000     0.00000
   -58.99258     0.00000     0.00000     0.00000     0.00000     0.00000     0.00000     0.00000     0.00000
   -58.96958     0.00000     0.00000     0.00000     0.00000     0.00000     0.00000     0.00000     0.00000
   -58.94658     0.00000     0.00000     0.00000     0.00000     0.00000     0.00000     0.00000     0.00000
   -58.92358     0.00000     0.00000     0.00000     0.00000     0.00000     0.00000     0.00000     0.00000
   -58.89958     0.00000     0.00000     0.00000     0.00000     0.00000     0.00000     0.00000     0.00000
   -58.87658     0.00000     0.00000     0.00000     0.00000     0.00000     0.00000     0.00000     0.00000
   -58.85358     0.00000     0.00000     0.00000     0.00000     0.00000     0.00000     0.00000     0.00000
   -58.83058     0.00000     0.00000     0.00000     0.00000     0.00000     0.00000     0.00000     0.00000
   -58.80758     0.00000     0.00000     0.00000     0.00000     0.00000     0.00000     0.00000     0.00000
   -58.78358     0.00000     0.00000     0.00000     0.00000     0.00000     0.00000     0.00000     0.00000
   -58.76058     0.00000     0.00000     0.00000     0.00000     0.00000     0.00000     0.00000     0.00000
   -58.73758     0.00000     0.00000     0.00000     0.00000     0.00000     0.00000     0.00000     0.00000
   -58.71458     0.00000     0.00000     0.00000     0.00000     0.00000     0.00000     0.00000     0.00000
   -58.69158     0.00000     0.00000     0.00000     0.00000     0.00000     0.00000     0.00000     0.00000
   -58.66758     0.00000     0.00000     0.00000     0.00000     0.00000     0.00000     0.00000     0.00000
   -58.64458     0.00000     0.00000     0.00000     0.00000     0.00000     0.00000     0.00000     0.00000
   -58.62158     0.00000     0.00000     0.00000     0.00000     0.00000     0.00000     0.00000     0.00000
   -58.59858     0.00000     0.00000     0.00000     0.00000     0.00000     0.00000     0.00000     0.00000
   -58.57558     0.00000     0.00000     0.00000     0.00000     0.00000     0.00000     0.00000     0.00000
   -58.55158     0.00000     0.00000     0.00000     0.00000     0.00000     0.00000     0.00000     0.00000
   -58.52858     0.00000     0.00000     0.00000     0.00000     0.00000     0.00000     0.00000     0.00000
   -58.50558     0.00000     0.00000     0.00000     0.00000     0.00000     0.00000     0.00000     0.00000
   -58.48258     0.00000     0.00000     0.00000     0.00000     0.00000     0.00000     0.00000     0.00000
   -58.45958     0.00000     0.00000     0.00000     0.00000     0.00000     0.00000     0.00000     0.00000
   -58.43558     0.00000     0.00000     0.00000     0.00000     0.00000     0.00000     0.00000     0.00000
   -58.41258     0.00000     0.00000     0.00000     0.00000     0.00000     0.00000     0.00000     0.00000
   -58.38958     0.00000     0.00000     0.00000     0.00000     0.00000     0.00000     0.00000     0.00000
   -58.36658     0.00000     0.00000     0.00000     0.00000     0.00000     0.00000     0.00000     0.00000
   -58.34358     0.00000     0.00000     0.00000     0.00000     0.00000     0.00000     0.00000     0.00000
   -58.31958     0.00000     0.00000     0.00000     0.00000     0.00000     0.00000     0.00000     0.00000
   -58.29658     0.00000     0.00000     0.00000     0.00000     0.00000     0.00000     0.00000     0.00000
   -58.27358     0.00000     0.00000     0.00000     0.00000     0.00000     0.00000     0.00000     0.00000
   -58.25058     0.00000     0.00000     0.00000     0.00000     0.00000     0.00000     0.00000     0.00000
   -58.22758     0.00000     0.00000     0.00000     0.00000     0.00000     0.00000     0.00000     0.00000
   -58.20358     0.00000     0.00000     0.00000     0.00000     0.00000     0.00000     0.00000     0.00000
   -58.18058     0.00000     0.00000     0.00000     0.00000     0.00000     0.00000     0.00000     0.00000
   -58.15758     0.00000     0.00000     0.00000     0.00000     0.00000     0.00000     0.00000     0.00000
   -58.13458     0.00000     0.00000     0.00000     0.00000     0.00000     0.00000     0.00000     0.00000
   -58.11158     0.00000     0.00000     0.00000     0.00000     0.00000     0.00000     0.00000     0.00000
   -58.08758     0.00000     0.00000     0.00000     0.00000     0.00000     0.00000     0.00000     0.00000
   -58.06458     0.00000     0.00000     0.00000     0.00000     0.00000     0.00000     0.00000     0.00000
   -58.04158     0.00000     0.00000     0.00000     0.00000     0.00000     0.00000     0.00000     0.00000
   -58.01858     0.00000     0.00000     0.00000     0.00000     0.00000     0.00000     0.00000     0.00000
   -57.99558     0.00000     0.00000     0.00000     0.00000     0.00000     0.00000     0.00000     0.00000
   -57.97158     0.00000     0.00000     0.00000     0.00000     0.00000     0.00000     0.00000     0.00000
   -57.94858     0.00000     0.00000     0.00000     0.00000     0.00000     0.00000     0.00000     0.00000
   -57.92558     0.00000     0.00000     0.00000     0.00000     0.00000     0.00000     0.00000     0.00000
   -57.90258     0.00000     0.00000     0.00000     0.00000     0.00000     0.00000     0.00000     0.00000
   -57.87958     0.00000     0.00000     0.00000     0.00000     0.00000     0.00000     0.00000     0.00000
   -57.85558     0.00000     0.00000     0.00000     0.00000     0.00000     0.00000     0.00000     0.00000
   -57.83258     0.00000     0.00000     0.00000     0.00000     0.00000     0.00000     0.00000     0.00000
   -57.80958     0.00000     0.00000     0.00000     0.00000     0.00000     0.00000     0.00000     0.00000
   -57.78658     0.00000     0.00000     0.00000     0.00000     0.00000     0.00000     0.00000     0.00000
   -57.76358     0.00000     0.00000     0.00000     0.00000     0.00000     0.00000     0.00000     0.00000
   -57.73958     0.00000     0.00000     0.00000     0.00000     0.00000     0.00000     0.00000     0.00000
   -57.71658     0.00000     0.00000     0.00000     0.00000     0.00000     0.00000     0.00000     0.00000
   -57.69358     0.00000     0.00000     0.00000     0.00000     0.00000     0.00000     0.00000     0.00000
   -57.67058     0.00000     0.00000     0.00000     0.00000     0.00000     0.00000     0.00000     0.00000
   -57.64758     0.00000     0.00000     0.00000     0.00000     0.00000     0.00000     0.00000     0.00000
   -57.62358     0.00000     0.00000     0.00000     0.00000     0.00000     0.00000     0.00000     0.00000
   -57.60058     0.00000     0.00000     0.00000     0.00000     0.00000     0.00000     0.00000     0.00000
   -57.57758     0.00000     0.00000     0.00000     0.00000     0.00000     0.00000     0.00000     0.00000
   -57.55458     0.00000     0.00000     0.00000     0.00000     0.00000     0.00000     0.00000     0.00000
   -57.53158     0.00000     0.00000     0.00000     0.00000     0.00000     0.00000     0.00000     0.00000
   -57.50758     0.00000     0.00000     0.00000     0.00000     0.00000     0.00000     0.00000     0.00000
   -57.48458     0.00000     0.00000     0.00000     0.00000     0.00000     0.00000     0.00000     0.00000
   -57.46158     0.00000     0.00000     0.00000     0.00000     0.00000     0.00000     0.00000     0.00000
   -57.43858     0.00000     0.00000     0.00000     0.00000     0.00000     0.00000     0.00000     0.00000
   -57.41558     0.00000     0.00000     0.00000     0.00000     0.00000     0.00000     0.00000     0.00000
   -57.39158     0.00000     0.00000     0.00000     0.00000     0.00000     0.00000     0.00000     0.00000
   -57.36858     0.00000     0.00000     0.00000     0.00000     0.00000     0.00000     0.00000     0.00000
   -57.34558     0.00000     0.00000     0.00000     0.00000     0.00000     0.00000     0.00000     0.00000
   -57.32258     0.00000     0.00000     0.00000     0.00000     0.00000     0.00000     0.00000     0.00000
   -57.29958     0.00000     0.00000     0.00000     0.00000     0.00000     0.00000     0.00000     0.00000
   -57.27558     0.00000     0.00000     0.00000     0.00000     0.00000     0.00000     0.00000     0.00000
   -57.25258     0.00000     0.00000     0.00000     0.00000     0.00000     0.00000     0.00000     0.00000
   -57.22958     0.00000     0.00000     0.00000     0.00000     0.00000     0.00000     0.00000     0.00000
   -57.20658     0.00000     0.00000     0.00000     0.00000     0.00000     0.00000     0.00000     0.00000
   -57.18358     0.00000     0.00000     0.00000     0.00000     0.00000     0.00000     0.00000     0.00000
   -57.15958     0.00000     0.00000     0.00000     0.00000     0.00000     0.00000     0.00000     0.00000
   -57.13658     0.00000     0.00000     0.00000     0.00000     0.00000     0.00000     0.00000     0.00000
   -57.11358     0.00000     0.00000     0.00000     0.00000     0.00000     0.00000     0.00000     0.00000
   -57.09058     0.00000     0.00000     0.00000     0.00000     0.00000     0.00000     0.00000     0.00000
   -57.06758     0.00000     0.00000     0.00000     0.00000     0.00000     0.00000     0.00000     0.00000
   -57.04358     0.00000     0.00000     0.00000     0.00000     0.00000     0.00000     0.00000     0.00000
   -57.02058     0.00000     0.00000     0.00000     0.00000     0.00000     0.00000     0.00000     0.00000
   -56.99758     0.00000     0.00000     0.00000     0.00000     0.00000     0.00000     0.00000     0.00000
   -56.97458     0.00000     0.00000     0.00000     0.00000     0.00000     0.00000     0.00000     0.00000
   -56.95158     0.00000     0.00000     0.00000     0.00000     0.00000     0.00000     0.00000     0.00000
   -56.92858     0.00000     0.00000     0.00000     0.00000     0.00000     0.00000     0.00000     0.00000
   -56.90458     0.00000     0.00000     0.00000     0.00000     0.00000     0.00000     0.00000     0.00000
   -56.88158     0.00000     0.00000     0.00000     0.00000     0.00000     0.00000     0.00000     0.00000
   -56.85858     0.00000     0.00000     0.00000     0.00000     0.00000     0.00000     0.00000     0.00000
   -56.83558     0.00000     0.00000     0.00000     0.00000     0.00000     0.00000     0.00000     0.00000
   -56.81258     0.00000     0.00000     0.00000     0.00000     0.00000     0.00000     0.00000     0.00000
   -56.78858     0.00000     0.00000     0.00000     0.00000     0.00000     0.00000     0.00000     0.00000
   -56.76558     0.00000     0.00000     0.00000     0.00000     0.00000     0.00000     0.00000     0.00000
   -56.74258     0.00000     0.00000     0.00000     0.00000     0.00000     0.00000     0.00000     0.00000
   -56.71958     0.00000     0.00000     0.00000     0.00000     0.00000     0.00000     0.00000     0.00000
   -56.69658     0.00000     0.00000     0.00000     0.00000     0.00000     0.00000     0.00000     0.00000
   -56.67258     0.00000     0.00000     0.00000     0.00000     0.00000     0.00000     0.00000     0.00000
   -56.64958     0.00000     0.00000     0.00000     0.00000     0.00000     0.00000     0.00000     0.00000
   -56.62658     0.00000     0.00000     0.00000     0.00000     0.00000     0.00000     0.00000     0.00000
   -56.60358     0.00000     0.00000     0.00000     0.00000     0.00000     0.00000     0.00000     0.00000
   -56.58058     0.00000     0.00000     0.00000     0.00000     0.00000     0.00000     0.00000     0.00000
   -56.55658     0.00000     0.00000     0.00000     0.00000     0.00000     0.00000     0.00000     0.00000
   -56.53358     0.00000     0.00000     0.00000     0.00000     0.00000     0.00000     0.00000     0.00000
   -56.51058     0.00000     0.00000     0.00000     0.00000     0.00000     0.00000     0.00000     0.00000
   -56.48758     0.00000     0.00000     0.00000     0.00000     0.00000     0.00000     0.00000     0.00000
   -56.46458     0.00000     0.00000     0.00000     0.00000     0.00000     0.00000     0.00000     0.00000
   -56.44058     0.00000     0.00000     0.00000     0.00000     0.00000     0.00000     0.00000     0.00000
   -56.41758     0.00000     0.00000     0.00000     0.00000     0.00000     0.00000     0.00000     0.00000
   -56.39458     0.00000     0.00000     0.00000     0.00000     0.00000     0.00000     0.00000     0.00000
   -56.37158     0.00000     0.00000     0.00000     0.00000     0.00000     0.00000     0.00000     0.00000
   -56.34858     0.00000     0.00000     0.00000     0.00000     0.00000     0.00000     0.00000     0.00000
   -56.32458     0.00000     0.00000     0.00000     0.00000     0.00000     0.00000     0.00000     0.00000
   -56.30158     0.00000     0.00000     0.00000     0.00000     0.00000     0.00000     0.00000     0.00000
   -56.27858     0.00000     0.00000     0.00000     0.00000     0.00000     0.00000     0.00000     0.00000
   -56.25558     0.00000     0.00000     0.00000     0.00000     0.00000     0.00000     0.00000     0.00000
   -56.23258     0.00000     0.00000     0.00000     0.00000     0.00000     0.00000     0.00000     0.00000
   -56.20858     0.00000     0.00000     0.00000     0.00000     0.00000     0.00000     0.00000     0.00000
   -56.18558     0.00000     0.00000     0.00000     0.00000     0.00000     0.00000     0.00000     0.00000
   -56.16258     0.00000     0.00000     0.00000     0.00000     0.00000     0.00000     0.00000     0.00000
   -56.13958     0.00000     0.00000     0.00000     0.00000     0.00000     0.00000     0.00000     0.00000
   -56.11658     0.00000     0.00000     0.00000     0.00000     0.00000     0.00000     0.00000     0.00000
   -56.09258     0.00000     0.00000     0.00000     0.00000     0.00000     0.00000     0.00000     0.00000
   -56.06958     0.00000     0.00000     0.00000     0.00000     0.00000     0.00000     0.00000     0.00000
   -56.04658     0.00000     0.00000     0.00000     0.00000     0.00000     0.00000     0.00000     0.00000
   -56.02358     0.00000     0.00000     0.00000     0.00000     0.00000     0.00000     0.00000     0.00000
   -56.00058     0.00000     0.00000     0.00000     0.00000     0.00000     0.00000     0.00000     0.00000
   -55.97658     0.00000     0.00000     0.00000     0.00000     0.00000     0.00000     0.00000     0.00000
   -55.95358     0.00000     0.00000     0.00000     0.00000     0.00000     0.00000     0.00000     0.00000
   -55.93058     0.00000     0.00000     0.00000     0.00000     0.00000     0.00000     0.00000     0.00000
   -55.90758     0.00000     0.00000     0.00000     0.00000     0.00000     0.00000     0.00000     0.00000
   -55.88458     0.00000     0.00000     0.00000     0.00001     0.00000     0.00000     0.00000     0.00000
   -55.86058     0.00000     0.00000     0.00000     0.00002     0.00000     0.00000     0.00000     0.00000
   -55.83758     0.00000     0.00000     0.00000     0.00004     0.00000     0.00000     0.00000     0.00000
   -55.81458     0.00000     0.00000     0.00000     0.00008     0.00000     0.00000     0.00000     0.00000
   -55.79158     0.00000     0.00000     0.00000     0.00018     0.00000     0.00000     0.00000     0.00000
   -55.76858     0.00000     0.00000     0.00000     0.00039     0.00000     0.00000     0.00000     0.00000
   -55.74458     0.00000     0.00000     0.00000     0.00080     0.00000     0.00000     0.00000     0.00000
   -55.72158     0.00000     0.00000     0.00000     0.00162     0.00000     0.00000     0.00000     0.00000
   -55.69858     0.00000     0.00000     0.00000     0.00318     0.00000     0.00000     0.00000     0.00000
   -55.67558     0.00000     0.00000     0.00000     0.00607     0.00000     0.00000     0.00000     0.00000
   -55.65258     0.00000     0.00000     0.00000     0.01129     0.00000     0.00000     0.00000     0.00000
   -55.62858     0.00000     0.00000     0.00000     0.02044     0.00000     0.00000     0.00000     0.00000
   -55.60558     0.00001     0.00000     0.00000     0.03606     0.00000     0.00000     0.00001     0.00001
   -55.58258     0.00001     0.00000     0.00001     0.06191     0.00000     0.00000     0.00001     0.00001
   -55.55958     0.00002     0.00001     0.00001     0.10349     0.00000     0.00000     0.00002     0.00002
   -55.53658     0.00003     0.00001     0.00001     0.16843     0.00000     0.00000     0.00003     0.00003
   -55.51258     0.00004     0.00002     0.00002     0.26680     0.00000     0.00000     0.00005     0.00004
   -55.48958     0.00007     0.00003     0.00003     0.41170     0.00000     0.00000     0.00007     0.00006
   -55.46658     0.00010     0.00004     0.00005     0.61840     0.00001     0.00000     0.00011     0.00010
   -55.44358     0.00015     0.00006     0.00008     0.90430     0.00001     0.00000     0.00015     0.00014
   -55.42058     0.00021     0.00009     0.00011     1.28740     0.00002     0.00001     0.00022     0.00020
   -55.39658     0.00029     0.00012     0.00015     1.78460     0.00002     0.00001     0.00030     0.00028
   -55.37358     0.00039     0.00016     0.00020     2.40800     0.00003     0.00001     0.00040     0.00038
   -55.35058     0.00052     0.00021     0.00027     3.16400     0.00004     0.00002     0.00052     0.00049
   -55.32758     0.00066     0.00027     0.00034     4.04800     0.00005     0.00002     0.00066     0.00063
   -55.30458     0.00082     0.00034     0.00043     5.04200     0.00006     0.00003     0.00081     0.00079
   -55.28058     0.00099     0.00041     0.00052     6.11400     0.00007     0.00003     0.00098     0.00096
   -55.25758     0.00116     0.00048     0.00061     7.21800     0.00008     0.00004     0.00114     0.00114
   -55.23458     0.00133     0.00055     0.00070     8.29700     0.00010     0.00004     0.00130     0.00131
   -55.21158     0.00148     0.00062     0.00079     9.28500     0.00011     0.00005     0.00144     0.00147
   -55.18858     0.00161     0.00067     0.00086    10.11700     0.00012     0.00005     0.00156     0.00161
   -55.16458     0.00170     0.00071     0.00091    10.73300     0.00012     0.00006     0.00164     0.00171
   -55.14158     0.00175     0.00073     0.00094    11.08500     0.00013     0.00006     0.00167     0.00177
   -55.11858     0.00175     0.00074     0.00095    11.14600     0.00013     0.00006     0.00167     0.00178
   -55.09558     0.00171     0.00072     0.00093    10.91200     0.00013     0.00006     0.00161     0.00175
   -55.07258     0.00162     0.00069     0.00089    10.40200     0.00012     0.00006     0.00152     0.00167
   -55.04858     0.00150     0.00064     0.00083     9.65300     0.00011     0.00005     0.00140     0.00156
   -55.02558     0.00135     0.00057     0.00075     8.72100     0.00010     0.00005     0.00125     0.00141
   -55.00258     0.00118     0.00050     0.00066     7.67300     0.00009     0.00004     0.00109     0.00124
   -54.97958     0.00101     0.00043     0.00056     6.57100     0.00007     0.00004     0.00092     0.00107
   -54.95658     0.00084     0.00036     0.00047     5.47900     0.00006     0.00003     0.00076     0.00089
   -54.93258     0.00068     0.00029     0.00038     4.44900     0.00005     0.00002     0.00061     0.00072
   -54.90958     0.00053     0.00023     0.00030     3.51600     0.00004     0.00002     0.00048     0.00057
   -54.88658     0.00041     0.00018     0.00023     2.70600     0.00003     0.00001     0.00036     0.00044
   -54.86358     0.00031     0.00013     0.00017     2.02700     0.00002     0.00001     0.00027     0.00033
   -54.84058     0.00022     0.00010     0.00013     1.47900     0.00002     0.00001     0.00019     0.00024
   -54.81658     0.00016     0.00007     0.00009     1.05040     0.00001     0.00001     0.00014     0.00017
   -54.79358     0.00011     0.00005     0.00006     0.72630     0.00001     0.00000     0.00009     0.00012
   -54.77058     0.00007     0.00003     0.00004     0.48900     0.00001     0.00000     0.00006     0.00008
   -54.74758     0.00005     0.00002     0.00003     0.32050     0.00000     0.00000     0.00004     0.00005
   -54.72458     0.00003     0.00001     0.00002     0.20450     0.00000     0.00000     0.00003     0.00003
   -54.70058     0.00002     0.00001     0.00001     0.12707     0.00000     0.00000     0.00002     0.00002
   -54.67758     0.00001     0.00000     0.00001     0.07686     0.00000     0.00000     0.00001     0.00001
   -54.65458     0.00001     0.00000     0.00000     0.04526     0.00000     0.00000     0.00001     0.00001
   -54.63158     0.00000     0.00000     0.00000     0.02595     0.00000     0.00000     0.00000     0.00000
   -54.60858     0.00000     0.00000     0.00000     0.01449     0.00000     0.00000     0.00000     0.00000
   -54.58458     0.00000     0.00000     0.00000     0.00788     0.00000     0.00000     0.00000     0.00000
   -54.56158     0.00000     0.00000     0.00000     0.00417     0.00000     0.00000     0.00000     0.00000
   -54.53858     0.00000     0.00000     0.00000     0.00215     0.00000     0.00000     0.00000     0.00000
   -54.51558     0.00000     0.00000     0.00000     0.00108     0.00000     0.00000     0.00000     0.00000
   -54.49258     0.00000     0.00000     0.00000     0.00053     0.00000     0.00000     0.00000     0.00000
   -54.46858     0.00000     0.00000     0.00000     0.00025     0.00000     0.00000     0.00000     0.00000
   -54.44558     0.00000     0.00000     0.00000     0.00012     0.00000     0.00000     0.00000     0.00000
   -54.42258     0.00000     0.00000     0.00000     0.00005     0.00000     0.00000     0.00000     0.00000
   -54.39958     0.00000     0.00000     0.00000     0.00002     0.00000     0.00000     0.00000     0.00000
   -54.37658     0.00000     0.00000     0.00000     0.00001     0.00000     0.00000     0.00000     0.00000
   -54.35258     0.00000     0.00000     0.00000     0.00000     0.00000     0.00000     0.00000     0.00000
   -54.32958     0.00000     0.00000     0.00000     0.00000     0.00000     0.00000     0.00000     0.00000
   -54.30658     0.00000     0.00000     0.00000     0.00000     0.00000     0.00000     0.00000     0.00000
   -54.28358     0.00000     0.00000     0.00000     0.00000     0.00000     0.00000     0.00000     0.00000
   -54.26058     0.00000     0.00000     0.00000     0.00000     0.00000     0.00000     0.00000     0.00000
   -54.23758     0.00000     0.00000     0.00000     0.00000     0.00000     0.00000     0.00000     0.00000
   -54.21358     0.00000     0.00000     0.00000     0.00000     0.00000     0.00000     0.00000     0.00000
   -54.19058     0.00000     0.00000     0.00000     0.00000     0.00000     0.00000     0.00000     0.00000
   -54.16758     0.00000     0.00000     0.00000     0.00000     0.00000     0.00000     0.00000     0.00000
   -54.14458     0.00000     0.00000     0.00000     0.00000     0.00000     0.00000     0.00000     0.00000
   -54.12158     0.00000     0.00000     0.00000     0.00000     0.00000     0.00000     0.00000     0.00000
   -54.09758     0.00000     0.00000     0.00000     0.00000     0.00000     0.00000     0.00000     0.00000
   -54.07458     0.00000     0.00000     0.00000     0.00000     0.00000     0.00000     0.00000     0.00000
   -54.05158     0.00000     0.00000     0.00000     0.00000     0.00000     0.00000     0.00000     0.00000
   -54.02858     0.00000     0.00000     0.00000     0.00000     0.00000     0.00000     0.00000     0.00000
   -54.00558     0.00000     0.00000     0.00000     0.00000     0.00000     0.00000     0.00000     0.00000
   -53.98158     0.00000     0.00000     0.00000     0.00000     0.00000     0.00000     0.00000     0.00000
   -53.95858     0.00000     0.00000     0.00000     0.00000     0.00000     0.00000     0.00000     0.00000
   -53.93558     0.00000     0.00000     0.00000     0.00000     0.00000     0.00000     0.00000     0.00000
   -53.91258     0.00000     0.00000     0.00000     0.00000     0.00000     0.00000     0.00000     0.00000
   -53.88958     0.00000     0.00000     0.00000     0.00000     0.00000     0.00000     0.00000     0.00000
   -53.86558     0.00000     0.00000     0.00000     0.00000     0.00000     0.00000     0.00000     0.00000
   -53.84258     0.00000     0.00000     0.00000     0.00000     0.00000     0.00000     0.00000     0.00000
   -53.81958     0.00000     0.00000     0.00000     0.00000     0.00000     0.00000     0.00000     0.00000
   -53.79658     0.00000     0.00000     0.00000     0.00000     0.00000     0.00000     0.00000     0.00000
   -53.77358     0.00000     0.00000     0.00000     0.00000     0.00000     0.00000     0.00000     0.00000
   -53.74958     0.00000     0.00000     0.00000     0.00000     0.00000     0.00000     0.00000     0.00000
   -53.72658     0.00000     0.00000     0.00000     0.00000     0.00000     0.00000     0.00000     0.00000
   -53.70358     0.00000     0.00000     0.00000     0.00000     0.00000     0.00000     0.00000     0.00000
   -53.68058     0.00000     0.00000     0.00000     0.00000     0.00000     0.00000     0.00000     0.00000
   -53.65758     0.00000     0.00000     0.00000     0.00000     0.00000     0.00000     0.00000     0.00000
   -53.63358     0.00000     0.00000     0.00000     0.00000     0.00000     0.00000     0.00000     0.00000
   -53.61058     0.00000     0.00000     0.00000     0.00000     0.00000     0.00000     0.00000     0.00000
   -53.58758     0.00000     0.00000     0.00000     0.00000     0.00000     0.00000     0.00000     0.00000
   -53.56458     0.00000     0.00000     0.00000     0.00000     0.00000     0.00000     0.00000     0.00000
   -53.54158     0.00000     0.00000     0.00000     0.00000     0.00000     0.00000     0.00000     0.00000
   -53.51758     0.00000     0.00000     0.00000     0.00000     0.00000     0.00000     0.00000     0.00000
   -53.49458     0.00000     0.00000     0.00000     0.00000     0.00000     0.00000     0.00000     0.00000
   -53.47158     0.00000     0.00000     0.00000     0.00000     0.00000     0.00000     0.00000     0.00000
   -53.44858     0.00000     0.00000     0.00000     0.00000     0.00000     0.00000     0.00000     0.00000
   -53.42558     0.00000     0.00000     0.00000     0.00000     0.00000     0.00000     0.00000     0.00000
   -53.40158     0.00000     0.00000     0.00000     0.00000     0.00000     0.00000     0.00000     0.00000
   -53.37858     0.00000     0.00000     0.00000     0.00000     0.00000     0.00000     0.00000     0.00000
   -53.35558     0.00000     0.00000     0.00000     0.00000     0.00000     0.00000     0.00000     0.00000
   -53.33258     0.00000     0.00000     0.00000     0.00000     0.00000     0.00000     0.00000     0.00000
   -53.30958     0.00000     0.00000     0.00000     0.00000     0.00000     0.00000     0.00000     0.00000
   -53.28558     0.00000     0.00000     0.00000     0.00000     0.00000     0.00000     0.00000     0.00000
   -53.26258     0.00000     0.00000     0.00000     0.00000     0.00000     0.00000     0.00000     0.00000
   -53.23958     0.00000     0.00000     0.00000     0.00000     0.00000     0.00000     0.00000     0.00000
   -53.21658     0.00000     0.00000     0.00000     0.00000     0.00000     0.00000     0.00000     0.00000
   -53.19358     0.00000     0.00000     0.00000     0.00000     0.00000     0.00000     0.00000     0.00000
   -53.16958     0.00000     0.00000     0.00000     0.00000     0.00000     0.00000     0.00000     0.00000
   -53.14658     0.00000     0.00000     0.00000     0.00000     0.00000     0.00000     0.00000     0.00000
   -53.12358     0.00000     0.00000     0.00000     0.00000     0.00000     0.00000     0.00000     0.00000
   -53.10058     0.00000     0.00000     0.00000     0.00000     0.00000     0.00000     0.00000     0.00000
   -53.07758     0.00000     0.00000     0.00000     0.00000     0.00000     0.00000     0.00000     0.00000
   -53.05358     0.00000     0.00000     0.00000     0.00000     0.00000     0.00000     0.00000     0.00000
   -53.03058     0.00000     0.00000     0.00000     0.00000     0.00000     0.00000     0.00000     0.00000
   -53.00758     0.00000     0.00000     0.00000     0.00000     0.00000     0.00000     0.00000     0.00000
   -52.98458     0.00000     0.00000     0.00000     0.00000     0.00000     0.00000     0.00000     0.00000
   -52.96158     0.00000     0.00000     0.00000     0.00000     0.00000     0.00000     0.00000     0.00000
   -52.93758     0.00000     0.00000     0.00000     0.00000     0.00000     0.00000     0.00000     0.00000
   -52.91458     0.00000     0.00000     0.00000     0.00000     0.00000     0.00000     0.00000     0.00000
   -52.89158     0.00000     0.00000     0.00000     0.00000     0.00000     0.00000     0.00000     0.00000
   -52.86858     0.00000     0.00000     0.00000     0.00000     0.00000     0.00000     0.00000     0.00000
   -52.84558     0.00000     0.00000     0.00000     0.00000     0.00000     0.00000     0.00000     0.00000
   -52.82158     0.00000     0.00000     0.00000     0.00000     0.00000     0.00000     0.00000     0.00000
   -52.79858     0.00000     0.00000     0.00000     0.00000     0.00000     0.00000     0.00000     0.00000
   -52.77558     0.00000     0.00000     0.00000     0.00000     0.00000     0.00000     0.00000     0.00000
   -52.75258     0.00000     0.00000     0.00000     0.00000     0.00000     0.00000     0.00000     0.00000
   -52.72958     0.00000     0.00000     0.00000     0.00000     0.00000     0.00000     0.00000     0.00000
   -52.70558     0.00000     0.00000     0.00000     0.00000     0.00000     0.00000     0.00000     0.00000
   -52.68258     0.00000     0.00000     0.00000     0.00000     0.00000     0.00000     0.00000     0.00000
   -52.65958     0.00000     0.00000     0.00000     0.00000     0.00000     0.00000     0.00000     0.00000
   -52.63658     0.00000     0.00000     0.00000     0.00000     0.00000     0.00000     0.00000     0.00000
   -52.61358     0.00000     0.00000     0.00000     0.00000     0.00000     0.00000     0.00000     0.00000
   -52.58958     0.00000     0.00000     0.00000     0.00000     0.00000     0.00000     0.00000     0.00000
   -52.56658     0.00000     0.00000     0.00000     0.00000     0.00000     0.00000     0.00000     0.00000
   -52.54358     0.00000     0.00000     0.00000     0.00000     0.00000     0.00000     0.00000     0.00000
   -52.52058     0.00000     0.00000     0.00000     0.00000     0.00000     0.00000     0.00000     0.00000
   -52.49758     0.00000     0.00000     0.00000     0.00000     0.00000     0.00000     0.00000     0.00000
   -52.47358     0.00000     0.00000     0.00000     0.00000     0.00000     0.00000     0.00000     0.00000
   -52.45058     0.00000     0.00000     0.00000     0.00000     0.00000     0.00000     0.00000     0.00000
   -52.42758     0.00000     0.00000     0.00000     0.00000     0.00000     0.00000     0.00000     0.00000
   -52.40458     0.00000     0.00000     0.00000     0.00000     0.00000     0.00000     0.00000     0.00000
   -52.38158     0.00000     0.00000     0.00000     0.00000     0.00000     0.00000     0.00000     0.00000
   -52.35758     0.00000     0.00000     0.00000     0.00000     0.00000     0.00000     0.00000     0.00000
   -52.33458     0.00000     0.00000     0.00000     0.00000     0.00000     0.00000     0.00000     0.00000
   -52.31158     0.00000     0.00000     0.00000     0.00000     0.00000     0.00000     0.00000     0.00000
   -52.28858     0.00000     0.00000     0.00000     0.00000     0.00000     0.00000     0.00000     0.00000
   -52.26558     0.00000     0.00000     0.00000     0.00000     0.00000     0.00000     0.00000     0.00000
   -52.24158     0.00000     0.00000     0.00000     0.00000     0.00000     0.00000     0.00000     0.00000
   -52.21858     0.00000     0.00000     0.00000     0.00000     0.00000     0.00000     0.00000     0.00000
   -52.19558     0.00000     0.00000     0.00000     0.00000     0.00000     0.00000     0.00000     0.00000
   -52.17258     0.00000     0.00000     0.00000     0.00000     0.00000     0.00000     0.00000     0.00000
   -52.14958     0.00000     0.00000     0.00000     0.00000     0.00000     0.00000     0.00000     0.00000
   -52.12558     0.00000     0.00000     0.00000     0.00000     0.00000     0.00000     0.00000     0.00000
   -52.10258     0.00000     0.00000     0.00000     0.00000     0.00000     0.00000     0.00000     0.00000
   -52.07958     0.00000     0.00000     0.00000     0.00000     0.00000     0.00000     0.00000     0.00000
   -52.05658     0.00000     0.00000     0.00000     0.00000     0.00000     0.00000     0.00000     0.00000
   -52.03358     0.00000     0.00000     0.00000     0.00000     0.00000     0.00000     0.00000     0.00000
   -52.00958     0.00000     0.00000     0.00000     0.00000     0.00000     0.00000     0.00000     0.00000
   -51.98658     0.00000     0.00000     0.00000     0.00000     0.00000     0.00000     0.00000     0.00000
   -51.96358     0.00000     0.00000     0.00000     0.00000     0.00000     0.00000     0.00000     0.00000
   -51.94058     0.00000     0.00000     0.00000     0.00000     0.00000     0.00000     0.00000     0.00000
   -51.91758     0.00000     0.00000     0.00000     0.00000     0.00000     0.00000     0.00000     0.00000
   -51.89358     0.00000     0.00000     0.00000     0.00000     0.00000     0.00000     0.00000     0.00000
   -51.87058     0.00000     0.00000     0.00000     0.00000     0.00000     0.00000     0.00000     0.00000
   -51.84758     0.00000     0.00000     0.00000     0.00000     0.00000     0.00000     0.00000     0.00000
   -51.82458     0.00000     0.00000     0.00000     0.00000     0.00000     0.00000     0.00000     0.00000
   -51.80158     0.00000     0.00000     0.00000     0.00000     0.00000     0.00000     0.00000     0.00000
   -51.77758     0.00000     0.00000     0.00000     0.00000     0.00000     0.00000     0.00000     0.00000
   -51.75458     0.00000     0.00000     0.00000     0.00000     0.00000     0.00000     0.00000     0.00000
   -51.73158     0.00000     0.00000     0.00000     0.00000     0.00000     0.00000     0.00000     0.00000
   -51.70858     0.00000     0.00000     0.00000     0.00000     0.00000     0.00000     0.00000     0.00000
   -51.68558     0.00000     0.00000     0.00000     0.00000     0.00000     0.00000     0.00000     0.00000
   -51.66158     0.00000     0.00000     0.00000     0.00000     0.00000     0.00000     0.00000     0.00000
   -51.63858     0.00000     0.00000     0.00000     0.00000     0.00000     0.00000     0.00000     0.00000
   -51.61558     0.00000     0.00000     0.00000     0.00000     0.00000     0.00000     0.00000     0.00000
   -51.59258     0.00000     0.00000     0.00000     0.00000     0.00000     0.00000     0.00000     0.00000
   -51.56958     0.00000     0.00000     0.00000     0.00000     0.00000     0.00000     0.00000     0.00000
   -51.54658     0.00000     0.00000     0.00000     0.00000     0.00000     0.00000     0.00000     0.00000
   -51.52258     0.00000     0.00000     0.00000     0.00000     0.00000     0.00000     0.00000     0.00000
   -51.49958     0.00000     0.00000     0.00000     0.00000     0.00000     0.00000     0.00000     0.00000
   -51.47658     0.00000     0.00000     0.00000     0.00000     0.00000     0.00000     0.00000     0.00000
   -51.45358     0.00000     0.00000     0.00000     0.00000     0.00000     0.00000     0.00000     0.00000
   -51.43058     0.00000     0.00000     0.00000     0.00000     0.00000     0.00000     0.00000     0.00000
   -51.40658     0.00000     0.00000     0.00000     0.00000     0.00000     0.00000     0.00000     0.00000
   -51.38358     0.00000     0.00000     0.00000     0.00000     0.00000     0.00000     0.00000     0.00000
   -51.36058     0.00000     0.00000     0.00000     0.00000     0.00000     0.00000     0.00000     0.00000
   -51.33758     0.00000     0.00000     0.00000     0.00000     0.00000     0.00000     0.00000     0.00000
   -51.31458     0.00000     0.00000     0.00000     0.00000     0.00000     0.00000     0.00000     0.00000
   -51.29058     0.00000     0.00000     0.00000     0.00000     0.00000     0.00000     0.00000     0.00000
   -51.26758     0.00000     0.00000     0.00000     0.00000     0.00000     0.00000     0.00000     0.00000
   -51.24458     0.00000     0.00000     0.00000     0.00000     0.00000     0.00000     0.00000     0.00000
   -51.22158     0.00000     0.00000     0.00000     0.00000     0.00000     0.00000     0.00000     0.00000
   -51.19858     0.00000     0.00000     0.00000     0.00000     0.00000     0.00000     0.00000     0.00000
   -51.17458     0.00000     0.00000     0.00000     0.00000     0.00000     0.00000     0.00000     0.00000
   -51.15158     0.00000     0.00000     0.00000     0.00000     0.00000     0.00000     0.00000     0.00000
   -51.12858     0.00000     0.00000     0.00000     0.00000     0.00000     0.00000     0.00000     0.00000
   -51.10558     0.00000     0.00000     0.00000     0.00000     0.00000     0.00000     0.00000     0.00000
   -51.08258     0.00000     0.00000     0.00000     0.00000     0.00000     0.00000     0.00000     0.00000
   -51.05858     0.00000     0.00000     0.00000     0.00000     0.00000     0.00000     0.00000     0.00000
   -51.03558     0.00000     0.00000     0.00000     0.00000     0.00000     0.00000     0.00000     0.00000
   -51.01258     0.00000     0.00000     0.00000     0.00000     0.00000     0.00000     0.00000     0.00000
   -50.98958     0.00000     0.00000     0.00000     0.00000     0.00000     0.00000     0.00000     0.00000
   -50.96658     0.00000     0.00000     0.00000     0.00000     0.00000     0.00000     0.00000     0.00000
   -50.94258     0.00000     0.00000     0.00000     0.00000     0.00000     0.00000     0.00000     0.00000
   -50.91958     0.00000     0.00000     0.00000     0.00000     0.00000     0.00000     0.00000     0.00000
   -50.89658     0.00000     0.00000     0.00000     0.00000     0.00000     0.00000     0.00000     0.00000
   -50.87358     0.00000     0.00000     0.00000     0.00000     0.00000     0.00000     0.00000     0.00000
   -50.85058     0.00000     0.00000     0.00000     0.00000     0.00000     0.00000     0.00000     0.00000
   -50.82658     0.00000     0.00000     0.00000     0.00000     0.00000     0.00000     0.00000     0.00000
   -50.80358     0.00000     0.00000     0.00000     0.00000     0.00000     0.00000     0.00000     0.00000
   -50.78058     0.00000     0.00000     0.00000     0.00000     0.00000     0.00000     0.00000     0.00000
   -50.75758     0.00000     0.00000     0.00000     0.00000     0.00000     0.00000     0.00000     0.00000
   -50.73458     0.00000     0.00000     0.00000     0.00000     0.00000     0.00000     0.00000     0.00000
   -50.71058     0.00000     0.00000     0.00000     0.00000     0.00000     0.00000     0.00000     0.00000
   -50.68758     0.00000     0.00000     0.00000     0.00000     0.00000     0.00000     0.00000     0.00000
   -50.66458     0.00000     0.00000     0.00000     0.00000     0.00000     0.00000     0.00000     0.00000
   -50.64158     0.00000     0.00000     0.00000     0.00000     0.00000     0.00000     0.00000     0.00000
   -50.61858     0.00000     0.00000     0.00000     0.00000     0.00000     0.00000     0.00000     0.00000
   -50.59458     0.00000     0.00000     0.00000     0.00000     0.00000     0.00000     0.00000     0.00000
   -50.57158     0.00000     0.00000     0.00000     0.00000     0.00000     0.00000     0.00000     0.00000
   -50.54858     0.00000     0.00000     0.00000     0.00000     0.00000     0.00000     0.00000     0.00000
   -50.52558     0.00000     0.00000     0.00000     0.00000     0.00000     0.00000     0.00000     0.00000
   -50.50258     0.00000     0.00000     0.00000     0.00000     0.00000     0.00000     0.00000     0.00000
   -50.47858     0.00000     0.00000     0.00000     0.00000     0.00000     0.00000     0.00000     0.00000
   -50.45558     0.00000     0.00000     0.00000     0.00000     0.00000     0.00000     0.00000     0.00000
   -50.43258     0.00000     0.00000     0.00000     0.00000     0.00000     0.00000     0.00000     0.00000
   -50.40958     0.00000     0.00000     0.00000     0.00000     0.00000     0.00000     0.00000     0.00000
   -50.38658     0.00000     0.00000     0.00000     0.00000     0.00000     0.00000     0.00000     0.00000
   -50.36258     0.00000     0.00000     0.00000     0.00000     0.00000     0.00000     0.00000     0.00000
   -50.33958     0.00000     0.00000     0.00000     0.00000     0.00000     0.00000     0.00000     0.00000
   -50.31658     0.00000     0.00000     0.00000     0.00000     0.00000     0.00000     0.00000     0.00000
   -50.29358     0.00000     0.00000     0.00000     0.00000     0.00000     0.00000     0.00000     0.00000
   -50.27058     0.00000     0.00000     0.00000     0.00000     0.00000     0.00000     0.00000     0.00000
   -50.24658     0.00000     0.00000     0.00000     0.00000     0.00000     0.00000     0.00000     0.00000
   -50.22358     0.00000     0.00000     0.00000     0.00000     0.00000     0.00000     0.00000     0.00000
   -50.20058     0.00000     0.00000     0.00000     0.00000     0.00000     0.00000     0.00000     0.00000
   -50.17758     0.00000     0.00000     0.00000     0.00000     0.00000     0.00000     0.00000     0.00000
   -50.15458     0.00000     0.00000     0.00000     0.00000     0.00000     0.00000     0.00000     0.00000
   -50.13058     0.00000     0.00000     0.00000     0.00000     0.00000     0.00000     0.00000     0.00000
   -50.10758     0.00000     0.00000     0.00000     0.00000     0.00000     0.00000     0.00000     0.00000
   -50.08458     0.00000     0.00000     0.00000     0.00000     0.00000     0.00000     0.00000     0.00000
   -50.06158     0.00000     0.00000     0.00000     0.00000     0.00000     0.00000     0.00000     0.00000
   -50.03858     0.00000     0.00000     0.00000     0.00000     0.00000     0.00000     0.00000     0.00000
   -50.01458     0.00000     0.00000     0.00000     0.00000     0.00000     0.00000     0.00000     0.00000
   -49.99158     0.00000     0.00000     0.00000     0.00000     0.00000     0.00000     0.00000     0.00000
   -49.96858     0.00000     0.00000     0.00000     0.00000     0.00000     0.00000     0.00000     0.00000
   -49.94558     0.00000     0.00000     0.00000     0.00000     0.00000     0.00000     0.00000     0.00000
   -49.92258     0.00000     0.00000     0.00000     0.00000     0.00000     0.00000     0.00000     0.00000
   -49.89858     0.00000     0.00000     0.00000     0.00000     0.00000     0.00000     0.00000     0.00000
   -49.87558     0.00000     0.00000     0.00000     0.00000     0.00000     0.00000     0.00000     0.00000
   -49.85258     0.00000     0.00000     0.00000     0.00000     0.00000     0.00000     0.00000     0.00000
   -49.82958     0.00000     0.00000     0.00000     0.00000     0.00000     0.00000     0.00000     0.00000
   -49.80658     0.00000     0.00000     0.00000     0.00000     0.00000     0.00000     0.00000     0.00000
   -49.78258     0.00000     0.00000     0.00000     0.00000     0.00000     0.00000     0.00000     0.00000
   -49.75958     0.00000     0.00000     0.00000     0.00000     0.00000     0.00000     0.00000     0.00000
   -49.73658     0.00000     0.00000     0.00000     0.00000     0.00000     0.00000     0.00000     0.00000
   -49.71358     0.00000     0.00000     0.00000     0.00000     0.00000     0.00000     0.00000     0.00000
   -49.69058     0.00000     0.00000     0.00000     0.00000     0.00000     0.00000     0.00000     0.00000
   -49.66658     0.00000     0.00000     0.00000     0.00000     0.00000     0.00000     0.00000     0.00000
   -49.64358     0.00000     0.00000     0.00000     0.00000     0.00000     0.00000     0.00000     0.00000
   -49.62058     0.00000     0.00000     0.00000     0.00000     0.00000     0.00000     0.00000     0.00000
   -49.59758     0.00000     0.00000     0.00000     0.00000     0.00000     0.00000     0.00000     0.00000
   -49.57458     0.00000     0.00000     0.00000     0.00000     0.00000     0.00000     0.00000     0.00000
   -49.55058     0.00000     0.00000     0.00000     0.00000     0.00000     0.00000     0.00000     0.00000
   -49.52758     0.00000     0.00000     0.00000     0.00000     0.00000     0.00000     0.00000     0.00000
   -49.50458     0.00000     0.00000     0.00000     0.00000     0.00000     0.00000     0.00000     0.00000
   -49.48158     0.00000     0.00000     0.00000     0.00000     0.00000     0.00000     0.00000     0.00000
   -49.45858     0.00000     0.00000     0.00000     0.00000     0.00000     0.00000     0.00000     0.00000
   -49.43458     0.00000     0.00000     0.00000     0.00000     0.00000     0.00000     0.00000     0.00000
   -49.41158     0.00000     0.00000     0.00000     0.00000     0.00000     0.00000     0.00000     0.00000
   -49.38858     0.00000     0.00000     0.00000     0.00000     0.00000     0.00000     0.00000     0.00000
   -49.36558     0.00000     0.00000     0.00000     0.00000     0.00000     0.00000     0.00000     0.00000
   -49.34258     0.00000     0.00000     0.00000     0.00000     0.00000     0.00000     0.00000     0.00000
   -49.31858     0.00000     0.00000     0.00000     0.00000     0.00000     0.00000     0.00000     0.00000
   -49.29558     0.00000     0.00000     0.00000     0.00000     0.00000     0.00000     0.00000     0.00000
   -49.27258     0.00000     0.00000     0.00000     0.00000     0.00000     0.00000     0.00000     0.00000
   -49.24958     0.00000     0.00000     0.00000     0.00000     0.00000     0.00000     0.00000     0.00000
   -49.22658     0.00000     0.00000     0.00000     0.00000     0.00000     0.00000     0.00000     0.00000
   -49.20258     0.00000     0.00000     0.00000     0.00000     0.00000     0.00000     0.00000     0.00000
   -49.17958     0.00000     0.00000     0.00000     0.00000     0.00000     0.00000     0.00000     0.00000
   -49.15658     0.00000     0.00000     0.00000     0.00000     0.00000     0.00000     0.00000     0.00000
   -49.13358     0.00000     0.00000     0.00000     0.00000     0.00000     0.00000     0.00000     0.00000
   -49.11058     0.00000     0.00000     0.00000     0.00000     0.00000     0.00000     0.00000     0.00000
   -49.08658     0.00000     0.00000     0.00000     0.00000     0.00000     0.00000     0.00000     0.00000
   -49.06358     0.00000     0.00000     0.00000     0.00000     0.00000     0.00000     0.00000     0.00000
   -49.04058     0.00000     0.00000     0.00000     0.00000     0.00000     0.00000     0.00000     0.00000
   -49.01758     0.00000     0.00000     0.00000     0.00000     0.00000     0.00000     0.00000     0.00000
   -48.99458     0.00000     0.00000     0.00000     0.00000     0.00000     0.00000     0.00000     0.00000
   -48.97058     0.00000     0.00000     0.00000     0.00000     0.00000     0.00000     0.00000     0.00000
   -48.94758     0.00000     0.00000     0.00000     0.00000     0.00000     0.00000     0.00000     0.00000
   -48.92458     0.00000     0.00000     0.00000     0.00000     0.00000     0.00000     0.00000     0.00000
   -48.90158     0.00000     0.00000     0.00000     0.00000     0.00000     0.00000     0.00000     0.00000
   -48.87858     0.00000     0.00000     0.00000     0.00000     0.00000     0.00000     0.00000     0.00000
   -48.85558     0.00000     0.00000     0.00000     0.00000     0.00000     0.00000     0.00000     0.00000
   -48.83158     0.00000     0.00000     0.00000     0.00000     0.00000     0.00000     0.00000     0.00000
   -48.80858     0.00000     0.00000     0.00000     0.00000     0.00000     0.00000     0.00000     0.00000
   -48.78558     0.00000     0.00000     0.00000     0.00000     0.00000     0.00000     0.00000     0.00000
   -48.76258     0.00000     0.00000     0.00000     0.00000     0.00000     0.00000     0.00000     0.00000
   -48.73958     0.00000     0.00000     0.00000     0.00000     0.00000     0.00000     0.00000     0.00000
   -48.71558     0.00000     0.00000     0.00000     0.00000     0.00000     0.00000     0.00000     0.00000
   -48.69258     0.00000     0.00000     0.00000     0.00000     0.00000     0.00000     0.00000     0.00000
   -48.66958     0.00000     0.00000     0.00000     0.00000     0.00000     0.00000     0.00000     0.00000
   -48.64658     0.00000     0.00000     0.00000     0.00000     0.00000     0.00000     0.00000     0.00000
   -48.62358     0.00000     0.00000     0.00000     0.00000     0.00000     0.00000     0.00000     0.00000
   -48.59958     0.00000     0.00000     0.00000     0.00000     0.00000     0.00000     0.00000     0.00000
   -48.57658     0.00000     0.00000     0.00000     0.00000     0.00000     0.00000     0.00000     0.00000
   -48.55358     0.00000     0.00000     0.00000     0.00000     0.00000     0.00000     0.00000     0.00000
   -48.53058     0.00000     0.00000     0.00000     0.00000     0.00000     0.00000     0.00000     0.00000
   -48.50758     0.00000     0.00000     0.00000     0.00000     0.00000     0.00000     0.00000     0.00000
   -48.48358     0.00000     0.00000     0.00000     0.00000     0.00000     0.00000     0.00000     0.00000
   -48.46058     0.00000     0.00000     0.00000     0.00000     0.00000     0.00000     0.00000     0.00000
   -48.43758     0.00000     0.00000     0.00000     0.00000     0.00000     0.00000     0.00000     0.00000
   -48.41458     0.00000     0.00000     0.00000     0.00000     0.00000     0.00000     0.00000     0.00000
   -48.39158     0.00000     0.00000     0.00000     0.00000     0.00000     0.00000     0.00000     0.00000
   -48.36758     0.00000     0.00000     0.00000     0.00000     0.00000     0.00000     0.00000     0.00000
   -48.34458     0.00000     0.00000     0.00000     0.00000     0.00000     0.00000     0.00000     0.00000
   -48.32158     0.00000     0.00000     0.00000     0.00000     0.00000     0.00000     0.00000     0.00000
   -48.29858     0.00000     0.00000     0.00000     0.00000     0.00000     0.00000     0.00000     0.00000
   -48.27558     0.00000     0.00000     0.00000     0.00000     0.00000     0.00000     0.00000     0.00000
   -48.25158     0.00000     0.00000     0.00000     0.00000     0.00000     0.00000     0.00000     0.00000
   -48.22858     0.00000     0.00000     0.00000     0.00000     0.00000     0.00000     0.00000     0.00000
   -48.20558     0.00000     0.00000     0.00000     0.00000     0.00000     0.00000     0.00000     0.00000
   -48.18258     0.00000     0.00000     0.00000     0.00000     0.00000     0.00000     0.00000     0.00000
   -48.15958     0.00000     0.00000     0.00000     0.00000     0.00000     0.00000     0.00000     0.00000
   -48.13558     0.00000     0.00000     0.00000     0.00000     0.00000     0.00000     0.00000     0.00000
   -48.11258     0.00000     0.00000     0.00000     0.00000     0.00000     0.00000     0.00000     0.00000
   -48.08958     0.00000     0.00000     0.00000     0.00000     0.00000     0.00000     0.00000     0.00000
   -48.06658     0.00000     0.00000     0.00000     0.00000     0.00000     0.00000     0.00000     0.00000
   -48.04358     0.00000     0.00000     0.00000     0.00000     0.00000     0.00000     0.00000     0.00000
   -48.01958     0.00000     0.00000     0.00000     0.00000     0.00000     0.00000     0.00000     0.00000
   -47.99658     0.00000     0.00000     0.00000     0.00000     0.00000     0.00000     0.00000     0.00000
   -47.97358     0.00000     0.00000     0.00000     0.00000     0.00000     0.00000     0.00000     0.00000
   -47.95058     0.00000     0.00000     0.00000     0.00000     0.00000     0.00000     0.00000     0.00000
   -47.92758     0.00000     0.00000     0.00000     0.00000     0.00000     0.00000     0.00000     0.00000
   -47.90358     0.00000     0.00000     0.00000     0.00000     0.00000     0.00000     0.00000     0.00000
   -47.88058     0.00000     0.00000     0.00000     0.00000     0.00000     0.00000     0.00000     0.00000
   -47.85758     0.00000     0.00000     0.00000     0.00000     0.00000     0.00000     0.00000     0.00000
   -47.83458     0.00000     0.00000     0.00000     0.00000     0.00000     0.00000     0.00000     0.00000
   -47.81158     0.00000     0.00000     0.00000     0.00000     0.00000     0.00000     0.00000     0.00000
   -47.78758     0.00000     0.00000     0.00000     0.00000     0.00000     0.00000     0.00000     0.00000
   -47.76458     0.00000     0.00000     0.00000     0.00000     0.00000     0.00000     0.00000     0.00000
   -47.74158     0.00000     0.00000     0.00000     0.00000     0.00000     0.00000     0.00000     0.00000
   -47.71858     0.00000     0.00000     0.00000     0.00000     0.00000     0.00000     0.00000     0.00000
   -47.69558     0.00000     0.00000     0.00000     0.00000     0.00000     0.00000     0.00000     0.00000
   -47.67158     0.00000     0.00000     0.00000     0.00000     0.00000     0.00000     0.00000     0.00000
   -47.64858     0.00000     0.00000     0.00000     0.00000     0.00000     0.00000     0.00000     0.00000
   -47.62558     0.00000     0.00000     0.00000     0.00000     0.00000     0.00000     0.00000     0.00000
   -47.60258     0.00000     0.00000     0.00000     0.00000     0.00000     0.00000     0.00000     0.00000
   -47.57958     0.00000     0.00000     0.00000     0.00000     0.00000     0.00000     0.00000     0.00000
   -47.55558     0.00000     0.00000     0.00000     0.00000     0.00000     0.00000     0.00000     0.00000
   -47.53258     0.00000     0.00000     0.00000     0.00000     0.00000     0.00000     0.00000     0.00000
   -47.50958     0.00000     0.00000     0.00000     0.00000     0.00000     0.00000     0.00000     0.00000
   -47.48658     0.00000     0.00000     0.00000     0.00000     0.00000     0.00000     0.00000     0.00000
   -47.46358     0.00000     0.00000     0.00000     0.00000     0.00000     0.00000     0.00000     0.00000
   -47.43958     0.00000     0.00000     0.00000     0.00000     0.00000     0.00000     0.00000     0.00000
   -47.41658     0.00000     0.00000     0.00000     0.00000     0.00000     0.00000     0.00000     0.00000
   -47.39358     0.00000     0.00000     0.00000     0.00000     0.00000     0.00000     0.00000     0.00000
   -47.37058     0.00000     0.00000     0.00000     0.00000     0.00000     0.00000     0.00000     0.00000
   -47.34758     0.00000     0.00000     0.00000     0.00000     0.00000     0.00000     0.00000     0.00000
   -47.32358     0.00000     0.00000     0.00000     0.00000     0.00000     0.00000     0.00000     0.00000
   -47.30058     0.00000     0.00000     0.00000     0.00000     0.00000     0.00000     0.00000     0.00000
   -47.27758     0.00000     0.00000     0.00000     0.00000     0.00000     0.00000     0.00000     0.00000
   -47.25458     0.00000     0.00000     0.00000     0.00000     0.00000     0.00000     0.00000     0.00000
   -47.23158     0.00000     0.00000     0.00000     0.00000     0.00000     0.00000     0.00000     0.00000
   -47.20758     0.00000     0.00000     0.00000     0.00000     0.00000     0.00000     0.00000     0.00000
   -47.18458     0.00000     0.00000     0.00000     0.00000     0.00000     0.00000     0.00000     0.00000
   -47.16158     0.00000     0.00000     0.00000     0.00000     0.00000     0.00000     0.00000     0.00000
   -47.13858     0.00000     0.00000     0.00000     0.00000     0.00000     0.00000     0.00000     0.00000
   -47.11558     0.00000     0.00000     0.00000     0.00000     0.00000     0.00000     0.00000     0.00000
   -47.09158     0.00000     0.00000     0.00000     0.00000     0.00000     0.00000     0.00000     0.00000
   -47.06858     0.00000     0.00000     0.00000     0.00000     0.00000     0.00000     0.00000     0.00000
   -47.04558     0.00000     0.00000     0.00000     0.00000     0.00000     0.00000     0.00000     0.00000
   -47.02258     0.00000     0.00000     0.00000     0.00000     0.00000     0.00000     0.00000     0.00000
   -46.99958     0.00000     0.00000     0.00000     0.00000     0.00000     0.00000     0.00000     0.00000
   -46.97558     0.00000     0.00000     0.00000     0.00000     0.00000     0.00000     0.00000     0.00000
   -46.95258     0.00000     0.00000     0.00000     0.00000     0.00000     0.00000     0.00000     0.00000
   -46.92958     0.00000     0.00000     0.00000     0.00000     0.00000     0.00000     0.00000     0.00000
   -46.90658     0.00000     0.00000     0.00000     0.00000     0.00000     0.00000     0.00000     0.00000
   -46.88358     0.00000     0.00000     0.00000     0.00000     0.00000     0.00000     0.00000     0.00000
   -46.85958     0.00000     0.00000     0.00000     0.00000     0.00000     0.00000     0.00000     0.00000
   -46.83658     0.00000     0.00000     0.00000     0.00000     0.00000     0.00000     0.00000     0.00000
   -46.81358     0.00000     0.00000     0.00000     0.00000     0.00000     0.00000     0.00000     0.00000
   -46.79058     0.00000     0.00000     0.00000     0.00000     0.00000     0.00000     0.00000     0.00000
   -46.76758     0.00000     0.00000     0.00000     0.00000     0.00000     0.00000     0.00000     0.00000
   -46.74358     0.00000     0.00000     0.00000     0.00000     0.00000     0.00000     0.00000     0.00000
   -46.72058     0.00000     0.00000     0.00000     0.00000     0.00000     0.00000     0.00000     0.00000
   -46.69758     0.00000     0.00000     0.00000     0.00000     0.00000     0.00000     0.00000     0.00000
   -46.67458     0.00000     0.00000     0.00000     0.00000     0.00000     0.00000     0.00000     0.00000
   -46.65158     0.00000     0.00000     0.00000     0.00000     0.00000     0.00000     0.00000     0.00000
   -46.62758     0.00000     0.00000     0.00000     0.00000     0.00000     0.00000     0.00000     0.00000
   -46.60458     0.00000     0.00000     0.00000     0.00000     0.00000     0.00000     0.00000     0.00000
   -46.58158     0.00000     0.00000     0.00000     0.00000     0.00000     0.00000     0.00000     0.00000
   -46.55858     0.00000     0.00000     0.00000     0.00000     0.00000     0.00000     0.00000     0.00000
   -46.53558     0.00000     0.00000     0.00000     0.00000     0.00000     0.00000     0.00000     0.00000
   -46.51158     0.00000     0.00000     0.00000     0.00000     0.00000     0.00000     0.00000     0.00000
   -46.48858     0.00000     0.00000     0.00000     0.00000     0.00000     0.00000     0.00000     0.00000
   -46.46558     0.00000     0.00000     0.00000     0.00000     0.00000     0.00000     0.00000     0.00000
   -46.44258     0.00000     0.00000     0.00000     0.00000     0.00000     0.00000     0.00000     0.00000
   -46.41958     0.00000     0.00000     0.00000     0.00000     0.00000     0.00000     0.00000     0.00000
   -46.39558     0.00000     0.00000     0.00000     0.00000     0.00000     0.00000     0.00000     0.00000
   -46.37258     0.00000     0.00000     0.00000     0.00000     0.00000     0.00000     0.00000     0.00000
   -46.34958     0.00000     0.00000     0.00000     0.00000     0.00000     0.00000     0.00000     0.00000
   -46.32658     0.00000     0.00000     0.00000     0.00000     0.00000     0.00000     0.00000     0.00000
   -46.30358     0.00000     0.00000     0.00000     0.00000     0.00000     0.00000     0.00000     0.00000
   -46.27958     0.00000     0.00000     0.00000     0.00000     0.00000     0.00000     0.00000     0.00000
   -46.25658     0.00000     0.00000     0.00000     0.00000     0.00000     0.00000     0.00000     0.00000
   -46.23358     0.00000     0.00000     0.00000     0.00000     0.00000     0.00000     0.00000     0.00000
   -46.21058     0.00000     0.00000     0.00000     0.00000     0.00000     0.00000     0.00000     0.00000
   -46.18758     0.00000     0.00000     0.00000     0.00000     0.00000     0.00000     0.00000     0.00000
   -46.16458     0.00000     0.00000     0.00000     0.00000     0.00000     0.00000     0.00000     0.00000
   -46.14058     0.00000     0.00000     0.00000     0.00000     0.00000     0.00000     0.00000     0.00000
   -46.11758     0.00000     0.00000     0.00000     0.00000     0.00000     0.00000     0.00000     0.00000
   -46.09458     0.00000     0.00000     0.00000     0.00000     0.00000     0.00000     0.00000     0.00000
   -46.07158     0.00000     0.00000     0.00000     0.00000     0.00000     0.00000     0.00000     0.00000
   -46.04858     0.00000     0.00000     0.00000     0.00000     0.00000     0.00000     0.00000     0.00000
   -46.02458     0.00000     0.00000     0.00000     0.00000     0.00000     0.00000     0.00000     0.00000
   -46.00158     0.00000     0.00000     0.00000     0.00000     0.00000     0.00000     0.00000     0.00000
   -45.97858     0.00000     0.00000     0.00000     0.00000     0.00000     0.00000     0.00000     0.00000
   -45.95558     0.00000     0.00000     0.00000     0.00000     0.00000     0.00000     0.00000     0.00000
   -45.93258     0.00000     0.00000     0.00000     0.00000     0.00000     0.00000     0.00000     0.00000
   -45.90858     0.00000     0.00000     0.00000     0.00000     0.00000     0.00000     0.00000     0.00000
   -45.88558     0.00000     0.00000     0.00000     0.00000     0.00000     0.00000     0.00000     0.00000
   -45.86258     0.00000     0.00000     0.00000     0.00000     0.00000     0.00000     0.00000     0.00000
   -45.83958     0.00000     0.00000     0.00000     0.00000     0.00000     0.00000     0.00000     0.00000
   -45.81658     0.00000     0.00000     0.00000     0.00000     0.00000     0.00000     0.00000     0.00000
   -45.79258     0.00000     0.00000     0.00000     0.00000     0.00000     0.00000     0.00000     0.00000
   -45.76958     0.00000     0.00000     0.00000     0.00000     0.00000     0.00000     0.00000     0.00000
   -45.74658     0.00000     0.00000     0.00000     0.00000     0.00000     0.00000     0.00000     0.00000
   -45.72358     0.00000     0.00000     0.00000     0.00000     0.00000     0.00000     0.00000     0.00000
   -45.70058     0.00000     0.00000     0.00000     0.00000     0.00000     0.00000     0.00000     0.00000
   -45.67658     0.00000     0.00000     0.00000     0.00000     0.00000     0.00000     0.00000     0.00000
   -45.65358     0.00000     0.00000     0.00000     0.00000     0.00000     0.00000     0.00000     0.00000
   -45.63058     0.00000     0.00000     0.00000     0.00000     0.00000     0.00000     0.00000     0.00000
   -45.60758     0.00000     0.00000     0.00000     0.00000     0.00000     0.00000     0.00000     0.00000
   -45.58458     0.00000     0.00000     0.00000     0.00000     0.00000     0.00000     0.00000     0.00000
   -45.56058     0.00000     0.00000     0.00000     0.00000     0.00000     0.00000     0.00000     0.00000
   -45.53758     0.00000     0.00000     0.00000     0.00000     0.00000     0.00000     0.00000     0.00000
   -45.51458     0.00000     0.00000     0.00000     0.00000     0.00000     0.00000     0.00000     0.00000
   -45.49158     0.00000     0.00000     0.00000     0.00000     0.00000     0.00000     0.00000     0.00000
   -45.46858     0.00000     0.00000     0.00000     0.00000     0.00000     0.00000     0.00000     0.00000
   -45.44458     0.00000     0.00000     0.00000     0.00000     0.00000     0.00000     0.00000     0.00000
   -45.42158     0.00000     0.00000     0.00000     0.00000     0.00000     0.00000     0.00000     0.00000
   -45.39858     0.00000     0.00000     0.00000     0.00000     0.00000     0.00000     0.00000     0.00000
   -45.37558     0.00000     0.00000     0.00000     0.00000     0.00000     0.00000     0.00000     0.00000
   -45.35258     0.00000     0.00000     0.00000     0.00000     0.00000     0.00000     0.00000     0.00000
   -45.32858     0.00000     0.00000     0.00000     0.00000     0.00000     0.00000     0.00000     0.00000
   -45.30558     0.00000     0.00000     0.00000     0.00000     0.00000     0.00000     0.00000     0.00000
   -45.28258     0.00000     0.00000     0.00000     0.00000     0.00000     0.00000     0.00000     0.00000
   -45.25958     0.00000     0.00000     0.00000     0.00000     0.00000     0.00000     0.00000     0.00000
   -45.23658     0.00000     0.00000     0.00000     0.00000     0.00000     0.00000     0.00000     0.00000
   -45.21258     0.00000     0.00000     0.00000     0.00000     0.00000     0.00000     0.00000     0.00000
   -45.18958     0.00000     0.00000     0.00000     0.00000     0.00000     0.00000     0.00000     0.00000
   -45.16658     0.00000     0.00000     0.00000     0.00000     0.00000     0.00000     0.00000     0.00000
   -45.14358     0.00000     0.00000     0.00000     0.00000     0.00000     0.00000     0.00000     0.00000
   -45.12058     0.00000     0.00000     0.00000     0.00000     0.00000     0.00000     0.00000     0.00000
   -45.09658     0.00000     0.00000     0.00000     0.00000     0.00000     0.00000     0.00000     0.00000
   -45.07358     0.00000     0.00000     0.00000     0.00000     0.00000     0.00000     0.00000     0.00000
   -45.05058     0.00000     0.00000     0.00000     0.00000     0.00000     0.00000     0.00000     0.00000
   -45.02758     0.00000     0.00000     0.00000     0.00000     0.00000     0.00000     0.00000     0.00000
   -45.00458     0.00000     0.00000     0.00000     0.00000     0.00000     0.00000     0.00000     0.00000
   -44.98058     0.00000     0.00000     0.00000     0.00000     0.00000     0.00000     0.00000     0.00000
   -44.95758     0.00000     0.00000     0.00000     0.00000     0.00000     0.00000     0.00000     0.00000
   -44.93458     0.00000     0.00000     0.00000     0.00000     0.00000     0.00000     0.00000     0.00000
   -44.91158     0.00000     0.00000     0.00000     0.00000     0.00000     0.00000     0.00000     0.00000
   -44.88858     0.00000     0.00000     0.00000     0.00000     0.00000     0.00000     0.00000     0.00000
   -44.86458     0.00000     0.00000     0.00000     0.00000     0.00000     0.00000     0.00000     0.00000
   -44.84158     0.00000     0.00000     0.00000     0.00000     0.00000     0.00000     0.00000     0.00000
   -44.81858     0.00000     0.00000     0.00000     0.00000     0.00000     0.00000     0.00000     0.00000
   -44.79558     0.00000     0.00000     0.00000     0.00000     0.00000     0.00000     0.00000     0.00000
   -44.77258     0.00000     0.00000     0.00000     0.00000     0.00000     0.00000     0.00000     0.00000
   -44.74858     0.00000     0.00000     0.00000     0.00000     0.00000     0.00000     0.00000     0.00000
   -44.72558     0.00000     0.00000     0.00000     0.00000     0.00000     0.00000     0.00000     0.00000
   -44.70258     0.00000     0.00000     0.00000     0.00000     0.00000     0.00000     0.00000     0.00000
   -44.67958     0.00000     0.00000     0.00000     0.00000     0.00000     0.00000     0.00000     0.00000
   -44.65658     0.00000     0.00000     0.00000     0.00000     0.00000     0.00000     0.00000     0.00000
   -44.63258     0.00000     0.00000     0.00000     0.00000     0.00000     0.00000     0.00000     0.00000
   -44.60958     0.00000     0.00000     0.00000     0.00000     0.00000     0.00000     0.00000     0.00000
   -44.58658     0.00000     0.00000     0.00000     0.00000     0.00000     0.00000     0.00000     0.00000
   -44.56358     0.00000     0.00000     0.00000     0.00000     0.00000     0.00000     0.00000     0.00000
   -44.54058     0.00000     0.00000     0.00000     0.00000     0.00000     0.00000     0.00000     0.00000
   -44.51658     0.00000     0.00000     0.00000     0.00000     0.00000     0.00000     0.00000     0.00000
   -44.49358     0.00000     0.00000     0.00000     0.00000     0.00000     0.00000     0.00000     0.00000
   -44.47058     0.00000     0.00000     0.00000     0.00000     0.00000     0.00000     0.00000     0.00000
   -44.44758     0.00000     0.00000     0.00000     0.00000     0.00000     0.00000     0.00000     0.00000
   -44.42458     0.00000     0.00000     0.00000     0.00000     0.00000     0.00000     0.00000     0.00000
   -44.40058     0.00000     0.00000     0.00000     0.00000     0.00000     0.00000     0.00000     0.00000
   -44.37758     0.00000     0.00000     0.00000     0.00000     0.00000     0.00000     0.00000     0.00000
   -44.35458     0.00000     0.00000     0.00000     0.00000     0.00000     0.00000     0.00000     0.00000
   -44.33158     0.00000     0.00000     0.00000     0.00000     0.00000     0.00000     0.00000     0.00000
   -44.30858     0.00000     0.00000     0.00000     0.00000     0.00000     0.00000     0.00000     0.00000
   -44.28458     0.00000     0.00000     0.00000     0.00000     0.00000     0.00000     0.00000     0.00000
   -44.26158     0.00000     0.00000     0.00000     0.00000     0.00000     0.00000     0.00000     0.00000
   -44.23858     0.00000     0.00000     0.00000     0.00000     0.00000     0.00000     0.00000     0.00000
   -44.21558     0.00000     0.00000     0.00000     0.00000     0.00000     0.00000     0.00000     0.00000
   -44.19258     0.00000     0.00000     0.00000     0.00000     0.00000     0.00000     0.00000     0.00000
   -44.16858     0.00000     0.00000     0.00000     0.00000     0.00000     0.00000     0.00000     0.00000
   -44.14558     0.00000     0.00000     0.00000     0.00000     0.00000     0.00000     0.00000     0.00000
   -44.12258     0.00000     0.00000     0.00000     0.00000     0.00000     0.00000     0.00000     0.00000
   -44.09958     0.00000     0.00000     0.00000     0.00000     0.00000     0.00000     0.00000     0.00000
   -44.07658     0.00000     0.00000     0.00000     0.00000     0.00000     0.00000     0.00000     0.00000
   -44.05258     0.00000     0.00000     0.00000     0.00000     0.00000     0.00000     0.00000     0.00000
   -44.02958     0.00000     0.00000     0.00000     0.00000     0.00000     0.00000     0.00000     0.00000
   -44.00658     0.00000     0.00000     0.00000     0.00000     0.00000     0.00000     0.00000     0.00000
   -43.98358     0.00000     0.00000     0.00000     0.00000     0.00000     0.00000     0.00000     0.00000
   -43.96058     0.00000     0.00000     0.00000     0.00000     0.00000     0.00000     0.00000     0.00000
   -43.93658     0.00000     0.00000     0.00000     0.00000     0.00000     0.00000     0.00000     0.00000
   -43.91358     0.00000     0.00000     0.00000     0.00000     0.00000     0.00000     0.00000     0.00000
   -43.89058     0.00000     0.00000     0.00000     0.00000     0.00000     0.00000     0.00000     0.00000
   -43.86758     0.00000     0.00000     0.00000     0.00000     0.00000     0.00000     0.00000     0.00000
   -43.84458     0.00000     0.00000     0.00000     0.00000     0.00000     0.00000     0.00000     0.00000
   -43.82058     0.00000     0.00000     0.00000     0.00000     0.00000     0.00000     0.00000     0.00000
   -43.79758     0.00000     0.00000     0.00000     0.00000     0.00000     0.00000     0.00000     0.00000
   -43.77458     0.00000     0.00000     0.00000     0.00000     0.00000     0.00000     0.00000     0.00000
   -43.75158     0.00000     0.00000     0.00000     0.00000     0.00000     0.00000     0.00000     0.00000
   -43.72858     0.00000     0.00000     0.00000     0.00000     0.00000     0.00000     0.00000     0.00000
   -43.70458     0.00000     0.00000     0.00000     0.00000     0.00000     0.00000     0.00000     0.00000
   -43.68158     0.00000     0.00000     0.00000     0.00000     0.00000     0.00000     0.00000     0.00000
   -43.65858     0.00000     0.00000     0.00000     0.00000     0.00000     0.00000     0.00000     0.00000
   -43.63558     0.00000     0.00000     0.00000     0.00000     0.00000     0.00000     0.00000     0.00000
   -43.61258     0.00000     0.00000     0.00000     0.00000     0.00000     0.00000     0.00000     0.00000
   -43.58858     0.00000     0.00000     0.00000     0.00000     0.00000     0.00000     0.00000     0.00000
   -43.56558     0.00000     0.00000     0.00000     0.00000     0.00000     0.00000     0.00000     0.00000
   -43.54258     0.00000     0.00000     0.00000     0.00000     0.00000     0.00000     0.00000     0.00000
   -43.51958     0.00000     0.00000     0.00000     0.00000     0.00000     0.00000     0.00000     0.00000
   -43.49658     0.00000     0.00000     0.00000     0.00000     0.00000     0.00000     0.00000     0.00000
   -43.47358     0.00000     0.00000     0.00000     0.00000     0.00000     0.00000     0.00000     0.00000
   -43.44958     0.00000     0.00000     0.00000     0.00000     0.00000     0.00000     0.00000     0.00000
   -43.42658     0.00000     0.00000     0.00000     0.00000     0.00000     0.00000     0.00000     0.00000
   -43.40358     0.00000     0.00000     0.00000     0.00000     0.00000     0.00000     0.00000     0.00000
   -43.38058     0.00000     0.00000     0.00000     0.00000     0.00000     0.00000     0.00000     0.00000
   -43.35758     0.00000     0.00000     0.00000     0.00000     0.00000     0.00000     0.00000     0.00000
   -43.33358     0.00000     0.00000     0.00000     0.00000     0.00000     0.00000     0.00000     0.00000
   -43.31058     0.00000     0.00000     0.00000     0.00000     0.00000     0.00000     0.00000     0.00000
   -43.28758     0.00000     0.00000     0.00000     0.00000     0.00000     0.00000     0.00000     0.00000
   -43.26458     0.00000     0.00000     0.00000     0.00000     0.00000     0.00000     0.00000     0.00000
   -43.24158     0.00000     0.00000     0.00000     0.00000     0.00000     0.00000     0.00000     0.00000
   -43.21758     0.00000     0.00000     0.00000     0.00000     0.00000     0.00000     0.00000     0.00000
   -43.19458     0.00000     0.00000     0.00000     0.00000     0.00000     0.00000     0.00000     0.00000
   -43.17158     0.00000     0.00000     0.00000     0.00000     0.00000     0.00000     0.00000     0.00000
   -43.14858     0.00000     0.00000     0.00000     0.00000     0.00000     0.00000     0.00000     0.00000
   -43.12558     0.00000     0.00000     0.00000     0.00000     0.00000     0.00000     0.00000     0.00000
   -43.10158     0.00000     0.00000     0.00000     0.00000     0.00000     0.00000     0.00000     0.00000
   -43.07858     0.00000     0.00000     0.00000     0.00000     0.00000     0.00000     0.00000     0.00000
   -43.05558     0.00000     0.00000     0.00000     0.00000     0.00000     0.00000     0.00000     0.00000
   -43.03258     0.00000     0.00000     0.00000     0.00000     0.00000     0.00000     0.00000     0.00000
   -43.00958     0.00000     0.00000     0.00000     0.00000     0.00000     0.00000     0.00000     0.00000
   -42.98558     0.00000     0.00000     0.00000     0.00000     0.00000     0.00000     0.00000     0.00000
   -42.96258     0.00000     0.00000     0.00000     0.00000     0.00000     0.00000     0.00000     0.00000
   -42.93958     0.00000     0.00000     0.00000     0.00000     0.00000     0.00000     0.00000     0.00000
   -42.91658     0.00000     0.00000     0.00000     0.00000     0.00000     0.00000     0.00000     0.00000
   -42.89358     0.00000     0.00000     0.00000     0.00000     0.00000     0.00000     0.00000     0.00000
   -42.86958     0.00000     0.00000     0.00000     0.00000     0.00000     0.00000     0.00000     0.00000
   -42.84658     0.00000     0.00000     0.00000     0.00000     0.00000     0.00000     0.00000     0.00000
   -42.82358     0.00000     0.00000     0.00000     0.00000     0.00000     0.00000     0.00000     0.00000
   -42.80058     0.00000     0.00000     0.00000     0.00000     0.00000     0.00000     0.00000     0.00000
   -42.77758     0.00000     0.00000     0.00000     0.00000     0.00000     0.00000     0.00000     0.00000
   -42.75358     0.00000     0.00000     0.00000     0.00000     0.00000     0.00000     0.00000     0.00000
   -42.73058     0.00000     0.00000     0.00000     0.00000     0.00000     0.00000     0.00000     0.00000
   -42.70758     0.00000     0.00000     0.00000     0.00000     0.00000     0.00000     0.00000     0.00000
   -42.68458     0.00000     0.00000     0.00000     0.00000     0.00000     0.00000     0.00000     0.00000
   -42.66158     0.00000     0.00000     0.00000     0.00000     0.00000     0.00000     0.00000     0.00000
   -42.63758     0.00000     0.00000     0.00000     0.00000     0.00000     0.00000     0.00000     0.00000
   -42.61458     0.00000     0.00000     0.00000     0.00000     0.00000     0.00000     0.00000     0.00000
   -42.59158     0.00000     0.00000     0.00000     0.00000     0.00000     0.00000     0.00000     0.00000
   -42.56858     0.00000     0.00000     0.00000     0.00000     0.00000     0.00000     0.00000     0.00000
   -42.54558     0.00000     0.00000     0.00000     0.00000     0.00000     0.00000     0.00000     0.00000
   -42.52158     0.00000     0.00000     0.00000     0.00000     0.00000     0.00000     0.00000     0.00000
   -42.49858     0.00000     0.00000     0.00000     0.00000     0.00000     0.00000     0.00000     0.00000
   -42.47558     0.00000     0.00000     0.00000     0.00000     0.00000     0.00000     0.00000     0.00000
   -42.45258     0.00000     0.00000     0.00000     0.00000     0.00000     0.00000     0.00000     0.00000
   -42.42958     0.00000     0.00000     0.00000     0.00000     0.00000     0.00000     0.00000     0.00000
   -42.40558     0.00000     0.00000     0.00000     0.00000     0.00000     0.00000     0.00000     0.00000
   -42.38258     0.00000     0.00000     0.00000     0.00000     0.00000     0.00000     0.00000     0.00000
   -42.35958     0.00000     0.00000     0.00000     0.00000     0.00000     0.00000     0.00000     0.00000
   -42.33658     0.00000     0.00000     0.00000     0.00000     0.00000     0.00000     0.00000     0.00000
   -42.31358     0.00000     0.00000     0.00000     0.00000     0.00000     0.00000     0.00000     0.00000
   -42.28958     0.00000     0.00000     0.00000     0.00000     0.00000     0.00000     0.00000     0.00000
   -42.26658     0.00000     0.00000     0.00000     0.00000     0.00000     0.00000     0.00000     0.00000
   -42.24358     0.00000     0.00000     0.00000     0.00000     0.00000     0.00000     0.00000     0.00000
   -42.22058     0.00000     0.00000     0.00000     0.00000     0.00000     0.00000     0.00000     0.00000
   -42.19758     0.00000     0.00000     0.00000     0.00000     0.00000     0.00000     0.00000     0.00000
   -42.17358     0.00000     0.00000     0.00000     0.00000     0.00000     0.00000     0.00000     0.00000
   -42.15058     0.00000     0.00000     0.00000     0.00000     0.00000     0.00000     0.00000     0.00000
   -42.12758     0.00000     0.00000     0.00000     0.00000     0.00000     0.00000     0.00000     0.00000
   -42.10458     0.00000     0.00000     0.00000     0.00000     0.00000     0.00000     0.00000     0.00000
   -42.08158     0.00000     0.00000     0.00000     0.00000     0.00000     0.00000     0.00000     0.00000
   -42.05758     0.00000     0.00000     0.00000     0.00000     0.00000     0.00000     0.00000     0.00000
   -42.03458     0.00000     0.00000     0.00000     0.00000     0.00000     0.00000     0.00000     0.00000
   -42.01158     0.00000     0.00000     0.00000     0.00000     0.00000     0.00000     0.00000     0.00000
   -41.98858     0.00000     0.00000     0.00000     0.00000     0.00000     0.00000     0.00000     0.00000
   -41.96558     0.00000     0.00000     0.00000     0.00000     0.00000     0.00000     0.00000     0.00000
   -41.94158     0.00000     0.00000     0.00000     0.00000     0.00000     0.00000     0.00000     0.00000
   -41.91858     0.00000     0.00000     0.00000     0.00000     0.00000     0.00000     0.00000     0.00000
   -41.89558     0.00000     0.00000     0.00000     0.00000     0.00000     0.00000     0.00000     0.00000
   -41.87258     0.00000     0.00000     0.00000     0.00000     0.00000     0.00000     0.00000     0.00000
   -41.84958     0.00000     0.00000     0.00000     0.00000     0.00000     0.00000     0.00000     0.00000
   -41.82558     0.00000     0.00000     0.00000     0.00000     0.00000     0.00000     0.00000     0.00000
   -41.80258     0.00000     0.00000     0.00000     0.00000     0.00000     0.00000     0.00000     0.00000
   -41.77958     0.00000     0.00000     0.00000     0.00000     0.00000     0.00000     0.00000     0.00000
   -41.75658     0.00000     0.00000     0.00000     0.00000     0.00000     0.00000     0.00000     0.00000
   -41.73358     0.00000     0.00000     0.00000     0.00000     0.00000     0.00000     0.00000     0.00000
   -41.70958     0.00000     0.00000     0.00000     0.00000     0.00000     0.00000     0.00000     0.00000
   -41.68658     0.00000     0.00000     0.00000     0.00000     0.00000     0.00000     0.00000     0.00000
   -41.66358     0.00000     0.00000     0.00000     0.00000     0.00000     0.00000     0.00000     0.00000
   -41.64058     0.00000     0.00000     0.00000     0.00000     0.00000     0.00000     0.00000     0.00000
   -41.61758     0.00000     0.00000     0.00000     0.00000     0.00000     0.00000     0.00000     0.00000
   -41.59358     0.00000     0.00000     0.00000     0.00000     0.00000     0.00000     0.00000     0.00000
   -41.57058     0.00000     0.00000     0.00000     0.00000     0.00000     0.00000     0.00000     0.00000
   -41.54758     0.00000     0.00000     0.00000     0.00000     0.00000     0.00000     0.00000     0.00000
   -41.52458     0.00000     0.00000     0.00000     0.00000     0.00000     0.00000     0.00000     0.00000
   -41.50158     0.00000     0.00000     0.00000     0.00000     0.00000     0.00000     0.00000     0.00000
   -41.47758     0.00000     0.00000     0.00000     0.00000     0.00000     0.00000     0.00000     0.00000
   -41.45458     0.00000     0.00000     0.00000     0.00000     0.00000     0.00000     0.00000     0.00000
   -41.43158     0.00000     0.00000     0.00000     0.00000     0.00000     0.00000     0.00000     0.00000
   -41.40858     0.00000     0.00000     0.00000     0.00000     0.00000     0.00000     0.00000     0.00000
   -41.38558     0.00000     0.00000     0.00000     0.00000     0.00000     0.00000     0.00000     0.00000
   -41.36158     0.00000     0.00000     0.00000     0.00000     0.00000     0.00000     0.00000     0.00000
   -41.33858     0.00000     0.00000     0.00000     0.00000     0.00000     0.00000     0.00000     0.00000
   -41.31558     0.00000     0.00000     0.00000     0.00000     0.00000     0.00000     0.00000     0.00000
   -41.29258     0.00000     0.00000     0.00000     0.00000     0.00000     0.00000     0.00000     0.00000
   -41.26958     0.00000     0.00000     0.00000     0.00000     0.00000     0.00000     0.00000     0.00000
   -41.24558     0.00000     0.00000     0.00000     0.00000     0.00000     0.00000     0.00000     0.00000
   -41.22258     0.00000     0.00000     0.00000     0.00000     0.00000     0.00000     0.00000     0.00000
   -41.19958     0.00000     0.00000     0.00000     0.00000     0.00000     0.00000     0.00000     0.00000
   -41.17658     0.00000     0.00000     0.00000     0.00000     0.00000     0.00000     0.00000     0.00000
   -41.15358     0.00000     0.00000     0.00000     0.00000     0.00000     0.00000     0.00000     0.00000
   -41.12958     0.00000     0.00000     0.00000     0.00000     0.00000     0.00000     0.00000     0.00000
   -41.10658     0.00000     0.00000     0.00000     0.00000     0.00000     0.00000     0.00000     0.00000
   -41.08358     0.00000     0.00000     0.00000     0.00000     0.00000     0.00000     0.00000     0.00000
   -41.06058     0.00000     0.00000     0.00000     0.00000     0.00000     0.00000     0.00000     0.00000
   -41.03758     0.00000     0.00000     0.00000     0.00000     0.00000     0.00000     0.00000     0.00000
   -41.01358     0.00000     0.00000     0.00000     0.00000     0.00000     0.00000     0.00000     0.00000
   -40.99058     0.00000     0.00000     0.00000     0.00000     0.00000     0.00000     0.00000     0.00000
   -40.96758     0.00000     0.00000     0.00000     0.00000     0.00000     0.00000     0.00000     0.00000
   -40.94458     0.00000     0.00000     0.00000     0.00000     0.00000     0.00000     0.00000     0.00000
   -40.92158     0.00000     0.00000     0.00000     0.00000     0.00000     0.00000     0.00000     0.00000
   -40.89758     0.00000     0.00000     0.00000     0.00000     0.00000     0.00000     0.00000     0.00000
   -40.87458     0.00000     0.00000     0.00000     0.00000     0.00000     0.00000     0.00000     0.00000
   -40.85158     0.00000     0.00000     0.00000     0.00000     0.00000     0.00000     0.00000     0.00000
   -40.82858     0.00000     0.00000     0.00000     0.00000     0.00000     0.00000     0.00000     0.00000
   -40.80558     0.00000     0.00000     0.00000     0.00000     0.00000     0.00000     0.00000     0.00000
   -40.78158     0.00000     0.00000     0.00000     0.00000     0.00000     0.00000     0.00000     0.00000
   -40.75858     0.00000     0.00000     0.00000     0.00000     0.00000     0.00000     0.00000     0.00000
   -40.73558     0.00000     0.00000     0.00000     0.00000     0.00000     0.00000     0.00000     0.00000
   -40.71258     0.00000     0.00000     0.00000     0.00000     0.00000     0.00000     0.00000     0.00000
   -40.68958     0.00000     0.00000     0.00000     0.00000     0.00000     0.00000     0.00000     0.00000
   -40.66658     0.00000     0.00000     0.00000     0.00000     0.00000     0.00000     0.00000     0.00000
   -40.64258     0.00000     0.00000     0.00000     0.00000     0.00000     0.00000     0.00000     0.00000
   -40.61958     0.00000     0.00000     0.00000     0.00000     0.00000     0.00000     0.00000     0.00000
   -40.59658     0.00000     0.00000     0.00000     0.00000     0.00000     0.00000     0.00000     0.00000
   -40.57358     0.00000     0.00000     0.00000     0.00000     0.00000     0.00000     0.00000     0.00000
   -40.55058     0.00000     0.00000     0.00000     0.00000     0.00000     0.00000     0.00000     0.00000
   -40.52658     0.00000     0.00000     0.00000     0.00000     0.00000     0.00000     0.00000     0.00000
   -40.50358     0.00000     0.00000     0.00000     0.00000     0.00000     0.00000     0.00000     0.00000
   -40.48058     0.00000     0.00000     0.00000     0.00000     0.00000     0.00000     0.00000     0.00000
   -40.45758     0.00000     0.00000     0.00000     0.00000     0.00000     0.00000     0.00000     0.00000
   -40.43458     0.00000     0.00000     0.00000     0.00000     0.00000     0.00000     0.00000     0.00000
   -40.41058     0.00000     0.00000     0.00000     0.00000     0.00000     0.00000     0.00000     0.00000
   -40.38758     0.00000     0.00000     0.00000     0.00000     0.00000     0.00000     0.00000     0.00000
   -40.36458     0.00000     0.00000     0.00000     0.00000     0.00000     0.00000     0.00000     0.00000
   -40.34158     0.00000     0.00000     0.00000     0.00000     0.00000     0.00000     0.00000     0.00000
   -40.31858     0.00000     0.00000     0.00000     0.00000     0.00000     0.00000     0.00000     0.00000
   -40.29458     0.00000     0.00000     0.00000     0.00000     0.00000     0.00000     0.00000     0.00000
   -40.27158     0.00000     0.00000     0.00000     0.00000     0.00000     0.00000     0.00000     0.00000
   -40.24858     0.00000     0.00000     0.00000     0.00000     0.00000     0.00000     0.00000     0.00000
   -40.22558     0.00000     0.00000     0.00000     0.00000     0.00000     0.00000     0.00000     0.00000
   -40.20258     0.00000     0.00000     0.00000     0.00000     0.00000     0.00000     0.00000     0.00000
   -40.17858     0.00000     0.00000     0.00000     0.00000     0.00000     0.00000     0.00000     0.00000
   -40.15558     0.00000     0.00000     0.00000     0.00000     0.00000     0.00000     0.00000     0.00000
   -40.13258     0.00000     0.00000     0.00000     0.00000     0.00000     0.00000     0.00000     0.00000
   -40.10958     0.00000     0.00000     0.00000     0.00000     0.00000     0.00000     0.00000     0.00000
   -40.08658     0.00000     0.00000     0.00000     0.00000     0.00000     0.00000     0.00000     0.00000
   -40.06258     0.00000     0.00000     0.00000     0.00000     0.00000     0.00000     0.00000     0.00000
   -40.03958     0.00000     0.00000     0.00000     0.00000     0.00000     0.00000     0.00000     0.00000
   -40.01658     0.00000     0.00000     0.00000     0.00000     0.00000     0.00000     0.00000     0.00000
   -39.99358     0.00000     0.00000     0.00000     0.00000     0.00000     0.00000     0.00000     0.00000
   -39.97058     0.00000     0.00000     0.00000     0.00000     0.00000     0.00000     0.00000     0.00000
   -39.94658     0.00000     0.00000     0.00000     0.00000     0.00000     0.00000     0.00000     0.00000
   -39.92358     0.00000     0.00000     0.00000     0.00000     0.00000     0.00000     0.00000     0.00000
   -39.90058     0.00000     0.00000     0.00000     0.00000     0.00000     0.00000     0.00000     0.00000
   -39.87758     0.00000     0.00000     0.00000     0.00000     0.00000     0.00000     0.00000     0.00000
   -39.85458     0.00000     0.00000     0.00000     0.00000     0.00000     0.00000     0.00000     0.00000
   -39.83058     0.00000     0.00000     0.00000     0.00000     0.00000     0.00000     0.00000     0.00000
   -39.80758     0.00000     0.00000     0.00000     0.00000     0.00000     0.00000     0.00000     0.00000
   -39.78458     0.00000     0.00000     0.00000     0.00000     0.00000     0.00000     0.00000     0.00000
   -39.76158     0.00000     0.00000     0.00000     0.00000     0.00000     0.00000     0.00000     0.00000
   -39.73858     0.00000     0.00000     0.00000     0.00000     0.00000     0.00000     0.00000     0.00000
   -39.71458     0.00000     0.00000     0.00000     0.00000     0.00000     0.00000     0.00000     0.00000
   -39.69158     0.00000     0.00000     0.00000     0.00000     0.00000     0.00000     0.00000     0.00000
   -39.66858     0.00000     0.00000     0.00000     0.00000     0.00000     0.00000     0.00000     0.00000
   -39.64558     0.00000     0.00000     0.00000     0.00000     0.00000     0.00000     0.00000     0.00000
   -39.62258     0.00000     0.00000     0.00000     0.00000     0.00000     0.00000     0.00000     0.00000
   -39.59858     0.00000     0.00000     0.00000     0.00000     0.00000     0.00000     0.00000     0.00000
   -39.57558     0.00000     0.00000     0.00000     0.00000     0.00000     0.00000     0.00000     0.00000
   -39.55258     0.00000     0.00000     0.00000     0.00000     0.00000     0.00000     0.00000     0.00000
   -39.52958     0.00000     0.00000     0.00000     0.00000     0.00000     0.00000     0.00000     0.00000
   -39.50658     0.00000     0.00000     0.00000     0.00000     0.00000     0.00000     0.00000     0.00000
   -39.48258     0.00000     0.00000     0.00000     0.00000     0.00000     0.00000     0.00000     0.00000
   -39.45958     0.00000     0.00000     0.00000     0.00000     0.00000     0.00000     0.00000     0.00000
   -39.43658     0.00000     0.00000     0.00000     0.00000     0.00000     0.00000     0.00000     0.00000
   -39.41358     0.00000     0.00000     0.00000     0.00000     0.00000     0.00000     0.00000     0.00000
   -39.39058     0.00000     0.00000     0.00000     0.00000     0.00000     0.00000     0.00000     0.00000
   -39.36658     0.00000     0.00000     0.00000     0.00000     0.00000     0.00000     0.00000     0.00000
   -39.34358     0.00000     0.00000     0.00000     0.00000     0.00000     0.00000     0.00000     0.00000
   -39.32058     0.00000     0.00000     0.00000     0.00000     0.00000     0.00000     0.00000     0.00000
   -39.29758     0.00000     0.00000     0.00000     0.00000     0.00000     0.00000     0.00000     0.00000
   -39.27458     0.00000     0.00000     0.00000     0.00000     0.00000     0.00000     0.00000     0.00000
   -39.25058     0.00000     0.00000     0.00000     0.00000     0.00000     0.00000     0.00000     0.00000
   -39.22758     0.00000     0.00000     0.00000     0.00000     0.00000     0.00000     0.00000     0.00000
   -39.20458     0.00000     0.00000     0.00000     0.00000     0.00000     0.00000     0.00000     0.00000
   -39.18158     0.00000     0.00000     0.00000     0.00000     0.00000     0.00000     0.00000     0.00000
   -39.15858     0.00000     0.00000     0.00000     0.00000     0.00000     0.00000     0.00000     0.00000
   -39.13458     0.00000     0.00000     0.00000     0.00000     0.00000     0.00000     0.00000     0.00000
   -39.11158     0.00000     0.00000     0.00000     0.00000     0.00000     0.00000     0.00000     0.00000
   -39.08858     0.00000     0.00000     0.00000     0.00000     0.00000     0.00000     0.00000     0.00000
   -39.06558     0.00000     0.00000     0.00000     0.00000     0.00000     0.00000     0.00000     0.00000
   -39.04258     0.00000     0.00000     0.00000     0.00000     0.00000     0.00000     0.00000     0.00000
   -39.01858     0.00000     0.00000     0.00000     0.00000     0.00000     0.00000     0.00000     0.00000
   -38.99558     0.00000     0.00000     0.00000     0.00000     0.00000     0.00000     0.00000     0.00000
   -38.97258     0.00000     0.00000     0.00000     0.00000     0.00000     0.00000     0.00000     0.00000
   -38.94958     0.00000     0.00000     0.00000     0.00000     0.00000     0.00000     0.00000     0.00000
   -38.92658     0.00000     0.00000     0.00000     0.00000     0.00000     0.00000     0.00000     0.00000
   -38.90258     0.00000     0.00000     0.00000     0.00000     0.00000     0.00000     0.00000     0.00000
   -38.87958     0.00000     0.00000     0.00000     0.00000     0.00000     0.00000     0.00000     0.00000
   -38.85658     0.00000     0.00000     0.00000     0.00000     0.00000     0.00000     0.00000     0.00000
   -38.83358     0.00000     0.00000     0.00000     0.00000     0.00000     0.00000     0.00000     0.00000
   -38.81058     0.00000     0.00000     0.00000     0.00000     0.00000     0.00000     0.00000     0.00000
   -38.78658     0.00000     0.00000     0.00000     0.00000     0.00000     0.00000     0.00000     0.00000
   -38.76358     0.00000     0.00000     0.00000     0.00000     0.00000     0.00000     0.00000     0.00000
   -38.74058     0.00000     0.00000     0.00000     0.00000     0.00000     0.00000     0.00000     0.00000
   -38.71758     0.00000     0.00000     0.00000     0.00000     0.00000     0.00000     0.00000     0.00000
   -38.69458     0.00000     0.00000     0.00000     0.00000     0.00000     0.00000     0.00000     0.00000
   -38.67058     0.00000     0.00000     0.00000     0.00000     0.00000     0.00000     0.00000     0.00000
   -38.64758     0.00000     0.00000     0.00000     0.00000     0.00000     0.00000     0.00000     0.00000
   -38.62458     0.00000     0.00000     0.00000     0.00000     0.00000     0.00000     0.00000     0.00000
   -38.60158     0.00000     0.00000     0.00000     0.00000     0.00000     0.00000     0.00000     0.00000
   -38.57858     0.00000     0.00000     0.00000     0.00000     0.00000     0.00000     0.00000     0.00000
   -38.55458     0.00000     0.00000     0.00000     0.00000     0.00000     0.00000     0.00000     0.00000
   -38.53158     0.00000     0.00000     0.00000     0.00000     0.00000     0.00000     0.00000     0.00000
   -38.50858     0.00000     0.00000     0.00000     0.00000     0.00000     0.00000     0.00000     0.00000
   -38.48558     0.00000     0.00000     0.00000     0.00000     0.00000     0.00000     0.00000     0.00000
   -38.46258     0.00000     0.00000     0.00000     0.00000     0.00000     0.00000     0.00000     0.00000
   -38.43858     0.00000     0.00000     0.00000     0.00000     0.00000     0.00000     0.00000     0.00000
   -38.41558     0.00000     0.00000     0.00000     0.00000     0.00000     0.00000     0.00000     0.00000
   -38.39258     0.00000     0.00000     0.00000     0.00000     0.00000     0.00000     0.00000     0.00000
   -38.36958     0.00000     0.00000     0.00000     0.00000     0.00000     0.00000     0.00000     0.00000
   -38.34658     0.00000     0.00000     0.00000     0.00000     0.00000     0.00000     0.00000     0.00000
   -38.32258     0.00000     0.00000     0.00000     0.00000     0.00000     0.00000     0.00000     0.00000
   -38.29958     0.00000     0.00000     0.00000     0.00000     0.00000     0.00000     0.00000     0.00000
   -38.27658     0.00000     0.00000     0.00000     0.00000     0.00000     0.00000     0.00000     0.00000
   -38.25358     0.00000     0.00000     0.00000     0.00000     0.00000     0.00000     0.00000     0.00000
   -38.23058     0.00000     0.00000     0.00000     0.00000     0.00000     0.00000     0.00000     0.00000
   -38.20658     0.00000     0.00000     0.00000     0.00000     0.00000     0.00000     0.00000     0.00000
   -38.18358     0.00000     0.00000     0.00000     0.00000     0.00000     0.00000     0.00000     0.00000
   -38.16058     0.00000     0.00000     0.00000     0.00000     0.00000     0.00000     0.00000     0.00000
   -38.13758     0.00000     0.00000     0.00000     0.00000     0.00000     0.00000     0.00000     0.00000
   -38.11458     0.00000     0.00000     0.00000     0.00000     0.00000     0.00000     0.00000     0.00000
   -38.09058     0.00000     0.00000     0.00000     0.00000     0.00000     0.00000     0.00000     0.00000
   -38.06758     0.00000     0.00000     0.00000     0.00000     0.00000     0.00000     0.00000     0.00000
   -38.04458     0.00000     0.00000     0.00000     0.00000     0.00000     0.00000     0.00000     0.00000
   -38.02158     0.00000     0.00000     0.00000     0.00000     0.00000     0.00000     0.00000     0.00000
   -37.99858     0.00000     0.00000     0.00000     0.00000     0.00000     0.00000     0.00000     0.00000
   -37.97558     0.00000     0.00000     0.00000     0.00000     0.00000     0.00000     0.00000     0.00000
   -37.95158     0.00000     0.00000     0.00000     0.00000     0.00000     0.00000     0.00000     0.00000
   -37.92858     0.00000     0.00000     0.00000     0.00000     0.00000     0.00000     0.00000     0.00000
   -37.90558     0.00000     0.00000     0.00000     0.00000     0.00000     0.00000     0.00000     0.00000
   -37.88258     0.00000     0.00000     0.00000     0.00000     0.00000     0.00000     0.00000     0.00000
   -37.85958     0.00000     0.00000     0.00000     0.00000     0.00000     0.00000     0.00000     0.00000
   -37.83558     0.00000     0.00000     0.00000     0.00000     0.00000     0.00000     0.00000     0.00000
   -37.81258     0.00000     0.00000     0.00000     0.00000     0.00000     0.00000     0.00000     0.00000
   -37.78958     0.00000     0.00000     0.00000     0.00000     0.00000     0.00000     0.00000     0.00000
   -37.76658     0.00000     0.00000     0.00000     0.00000     0.00000     0.00000     0.00000     0.00000
   -37.74358     0.00000     0.00000     0.00000     0.00000     0.00000     0.00000     0.00000     0.00000
   -37.71958     0.00000     0.00000     0.00000     0.00000     0.00000     0.00000     0.00000     0.00000
   -37.69658     0.00000     0.00000     0.00000     0.00000     0.00000     0.00000     0.00000     0.00000
   -37.67358     0.00000     0.00000     0.00000     0.00000     0.00000     0.00000     0.00000     0.00000
   -37.65058     0.00000     0.00000     0.00000     0.00000     0.00000     0.00000     0.00000     0.00000
   -37.62758     0.00000     0.00000     0.00000     0.00000     0.00000     0.00000     0.00000     0.00000
   -37.60358     0.00000     0.00000     0.00000     0.00000     0.00000     0.00000     0.00000     0.00000
   -37.58058     0.00000     0.00000     0.00000     0.00000     0.00000     0.00000     0.00000     0.00000
   -37.55758     0.00000     0.00000     0.00000     0.00000     0.00000     0.00000     0.00000     0.00000
   -37.53458     0.00000     0.00000     0.00000     0.00000     0.00000     0.00000     0.00000     0.00000
   -37.51158     0.00000     0.00000     0.00000     0.00000     0.00000     0.00000     0.00000     0.00000
   -37.48758     0.00000     0.00000     0.00000     0.00000     0.00000     0.00000     0.00000     0.00000
   -37.46458     0.00000     0.00000     0.00000     0.00000     0.00000     0.00000     0.00000     0.00000
   -37.44158     0.00000     0.00000     0.00000     0.00000     0.00000     0.00000     0.00000     0.00000
   -37.41858     0.00000     0.00000     0.00000     0.00000     0.00000     0.00000     0.00000     0.00000
   -37.39558     0.00000     0.00000     0.00000     0.00000     0.00000     0.00000     0.00000     0.00000
   -37.37158     0.00000     0.00000     0.00000     0.00000     0.00000     0.00000     0.00000     0.00000
   -37.34858     0.00000     0.00000     0.00000     0.00000     0.00000     0.00000     0.00000     0.00000
   -37.32558     0.00000     0.00000     0.00000     0.00000     0.00000     0.00000     0.00000     0.00000
   -37.30258     0.00000     0.00000     0.00000     0.00000     0.00000     0.00000     0.00000     0.00000
   -37.27958     0.00000     0.00000     0.00000     0.00000     0.00000     0.00000     0.00000     0.00000
   -37.25558     0.00000     0.00000     0.00000     0.00000     0.00000     0.00000     0.00000     0.00000
   -37.23258     0.00000     0.00000     0.00000     0.00000     0.00000     0.00000     0.00000     0.00000
   -37.20958     0.00000     0.00000     0.00000     0.00000     0.00000     0.00000     0.00000     0.00000
   -37.18658     0.00000     0.00000     0.00000     0.00000     0.00000     0.00000     0.00000     0.00000
   -37.16358     0.00000     0.00000     0.00000     0.00000     0.00000     0.00000     0.00000     0.00000
   -37.13958     0.00000     0.00000     0.00000     0.00000     0.00000     0.00000     0.00000     0.00000
   -37.11658     0.00000     0.00000     0.00000     0.00000     0.00000     0.00000     0.00000     0.00000
   -37.09358     0.00000     0.00000     0.00000     0.00000     0.00000     0.00000     0.00000     0.00000
   -37.07058     0.00000     0.00000     0.00000     0.00000     0.00000     0.00000     0.00000     0.00000
   -37.04758     0.00000     0.00000     0.00000     0.00000     0.00000     0.00000     0.00000     0.00000
   -37.02358     0.00000     0.00000     0.00000     0.00000     0.00000     0.00000     0.00000     0.00000
   -37.00058     0.00000     0.00000     0.00000     0.00000     0.00000     0.00000     0.00000     0.00000
   -36.97758     0.00000     0.00000     0.00000     0.00000     0.00000     0.00000     0.00000     0.00000
   -36.95458     0.00000     0.00000     0.00000     0.00000     0.00000     0.00000     0.00000     0.00000
   -36.93158     0.00000     0.00000     0.00000     0.00000     0.00000     0.00000     0.00000     0.00000
   -36.90758     0.00000     0.00000     0.00000     0.00000     0.00000     0.00000     0.00000     0.00000
   -36.88458     0.00000     0.00000     0.00000     0.00000     0.00000     0.00000     0.00000     0.00000
   -36.86158     0.00000     0.00000     0.00000     0.00000     0.00000     0.00000     0.00000     0.00000
   -36.83858     0.00000     0.00000     0.00000     0.00000     0.00000     0.00000     0.00000     0.00000
   -36.81558     0.00000     0.00000     0.00000     0.00000     0.00000     0.00000     0.00000     0.00000
   -36.79158     0.00000     0.00000     0.00000     0.00000     0.00000     0.00000     0.00000     0.00000
   -36.76858     0.00000     0.00000     0.00000     0.00000     0.00000     0.00000     0.00000     0.00000
   -36.74558     0.00000     0.00000     0.00000     0.00000     0.00000     0.00000     0.00000     0.00000
   -36.72258     0.00000     0.00000     0.00000     0.00000     0.00000     0.00000     0.00000     0.00000
   -36.69958     0.00000     0.00000     0.00000     0.00000     0.00000     0.00000     0.00000     0.00000
   -36.67558     0.00000     0.00000     0.00000     0.00000     0.00000     0.00000     0.00000     0.00000
   -36.65258     0.00000     0.00001     0.00000     0.00000     0.00000     0.00000     0.00000     0.00000
   -36.62958     0.00000     0.00002     0.00000     0.00000     0.00000     0.00000     0.00000     0.00000
   -36.60658     0.00000     0.00004     0.00000     0.00000     0.00000     0.00000     0.00000     0.00000
   -36.58358     0.00000     0.00009     0.00000     0.00000     0.00000     0.00000     0.00000     0.00000
   -36.55958     0.00000     0.00021     0.00000     0.00000     0.00000     0.00000     0.00000     0.00000
   -36.53658     0.00000     0.00045     0.00000     0.00000     0.00000     0.00000     0.00000     0.00000
   -36.51358     0.00000     0.00097     0.00000     0.00000     0.00000     0.00000     0.00000     0.00000
   -36.49058     0.00000     0.00204     0.00000     0.00000     0.00000     0.00000     0.00000     0.00000
   -36.46758     0.00000     0.00416     0.00000     0.00000     0.00000     0.00000     0.00000     0.00000
   -36.44358     0.00000     0.00830     0.00000     0.00000     0.00000     0.00000     0.00000     0.00000
   -36.42058     0.00000     0.01615     0.00001     0.00000     0.00000     0.00000     0.00000     0.00000
   -36.39758     0.00000     0.03066     0.00001     0.00000     0.00000     0.00000     0.00000     0.00000
   -36.37458     0.00001     0.05680     0.00002     0.00000     0.00000     0.00000     0.00000     0.00000
   -36.35158     0.00002     0.10273     0.00004     0.00000     0.00000     0.00000     0.00000     0.00000
   -36.32758     0.00003     0.18140     0.00007     0.00000     0.00000     0.00000     0.00000     0.00000
   -36.30458     0.00005     0.31278     0.00013     0.00000     0.00001     0.00000     0.00000     0.00000
   -36.28158     0.00009     0.52677     0.00022     0.00000     0.00001     0.00000     0.00000     0.00000
   -36.25858     0.00015     0.86673     0.00037     0.00000     0.00002     0.00000     0.00000     0.00000
   -36.23558     0.00025     1.39360     0.00060     0.00000     0.00004     0.00000     0.00000     0.00000
   -36.21158     0.00040     2.19018     0.00097     0.00000     0.00006     0.00000     0.00000     0.00000
   -36.18858     0.00064     3.36551     0.00153     0.00000     0.00009     0.00000     0.00001     0.00000
   -36.16558     0.00098     5.05811     0.00235     0.00000     0.00014     0.00000     0.00001     0.00000
   -36.14258     0.00149     7.43741     0.00355     0.00000     0.00020     0.00001     0.00002     0.00001
   -36.11958     0.00220    10.70303     0.00525     0.00001     0.00029     0.00001     0.00002     0.00001
   -36.09558     0.00319    15.08011     0.00760     0.00001     0.00042     0.00001     0.00004     0.00002
   -36.07258     0.00454    20.81020     0.01077     0.00001     0.00058     0.00002     0.00005     0.00002
   -36.04958     0.00634    28.13882     0.01497     0.00002     0.00079     0.00002     0.00007     0.00003
   -36.02658     0.00868    37.29747     0.02040     0.00002     0.00107     0.00003     0.00010     0.00004
   -36.00358     0.01167    48.48233     0.02725     0.00003     0.00141     0.00004     0.00013     0.00006
   -35.97958     0.01539    61.83331     0.03571     0.00004     0.00183     0.00005     0.00017     0.00008
   -35.95658     0.01995    77.41155     0.04592     0.00005     0.00233     0.00007     0.00022     0.00010
   -35.93358     0.02541    95.18071     0.05795     0.00007     0.00293     0.00009     0.00028     0.00013
   -35.91058     0.03180   114.99192     0.07181     0.00008     0.00364     0.00011     0.00036     0.00016
   -35.88758     0.03914   136.58198     0.08740     0.00010     0.00445     0.00014     0.00044     0.00020
   -35.86358     0.04738   159.57581     0.10453     0.00013     0.00538     0.00017     0.00054     0.00024
   -35.84058     0.05644   183.50014     0.12291     0.00016     0.00644     0.00020     0.00065     0.00029
   -35.81758     0.06618   207.80792     0.14215     0.00019     0.00764     0.00024     0.00077     0.00035
   -35.79458     0.07641   231.90490     0.16181     0.00023     0.00899     0.00029     0.00090     0.00040
   -35.77158     0.08690   255.20420     0.18139     0.00028     0.01049     0.00033     0.00104     0.00047
   -35.74758     0.09740   277.13360     0.20040     0.00033     0.01217     0.00038     0.00119     0.00053
   -35.72458     0.10763   297.21180     0.21840     0.00039     0.01404     0.00043     0.00134     0.00060
   -35.70158     0.11730   315.01300     0.23502     0.00045     0.01609     0.00048     0.00149     0.00067
   -35.67858     0.12619   330.28410     0.24998     0.00052     0.01834     0.00054     0.00164     0.00073
   -35.65558     0.13404   342.88870     0.26313     0.00059     0.02079     0.00059     0.00178     0.00080
   -35.63158     0.14074   352.79810     0.27449     0.00067     0.02341     0.00064     0.00193     0.00087
   -35.60858     0.14613   360.14690     0.28418     0.00075     0.02620     0.00069     0.00207     0.00093
   -35.58558     0.15019   365.17860     0.29246     0.00083     0.02911     0.00074     0.00221     0.00099
   -35.56258     0.15292   368.18470     0.29966     0.00091     0.03211     0.00079     0.00235     0.00105
   -35.53958     0.15438   369.55200     0.30620     0.00098     0.03516     0.00084     0.00249     0.00111
   -35.51558     0.15467   369.70270     0.31253     0.00105     0.03818     0.00088     0.00262     0.00117
   -35.49258     0.15392   369.06030     0.31911     0.00111     0.04114     0.00093     0.00276     0.00122
   -35.46958     0.15226   368.08570     0.32632     0.00116     0.04397     0.00097     0.00290     0.00128
   -35.44658     0.14987   367.16650     0.33453     0.00121     0.04662     0.00101     0.00303     0.00134
   -35.42358     0.14686   366.67830     0.34401     0.00124     0.04905     0.00105     0.00317     0.00139
   -35.39958     0.14342   366.97250     0.35491     0.00127     0.05122     0.00109     0.00330     0.00145
   -35.37658     0.13966   368.31840     0.36726     0.00128     0.05311     0.00112     0.00342     0.00149
   -35.35358     0.13571   370.93310     0.38103     0.00129     0.05470     0.00116     0.00352     0.00154
   -35.33058     0.13169   374.95460     0.39600     0.00128     0.05598     0.00119     0.00362     0.00157
   -35.30758     0.12772   380.47710     0.41193     0.00127     0.05698     0.00122     0.00369     0.00160
   -35.28458     0.12388   387.46870     0.42842     0.00125     0.05771     0.00125     0.00374     0.00162
   -35.26058     0.12027   395.89130     0.44506     0.00123     0.05819     0.00128     0.00378     0.00163
   -35.23758     0.11694   405.53960     0.46141     0.00120     0.05845     0.00131     0.00379     0.00163
   -35.21458     0.11396   416.25950     0.47698     0.00117     0.05854     0.00134     0.00379     0.00163
   -35.19158     0.11134   427.74300     0.49133     0.00114     0.05852     0.00137     0.00376     0.00161
   -35.16858     0.10909   439.73370     0.50405     0.00110     0.05840     0.00139     0.00373     0.00160
   -35.14458     0.10721   451.93040     0.51481     0.00107     0.05826     0.00142     0.00368     0.00157
   -35.12158     0.10568   464.04020     0.52335     0.00105     0.05815     0.00145     0.00362     0.00155
   -35.09858     0.10443   475.83120     0.52951     0.00102     0.05809     0.00149     0.00355     0.00152
   -35.07558     0.10344   487.11910     0.53318     0.00101     0.05814     0.00152     0.00347     0.00149
   -35.05258     0.10265   497.77430     0.53438     0.00099     0.05834     0.00156     0.00339     0.00145
   -35.02858     0.10199   507.76410     0.53315     0.00099     0.05874     0.00161     0.00329     0.00141
   -35.00558     0.10142   517.06720     0.52966     0.00098     0.05934     0.00165     0.00318     0.00137
   -34.98258     0.10087   525.76630     0.52403     0.00098     0.06017     0.00170     0.00306     0.00133
   -34.95958     0.10029   533.90020     0.51646     0.00099     0.06122     0.00175     0.00294     0.00128
   -34.93658     0.09962   541.51220     0.50712     0.00100     0.06248     0.00180     0.00281     0.00123
   -34.91258     0.09880   548.57920     0.49613     0.00100     0.06393     0.00185     0.00267     0.00118
   -34.88958     0.09777   554.95010     0.48366     0.00101     0.06549     0.00190     0.00253     0.00112
   -34.86658     0.09648   560.42440     0.46979     0.00102     0.06714     0.00195     0.00238     0.00107
   -34.84358     0.09484   564.63290     0.45456     0.00103     0.06878     0.00200     0.00225     0.00102
   -34.82058     0.09283   567.12040     0.43800     0.00104     0.07035     0.00204     0.00211     0.00096
   -34.79658     0.09038   567.35320     0.42016     0.00105     0.07174     0.00207     0.00198     0.00091
   -34.77358     0.08747   564.79340     0.40104     0.00106     0.07288     0.00209     0.00185     0.00086
   -34.75058     0.08406   558.93070     0.38070     0.00106     0.07368     0.00211     0.00174     0.00081
   -34.72758     0.08018   549.32170     0.35922     0.00106     0.07406     0.00211     0.00162     0.00076
   -34.70458     0.07584   535.65820     0.33672     0.00106     0.07394     0.00210     0.00152     0.00071
   -34.68058     0.07110   517.87750     0.31339     0.00105     0.07329     0.00208     0.00141     0.00067
   -34.65758     0.06602   496.01470     0.28945     0.00103     0.07203     0.00204     0.00131     0.00062
   -34.63458     0.06069   470.40070     0.26518     0.00101     0.07020     0.00198     0.00121     0.00057
   -34.61158     0.05522   441.45200     0.24088     0.00098     0.06776     0.00191     0.00111     0.00052
   -34.58858     0.04971   409.84170     0.21684     0.00093     0.06475     0.00182     0.00101     0.00047
   -34.56458     0.04425   376.27480     0.19339     0.00088     0.06122     0.00172     0.00091     0.00043
   -34.54158     0.03895   341.50370     0.17080     0.00083     0.05723     0.00160     0.00082     0.00038
   -34.51858     0.03389   306.32200     0.14933     0.00076     0.05286     0.00148     0.00072     0.00034
   -34.49558     0.02914   271.48230     0.12920     0.00070     0.04822     0.00134     0.00063     0.00029
   -34.47258     0.02476   237.66420     0.11057     0.00063     0.04341     0.00121     0.00055     0.00025
   -34.44858     0.02077   205.41790     0.09356     0.00055     0.03855     0.00107     0.00047     0.00021
   -34.42558     0.01721   175.25461     0.07824     0.00048     0.03373     0.00093     0.00039     0.00018
   -34.40258     0.01408   147.50212     0.06462     0.00042     0.02908     0.00080     0.00032     0.00015
   -34.37958     0.01136   122.41633     0.05268     0.00035     0.02467     0.00068     0.00026     0.00012
   -34.35658     0.00903   100.12167     0.04236     0.00029     0.02059     0.00056     0.00021     0.00010
   -34.33258     0.00708    80.65472     0.03358     0.00024     0.01689     0.00046     0.00017     0.00008
   -34.30958     0.00547    63.95162     0.02622     0.00019     0.01361     0.00037     0.00013     0.00006
   -34.28658     0.00416    49.87959     0.02016     0.00015     0.01077     0.00029     0.00010     0.00005
   -34.26358     0.00311    38.24365     0.01524     0.00012     0.00835     0.00023     0.00008     0.00003
   -34.24058     0.00229    28.80570     0.01133     0.00009     0.00636     0.00017     0.00006     0.00003
   -34.21658     0.00166    21.30260     0.00827     0.00006     0.00474     0.00013     0.00004     0.00002
   -34.19358     0.00118    15.45743     0.00593     0.00005     0.00346     0.00009     0.00003     0.00001
   -34.17058     0.00082    10.99985     0.00417     0.00003     0.00247     0.00007     0.00002     0.00001
   -34.14758     0.00056     7.67157     0.00287     0.00002     0.00173     0.00005     0.00001     0.00001
   -34.12458     0.00038     5.24203     0.00194     0.00002     0.00118     0.00003     0.00001     0.00000
   -34.10058     0.00025     3.50716     0.00129     0.00001     0.00079     0.00002     0.00001     0.00000
   -34.07758     0.00016     2.29691     0.00083     0.00001     0.00052     0.00001     0.00000     0.00000
   -34.05458     0.00010     1.47174     0.00053     0.00000     0.00033     0.00001     0.00000     0.00000
   -34.03158     0.00006     0.92239     0.00033     0.00000     0.00021     0.00001     0.00000     0.00000
   -34.00858     0.00004     0.56523     0.00020     0.00000     0.00013     0.00000     0.00000     0.00000
   -33.98458     0.00002     0.33856     0.00012     0.00000     0.00008     0.00000     0.00000     0.00000
   -33.96158     0.00001     0.19817     0.00007     0.00000     0.00004     0.00000     0.00000     0.00000
   -33.93858     0.00001     0.11333     0.00004     0.00000     0.00002     0.00000     0.00000     0.00000
   -33.91558     0.00000     0.06330     0.00002     0.00000     0.00001     0.00000     0.00000     0.00000
   -33.89258     0.00000     0.03453     0.00001     0.00000     0.00001     0.00000     0.00000     0.00000
   -33.86858     0.00000     0.01839     0.00001     0.00000     0.00000     0.00000     0.00000     0.00000
   -33.84558     0.00000     0.00956     0.00000     0.00000     0.00000     0.00000     0.00000     0.00000
   -33.82258     0.00000     0.00485     0.00000     0.00000     0.00000     0.00000     0.00000     0.00000
   -33.79958     0.00000     0.00240     0.00000     0.00000     0.00000     0.00000     0.00000     0.00000
   -33.77658     0.00000     0.00116     0.00000     0.00000     0.00000     0.00000     0.00000     0.00000
   -33.75258     0.00000     0.00055     0.00000     0.00000     0.00000     0.00000     0.00000     0.00000
   -33.72958     0.00000     0.00025     0.00000     0.00000     0.00000     0.00000     0.00000     0.00000
   -33.70658     0.00000     0.00011     0.00000     0.00000     0.00000     0.00000     0.00000     0.00000
   -33.68358     0.00000     0.00005     0.00000     0.00000     0.00000     0.00000     0.00000     0.00000
   -33.66058     0.00000     0.00002     0.00000     0.00000     0.00000     0.00000     0.00000     0.00000
   -33.63658     0.00000     0.00001     0.00000     0.00000     0.00000     0.00000     0.00000     0.00000
   -33.61358     0.00000     0.00000     0.00000     0.00000     0.00000     0.00000     0.00000     0.00000
   -33.59058     0.00000     0.00000     0.00000     0.00000     0.00000     0.00000     0.00000     0.00000
   -33.56758     0.00000     0.00000     0.00000     0.00000     0.00000     0.00000     0.00000     0.00000
   -33.54458     0.00000     0.00000     0.00000     0.00000     0.00000     0.00000     0.00000     0.00000
   -33.52058     0.00000     0.00000     0.00000     0.00000     0.00000     0.00000     0.00000     0.00000
   -33.49758     0.00000     0.00000     0.00000     0.00000     0.00000     0.00000     0.00000     0.00000
   -33.47458     0.00000     0.00000     0.00000     0.00000     0.00000     0.00000     0.00000     0.00000
   -33.45158     0.00000     0.00000     0.00000     0.00000     0.00000     0.00000     0.00000     0.00000
   -33.42858     0.00000     0.00000     0.00000     0.00000     0.00000     0.00000     0.00000     0.00000
   -33.40458     0.00000     0.00000     0.00000     0.00000     0.00000     0.00000     0.00000     0.00000
   -33.38158     0.00000     0.00000     0.00000     0.00000     0.00000     0.00000     0.00000     0.00000
   -33.35858     0.00000     0.00000     0.00000     0.00000     0.00000     0.00000     0.00000     0.00000
   -33.33558     0.00000     0.00000     0.00000     0.00000     0.00000     0.00000     0.00000     0.00000
   -33.31258     0.00000     0.00000     0.00000     0.00000     0.00000     0.00000     0.00000     0.00000
   -33.28858     0.00000     0.00000     0.00000     0.00000     0.00000     0.00000     0.00000     0.00000
   -33.26558     0.00000     0.00000     0.00000     0.00000     0.00000     0.00000     0.00000     0.00000
   -33.24258     0.00000     0.00000     0.00000     0.00000     0.00000     0.00000     0.00000     0.00000
   -33.21958     0.00000     0.00000     0.00000     0.00000     0.00000     0.00000     0.00000     0.00000
   -33.19658     0.00000     0.00000     0.00000     0.00000     0.00000     0.00000     0.00000     0.00000
   -33.17258     0.00000     0.00000     0.00000     0.00000     0.00000     0.00000     0.00000     0.00000
   -33.14958     0.00000     0.00000     0.00000     0.00000     0.00000     0.00000     0.00000     0.00000
   -33.12658     0.00000     0.00000     0.00000     0.00000     0.00000     0.00000     0.00000     0.00000
   -33.10358     0.00000     0.00000     0.00000     0.00000     0.00000     0.00000     0.00000     0.00000
   -33.08058     0.00000     0.00000     0.00000     0.00000     0.00000     0.00000     0.00000     0.00000
   -33.05658     0.00000     0.00000     0.00000     0.00000     0.00000     0.00000     0.00000     0.00000
   -33.03358     0.00000     0.00000     0.00000     0.00000     0.00000     0.00000     0.00000     0.00000
   -33.01058     0.00000     0.00000     0.00000     0.00000     0.00000     0.00000     0.00000     0.00000
   -32.98758     0.00000     0.00000     0.00000     0.00000     0.00000     0.00000     0.00000     0.00000
   -32.96458     0.00000     0.00000     0.00000     0.00000     0.00000     0.00000     0.00000     0.00000
   -32.94058     0.00000     0.00000     0.00000     0.00000     0.00000     0.00000     0.00000     0.00000
   -32.91758     0.00000     0.00000     0.00000     0.00000     0.00000     0.00000     0.00000     0.00000
   -32.89458     0.00000     0.00000     0.00000     0.00000     0.00000     0.00000     0.00000     0.00000
   -32.87158     0.00000     0.00000     0.00000     0.00000     0.00000     0.00000     0.00000     0.00000
   -32.84858     0.00000     0.00000     0.00000     0.00000     0.00000     0.00000     0.00000     0.00000
   -32.82458     0.00000     0.00000     0.00000     0.00000     0.00000     0.00000     0.00000     0.00000
   -32.80158     0.00000     0.00000     0.00000     0.00000     0.00000     0.00000     0.00000     0.00000
   -32.77858     0.00000     0.00000     0.00000     0.00000     0.00000     0.00000     0.00000     0.00000
   -32.75558     0.00000     0.00000     0.00000     0.00000     0.00000     0.00000     0.00000     0.00000
   -32.73258     0.00000     0.00000     0.00000     0.00000     0.00000     0.00000     0.00000     0.00000
   -32.70858     0.00000     0.00000     0.00000     0.00000     0.00000     0.00000     0.00000     0.00000
   -32.68558     0.00000     0.00000     0.00000     0.00000     0.00000     0.00000     0.00000     0.00000
   -32.66258     0.00000     0.00000     0.00000     0.00000     0.00000     0.00000     0.00000     0.00000
   -32.63958     0.00000     0.00000     0.00000     0.00000     0.00000     0.00000     0.00000     0.00000
   -32.61658     0.00000     0.00000     0.00000     0.00000     0.00000     0.00000     0.00000     0.00000
   -32.59358     0.00000     0.00000     0.00000     0.00000     0.00000     0.00000     0.00000     0.00000
   -32.56958     0.00000     0.00000     0.00000     0.00000     0.00000     0.00000     0.00000     0.00000
   -32.54658     0.00000     0.00000     0.00000     0.00000     0.00000     0.00000     0.00000     0.00000
   -32.52358     0.00000     0.00000     0.00000     0.00000     0.00000     0.00000     0.00000     0.00000
   -32.50058     0.00000     0.00000     0.00000     0.00000     0.00000     0.00000     0.00000     0.00000
   -32.47758     0.00000     0.00000     0.00000     0.00000     0.00000     0.00000     0.00000     0.00000
   -32.45358     0.00000     0.00000     0.00000     0.00000     0.00000     0.00000     0.00000     0.00000
   -32.43058     0.00000     0.00000     0.00000     0.00000     0.00000     0.00000     0.00000     0.00000
   -32.40758     0.00000     0.00000     0.00000     0.00000     0.00000     0.00000     0.00000     0.00000
   -32.38458     0.00000     0.00000     0.00000     0.00000     0.00000     0.00000     0.00000     0.00000
   -32.36158     0.00000     0.00000     0.00000     0.00000     0.00000     0.00000     0.00000     0.00000
   -32.33758     0.00000     0.00000     0.00000     0.00000     0.00000     0.00000     0.00000     0.00000
   -32.31458     0.00000     0.00000     0.00000     0.00000     0.00000     0.00000     0.00000     0.00000
   -32.29158     0.00000     0.00000     0.00000     0.00000     0.00000     0.00000     0.00000     0.00000
   -32.26858     0.00000     0.00000     0.00000     0.00000     0.00000     0.00000     0.00000     0.00000
   -32.24558     0.00000     0.00000     0.00000     0.00000     0.00001     0.00000     0.00000     0.00000
   -32.22158     0.00000     0.00000     0.00000     0.00000     0.00001     0.00000     0.00000     0.00000
   -32.19858     0.00000     0.00000     0.00000     0.00000     0.00003     0.00000     0.00000     0.00000
   -32.17558     0.00000     0.00000     0.00000     0.00000     0.00007     0.00000     0.00000     0.00000
   -32.15258     0.00000     0.00000     0.00000     0.00000     0.00014     0.00000     0.00000     0.00000
   -32.12958     0.00000     0.00000     0.00000     0.00000     0.00030     0.00000     0.00000     0.00000
   -32.10558     0.00000     0.00001     0.00000     0.00000     0.00062     0.00000     0.00001     0.00000
   -32.08258     0.00000     0.00001     0.00000     0.00000     0.00122     0.00000     0.00002     0.00000
   -32.05958     0.00000     0.00003     0.00000     0.00000     0.00236     0.00000     0.00004     0.00001
   -32.03658     0.00000     0.00005     0.00000     0.00000     0.00443     0.00000     0.00007     0.00001
   -32.01358     0.00000     0.00009     0.00001     0.00000     0.00811     0.00000     0.00013     0.00002
   -31.98958     0.00000     0.00016     0.00001     0.00000     0.01444     0.00000     0.00024     0.00004
   -31.96658     0.00001     0.00028     0.00002     0.00000     0.02504     0.00001     0.00041     0.00007
   -31.94358     0.00001     0.00048     0.00003     0.00001     0.04230     0.00001     0.00069     0.00011
   -31.92058     0.00002     0.00079     0.00005     0.00001     0.06955     0.00002     0.00113     0.00019
   -31.89758     0.00003     0.00126     0.00009     0.00002     0.11141     0.00003     0.00181     0.00030
   -31.87358     0.00005     0.00196     0.00014     0.00003     0.17380     0.00005     0.00281     0.00046
   -31.85058     0.00007     0.00298     0.00021     0.00004     0.26409     0.00007     0.00426     0.00071
   -31.82758     0.00010     0.00440     0.00031     0.00006     0.39091     0.00011     0.00629     0.00104
   -31.80458     0.00015     0.00634     0.00044     0.00009     0.56408     0.00015     0.00903     0.00151
   -31.78158     0.00021     0.00889     0.00062     0.00013     0.79294     0.00021     0.01262     0.00212
   -31.75758     0.00028     0.01215     0.00085     0.00018     1.08692     0.00029     0.01718     0.00291
   -31.73458     0.00038     0.01619     0.00114     0.00024     1.45326     0.00038     0.02276     0.00389
   -31.71158     0.00049     0.02103     0.00149     0.00030     1.89590     0.00049     0.02935     0.00508
   -31.68858     0.00062     0.02666     0.00189     0.00038     2.41526     0.00062     0.03685     0.00648
   -31.66558     0.00077     0.03297     0.00234     0.00047     3.00629     0.00076     0.04505     0.00807
   -31.64158     0.00093     0.03983     0.00284     0.00056     3.66080     0.00091     0.05361     0.00982
   -31.61858     0.00110     0.04704     0.00338     0.00065     4.36346     0.00106     0.06210     0.01170
   -31.59558     0.00127     0.05439     0.00393     0.00074     5.10124     0.00120     0.07004     0.01366
   -31.57258     0.00143     0.06164     0.00449     0.00081     5.85989     0.00133     0.07690     0.01562
   -31.54958     0.00160     0.06862     0.00504     0.00087     6.62622     0.00143     0.08221     0.01755
   -31.52558     0.00175     0.07523     0.00558     0.00092     7.39560     0.00151     0.08556     0.01938
   -31.50258     0.00190     0.08142     0.00611     0.00094     8.16610     0.00156     0.08670     0.02105
   -31.47958     0.00205     0.08732     0.00664     0.00094     8.94580     0.00157     0.08555     0.02253
   -31.45658     0.00220     0.09310     0.00717     0.00091     9.74990     0.00155     0.08221     0.02379
   -31.43358     0.00236     0.09903     0.00774     0.00087    10.60050     0.00150     0.07694     0.02480
   -31.40958     0.00253     0.10541     0.00835     0.00081    11.51940     0.00143     0.07015     0.02553
   -31.38658     0.00274     0.11256     0.00903     0.00074    12.52580     0.00135     0.06232     0.02597
   -31.36358     0.00297     0.12068     0.00979     0.00066    13.63300     0.00126     0.05399     0.02612
   -31.34058     0.00324     0.12987     0.01065     0.00058    14.83900     0.00117     0.04563     0.02596
   -31.31758     0.00353     0.14004     0.01159     0.00050    16.13300     0.00108     0.03767     0.02550
   -31.29358     0.00385     0.15093     0.01260     0.00042    17.48400     0.00101     0.03041     0.02474
   -31.27058     0.00416     0.16209     0.01364     0.00035    18.84500     0.00094     0.02407     0.02371
   -31.24758     0.00447     0.17287     0.01466     0.00029    20.15000     0.00088     0.01872     0.02245
   -31.22458     0.00473     0.18255     0.01560     0.00024    21.32500     0.00083     0.01437     0.02099
   -31.20158     0.00494     0.19037     0.01640     0.00019    22.29400     0.00079     0.01094     0.01937
   -31.17758     0.00507     0.19555     0.01700     0.00015    22.97400     0.00074     0.00831     0.01768
   -31.15458     0.00511     0.19755     0.01732     0.00012    23.30100     0.00070     0.00634     0.01593
   -31.13158     0.00505     0.19591     0.01734     0.00010    23.22400     0.00065     0.00488     0.01420
   -31.10858     0.00488     0.19054     0.01703     0.00008    22.72400     0.00060     0.00381     0.01251
   -31.08558     0.00462     0.18154     0.01638     0.00006    21.80400     0.00055     0.00301     0.01090
   -31.06158     0.00428     0.16929     0.01544     0.00005    20.49800     0.00049     0.00241     0.00938
   -31.03858     0.00388     0.15446     0.01423     0.00004    18.86800     0.00043     0.00195     0.00798
   -31.01558     0.00343     0.13779     0.01282     0.00003    16.99600     0.00037     0.00157     0.00671
   -30.99258     0.00297     0.12016     0.01130     0.00002    14.97300     0.00032     0.00127     0.00556
   -30.96958     0.00251     0.10239     0.00972     0.00002    12.89600     0.00026     0.00101     0.00454
   -30.94558     0.00207     0.08522     0.00817     0.00001    10.85480     0.00021     0.00079     0.00365
   -30.92258     0.00167     0.06928     0.00671     0.00001     8.92650     0.00017     0.00061     0.00289
   -30.89958     0.00131     0.05499     0.00538     0.00001     7.17040     0.00013     0.00046     0.00224
   -30.87658     0.00101     0.04262     0.00421     0.00001     5.62300     0.00010     0.00034     0.00171
   -30.85358     0.00076     0.03224     0.00321     0.00000     4.30640     0.00007     0.00025     0.00128
   -30.82958     0.00055     0.02381     0.00239     0.00000     3.21930     0.00005     0.00017     0.00094
   -30.80658     0.00040     0.01716     0.00174     0.00000     2.34860     0.00004     0.00012     0.00067
   -30.78358     0.00028     0.01207     0.00123     0.00000     1.67230     0.00003     0.00008     0.00047
   -30.76058     0.00019     0.00828     0.00085     0.00000     1.16178     0.00002     0.00005     0.00032
   -30.73758     0.00013     0.00555     0.00058     0.00000     0.78747     0.00001     0.00003     0.00022
   -30.71358     0.00008     0.00362     0.00038     0.00000     0.52072     0.00001     0.00002     0.00014
   -30.69058     0.00005     0.00231     0.00024     0.00000     0.33584     0.00000     0.00001     0.00009
   -30.66758     0.00003     0.00144     0.00015     0.00000     0.21126     0.00000     0.00001     0.00006
   -30.64458     0.00002     0.00087     0.00009     0.00000     0.12960     0.00000     0.00000     0.00003
   -30.62158     0.00001     0.00052     0.00006     0.00000     0.07754     0.00000     0.00000     0.00002
   -30.59758     0.00001     0.00030     0.00003     0.00000     0.04523     0.00000     0.00000     0.00001
   -30.57458     0.00000     0.00017     0.00002     0.00000     0.02573     0.00000     0.00000     0.00001
   -30.55158     0.00000     0.00009     0.00001     0.00000     0.01427     0.00000     0.00000     0.00000
   -30.52858     0.00000     0.00005     0.00001     0.00000     0.00771     0.00000     0.00000     0.00000
   -30.50558     0.00000     0.00003     0.00000     0.00000     0.00406     0.00000     0.00000     0.00000
   -30.48158     0.00000     0.00001     0.00000     0.00000     0.00209     0.00000     0.00000     0.00000
   -30.45858     0.00000     0.00001     0.00000     0.00000     0.00104     0.00000     0.00000     0.00000
   -30.43558     0.00000     0.00000     0.00000     0.00000     0.00051     0.00000     0.00000     0.00000
   -30.41258     0.00000     0.00000     0.00000     0.00000     0.00024     0.00000     0.00000     0.00000
   -30.38958     0.00000     0.00000     0.00000     0.00000     0.00011     0.00000     0.00000     0.00000
   -30.36558     0.00000     0.00000     0.00000     0.00000     0.00005     0.00000     0.00000     0.00000
   -30.34258     0.00000     0.00000     0.00000     0.00000     0.00002     0.00000     0.00000     0.00000
   -30.31958     0.00000     0.00000     0.00000     0.00000     0.00001     0.00000     0.00000     0.00000
   -30.29658     0.00000     0.00000     0.00000     0.00000     0.00000     0.00000     0.00000     0.00000
   -30.27358     0.00000     0.00000     0.00000     0.00000     0.00000     0.00000     0.00000     0.00000
   -30.24958     0.00000     0.00000     0.00000     0.00000     0.00000     0.00000     0.00000     0.00000
   -30.22658     0.00000     0.00000     0.00000     0.00000     0.00000     0.00000     0.00000     0.00000
   -30.20358     0.00000     0.00000     0.00000     0.00000     0.00000     0.00000     0.00000     0.00000
   -30.18058     0.00000     0.00000     0.00000     0.00000     0.00000     0.00000     0.00000     0.00000
   -30.15758     0.00000     0.00000     0.00000     0.00000     0.00000     0.00000     0.00000     0.00000
   -30.13358     0.00000     0.00000     0.00000     0.00000     0.00000     0.00000     0.00000     0.00000
   -30.11058     0.00000     0.00000     0.00000     0.00000     0.00000     0.00000     0.00000     0.00000
   -30.08758     0.00000     0.00000     0.00000     0.00000     0.00000     0.00000     0.00000     0.00000
   -30.06458     0.00000     0.00000     0.00000     0.00000     0.00000     0.00000     0.00000     0.00000
   -30.04158     0.00000     0.00000     0.00000     0.00000     0.00000     0.00000     0.00000     0.00000
   -30.01758     0.00000     0.00000     0.00000     0.00000     0.00000     0.00000     0.00000     0.00000
   -29.99458     0.00000     0.00000     0.00000     0.00000     0.00000     0.00000     0.00000     0.00000
   -29.97158     0.00000     0.00000     0.00000     0.00000     0.00000     0.00000     0.00000     0.00000
   -29.94858     0.00000     0.00000     0.00000     0.00000     0.00000     0.00000     0.00000     0.00000
   -29.92558     0.00000     0.00000     0.00000     0.00000     0.00000     0.00000     0.00000     0.00000
   -29.90258     0.00000     0.00000     0.00000     0.00000     0.00000     0.00000     0.00000     0.00000
   -29.87858     0.00000     0.00000     0.00000     0.00000     0.00000     0.00000     0.00000     0.00000
   -29.85558     0.00000     0.00000     0.00000     0.00000     0.00000     0.00000     0.00000     0.00000
   -29.83258     0.00000     0.00000     0.00000     0.00000     0.00000     0.00000     0.00000     0.00000
   -29.80958     0.00000     0.00000     0.00000     0.00000     0.00000     0.00000     0.00000     0.00000
   -29.78658     0.00000     0.00000     0.00000     0.00000     0.00000     0.00000     0.00000     0.00000
   -29.76258     0.00000     0.00000     0.00000     0.00000     0.00000     0.00000     0.00000     0.00000
   -29.73958     0.00000     0.00000     0.00000     0.00000     0.00000     0.00000     0.00000     0.00000
   -29.71658     0.00000     0.00000     0.00000     0.00000     0.00000     0.00000     0.00000     0.00000
   -29.69358     0.00000     0.00000     0.00000     0.00000     0.00000     0.00000     0.00000     0.00000
   -29.67058     0.00000     0.00000     0.00000     0.00000     0.00000     0.00000     0.00000     0.00000
   -29.64658     0.00000     0.00000     0.00000     0.00000     0.00000     0.00000     0.00000     0.00000
   -29.62358     0.00000     0.00000     0.00000     0.00000     0.00000     0.00000     0.00000     0.00000
   -29.60058     0.00000     0.00000     0.00000     0.00000     0.00000     0.00000     0.00000     0.00000
   -29.57758     0.00000     0.00000     0.00000     0.00000     0.00000     0.00000     0.00000     0.00000
   -29.55458     0.00000     0.00000     0.00000     0.00000     0.00000     0.00000     0.00000     0.00000
   -29.53058     0.00000     0.00000     0.00000     0.00000     0.00000     0.00000     0.00000     0.00000
   -29.50758     0.00000     0.00000     0.00000     0.00000     0.00000     0.00000     0.00000     0.00000
   -29.48458     0.00000     0.00000     0.00000     0.00000     0.00000     0.00000     0.00000     0.00000
   -29.46158     0.00000     0.00000     0.00000     0.00000     0.00000     0.00000     0.00000     0.00000
   -29.43858     0.00000     0.00000     0.00000     0.00000     0.00000     0.00000     0.00000     0.00000
   -29.41458     0.00000     0.00000     0.00000     0.00000     0.00000     0.00000     0.00000     0.00000
   -29.39158     0.00000     0.00000     0.00000     0.00000     0.00000     0.00000     0.00000     0.00000
   -29.36858     0.00000     0.00000     0.00000     0.00000     0.00000     0.00000     0.00000     0.00000
   -29.34558     0.00000     0.00000     0.00000     0.00000     0.00000     0.00000     0.00000     0.00000
   -29.32258     0.00000     0.00000     0.00000     0.00000     0.00000     0.00000     0.00000     0.00000
   -29.29858     0.00000     0.00000     0.00000     0.00000     0.00000     0.00000     0.00000     0.00000
   -29.27558     0.00000     0.00000     0.00000     0.00000     0.00000     0.00000     0.00000     0.00000
   -29.25258     0.00000     0.00000     0.00000     0.00000     0.00000     0.00000     0.00000     0.00000
   -29.22958     0.00000     0.00000     0.00000     0.00000     0.00000     0.00000     0.00000     0.00000
   -29.20658     0.00000     0.00000     0.00000     0.00000     0.00000     0.00000     0.00000     0.00000
   -29.18258     0.00000     0.00000     0.00000     0.00000     0.00000     0.00000     0.00000     0.00000
   -29.15958     0.00000     0.00000     0.00000     0.00000     0.00000     0.00000     0.00000     0.00000
   -29.13658     0.00000     0.00000     0.00000     0.00000     0.00000     0.00000     0.00000     0.00000
   -29.11358     0.00000     0.00000     0.00000     0.00000     0.00000     0.00000     0.00000     0.00000
   -29.09058     0.00000     0.00000     0.00000     0.00000     0.00000     0.00000     0.00000     0.00000
   -29.06658     0.00000     0.00000     0.00000     0.00000     0.00000     0.00000     0.00000     0.00000
   -29.04358     0.00000     0.00000     0.00000     0.00000     0.00000     0.00000     0.00000     0.00000
   -29.02058     0.00000     0.00000     0.00000     0.00000     0.00000     0.00000     0.00000     0.00000
   -28.99758     0.00000     0.00000     0.00000     0.00000     0.00000     0.00000     0.00000     0.00000
   -28.97458     0.00000     0.00000     0.00000     0.00000     0.00000     0.00000     0.00000     0.00000
   -28.95058     0.00000     0.00000     0.00000     0.00000     0.00000     0.00000     0.00000     0.00000
   -28.92758     0.00000     0.00000     0.00000     0.00000     0.00000     0.00000     0.00000     0.00000
   -28.90458     0.00000     0.00000     0.00000     0.00000     0.00000     0.00000     0.00000     0.00000
   -28.88158     0.00000     0.00000     0.00000     0.00000     0.00000     0.00000     0.00000     0.00000
   -28.85858     0.00000     0.00000     0.00000     0.00000     0.00000     0.00000     0.00000     0.00000
   -28.83458     0.00000     0.00000     0.00000     0.00000     0.00000     0.00000     0.00000     0.00000
   -28.81158     0.00000     0.00000     0.00000     0.00000     0.00000     0.00000     0.00000     0.00000
   -28.78858     0.00000     0.00000     0.00000     0.00000     0.00000     0.00000     0.00000     0.00000
   -28.76558     0.00000     0.00000     0.00000     0.00000     0.00000     0.00000     0.00000     0.00000
   -28.74258     0.00000     0.00000     0.00000     0.00000     0.00000     0.00000     0.00000     0.00000
   -28.71858     0.00000     0.00000     0.00000     0.00000     0.00000     0.00000     0.00000     0.00000
   -28.69558     0.00000     0.00000     0.00000     0.00000     0.00000     0.00000     0.00000     0.00000
   -28.67258     0.00000     0.00000     0.00000     0.00000     0.00000     0.00000     0.00000     0.00000
   -28.64958     0.00000     0.00000     0.00000     0.00000     0.00000     0.00000     0.00000     0.00000
   -28.62658     0.00000     0.00000     0.00000     0.00000     0.00000     0.00000     0.00000     0.00000
   -28.60258     0.00000     0.00000     0.00000     0.00000     0.00000     0.00000     0.00000     0.00000
   -28.57958     0.00000     0.00000     0.00000     0.00000     0.00000     0.00000     0.00000     0.00000
   -28.55658     0.00000     0.00000     0.00000     0.00000     0.00000     0.00000     0.00000     0.00000
   -28.53358     0.00000     0.00000     0.00000     0.00000     0.00000     0.00000     0.00000     0.00000
   -28.51058     0.00000     0.00000     0.00000     0.00000     0.00000     0.00000     0.00000     0.00000
   -28.48658     0.00000     0.00000     0.00000     0.00000     0.00000     0.00000     0.00000     0.00000
   -28.46358     0.00000     0.00000     0.00000     0.00000     0.00000     0.00000     0.00000     0.00000
   -28.44058     0.00000     0.00000     0.00000     0.00000     0.00000     0.00000     0.00000     0.00000
   -28.41758     0.00000     0.00000     0.00000     0.00000     0.00000     0.00000     0.00000     0.00000
   -28.39458     0.00000     0.00000     0.00000     0.00000     0.00000     0.00000     0.00000     0.00000
   -28.37058     0.00000     0.00000     0.00000     0.00000     0.00000     0.00000     0.00000     0.00000
   -28.34758     0.00000     0.00000     0.00000     0.00000     0.00000     0.00000     0.00000     0.00000
   -28.32458     0.00000     0.00000     0.00000     0.00000     0.00000     0.00000     0.00000     0.00000
   -28.30158     0.00000     0.00000     0.00000     0.00000     0.00000     0.00000     0.00000     0.00000
   -28.27858     0.00000     0.00000     0.00000     0.00000     0.00000     0.00000     0.00000     0.00000
   -28.25458     0.00000     0.00000     0.00000     0.00000     0.00000     0.00000     0.00000     0.00000
   -28.23158     0.00000     0.00000     0.00000     0.00000     0.00000     0.00000     0.00000     0.00000
   -28.20858     0.00000     0.00000     0.00000     0.00000     0.00000     0.00000     0.00000     0.00000
   -28.18558     0.00000     0.00000     0.00000     0.00000     0.00000     0.00000     0.00000     0.00000
   -28.16258     0.00000     0.00000     0.00000     0.00000     0.00000     0.00000     0.00000     0.00000
   -28.13858     0.00000     0.00000     0.00000     0.00000     0.00000     0.00000     0.00000     0.00000
   -28.11558     0.00000     0.00000     0.00000     0.00000     0.00000     0.00000     0.00000     0.00000
   -28.09258     0.00000     0.00000     0.00000     0.00000     0.00000     0.00000     0.00000     0.00000
   -28.06958     0.00000     0.00000     0.00000     0.00000     0.00000     0.00000     0.00000     0.00000
   -28.04658     0.00000     0.00000     0.00000     0.00000     0.00000     0.00000     0.00000     0.00000
   -28.02258     0.00000     0.00000     0.00000     0.00000     0.00000     0.00000     0.00000     0.00000
   -27.99958     0.00000     0.00000     0.00000     0.00000     0.00000     0.00000     0.00000     0.00000
   -27.97658     0.00000     0.00000     0.00000     0.00000     0.00000     0.00000     0.00000     0.00000
   -27.95358     0.00000     0.00000     0.00000     0.00000     0.00000     0.00000     0.00000     0.00000
   -27.93058     0.00000     0.00000     0.00000     0.00000     0.00000     0.00000     0.00000     0.00000
   -27.90658     0.00000     0.00000     0.00000     0.00000     0.00000     0.00000     0.00000     0.00000
   -27.88358     0.00000     0.00000     0.00000     0.00000     0.00000     0.00000     0.00000     0.00000
   -27.86058     0.00000     0.00000     0.00000     0.00000     0.00000     0.00000     0.00000     0.00000
   -27.83758     0.00000     0.00000     0.00000     0.00000     0.00000     0.00000     0.00000     0.00000
   -27.81458     0.00000     0.00000     0.00000     0.00000     0.00000     0.00000     0.00000     0.00000
   -27.79058     0.00000     0.00000     0.00000     0.00000     0.00000     0.00000     0.00000     0.00000
   -27.76758     0.00000     0.00000     0.00000     0.00000     0.00000     0.00000     0.00000     0.00000
   -27.74458     0.00000     0.00000     0.00000     0.00000     0.00000     0.00000     0.00000     0.00000
   -27.72158     0.00000     0.00000     0.00000     0.00000     0.00000     0.00000     0.00000     0.00000
   -27.69858     0.00000     0.00000     0.00000     0.00000     0.00000     0.00000     0.00000     0.00000
   -27.67458     0.00000     0.00000     0.00000     0.00000     0.00000     0.00000     0.00000     0.00000
   -27.65158     0.00000     0.00000     0.00000     0.00000     0.00000     0.00000     0.00000     0.00000
   -27.62858     0.00000     0.00000     0.00000     0.00000     0.00000     0.00000     0.00000     0.00000
   -27.60558     0.00000     0.00000     0.00000     0.00000     0.00000     0.00000     0.00000     0.00000
   -27.58258     0.00000     0.00000     0.00000     0.00000     0.00000     0.00000     0.00000     0.00000
   -27.55858     0.00000     0.00000     0.00000     0.00000     0.00000     0.00000     0.00000     0.00000
   -27.53558     0.00000     0.00000     0.00000     0.00000     0.00000     0.00000     0.00000     0.00000
   -27.51258     0.00000     0.00000     0.00000     0.00000     0.00000     0.00000     0.00000     0.00000
   -27.48958     0.00000     0.00000     0.00000     0.00000     0.00000     0.00000     0.00000     0.00000
   -27.46658     0.00000     0.00000     0.00000     0.00000     0.00000     0.00000     0.00000     0.00000
   -27.44258     0.00000     0.00000     0.00000     0.00000     0.00000     0.00000     0.00000     0.00000
   -27.41958     0.00000     0.00000     0.00000     0.00000     0.00000     0.00000     0.00000     0.00000
   -27.39658     0.00000     0.00000     0.00000     0.00000     0.00000     0.00000     0.00000     0.00000
   -27.37358     0.00000     0.00000     0.00000     0.00000     0.00000     0.00000     0.00000     0.00000
   -27.35058     0.00000     0.00000     0.00000     0.00000     0.00000     0.00000     0.00000     0.00000
   -27.32658     0.00000     0.00000     0.00000     0.00000     0.00000     0.00000     0.00000     0.00000
   -27.30358     0.00000     0.00000     0.00000     0.00000     0.00000     0.00000     0.00000     0.00000
   -27.28058     0.00000     0.00000     0.00000     0.00000     0.00000     0.00000     0.00000     0.00000
   -27.25758     0.00000     0.00000     0.00000     0.00000     0.00000     0.00000     0.00000     0.00000
   -27.23458     0.00000     0.00000     0.00000     0.00000     0.00000     0.00000     0.00000     0.00000
   -27.21158     0.00000     0.00000     0.00000     0.00000     0.00000     0.00000     0.00000     0.00000
   -27.18758     0.00000     0.00000     0.00000     0.00000     0.00000     0.00000     0.00000     0.00000
   -27.16458     0.00000     0.00000     0.00000     0.00000     0.00000     0.00000     0.00000     0.00000
   -27.14158     0.00000     0.00000     0.00000     0.00000     0.00000     0.00000     0.00000     0.00000
   -27.11858     0.00000     0.00000     0.00000     0.00000     0.00000     0.00000     0.00000     0.00000
   -27.09558     0.00000     0.00000     0.00000     0.00000     0.00000     0.00000     0.00000     0.00000
   -27.07158     0.00000     0.00000     0.00000     0.00000     0.00000     0.00000     0.00000     0.00000
   -27.04858     0.00000     0.00000     0.00000     0.00000     0.00000     0.00000     0.00000     0.00000
   -27.02558     0.00000     0.00000     0.00000     0.00000     0.00000     0.00000     0.00000     0.00000
   -27.00258     0.00000     0.00000     0.00000     0.00000     0.00000     0.00000     0.00000     0.00000
   -26.97958     0.00000     0.00000     0.00000     0.00000     0.00000     0.00000     0.00000     0.00000
   -26.95558     0.00000     0.00000     0.00000     0.00000     0.00000     0.00000     0.00000     0.00000
   -26.93258     0.00000     0.00000     0.00000     0.00000     0.00000     0.00000     0.00000     0.00000
   -26.90958     0.00000     0.00000     0.00000     0.00000     0.00000     0.00000     0.00000     0.00000
   -26.88658     0.00000     0.00000     0.00000     0.00000     0.00000     0.00000     0.00000     0.00000
   -26.86358     0.00000     0.00000     0.00000     0.00000     0.00000     0.00000     0.00000     0.00000
   -26.83958     0.00000     0.00000     0.00000     0.00000     0.00000     0.00000     0.00000     0.00000
   -26.81658     0.00000     0.00000     0.00000     0.00000     0.00000     0.00000     0.00000     0.00000
   -26.79358     0.00000     0.00000     0.00000     0.00000     0.00000     0.00000     0.00000     0.00000
   -26.77058     0.00000     0.00000     0.00000     0.00000     0.00000     0.00000     0.00000     0.00000
   -26.74758     0.00000     0.00000     0.00000     0.00000     0.00000     0.00000     0.00000     0.00000
   -26.72358     0.00000     0.00000     0.00000     0.00000     0.00000     0.00000     0.00000     0.00000
   -26.70058     0.00000     0.00000     0.00000     0.00000     0.00000     0.00000     0.00000     0.00000
   -26.67758     0.00000     0.00000     0.00000     0.00000     0.00000     0.00000     0.00000     0.00000
   -26.65458     0.00000     0.00000     0.00000     0.00000     0.00000     0.00000     0.00000     0.00000
   -26.63158     0.00000     0.00000     0.00000     0.00000     0.00000     0.00000     0.00000     0.00000
   -26.60758     0.00000     0.00000     0.00000     0.00000     0.00000     0.00000     0.00000     0.00000
   -26.58458     0.00000     0.00000     0.00000     0.00000     0.00000     0.00000     0.00000     0.00000
   -26.56158     0.00000     0.00000     0.00000     0.00000     0.00000     0.00000     0.00000     0.00000
   -26.53858     0.00000     0.00000     0.00000     0.00000     0.00000     0.00000     0.00000     0.00000
   -26.51558     0.00000     0.00000     0.00000     0.00000     0.00000     0.00000     0.00000     0.00000
   -26.49158     0.00000     0.00000     0.00000     0.00000     0.00000     0.00000     0.00000     0.00000
   -26.46858     0.00000     0.00000     0.00000     0.00000     0.00000     0.00000     0.00000     0.00000
   -26.44558     0.00000     0.00000     0.00000     0.00000     0.00000     0.00000     0.00000     0.00000
   -26.42258     0.00000     0.00000     0.00000     0.00000     0.00000     0.00000     0.00000     0.00000
   -26.39958     0.00000     0.00000     0.00000     0.00000     0.00000     0.00000     0.00000     0.00000
   -26.37558     0.00000     0.00000     0.00000     0.00000     0.00000     0.00000     0.00000     0.00000
   -26.35258     0.00000     0.00000     0.00000     0.00000     0.00000     0.00000     0.00000     0.00000
   -26.32958     0.00000     0.00000     0.00000     0.00000     0.00000     0.00000     0.00000     0.00000
   -26.30658     0.00000     0.00000     0.00000     0.00000     0.00000     0.00000     0.00000     0.00000
   -26.28358     0.00000     0.00000     0.00000     0.00000     0.00000     0.00000     0.00000     0.00000
   -26.25958     0.00000     0.00000     0.00000     0.00000     0.00000     0.00000     0.00000     0.00000
   -26.23658     0.00000     0.00000     0.00000     0.00000     0.00000     0.00000     0.00000     0.00000
   -26.21358     0.00000     0.00000     0.00000     0.00000     0.00000     0.00000     0.00000     0.00000
   -26.19058     0.00000     0.00000     0.00000     0.00000     0.00000     0.00000     0.00000     0.00000
   -26.16758     0.00000     0.00000     0.00000     0.00000     0.00000     0.00000     0.00000     0.00000
   -26.14358     0.00000     0.00000     0.00000     0.00000     0.00000     0.00000     0.00000     0.00000
   -26.12058     0.00000     0.00000     0.00000     0.00000     0.00000     0.00000     0.00000     0.00000
   -26.09758     0.00000     0.00000     0.00000     0.00000     0.00000     0.00000     0.00000     0.00000
   -26.07458     0.00000     0.00000     0.00000     0.00000     0.00000     0.00000     0.00000     0.00000
   -26.05158     0.00000     0.00000     0.00000     0.00000     0.00000     0.00000     0.00000     0.00000
   -26.02758     0.00000     0.00000     0.00000     0.00000     0.00000     0.00000     0.00000     0.00000
   -26.00458     0.00000     0.00000     0.00000     0.00000     0.00000     0.00000     0.00000     0.00000
   -25.98158     0.00000     0.00000     0.00000     0.00000     0.00000     0.00000     0.00000     0.00000
   -25.95858     0.00000     0.00000     0.00000     0.00000     0.00000     0.00000     0.00000     0.00000
   -25.93558     0.00000     0.00000     0.00000     0.00000     0.00000     0.00000     0.00000     0.00000
   -25.91158     0.00000     0.00000     0.00000     0.00000     0.00000     0.00000     0.00000     0.00000
   -25.88858     0.00000     0.00000     0.00000     0.00000     0.00000     0.00000     0.00000     0.00000
   -25.86558     0.00000     0.00000     0.00000     0.00000     0.00000     0.00000     0.00000     0.00000
   -25.84258     0.00000     0.00000     0.00000     0.00000     0.00000     0.00000     0.00000     0.00000
   -25.81958     0.00000     0.00000     0.00000     0.00000     0.00000     0.00000     0.00000     0.00000
   -25.79558     0.00000     0.00000     0.00000     0.00000     0.00000     0.00000     0.00000     0.00000
   -25.77258     0.00000     0.00000     0.00000     0.00000     0.00000     0.00000     0.00000     0.00000
   -25.74958     0.00000     0.00000     0.00000     0.00000     0.00000     0.00000     0.00000     0.00000
   -25.72658     0.00000     0.00000     0.00000     0.00000     0.00000     0.00000     0.00000     0.00000
   -25.70358     0.00000     0.00000     0.00000     0.00000     0.00000     0.00000     0.00000     0.00000
   -25.67958     0.00000     0.00000     0.00000     0.00000     0.00000     0.00000     0.00000     0.00000
   -25.65658     0.00000     0.00000     0.00000     0.00000     0.00000     0.00000     0.00000     0.00000
   -25.63358     0.00000     0.00000     0.00000     0.00000     0.00000     0.00000     0.00000     0.00000
   -25.61058     0.00000     0.00000     0.00000     0.00000     0.00000     0.00000     0.00000     0.00000
   -25.58758     0.00000     0.00000     0.00000     0.00000     0.00000     0.00000     0.00000     0.00000
   -25.56358     0.00000     0.00000     0.00000     0.00000     0.00000     0.00000     0.00000     0.00000
   -25.54058     0.00000     0.00000     0.00000     0.00000     0.00000     0.00000     0.00000     0.00000
   -25.51758     0.00000     0.00000     0.00000     0.00000     0.00000     0.00000     0.00000     0.00000
   -25.49458     0.00000     0.00000     0.00000     0.00000     0.00000     0.00000     0.00000     0.00000
   -25.47158     0.00000     0.00000     0.00000     0.00000     0.00000     0.00000     0.00000     0.00000
   -25.44758     0.00000     0.00000     0.00000     0.00000     0.00000     0.00000     0.00000     0.00000
   -25.42458     0.00000     0.00000     0.00000     0.00000     0.00000     0.00000     0.00000     0.00000
   -25.40158     0.00000     0.00000     0.00000     0.00000     0.00000     0.00000     0.00000     0.00000
   -25.37858     0.00000     0.00000     0.00000     0.00000     0.00000     0.00000     0.00000     0.00000
   -25.35558     0.00000     0.00000     0.00000     0.00000     0.00000     0.00000     0.00000     0.00000
   -25.33158     0.00000     0.00000     0.00000     0.00000     0.00000     0.00000     0.00000     0.00000
   -25.30858     0.00000     0.00000     0.00000     0.00000     0.00000     0.00000     0.00000     0.00000
   -25.28558     0.00000     0.00000     0.00000     0.00000     0.00000     0.00000     0.00000     0.00000
   -25.26258     0.00000     0.00000     0.00000     0.00000     0.00000     0.00000     0.00000     0.00000
   -25.23958     0.00000     0.00000     0.00000     0.00000     0.00000     0.00000     0.00000     0.00000
   -25.21558     0.00000     0.00000     0.00000     0.00000     0.00000     0.00000     0.00000     0.00000
   -25.19258     0.00000     0.00000     0.00000     0.00000     0.00000     0.00000     0.00000     0.00000
   -25.16958     0.00000     0.00000     0.00000     0.00000     0.00000     0.00000     0.00000     0.00000
   -25.14658     0.00000     0.00000     0.00000     0.00000     0.00000     0.00000     0.00000     0.00000
   -25.12358     0.00000     0.00000     0.00000     0.00000     0.00000     0.00000     0.00000     0.00000
   -25.09958     0.00000     0.00000     0.00000     0.00000     0.00000     0.00000     0.00000     0.00000
   -25.07658     0.00000     0.00000     0.00000     0.00000     0.00000     0.00000     0.00000     0.00000
   -25.05358     0.00000     0.00000     0.00000     0.00000     0.00000     0.00000     0.00000     0.00000
   -25.03058     0.00000     0.00000     0.00000     0.00000     0.00000     0.00000     0.00000     0.00000
   -25.00758     0.00000     0.00000     0.00000     0.00000     0.00000     0.00000     0.00000     0.00000
   -24.98358     0.00000     0.00000     0.00000     0.00000     0.00000     0.00000     0.00000     0.00000
   -24.96058     0.00000     0.00000     0.00000     0.00000     0.00000     0.00000     0.00000     0.00000
   -24.93758     0.00000     0.00000     0.00000     0.00000     0.00000     0.00000     0.00000     0.00000
   -24.91458     0.00000     0.00000     0.00000     0.00000     0.00000     0.00000     0.00000     0.00000
   -24.89158     0.00000     0.00000     0.00000     0.00000     0.00000     0.00000     0.00000     0.00000
   -24.86758     0.00000     0.00000     0.00000     0.00000     0.00000     0.00000     0.00000     0.00000
   -24.84458     0.00000     0.00000     0.00000     0.00000     0.00000     0.00000     0.00000     0.00000
   -24.82158     0.00000     0.00000     0.00000     0.00000     0.00000     0.00000     0.00000     0.00000
   -24.79858     0.00000     0.00000     0.00000     0.00000     0.00000     0.00000     0.00000     0.00000
   -24.77558     0.00000     0.00000     0.00000     0.00000     0.00000     0.00000     0.00000     0.00000
   -24.75158     0.00000     0.00000     0.00000     0.00000     0.00000     0.00000     0.00000     0.00000
   -24.72858     0.00000     0.00000     0.00000     0.00000     0.00000     0.00000     0.00000     0.00000
   -24.70558     0.00000     0.00000     0.00000     0.00000     0.00000     0.00000     0.00000     0.00000
   -24.68258     0.00000     0.00000     0.00000     0.00000     0.00000     0.00000     0.00000     0.00000
   -24.65958     0.00000     0.00000     0.00000     0.00000     0.00000     0.00000     0.00000     0.00000
   -24.63558     0.00000     0.00000     0.00000     0.00000     0.00000     0.00000     0.00000     0.00000
   -24.61258     0.00000     0.00000     0.00000     0.00000     0.00000     0.00000     0.00000     0.00000
   -24.58958     0.00000     0.00000     0.00000     0.00000     0.00000     0.00000     0.00000     0.00000
   -24.56658     0.00000     0.00000     0.00000     0.00000     0.00000     0.00000     0.00000     0.00000
   -24.54358     0.00000     0.00000     0.00000     0.00000     0.00000     0.00000     0.00000     0.00000
   -24.52058     0.00000     0.00000     0.00000     0.00000     0.00000     0.00000     0.00000     0.00000
   -24.49658     0.00000     0.00000     0.00000     0.00000     0.00000     0.00000     0.00000     0.00000
   -24.47358     0.00000     0.00000     0.00000     0.00000     0.00000     0.00000     0.00000     0.00000
   -24.45058     0.00000     0.00000     0.00000     0.00000     0.00000     0.00000     0.00000     0.00000
   -24.42758     0.00000     0.00000     0.00000     0.00000     0.00000     0.00000     0.00000     0.00000
   -24.40458     0.00000     0.00000     0.00000     0.00000     0.00000     0.00000     0.00000     0.00000
   -24.38058     0.00000     0.00000     0.00000     0.00000     0.00000     0.00000     0.00000     0.00000
   -24.35758     0.00000     0.00000     0.00000     0.00000     0.00000     0.00000     0.00000     0.00000
   -24.33458     0.00000     0.00000     0.00000     0.00000     0.00000     0.00000     0.00000     0.00000
   -24.31158     0.00000     0.00000     0.00000     0.00000     0.00000     0.00000     0.00000     0.00000
   -24.28858     0.00000     0.00000     0.00000     0.00000     0.00000     0.00000     0.00000     0.00000
   -24.26458     0.00000     0.00000     0.00000     0.00000     0.00000     0.00000     0.00000     0.00000
   -24.24158     0.00000     0.00000     0.00000     0.00000     0.00000     0.00000     0.00000     0.00000
   -24.21858     0.00000     0.00000     0.00000     0.00000     0.00000     0.00000     0.00000     0.00000
   -24.19558     0.00000     0.00000     0.00000     0.00000     0.00000     0.00000     0.00000     0.00000
   -24.17258     0.00000     0.00000     0.00000     0.00000     0.00000     0.00000     0.00000     0.00000
   -24.14858     0.00000     0.00000     0.00000     0.00000     0.00000     0.00000     0.00000     0.00000
   -24.12558     0.00000     0.00000     0.00000     0.00000     0.00000     0.00000     0.00000     0.00000
   -24.10258     0.00000     0.00000     0.00000     0.00000     0.00000     0.00000     0.00000     0.00000
   -24.07958     0.00000     0.00000     0.00000     0.00000     0.00000     0.00000     0.00000     0.00000
   -24.05658     0.00000     0.00000     0.00000     0.00000     0.00000     0.00000     0.00000     0.00000
   -24.03258     0.00000     0.00000     0.00000     0.00000     0.00000     0.00000     0.00000     0.00000
   -24.00958     0.00000     0.00000     0.00000     0.00000     0.00000     0.00000     0.00000     0.00000
   -23.98658     0.00000     0.00000     0.00000     0.00000     0.00000     0.00000     0.00000     0.00000
   -23.96358     0.00000     0.00000     0.00000     0.00000     0.00000     0.00000     0.00000     0.00000
   -23.94058     0.00000     0.00000     0.00000     0.00000     0.00000     0.00000     0.00000     0.00000
   -23.91658     0.00000     0.00000     0.00000     0.00000     0.00000     0.00000     0.00000     0.00000
   -23.89358     0.00000     0.00000     0.00000     0.00000     0.00000     0.00000     0.00000     0.00000
   -23.87058     0.00000     0.00000     0.00000     0.00000     0.00000     0.00000     0.00000     0.00000
   -23.84758     0.00000     0.00000     0.00000     0.00000     0.00000     0.00000     0.00000     0.00000
   -23.82458     0.00000     0.00000     0.00000     0.00000     0.00000     0.00000     0.00000     0.00000
   -23.80058     0.00000     0.00000     0.00000     0.00000     0.00000     0.00000     0.00000     0.00000
   -23.77758     0.00000     0.00000     0.00000     0.00000     0.00000     0.00000     0.00000     0.00000
   -23.75458     0.00000     0.00000     0.00000     0.00000     0.00000     0.00000     0.00000     0.00000
   -23.73158     0.00000     0.00000     0.00000     0.00000     0.00000     0.00000     0.00000     0.00000
   -23.70858     0.00000     0.00000     0.00000     0.00000     0.00000     0.00000     0.00000     0.00000
   -23.68458     0.00000     0.00000     0.00000     0.00000     0.00000     0.00000     0.00000     0.00000
   -23.66158     0.00000     0.00000     0.00000     0.00000     0.00000     0.00000     0.00000     0.00000
   -23.63858     0.00000     0.00000     0.00000     0.00000     0.00000     0.00000     0.00000     0.00000
   -23.61558     0.00000     0.00000     0.00000     0.00000     0.00000     0.00000     0.00000     0.00000
   -23.59258     0.00000     0.00000     0.00000     0.00000     0.00000     0.00000     0.00000     0.00000
   -23.56858     0.00000     0.00000     0.00000     0.00000     0.00000     0.00000     0.00000     0.00000
   -23.54558     0.00000     0.00000     0.00000     0.00000     0.00000     0.00000     0.00000     0.00000
   -23.52258     0.00000     0.00000     0.00000     0.00000     0.00000     0.00000     0.00000     0.00000
   -23.49958     0.00000     0.00000     0.00000     0.00000     0.00000     0.00000     0.00000     0.00000
   -23.47658     0.00000     0.00000     0.00000     0.00000     0.00000     0.00000     0.00000     0.00000
   -23.45258     0.00000     0.00000     0.00000     0.00000     0.00000     0.00000     0.00000     0.00000
   -23.42958     0.00000     0.00000     0.00000     0.00000     0.00000     0.00000     0.00000     0.00000
   -23.40658     0.00000     0.00000     0.00000     0.00000     0.00000     0.00000     0.00000     0.00000
   -23.38358     0.00000     0.00000     0.00000     0.00000     0.00000     0.00000     0.00000     0.00000
   -23.36058     0.00000     0.00000     0.00000     0.00000     0.00000     0.00000     0.00000     0.00000
   -23.33658     0.00000     0.00000     0.00000     0.00000     0.00000     0.00000     0.00000     0.00000
   -23.31358     0.00000     0.00000     0.00000     0.00000     0.00000     0.00000     0.00000     0.00000
   -23.29058     0.00000     0.00000     0.00000     0.00000     0.00000     0.00000     0.00000     0.00000
   -23.26758     0.00000     0.00000     0.00000     0.00000     0.00000     0.00000     0.00000     0.00000
   -23.24458     0.00000     0.00000     0.00000     0.00000     0.00000     0.00000     0.00000     0.00000
   -23.22058     0.00000     0.00000     0.00000     0.00000     0.00000     0.00000     0.00000     0.00000
   -23.19758     0.00000     0.00000     0.00000     0.00000     0.00000     0.00000     0.00000     0.00000
   -23.17458     0.00000     0.00000     0.00000     0.00000     0.00000     0.00000     0.00000     0.00000
   -23.15158     0.00000     0.00000     0.00000     0.00000     0.00000     0.00000     0.00000     0.00000
   -23.12858     0.00000     0.00000     0.00000     0.00000     0.00000     0.00000     0.00000     0.00000
   -23.10458     0.00000     0.00000     0.00000     0.00000     0.00000     0.00000     0.00000     0.00000
   -23.08158     0.00000     0.00000     0.00000     0.00000     0.00000     0.00000     0.00000     0.00000
   -23.05858     0.00000     0.00000     0.00000     0.00000     0.00000     0.00000     0.00000     0.00000
   -23.03558     0.00000     0.00000     0.00000     0.00000     0.00000     0.00000     0.00000     0.00000
   -23.01258     0.00000     0.00000     0.00000     0.00000     0.00000     0.00000     0.00000     0.00000
   -22.98858     0.00000     0.00000     0.00000     0.00000     0.00000     0.00000     0.00000     0.00000
   -22.96558     0.00000     0.00000     0.00000     0.00000     0.00000     0.00000     0.00000     0.00000
   -22.94258     0.00000     0.00000     0.00000     0.00000     0.00000     0.00000     0.00000     0.00000
   -22.91958     0.00000     0.00000     0.00000     0.00000     0.00000     0.00000     0.00000     0.00000
   -22.89658     0.00000     0.00000     0.00000     0.00000     0.00000     0.00000     0.00000     0.00000
   -22.87258     0.00000     0.00000     0.00000     0.00000     0.00000     0.00000     0.00000     0.00000
   -22.84958     0.00000     0.00000     0.00000     0.00000     0.00000     0.00000     0.00000     0.00000
   -22.82658     0.00000     0.00000     0.00000     0.00000     0.00000     0.00000     0.00000     0.00000
   -22.80358     0.00000     0.00000     0.00000     0.00000     0.00000     0.00000     0.00000     0.00000
   -22.78058     0.00000     0.00000     0.00000     0.00000     0.00000     0.00000     0.00000     0.00000
   -22.75658     0.00000     0.00000     0.00000     0.00000     0.00000     0.00000     0.00000     0.00000
   -22.73358     0.00000     0.00000     0.00000     0.00000     0.00000     0.00000     0.00000     0.00000
   -22.71058     0.00000     0.00000     0.00000     0.00000     0.00000     0.00000     0.00000     0.00000
   -22.68758     0.00000     0.00000     0.00000     0.00000     0.00000     0.00000     0.00000     0.00000
   -22.66458     0.00000     0.00000     0.00000     0.00000     0.00000     0.00000     0.00000     0.00000
   -22.64058     0.00000     0.00000     0.00000     0.00000     0.00000     0.00000     0.00000     0.00000
   -22.61758     0.00000     0.00000     0.00000     0.00000     0.00000     0.00000     0.00000     0.00000
   -22.59458     0.00000     0.00000     0.00000     0.00000     0.00000     0.00000     0.00000     0.00000
   -22.57158     0.00000     0.00000     0.00000     0.00000     0.00000     0.00000     0.00000     0.00000
   -22.54858     0.00000     0.00000     0.00000     0.00000     0.00000     0.00000     0.00000     0.00000
   -22.52458     0.00000     0.00000     0.00000     0.00000     0.00000     0.00000     0.00000     0.00000
   -22.50158     0.00000     0.00000     0.00000     0.00000     0.00000     0.00000     0.00000     0.00000
   -22.47858     0.00000     0.00000     0.00000     0.00000     0.00000     0.00000     0.00000     0.00000
   -22.45558     0.00000     0.00000     0.00000     0.00000     0.00000     0.00000     0.00000     0.00000
   -22.43258     0.00000     0.00000     0.00000     0.00000     0.00000     0.00000     0.00000     0.00000
   -22.40858     0.00000     0.00000     0.00000     0.00000     0.00000     0.00000     0.00000     0.00000
   -22.38558     0.00000     0.00000     0.00000     0.00000     0.00000     0.00000     0.00000     0.00000
   -22.36258     0.00000     0.00000     0.00000     0.00000     0.00000     0.00000     0.00000     0.00000
   -22.33958     0.00000     0.00000     0.00000     0.00000     0.00000     0.00000     0.00000     0.00000
   -22.31658     0.00000     0.00000     0.00000     0.00000     0.00000     0.00000     0.00000     0.00000
   -22.29258     0.00000     0.00000     0.00000     0.00000     0.00000     0.00000     0.00000     0.00000
   -22.26958     0.00000     0.00000     0.00000     0.00000     0.00000     0.00000     0.00000     0.00000
   -22.24658     0.00000     0.00000     0.00000     0.00000     0.00000     0.00000     0.00000     0.00000
   -22.22358     0.00000     0.00000     0.00000     0.00000     0.00000     0.00000     0.00000     0.00000
   -22.20058     0.00000     0.00000     0.00000     0.00000     0.00000     0.00000     0.00000     0.00000
   -22.17658     0.00000     0.00000     0.00000     0.00000     0.00000     0.00000     0.00000     0.00000
   -22.15358     0.00000     0.00000     0.00000     0.00000     0.00000     0.00000     0.00000     0.00000
   -22.13058     0.00000     0.00000     0.00000     0.00000     0.00000     0.00000     0.00000     0.00000
   -22.10758     0.00000     0.00000     0.00000     0.00000     0.00000     0.00000     0.00000     0.00000
   -22.08458     0.00000     0.00000     0.00000     0.00000     0.00000     0.00000     0.00000     0.00000
   -22.06058     0.00000     0.00000     0.00000     0.00000     0.00000     0.00000     0.00000     0.00000
   -22.03758     0.00000     0.00000     0.00000     0.00000     0.00000     0.00000     0.00000     0.00000
   -22.01458     0.00000     0.00000     0.00000     0.00000     0.00000     0.00000     0.00000     0.00000
   -21.99158     0.00000     0.00000     0.00000     0.00000     0.00000     0.00000     0.00000     0.00000
   -21.96858     0.00000     0.00000     0.00000     0.00000     0.00000     0.00000     0.00000     0.00000
   -21.94458     0.00000     0.00000     0.00000     0.00000     0.00000     0.00000     0.00000     0.00000
   -21.92158     0.00000     0.00000     0.00000     0.00000     0.00000     0.00000     0.00000     0.00000
   -21.89858     0.00000     0.00000     0.00000     0.00000     0.00000     0.00000     0.00000     0.00000
   -21.87558     0.00000     0.00000     0.00000     0.00000     0.00000     0.00000     0.00000     0.00000
   -21.85258     0.00000     0.00000     0.00000     0.00000     0.00000     0.00000     0.00000     0.00000
   -21.82958     0.00000     0.00000     0.00000     0.00000     0.00000     0.00000     0.00000     0.00000
   -21.80558     0.00000     0.00000     0.00000     0.00000     0.00000     0.00000     0.00000     0.00000
   -21.78258     0.00000     0.00000     0.00000     0.00000     0.00000     0.00000     0.00000     0.00000
   -21.75958     0.00000     0.00000     0.00000     0.00000     0.00000     0.00000     0.00000     0.00000
   -21.73658     0.00000     0.00000     0.00000     0.00000     0.00000     0.00000     0.00000     0.00000
   -21.71358     0.00000     0.00000     0.00000     0.00000     0.00000     0.00000     0.00000     0.00000
   -21.68958     0.00000     0.00000     0.00000     0.00000     0.00000     0.00000     0.00000     0.00000
   -21.66658     0.00000     0.00000     0.00000     0.00000     0.00000     0.00000     0.00000     0.00000
   -21.64358     0.00000     0.00000     0.00000     0.00000     0.00000     0.00000     0.00000     0.00000
   -21.62058     0.00000     0.00000     0.00000     0.00000     0.00000     0.00000     0.00000     0.00000
   -21.59758     0.00000     0.00000     0.00000     0.00000     0.00000     0.00000     0.00000     0.00000
   -21.57358     0.00000     0.00000     0.00000     0.00000     0.00000     0.00000     0.00000     0.00000
   -21.55058     0.00000     0.00000     0.00000     0.00000     0.00000     0.00000     0.00000     0.00000
   -21.52758     0.00000     0.00000     0.00000     0.00000     0.00000     0.00000     0.00000     0.00000
   -21.50458     0.00000     0.00000     0.00000     0.00000     0.00000     0.00000     0.00000     0.00000
   -21.48158     0.00000     0.00000     0.00000     0.00000     0.00000     0.00000     0.00000     0.00000
   -21.45758     0.00000     0.00000     0.00000     0.00000     0.00000     0.00000     0.00000     0.00000
   -21.43458     0.00000     0.00000     0.00000     0.00000     0.00000     0.00000     0.00000     0.00000
   -21.41158     0.00000     0.00000     0.00000     0.00000     0.00000     0.00000     0.00000     0.00000
   -21.38858     0.00000     0.00000     0.00000     0.00000     0.00000     0.00000     0.00000     0.00000
   -21.36558     0.00000     0.00000     0.00000     0.00000     0.00000     0.00000     0.00000     0.00000
   -21.34158     0.00000     0.00000     0.00000     0.00000     0.00000     0.00000     0.00000     0.00000
   -21.31858     0.00000     0.00000     0.00000     0.00000     0.00000     0.00000     0.00000     0.00000
   -21.29558     0.00000     0.00000     0.00000     0.00000     0.00000     0.00000     0.00000     0.00000
   -21.27258     0.00000     0.00000     0.00000     0.00000     0.00000     0.00000     0.00000     0.00000
   -21.24958     0.00000     0.00000     0.00000     0.00000     0.00000     0.00000     0.00000     0.00000
   -21.22558     0.00000     0.00000     0.00000     0.00000     0.00000     0.00000     0.00000     0.00000
   -21.20258     0.00000     0.00000     0.00000     0.00000     0.00000     0.00000     0.00000     0.00000
   -21.17958     0.00000     0.00000     0.00000     0.00000     0.00000     0.00000     0.00000     0.00000
   -21.15658     0.00000     0.00000     0.00000     0.00000     0.00000     0.00000     0.00000     0.00000
   -21.13358     0.00000     0.00000     0.00000     0.00000     0.00000     0.00000     0.00000     0.00000
   -21.10958     0.00000     0.00000     0.00000     0.00000     0.00000     0.00000     0.00000     0.00000
   -21.08658     0.00000     0.00000     0.00000     0.00000     0.00000     0.00000     0.00000     0.00000
   -21.06358     0.00000     0.00000     0.00000     0.00000     0.00000     0.00000     0.00000     0.00000
   -21.04058     0.00000     0.00000     0.00000     0.00000     0.00000     0.00000     0.00000     0.00000
   -21.01758     0.00000     0.00000     0.00000     0.00000     0.00000     0.00000     0.00000     0.00000
   -20.99358     0.00000     0.00000     0.00000     0.00000     0.00000     0.00000     0.00000     0.00000
   -20.97058     0.00000     0.00000     0.00000     0.00000     0.00000     0.00000     0.00000     0.00000
   -20.94758     0.00000     0.00000     0.00000     0.00000     0.00000     0.00000     0.00000     0.00000
   -20.92458     0.00000     0.00000     0.00000     0.00000     0.00000     0.00000     0.00000     0.00000
   -20.90158     0.00000     0.00000     0.00000     0.00000     0.00000     0.00000     0.00000     0.00000
   -20.87758     0.00000     0.00000     0.00000     0.00000     0.00000     0.00000     0.00000     0.00000
   -20.85458     0.00000     0.00000     0.00000     0.00000     0.00000     0.00000     0.00000     0.00000
   -20.83158     0.00000     0.00000     0.00000     0.00000     0.00000     0.00000     0.00000     0.00000
   -20.80858     0.00000     0.00000     0.00000     0.00000     0.00000     0.00000     0.00000     0.00000
   -20.78558     0.00000     0.00000     0.00000     0.00000     0.00000     0.00000     0.00000     0.00000
   -20.76158     0.00000     0.00000     0.00000     0.00000     0.00000     0.00000     0.00000     0.00000
   -20.73858     0.00000     0.00000     0.00000     0.00000     0.00000     0.00000     0.00000     0.00000
   -20.71558     0.00000     0.00000     0.00000     0.00000     0.00000     0.00000     0.00000     0.00000
   -20.69258     0.00000     0.00000     0.00000     0.00000     0.00000     0.00000     0.00000     0.00000
   -20.66958     0.00000     0.00000     0.00000     0.00000     0.00000     0.00000     0.00000     0.00000
   -20.64558     0.00000     0.00000     0.00000     0.00000     0.00000     0.00000     0.00000     0.00000
   -20.62258     0.00000     0.00000     0.00000     0.00000     0.00000     0.00000     0.00000     0.00000
   -20.59958     0.00000     0.00000     0.00000     0.00000     0.00000     0.00000     0.00000     0.00000
   -20.57658     0.00000     0.00000     0.00000     0.00000     0.00000     0.00000     0.00000     0.00000
   -20.55358     0.00000     0.00000     0.00000     0.00000     0.00000     0.00000     0.00000     0.00000
   -20.52958     0.00000     0.00000     0.00000     0.00000     0.00000     0.00000     0.00000     0.00000
   -20.50658     0.00000     0.00000     0.00000     0.00000     0.00000     0.00000     0.00000     0.00000
   -20.48358     0.00000     0.00000     0.00000     0.00000     0.00000     0.00000     0.00000     0.00000
   -20.46058     0.00000     0.00000     0.00000     0.00000     0.00000     0.00000     0.00000     0.00000
   -20.43758     0.00000     0.00000     0.00000     0.00000     0.00000     0.00000     0.00000     0.00000
   -20.41358     0.00000     0.00000     0.00000     0.00000     0.00000     0.00000     0.00000     0.00000
   -20.39058     0.00000     0.00000     0.00000     0.00000     0.00000     0.00000     0.00000     0.00000
   -20.36758     0.00000     0.00000     0.00000     0.00000     0.00000     0.00000     0.00000     0.00000
   -20.34458     0.00000     0.00000     0.00000     0.00000     0.00000     0.00000     0.00000     0.00000
   -20.32158     0.00000     0.00000     0.00000     0.00000     0.00000     0.00000     0.00000     0.00000
   -20.29758     0.00000     0.00000     0.00000     0.00000     0.00000     0.00000     0.00000     0.00000
   -20.27458     0.00000     0.00000     0.00000     0.00000     0.00000     0.00000     0.00000     0.00000
   -20.25158     0.00000     0.00000     0.00000     0.00000     0.00000     0.00000     0.00000     0.00000
   -20.22858     0.00000     0.00000     0.00000     0.00000     0.00000     0.00000     0.00000     0.00000
   -20.20558     0.00000     0.00000     0.00000     0.00000     0.00000     0.00000     0.00000     0.00000
   -20.18158     0.00000     0.00000     0.00000     0.00000     0.00000     0.00000     0.00000     0.00000
   -20.15858     0.00000     0.00000     0.00000     0.00000     0.00000     0.00000     0.00000     0.00000
   -20.13558     0.00000     0.00000     0.00000     0.00000     0.00000     0.00000     0.00000     0.00000
   -20.11258     0.00000     0.00000     0.00000     0.00000     0.00000     0.00000     0.00000     0.00000
   -20.08958     0.00000     0.00000     0.00000     0.00000     0.00000     0.00000     0.00000     0.00000
   -20.06558     0.00000     0.00000     0.00000     0.00000     0.00000     0.00000     0.00000     0.00000
   -20.04258     0.00000     0.00000     0.00000     0.00000     0.00000     0.00000     0.00000     0.00000
   -20.01958     0.00000     0.00000     0.00000     0.00000     0.00000     0.00000     0.00000     0.00000
   -19.99658     0.00000     0.00000     0.00000     0.00000     0.00000     0.00000     0.00000     0.00000
   -19.97358     0.00000     0.00000     0.00000     0.00000     0.00000     0.00000     0.00000     0.00000
   -19.94958     0.00000     0.00000     0.00000     0.00000     0.00000     0.00000     0.00000     0.00000
   -19.92658     0.00000     0.00000     0.00000     0.00000     0.00000     0.00000     0.00000     0.00000
   -19.90358     0.00000     0.00000     0.00000     0.00000     0.00000     0.00000     0.00000     0.00000
   -19.88058     0.00000     0.00000     0.00000     0.00000     0.00000     0.00000     0.00000     0.00000
   -19.85758     0.00000     0.00000     0.00000     0.00000     0.00000     0.00000     0.00000     0.00000
   -19.83358     0.00000     0.00000     0.00000     0.00000     0.00000     0.00000     0.00000     0.00000
   -19.81058     0.00000     0.00000     0.00000     0.00000     0.00000     0.00000     0.00000     0.00000
   -19.78758     0.00000     0.00000     0.00000     0.00000     0.00000     0.00000     0.00000     0.00000
   -19.76458     0.00000     0.00000     0.00000     0.00000     0.00000     0.00000     0.00000     0.00000
   -19.74158     0.00000     0.00000     0.00000     0.00000     0.00000     0.00000     0.00000     0.00000
   -19.71758     0.00000     0.00000     0.00000     0.00000     0.00000     0.00000     0.00001     0.00000
   -19.69458     0.00000     0.00000     0.00000     0.00000     0.00000     0.00000     0.00002     0.00000
   -19.67158     0.00000     0.00000     0.00000     0.00000     0.00000     0.00000     0.00004     0.00000
   -19.64858     0.00000     0.00000     0.00000     0.00000     0.00000     0.00000     0.00010     0.00000
   -19.62558     0.00000     0.00000     0.00000     0.00000     0.00001     0.00001     0.00020     0.00000
   -19.60158     0.00000     0.00000     0.00000     0.00000     0.00002     0.00001     0.00042     0.00000
   -19.57858     0.00000     0.00001     0.00001     0.00001     0.00004     0.00002     0.00083     0.00001
   -19.55558     0.00001     0.00001     0.00002     0.00002     0.00007     0.00005     0.00161     0.00001
   -19.53258     0.00001     0.00002     0.00003     0.00003     0.00014     0.00009     0.00305     0.00002
   -19.50958     0.00002     0.00004     0.00006     0.00006     0.00026     0.00016     0.00562     0.00004
   -19.48558     0.00003     0.00006     0.00011     0.00010     0.00046     0.00028     0.01007     0.00008
   -19.46258     0.00006     0.00011     0.00019     0.00018     0.00080     0.00049     0.01756     0.00014
   -19.43958     0.00010     0.00019     0.00031     0.00030     0.00136     0.00084     0.02982     0.00023
   -19.41658     0.00017     0.00031     0.00052     0.00050     0.00225     0.00139     0.04929     0.00039
   -19.39358     0.00027     0.00051     0.00084     0.00080     0.00362     0.00223     0.07933     0.00062
   -19.36958     0.00043     0.00079     0.00131     0.00126     0.00567     0.00350     0.12430     0.00098
   -19.34658     0.00065     0.00121     0.00200     0.00192     0.00864     0.00533     0.18950     0.00149
   -19.32358     0.00097     0.00180     0.00297     0.00285     0.01283     0.00792     0.28140     0.00221
   -19.30058     0.00140     0.00260     0.00429     0.00412     0.01854     0.01144     0.40680     0.00320
   -19.27758     0.00196     0.00365     0.00604     0.00580     0.02609     0.01610     0.57240     0.00450
   -19.25358     0.00269     0.00501     0.00827     0.00794     0.03573     0.02206     0.78400     0.00616
   -19.23058     0.00359     0.00667     0.01103     0.01059     0.04767     0.02941     1.04600     0.00822
   -19.20758     0.00466     0.00866     0.01432     0.01375     0.06187     0.03819     1.35700     0.01067
   -19.18458     0.00589     0.01095     0.01810     0.01738     0.07819     0.04826     1.71600     0.01348
   -19.16158     0.00724     0.01347     0.02227     0.02138     0.09621     0.05937     2.11100     0.01659
   -19.13758     0.00868     0.01613     0.02667     0.02562     0.11525     0.07112     2.52800     0.01986
   -19.11458     0.01012     0.01882     0.03110     0.02987     0.13438     0.08292     2.94800     0.02316
   -19.09158     0.01148     0.02136     0.03531     0.03390     0.15254     0.09414     3.34600     0.02630
   -19.06858     0.01269     0.02360     0.03902     0.03747     0.16858     0.10403     3.69800     0.02905
   -19.04558     0.01365     0.02540     0.04198     0.04031     0.18136     0.11191     3.97800     0.03125
   -19.02258     0.01430     0.02660     0.04396     0.04221     0.18994     0.11722     4.16700     0.03274
   -18.99858     0.01458     0.02712     0.04482     0.04304     0.19366     0.11950     4.24800     0.03338
   -18.97558     0.01447     0.02691     0.04449     0.04272     0.19221     0.11862     4.21600     0.03313
   -18.95258     0.01398     0.02601     0.04299     0.04128     0.18572     0.11462     4.07400     0.03201
   -18.92958     0.01315     0.02446     0.04043     0.03883     0.17470     0.10781     3.83200     0.03011
   -18.90658     0.01205     0.02240     0.03703     0.03556     0.15997     0.09873     3.50900     0.02758
   -18.88258     0.01074     0.01997     0.03301     0.03170     0.14263     0.08802     3.12900     0.02458
   -18.85958     0.00932     0.01733     0.02865     0.02751     0.12378     0.07639     2.71500     0.02133
   -18.83658     0.00787     0.01464     0.02421     0.02324     0.10458     0.06453     2.29400     0.01802
   -18.81358     0.00648     0.01204     0.01990     0.01912     0.08601     0.05308     1.88700     0.01483
   -18.79058     0.00519     0.00964     0.01594     0.01531     0.06887     0.04250     1.51100     0.01187
   -18.76658     0.00404     0.00752     0.01243     0.01193     0.05369     0.03313     1.17800     0.00925
   -18.74358     0.00307     0.00571     0.00943     0.00906     0.04073     0.02514     0.89370     0.00702
   -18.72058     0.00227     0.00421     0.00697     0.00669     0.03010     0.01857     0.66020     0.00519
   -18.69758     0.00163     0.00303     0.00501     0.00481     0.02164     0.01336     0.47480     0.00373
   -18.67458     0.00114     0.00212     0.00351     0.00337     0.01515     0.00935     0.33240     0.00261
   -18.65058     0.00078     0.00145     0.00239     0.00230     0.01033     0.00637     0.22660     0.00178
   -18.62758     0.00052     0.00096     0.00159     0.00152     0.00685     0.00423     0.15030     0.00118
   -18.60458     0.00033     0.00062     0.00102     0.00098     0.00443     0.00273     0.09711     0.00076
   -18.58158     0.00021     0.00039     0.00064     0.00062     0.00278     0.00172     0.06107     0.00048
   -18.55858     0.00013     0.00024     0.00039     0.00038     0.00170     0.00105     0.03738     0.00029
   -18.53458     0.00008     0.00014     0.00024     0.00023     0.00102     0.00063     0.02228     0.00018
   -18.51158     0.00004     0.00008     0.00014     0.00013     0.00059     0.00036     0.01293     0.00010
   -18.48858     0.00003     0.00005     0.00008     0.00007     0.00033     0.00021     0.00730     0.00006
   -18.46558     0.00001     0.00003     0.00004     0.00004     0.00018     0.00011     0.00401     0.00003
   -18.44258     0.00001     0.00001     0.00002     0.00002     0.00010     0.00006     0.00215     0.00002
   -18.41858     0.00000     0.00001     0.00001     0.00001     0.00005     0.00003     0.00112     0.00001
   -18.39558     0.00000     0.00000     0.00001     0.00001     0.00003     0.00002     0.00057     0.00000
   -18.37258     0.00000     0.00000     0.00000     0.00000     0.00001     0.00001     0.00028     0.00000
   -18.34958     0.00000     0.00000     0.00000     0.00000     0.00001     0.00000     0.00013     0.00000
   -18.32658     0.00000     0.00000     0.00000     0.00000     0.00000     0.00000     0.00006     0.00000
   -18.30258     0.00000     0.00000     0.00000     0.00000     0.00000     0.00000     0.00003     0.00000
   -18.27958     0.00000     0.00000     0.00000     0.00000     0.00000     0.00000     0.00001     0.00000
   -18.25658     0.00000     0.00000     0.00000     0.00000     0.00000     0.00000     0.00001     0.00000
   -18.23358     0.00000     0.00000     0.00000     0.00000     0.00000     0.00000     0.00000     0.00000
   -18.21058     0.00000     0.00000     0.00000     0.00000     0.00000     0.00000     0.00000     0.00000
   -18.18658     0.00000     0.00000     0.00000     0.00000     0.00000     0.00000     0.00000     0.00000
   -18.16358     0.00000     0.00000     0.00000     0.00000     0.00000     0.00000     0.00000     0.00000
   -18.14058     0.00000     0.00000     0.00000     0.00000     0.00000     0.00000     0.00000     0.00000
   -18.11758     0.00000     0.00000     0.00000     0.00000     0.00000     0.00000     0.00000     0.00000
   -18.09458     0.00000     0.00000     0.00000     0.00000     0.00000     0.00000     0.00000     0.00000
   -18.07058     0.00000     0.00000     0.00000     0.00000     0.00000     0.00000     0.00000     0.00000
   -18.04758     0.00000     0.00000     0.00000     0.00000     0.00000     0.00000     0.00000     0.00000
   -18.02458     0.00000     0.00000     0.00000     0.00000     0.00000     0.00000     0.00000     0.00000
   -18.00158     0.00000     0.00000     0.00000     0.00000     0.00000     0.00000     0.00000     0.00000
   -17.97858     0.00000     0.00000     0.00000     0.00000     0.00000     0.00000     0.00000     0.00000
   -17.95458     0.00000     0.00000     0.00000     0.00000     0.00000     0.00000     0.00000     0.00000
   -17.93158     0.00000     0.00000     0.00000     0.00000     0.00000     0.00000     0.00000     0.00000
   -17.90858     0.00000     0.00000     0.00000     0.00000     0.00000     0.00000     0.00000     0.00000
   -17.88558     0.00000     0.00000     0.00000     0.00000     0.00000     0.00000     0.00000     0.00000
   -17.86258     0.00000     0.00000     0.00000     0.00000     0.00000     0.00000     0.00000     0.00000
   -17.83858     0.00000     0.00000     0.00000     0.00000     0.00000     0.00000     0.00000     0.00000
   -17.81558     0.00000     0.00000     0.00000     0.00000     0.00000     0.00000     0.00000     0.00000
   -17.79258     0.00000     0.00000     0.00000     0.00000     0.00000     0.00000     0.00000     0.00000
   -17.76958     0.00000     0.00000     0.00000     0.00000     0.00000     0.00000     0.00000     0.00000
   -17.74658     0.00000     0.00000     0.00000     0.00000     0.00000     0.00000     0.00000     0.00000
   -17.72258     0.00000     0.00000     0.00000     0.00000     0.00000     0.00000     0.00000     0.00000
   -17.69958     0.00000     0.00000     0.00000     0.00000     0.00000     0.00000     0.00000     0.00000
   -17.67658     0.00000     0.00000     0.00000     0.00000     0.00000     0.00000     0.00000     0.00000
   -17.65358     0.00000     0.00000     0.00000     0.00000     0.00000     0.00000     0.00000     0.00000
   -17.63058     0.00000     0.00000     0.00000     0.00000     0.00000     0.00000     0.00000     0.00000
   -17.60658     0.00000     0.00000     0.00000     0.00000     0.00000     0.00000     0.00000     0.00000
   -17.58358     0.00000     0.00000     0.00000     0.00000     0.00000     0.00000     0.00000     0.00000
   -17.56058     0.00000     0.00000     0.00000     0.00000     0.00000     0.00000     0.00000     0.00000
   -17.53758     0.00000     0.00000     0.00000     0.00000     0.00000     0.00000     0.00000     0.00000
   -17.51458     0.00000     0.00000     0.00000     0.00000     0.00000     0.00000     0.00000     0.00000
   -17.49058     0.00000     0.00000     0.00000     0.00000     0.00000     0.00000     0.00000     0.00000
   -17.46758     0.00000     0.00000     0.00000     0.00000     0.00000     0.00000     0.00000     0.00000
   -17.44458     0.00000     0.00000     0.00000     0.00000     0.00000     0.00000     0.00000     0.00000
   -17.42158     0.00000     0.00000     0.00000     0.00000     0.00000     0.00000     0.00000     0.00000
   -17.39858     0.00000     0.00000     0.00000     0.00000     0.00000     0.00000     0.00000     0.00000
   -17.37458     0.00000     0.00000     0.00000     0.00000     0.00000     0.00000     0.00000     0.00000
   -17.35158     0.00000     0.00000     0.00000     0.00000     0.00000     0.00000     0.00000     0.00000
   -17.32858     0.00000     0.00000     0.00000     0.00000     0.00000     0.00000     0.00000     0.00000
   -17.30558     0.00000     0.00000     0.00000     0.00000     0.00000     0.00000     0.00000     0.00000
   -17.28258     0.00000     0.00000     0.00000     0.00000     0.00000     0.00000     0.00000     0.00000
   -17.25858     0.00000     0.00000     0.00000     0.00000     0.00000     0.00000     0.00000     0.00000
   -17.23558     0.00000     0.00000     0.00000     0.00000     0.00000     0.00000     0.00000     0.00000
   -17.21258     0.00000     0.00000     0.00000     0.00000     0.00000     0.00000     0.00000     0.00000
   -17.18958     0.00000     0.00000     0.00000     0.00000     0.00000     0.00000     0.00000     0.00000
   -17.16658     0.00000     0.00000     0.00000     0.00000     0.00000     0.00000     0.00000     0.00000
   -17.14258     0.00000     0.00000     0.00000     0.00000     0.00000     0.00000     0.00000     0.00000
   -17.11958     0.00000     0.00000     0.00000     0.00000     0.00000     0.00000     0.00000     0.00000
   -17.09658     0.00000     0.00000     0.00000     0.00000     0.00000     0.00000     0.00000     0.00000
   -17.07358     0.00000     0.00000     0.00000     0.00000     0.00000     0.00000     0.00000     0.00000
   -17.05058     0.00000     0.00000     0.00000     0.00000     0.00000     0.00000     0.00000     0.00000
   -17.02658     0.00000     0.00000     0.00000     0.00000     0.00000     0.00000     0.00000     0.00000
   -17.00358     0.00000     0.00000     0.00000     0.00000     0.00000     0.00000     0.00000     0.00000
   -16.98058     0.00000     0.00000     0.00000     0.00000     0.00000     0.00000     0.00000     0.00000
   -16.95758     0.00000     0.00000     0.00000     0.00000     0.00000     0.00000     0.00000     0.00000
   -16.93458     0.00000     0.00000     0.00000     0.00000     0.00000     0.00000     0.00000     0.00000
   -16.91058     0.00000     0.00000     0.00000     0.00000     0.00000     0.00000     0.00000     0.00000
   -16.88758     0.00000     0.00000     0.00000     0.00000     0.00000     0.00000     0.00000     0.00000
   -16.86458     0.00000     0.00000     0.00000     0.00000     0.00000     0.00000     0.00000     0.00000
   -16.84158     0.00000     0.00000     0.00000     0.00000     0.00000     0.00000     0.00000     0.00000
   -16.81858     0.00000     0.00000     0.00000     0.00000     0.00000     0.00000     0.00000     0.00000
   -16.79458     0.00000     0.00000     0.00000     0.00000     0.00000     0.00000     0.00000     0.00000
   -16.77158     0.00000     0.00000     0.00000     0.00000     0.00000     0.00000     0.00000     0.00000
   -16.74858     0.00000     0.00000     0.00000     0.00000     0.00000     0.00000     0.00000     0.00000
   -16.72558     0.00000     0.00000     0.00000     0.00000     0.00000     0.00000     0.00000     0.00000
   -16.70258     0.00000     0.00000     0.00000     0.00000     0.00000     0.00000     0.00000     0.00000
   -16.67858     0.00000     0.00000     0.00000     0.00000     0.00000     0.00000     0.00000     0.00000
   -16.65558     0.00000     0.00000     0.00000     0.00000     0.00000     0.00000     0.00000     0.00000
   -16.63258     0.00000     0.00000     0.00000     0.00000     0.00000     0.00000     0.00000     0.00000
   -16.60958     0.00000     0.00000     0.00000     0.00000     0.00000     0.00000     0.00000     0.00000
   -16.58658     0.00000     0.00000     0.00000     0.00000     0.00000     0.00000     0.00000     0.00000
   -16.56258     0.00000     0.00000     0.00000     0.00000     0.00000     0.00000     0.00000     0.00000
   -16.53958     0.00000     0.00000     0.00000     0.00000     0.00000     0.00000     0.00000     0.00000
   -16.51658     0.00000     0.00000     0.00000     0.00000     0.00000     0.00000     0.00000     0.00000
   -16.49358     0.00000     0.00000     0.00000     0.00000     0.00000     0.00000     0.00000     0.00000
   -16.47058     0.00000     0.00000     0.00000     0.00000     0.00000     0.00000     0.00000     0.00000
   -16.44658     0.00000     0.00000     0.00000     0.00000     0.00000     0.00000     0.00000     0.00000
   -16.42358     0.00000     0.00000     0.00000     0.00000     0.00000     0.00000     0.00000     0.00000
   -16.40058     0.00000     0.00000     0.00000     0.00000     0.00000     0.00000     0.00000     0.00000
   -16.37758     0.00000     0.00000     0.00000     0.00000     0.00000     0.00000     0.00000     0.00000
   -16.35458     0.00000     0.00000     0.00000     0.00000     0.00000     0.00000     0.00000     0.00000
   -16.33158     0.00000     0.00000     0.00000     0.00000     0.00000     0.00000     0.00000     0.00000
   -16.30758     0.00000     0.00000     0.00000     0.00000     0.00000     0.00000     0.00000     0.00000
   -16.28458     0.00000     0.00000     0.00000     0.00000     0.00000     0.00000     0.00000     0.00000
   -16.26158     0.00000     0.00000     0.00000     0.00000     0.00000     0.00000     0.00000     0.00000
   -16.23858     0.00000     0.00000     0.00000     0.00000     0.00000     0.00000     0.00000     0.00000
   -16.21558     0.00000     0.00000     0.00000     0.00000     0.00000     0.00000     0.00000     0.00000
   -16.19158     0.00000     0.00000     0.00000     0.00000     0.00000     0.00000     0.00000     0.00000
   -16.16858     0.00000     0.00000     0.00000     0.00000     0.00000     0.00000     0.00000     0.00000
   -16.14558     0.00000     0.00000     0.00000     0.00000     0.00000     0.00000     0.00000     0.00000
   -16.12258     0.00000     0.00000     0.00000     0.00000     0.00000     0.00000     0.00000     0.00000
   -16.09958     0.00000     0.00000     0.00000     0.00000     0.00000     0.00000     0.00000     0.00000
   -16.07558     0.00000     0.00000     0.00000     0.00000     0.00000     0.00000     0.00000     0.00000
   -16.05258     0.00000     0.00000     0.00000     0.00000     0.00000     0.00000     0.00000     0.00000
   -16.02958     0.00000     0.00000     0.00000     0.00000     0.00000     0.00000     0.00000     0.00000
   -16.00658     0.00000     0.00000     0.00000     0.00000     0.00000     0.00000     0.00000     0.00000
   -15.98358     0.00000     0.00000     0.00000     0.00000     0.00000     0.00000     0.00000     0.00000
   -15.95958     0.00000     0.00000     0.00000     0.00000     0.00000     0.00000     0.00000     0.00000
   -15.93658     0.00000     0.00000     0.00000     0.00000     0.00000     0.00000     0.00000     0.00000
   -15.91358     0.00000     0.00000     0.00000     0.00000     0.00000     0.00000     0.00000     0.00000
   -15.89058     0.00000     0.00000     0.00000     0.00000     0.00000     0.00000     0.00000     0.00000
   -15.86758     0.00000     0.00000     0.00000     0.00000     0.00000     0.00000     0.00000     0.00000
   -15.84358     0.00000     0.00000     0.00000     0.00000     0.00000     0.00000     0.00000     0.00000
   -15.82058     0.00000     0.00000     0.00000     0.00000     0.00000     0.00000     0.00000     0.00000
   -15.79758     0.00000     0.00000     0.00000     0.00000     0.00000     0.00000     0.00000     0.00000
   -15.77458     0.00000     0.00000     0.00000     0.00000     0.00000     0.00000     0.00000     0.00000
   -15.75158     0.00000     0.00000     0.00000     0.00000     0.00000     0.00000     0.00000     0.00000
   -15.72758     0.00000     0.00000     0.00000     0.00000     0.00000     0.00000     0.00000     0.00000
   -15.70458     0.00000     0.00000     0.00000     0.00000     0.00000     0.00000     0.00000     0.00000
   -15.68158     0.00000     0.00000     0.00000     0.00000     0.00000     0.00000     0.00000     0.00000
   -15.65858     0.00000     0.00000     0.00000     0.00000     0.00000     0.00000     0.00000     0.00000
   -15.63558     0.00000     0.00000     0.00000     0.00000     0.00000     0.00000     0.00000     0.00000
   -15.61158     0.00000     0.00000     0.00000     0.00000     0.00000     0.00000     0.00000     0.00000
   -15.58858     0.00000     0.00000     0.00000     0.00000     0.00000     0.00000     0.00000     0.00000
   -15.56558     0.00000     0.00000     0.00000     0.00000     0.00000     0.00000     0.00000     0.00000
   -15.54258     0.00000     0.00000     0.00000     0.00000     0.00000     0.00000     0.00000     0.00000
   -15.51958     0.00000     0.00000     0.00000     0.00000     0.00000     0.00000     0.00000     0.00000
   -15.49558     0.00000     0.00000     0.00000     0.00000     0.00000     0.00000     0.00000     0.00000
   -15.47258     0.00000     0.00000     0.00000     0.00000     0.00000     0.00000     0.00000     0.00000
   -15.44958     0.00000     0.00000     0.00000     0.00000     0.00000     0.00000     0.00000     0.00000
   -15.42658     0.00000     0.00000     0.00000     0.00000     0.00000     0.00000     0.00000     0.00000
   -15.40358     0.00000     0.00000     0.00000     0.00000     0.00000     0.00000     0.00000     0.00000
   -15.37958     0.00000     0.00000     0.00000     0.00000     0.00000     0.00000     0.00000     0.00000
   -15.35658     0.00000     0.00000     0.00000     0.00000     0.00000     0.00000     0.00000     0.00000
   -15.33358     0.00000     0.00000     0.00000     0.00000     0.00000     0.00000     0.00000     0.00000
   -15.31058     0.00000     0.00000     0.00000     0.00000     0.00000     0.00000     0.00000     0.00000
   -15.28758     0.00000     0.00000     0.00000     0.00000     0.00000     0.00000     0.00000     0.00000
   -15.26358     0.00000     0.00000     0.00000     0.00000     0.00000     0.00000     0.00000     0.00000
   -15.24058     0.00000     0.00000     0.00000     0.00000     0.00000     0.00000     0.00000     0.00000
   -15.21758     0.00000     0.00000     0.00000     0.00000     0.00000     0.00000     0.00000     0.00000
   -15.19458     0.00000     0.00000     0.00000     0.00000     0.00000     0.00000     0.00000     0.00000
   -15.17158     0.00000     0.00000     0.00000     0.00000     0.00000     0.00000     0.00000     0.00000
   -15.14758     0.00000     0.00000     0.00000     0.00000     0.00000     0.00000     0.00000     0.00000
   -15.12458     0.00000     0.00000     0.00000     0.00000     0.00000     0.00000     0.00000     0.00000
   -15.10158     0.00000     0.00000     0.00000     0.00000     0.00000     0.00000     0.00000     0.00000
   -15.07858     0.00000     0.00000     0.00000     0.00000     0.00000     0.00000     0.00000     0.00000
   -15.05558     0.00000     0.00000     0.00000     0.00000     0.00000     0.00000     0.00000     0.00000
   -15.03158     0.00000     0.00000     0.00000     0.00000     0.00000     0.00000     0.00000     0.00000
   -15.00858     0.00000     0.00000     0.00000     0.00000     0.00000     0.00000     0.00000     0.00000
   -14.98558     0.00000     0.00000     0.00000     0.00000     0.00000     0.00000     0.00000     0.00000
   -14.96258     0.00000     0.00000     0.00000     0.00000     0.00000     0.00000     0.00000     0.00000
   -14.93958     0.00000     0.00000     0.00000     0.00000     0.00000     0.00000     0.00000     0.00000
   -14.91558     0.00000     0.00000     0.00000     0.00000     0.00000     0.00000     0.00000     0.00000
   -14.89258     0.00000     0.00000     0.00000     0.00000     0.00000     0.00000     0.00000     0.00000
   -14.86958     0.00000     0.00000     0.00000     0.00000     0.00000     0.00000     0.00000     0.00000
   -14.84658     0.00000     0.00000     0.00000     0.00000     0.00000     0.00000     0.00000     0.00000
   -14.82358     0.00000     0.00000     0.00000     0.00000     0.00000     0.00000     0.00000     0.00000
   -14.79958     0.00000     0.00000     0.00000     0.00000     0.00000     0.00000     0.00000     0.00000
   -14.77658     0.00000     0.00000     0.00000     0.00000     0.00000     0.00000     0.00000     0.00000
   -14.75358     0.00000     0.00000     0.00000     0.00000     0.00000     0.00000     0.00000     0.00000
   -14.73058     0.00000     0.00000     0.00000     0.00000     0.00000     0.00000     0.00000     0.00000
   -14.70758     0.00000     0.00000     0.00000     0.00000     0.00000     0.00000     0.00000     0.00000
   -14.68358     0.00000     0.00000     0.00000     0.00000     0.00000     0.00000     0.00000     0.00000
   -14.66058     0.00000     0.00000     0.00000     0.00000     0.00000     0.00000     0.00000     0.00000
   -14.63758     0.00000     0.00000     0.00000     0.00000     0.00000     0.00000     0.00000     0.00000
   -14.61458     0.00000     0.00000     0.00000     0.00000     0.00000     0.00000     0.00000     0.00000
   -14.59158     0.00000     0.00000     0.00000     0.00000     0.00000     0.00000     0.00000     0.00000
   -14.56758     0.00000     0.00000     0.00000     0.00000     0.00000     0.00000     0.00000     0.00000
   -14.54458     0.00000     0.00000     0.00000     0.00000     0.00000     0.00000     0.00000     0.00000
   -14.52158     0.00000     0.00000     0.00000     0.00000     0.00000     0.00000     0.00000     0.00000
   -14.49858     0.00000     0.00000     0.00000     0.00000     0.00000     0.00000     0.00000     0.00000
   -14.47558     0.00000     0.00000     0.00000     0.00000     0.00000     0.00000     0.00000     0.00000
   -14.45158     0.00000     0.00000     0.00000     0.00000     0.00000     0.00000     0.00000     0.00000
   -14.42858     0.00000     0.00000     0.00000     0.00000     0.00000     0.00000     0.00000     0.00000
   -14.40558     0.00000     0.00000     0.00000     0.00000     0.00000     0.00000     0.00000     0.00000
   -14.38258     0.00000     0.00000     0.00000     0.00000     0.00000     0.00000     0.00000     0.00000
   -14.35958     0.00000     0.00000     0.00000     0.00000     0.00000     0.00000     0.00000     0.00000
   -14.33558     0.00000     0.00000     0.00000     0.00000     0.00000     0.00000     0.00000     0.00000
   -14.31258     0.00000     0.00000     0.00000     0.00000     0.00000     0.00000     0.00000     0.00000
   -14.28958     0.00000     0.00000     0.00000     0.00000     0.00000     0.00000     0.00000     0.00000
   -14.26658     0.00000     0.00000     0.00000     0.00000     0.00000     0.00000     0.00000     0.00000
   -14.24358     0.00000     0.00000     0.00000     0.00000     0.00000     0.00000     0.00000     0.00000
   -14.21958     0.00000     0.00000     0.00000     0.00000     0.00000     0.00000     0.00000     0.00000
   -14.19658     0.00000     0.00000     0.00000     0.00000     0.00000     0.00000     0.00000     0.00000
   -14.17358     0.00000     0.00000     0.00000     0.00000     0.00000     0.00000     0.00000     0.00000
   -14.15058     0.00000     0.00000     0.00000     0.00000     0.00000     0.00000     0.00000     0.00000
   -14.12758     0.00000     0.00000     0.00000     0.00000     0.00000     0.00000     0.00000     0.00000
   -14.10358     0.00000     0.00000     0.00000     0.00000     0.00000     0.00000     0.00000     0.00000
   -14.08058     0.00000     0.00000     0.00000     0.00000     0.00000     0.00000     0.00000     0.00000
   -14.05758     0.00000     0.00000     0.00000     0.00000     0.00000     0.00000     0.00000     0.00000
   -14.03458     0.00000     0.00000     0.00000     0.00000     0.00000     0.00000     0.00000     0.00000
   -14.01158     0.00000     0.00000     0.00000     0.00000     0.00000     0.00000     0.00000     0.00000
   -13.98758     0.00000     0.00000     0.00000     0.00000     0.00000     0.00000     0.00000     0.00000
   -13.96458     0.00000     0.00000     0.00000     0.00000     0.00000     0.00000     0.00000     0.00000
   -13.94158     0.00000     0.00000     0.00000     0.00000     0.00000     0.00000     0.00000     0.00000
   -13.91858     0.00000     0.00000     0.00000     0.00000     0.00000     0.00000     0.00000     0.00000
   -13.89558     0.00000     0.00000     0.00000     0.00000     0.00000     0.00000     0.00000     0.00000
   -13.87158     0.00000     0.00000     0.00000     0.00000     0.00000     0.00000     0.00000     0.00000
   -13.84858     0.00000     0.00000     0.00000     0.00000     0.00000     0.00000     0.00000     0.00000
   -13.82558     0.00000     0.00000     0.00000     0.00000     0.00000     0.00000     0.00000     0.00000
   -13.80258     0.00000     0.00000     0.00000     0.00000     0.00000     0.00000     0.00000     0.00000
   -13.77958     0.00000     0.00000     0.00000     0.00000     0.00000     0.00000     0.00000     0.00000
   -13.75558     0.00000     0.00000     0.00000     0.00000     0.00000     0.00000     0.00000     0.00000
   -13.73258     0.00000     0.00000     0.00000     0.00000     0.00000     0.00000     0.00000     0.00000
   -13.70958     0.00000     0.00000     0.00000     0.00000     0.00000     0.00000     0.00000     0.00000
   -13.68658     0.00000     0.00000     0.00000     0.00000     0.00000     0.00000     0.00000     0.00000
   -13.66358     0.00000     0.00000     0.00000     0.00000     0.00000     0.00000     0.00000     0.00000
   -13.64058     0.00000     0.00000     0.00000     0.00000     0.00000     0.00000     0.00000     0.00000
   -13.61658     0.00000     0.00000     0.00000     0.00000     0.00000     0.00000     0.00000     0.00000
   -13.59358     0.00000     0.00000     0.00000     0.00000     0.00000     0.00000     0.00000     0.00000
   -13.57058     0.00000     0.00000     0.00000     0.00000     0.00000     0.00000     0.00000     0.00000
   -13.54758     0.00000     0.00000     0.00000     0.00000     0.00000     0.00000     0.00000     0.00000
   -13.52458     0.00000     0.00000     0.00000     0.00000     0.00000     0.00000     0.00000     0.00000
   -13.50058     0.00000     0.00000     0.00000     0.00000     0.00000     0.00000     0.00000     0.00000
   -13.47758     0.00000     0.00000     0.00000     0.00000     0.00000     0.00000     0.00000     0.00000
   -13.45458     0.00000     0.00000     0.00000     0.00000     0.00000     0.00000     0.00000     0.00000
   -13.43158     0.00000     0.00000     0.00000     0.00000     0.00000     0.00000     0.00000     0.00000
   -13.40858     0.00000     0.00000     0.00000     0.00000     0.00000     0.00000     0.00000     0.00000
   -13.38458     0.00000     0.00000     0.00000     0.00000     0.00000     0.00000     0.00000     0.00000
   -13.36158     0.00000     0.00000     0.00000     0.00000     0.00000     0.00000     0.00000     0.00000
   -13.33858     0.00000     0.00000     0.00000     0.00000     0.00000     0.00000     0.00000     0.00000
   -13.31558     0.00000     0.00000     0.00000     0.00000     0.00000     0.00000     0.00000     0.00000
   -13.29258     0.00000     0.00000     0.00000     0.00000     0.00000     0.00000     0.00000     0.00000
   -13.26858     0.00000     0.00000     0.00000     0.00000     0.00000     0.00000     0.00000     0.00000
   -13.24558     0.00000     0.00000     0.00000     0.00000     0.00000     0.00000     0.00000     0.00000
   -13.22258     0.00000     0.00000     0.00000     0.00000     0.00000     0.00000     0.00000     0.00000
   -13.19958     0.00000     0.00000     0.00000     0.00000     0.00000     0.00000     0.00000     0.00000
   -13.17658     0.00000     0.00000     0.00000     0.00000     0.00000     0.00000     0.00000     0.00000
   -13.15258     0.00000     0.00000     0.00000     0.00000     0.00000     0.00000     0.00000     0.00000
   -13.12958     0.00000     0.00000     0.00000     0.00000     0.00000     0.00000     0.00000     0.00000
   -13.10658     0.00000     0.00000     0.00000     0.00000     0.00000     0.00000     0.00000     0.00000
   -13.08358     0.00000     0.00000     0.00000     0.00000     0.00000     0.00000     0.00000     0.00000
   -13.06058     0.00000     0.00000     0.00000     0.00000     0.00000     0.00000     0.00000     0.00000
   -13.03658     0.00000     0.00000     0.00000     0.00000     0.00000     0.00000     0.00000     0.00000
   -13.01358     0.00000     0.00000     0.00000     0.00000     0.00000     0.00000     0.00000     0.00000
   -12.99058     0.00000     0.00000     0.00000     0.00000     0.00000     0.00000     0.00000     0.00000
   -12.96758     0.00000     0.00000     0.00000     0.00000     0.00000     0.00000     0.00000     0.00000
   -12.94458     0.00000     0.00000     0.00000     0.00000     0.00000     0.00000     0.00000     0.00000
   -12.92058     0.00000     0.00000     0.00000     0.00000     0.00000     0.00000     0.00000     0.00000
   -12.89758     0.00000     0.00000     0.00000     0.00000     0.00000     0.00000     0.00000     0.00000
   -12.87458     0.00000     0.00000     0.00000     0.00000     0.00000     0.00000     0.00000     0.00000
   -12.85158     0.00000     0.00000     0.00000     0.00000     0.00000     0.00000     0.00000     0.00000
   -12.82858     0.00000     0.00000     0.00000     0.00000     0.00000     0.00000     0.00000     0.00000
   -12.80458     0.00000     0.00000     0.00000     0.00000     0.00000     0.00000     0.00000     0.00000
   -12.78158     0.00000     0.00000     0.00000     0.00000     0.00000     0.00000     0.00000     0.00000
   -12.75858     0.00000     0.00000     0.00000     0.00000     0.00000     0.00000     0.00000     0.00000
   -12.73558     0.00000     0.00000     0.00000     0.00000     0.00000     0.00000     0.00000     0.00000
   -12.71258     0.00000     0.00000     0.00000     0.00000     0.00000     0.00000     0.00000     0.00000
   -12.68858     0.00000     0.00000     0.00000     0.00000     0.00000     0.00000     0.00000     0.00000
   -12.66558     0.00000     0.00000     0.00000     0.00000     0.00000     0.00000     0.00000     0.00000
   -12.64258     0.00000     0.00000     0.00000     0.00000     0.00000     0.00000     0.00000     0.00000
   -12.61958     0.00000     0.00000     0.00000     0.00000     0.00000     0.00000     0.00000     0.00000
   -12.59658     0.00000     0.00000     0.00000     0.00000     0.00000     0.00000     0.00000     0.00000
   -12.57258     0.00000     0.00000     0.00000     0.00000     0.00000     0.00000     0.00000     0.00000
   -12.54958     0.00000     0.00000     0.00000     0.00000     0.00000     0.00000     0.00000     0.00000
   -12.52658     0.00000     0.00000     0.00000     0.00000     0.00000     0.00000     0.00000     0.00000
   -12.50358     0.00000     0.00000     0.00000     0.00000     0.00000     0.00000     0.00000     0.00000
   -12.48058     0.00000     0.00000     0.00000     0.00000     0.00000     0.00000     0.00000     0.00000
   -12.45658     0.00000     0.00000     0.00000     0.00000     0.00000     0.00000     0.00000     0.00000
   -12.43358     0.00000     0.00000     0.00000     0.00000     0.00000     0.00000     0.00000     0.00000
   -12.41058     0.00000     0.00000     0.00000     0.00000     0.00000     0.00000     0.00000     0.00000
   -12.38758     0.00000     0.00000     0.00000     0.00000     0.00000     0.00000     0.00000     0.00000
   -12.36458     0.00000     0.00000     0.00000     0.00000     0.00000     0.00000     0.00000     0.00000
   -12.34058     0.00000     0.00000     0.00000     0.00000     0.00000     0.00000     0.00000     0.00000
   -12.31758     0.00000     0.00000     0.00000     0.00000     0.00000     0.00000     0.00000     0.00000
   -12.29458     0.00000     0.00000     0.00000     0.00000     0.00000     0.00000     0.00000     0.00000
   -12.27158     0.00000     0.00000     0.00000     0.00000     0.00000     0.00000     0.00000     0.00000
   -12.24858     0.00000     0.00000     0.00000     0.00000     0.00000     0.00000     0.00000     0.00000
   -12.22458     0.00000     0.00000     0.00000     0.00000     0.00000     0.00000     0.00000     0.00000
   -12.20158     0.00000     0.00000     0.00000     0.00000     0.00000     0.00000     0.00000     0.00000
   -12.17858     0.00000     0.00000     0.00000     0.00000     0.00000     0.00000     0.00000     0.00000
   -12.15558     0.00000     0.00000     0.00000     0.00000     0.00000     0.00000     0.00000     0.00000
   -12.13258     0.00000     0.00000     0.00000     0.00000     0.00000     0.00000     0.00000     0.00000
   -12.10858     0.00000     0.00000     0.00000     0.00000     0.00000     0.00000     0.00000     0.00000
   -12.08558     0.00000     0.00000     0.00000     0.00000     0.00000     0.00000     0.00000     0.00000
   -12.06258     0.00000     0.00000     0.00000     0.00000     0.00000     0.00000     0.00000     0.00000
   -12.03958     0.00000     0.00000     0.00000     0.00000     0.00000     0.00000     0.00000     0.00000
   -12.01658     0.00000     0.00000     0.00000     0.00000     0.00000     0.00000     0.00000     0.00000
   -11.99258     0.00000     0.00000     0.00000     0.00000     0.00000     0.00000     0.00000     0.00000
   -11.96958     0.00000     0.00000     0.00000     0.00000     0.00000     0.00000     0.00000     0.00000
   -11.94658     0.00000     0.00000     0.00000     0.00000     0.00000     0.00000     0.00000     0.00000
   -11.92358     0.00000     0.00000     0.00000     0.00000     0.00000     0.00000     0.00000     0.00000
   -11.90058     0.00000     0.00000     0.00000     0.00000     0.00000     0.00000     0.00000     0.00000
   -11.87658     0.00000     0.00000     0.00000     0.00000     0.00000     0.00000     0.00000     0.00000
   -11.85358     0.00000     0.00000     0.00000     0.00000     0.00000     0.00000     0.00000     0.00000
   -11.83058     0.00000     0.00000     0.00000     0.00000     0.00000     0.00000     0.00000     0.00000
   -11.80758     0.00000     0.00000     0.00000     0.00000     0.00000     0.00000     0.00000     0.00000
   -11.78458     0.00000     0.00000     0.00000     0.00000     0.00000     0.00000     0.00000     0.00000
   -11.76058     0.00000     0.00000     0.00000     0.00000     0.00000     0.00000     0.00000     0.00000
   -11.73758     0.00000     0.00000     0.00000     0.00000     0.00000     0.00000     0.00000     0.00000
   -11.71458     0.00000     0.00000     0.00000     0.00000     0.00000     0.00000     0.00000     0.00000
   -11.69158     0.00000     0.00000     0.00000     0.00000     0.00000     0.00000     0.00000     0.00000
   -11.66858     0.00000     0.00000     0.00000     0.00000     0.00000     0.00000     0.00000     0.00000
   -11.64458     0.00000     0.00000     0.00000     0.00000     0.00000     0.00000     0.00000     0.00000
   -11.62158     0.00000     0.00000     0.00000     0.00000     0.00000     0.00000     0.00000     0.00000
   -11.59858     0.00000     0.00000     0.00000     0.00000     0.00000     0.00000     0.00000     0.00000
   -11.57558     0.00000     0.00000     0.00000     0.00000     0.00000     0.00000     0.00000     0.00000
   -11.55258     0.00000     0.00000     0.00000     0.00000     0.00000     0.00000     0.00000     0.00000
   -11.52858     0.00000     0.00000     0.00000     0.00000     0.00000     0.00000     0.00000     0.00000
   -11.50558     0.00000     0.00000     0.00000     0.00000     0.00000     0.00000     0.00000     0.00000
   -11.48258     0.00000     0.00000     0.00000     0.00000     0.00000     0.00000     0.00000     0.00000
   -11.45958     0.00000     0.00000     0.00000     0.00000     0.00000     0.00000     0.00000     0.00000
   -11.43658     0.00000     0.00000     0.00000     0.00000     0.00000     0.00000     0.00000     0.00000
   -11.41258     0.00000     0.00000     0.00000     0.00000     0.00000     0.00000     0.00000     0.00000
   -11.38958     0.00000     0.00000     0.00000     0.00000     0.00000     0.00000     0.00000     0.00000
   -11.36658     0.00000     0.00000     0.00000     0.00000     0.00000     0.00000     0.00000     0.00000
   -11.34358     0.00000     0.00000     0.00000     0.00000     0.00000     0.00000     0.00000     0.00000
   -11.32058     0.00000     0.00000     0.00000     0.00000     0.00000     0.00000     0.00000     0.00000
   -11.29658     0.00000     0.00000     0.00000     0.00000     0.00000     0.00000     0.00000     0.00000
   -11.27358     0.00000     0.00000     0.00000     0.00000     0.00000     0.00000     0.00000     0.00000
   -11.25058     0.00000     0.00000     0.00000     0.00000     0.00000     0.00000     0.00000     0.00000
   -11.22758     0.00000     0.00000     0.00000     0.00000     0.00000     0.00000     0.00000     0.00000
   -11.20458     0.00000     0.00000     0.00000     0.00000     0.00000     0.00000     0.00000     0.00000
   -11.18058     0.00000     0.00000     0.00000     0.00000     0.00000     0.00000     0.00000     0.00000
   -11.15758     0.00000     0.00000     0.00000     0.00000     0.00000     0.00000     0.00000     0.00000
   -11.13458     0.00000     0.00000     0.00000     0.00000     0.00000     0.00000     0.00000     0.00000
   -11.11158     0.00000     0.00000     0.00000     0.00000     0.00000     0.00000     0.00000     0.00000
   -11.08858     0.00000     0.00000     0.00000     0.00000     0.00000     0.00000     0.00000     0.00000
   -11.06458     0.00000     0.00000     0.00000     0.00000     0.00000     0.00000     0.00000     0.00000
   -11.04158     0.00000     0.00000     0.00000     0.00000     0.00000     0.00000     0.00000     0.00000
   -11.01858     0.00000     0.00000     0.00000     0.00000     0.00000     0.00000     0.00000     0.00000
   -10.99558     0.00000     0.00000     0.00000     0.00000     0.00000     0.00000     0.00000     0.00000
   -10.97258     0.00000     0.00000     0.00000     0.00000     0.00000     0.00000     0.00000     0.00000
   -10.94958     0.00000     0.00000     0.00000     0.00000     0.00000     0.00000     0.00000     0.00000
   -10.92558     0.00000     0.00000     0.00000     0.00000     0.00000     0.00000     0.00000     0.00000
   -10.90258     0.00000     0.00000     0.00000     0.00000     0.00000     0.00000     0.00000     0.00000
   -10.87958     0.00000     0.00000     0.00000     0.00000     0.00000     0.00000     0.00000     0.00000
   -10.85658     0.00000     0.00000     0.00000     0.00000     0.00000     0.00000     0.00000     0.00000
   -10.83358     0.00000     0.00000     0.00000     0.00000     0.00000     0.00000     0.00000     0.00000
   -10.80958     0.00000     0.00000     0.00000     0.00000     0.00000     0.00000     0.00000     0.00000
   -10.78658     0.00000     0.00000     0.00000     0.00000     0.00000     0.00000     0.00000     0.00000
   -10.76358     0.00000     0.00000     0.00000     0.00000     0.00000     0.00000     0.00000     0.00000
   -10.74058     0.00000     0.00000     0.00000     0.00000     0.00000     0.00000     0.00000     0.00000
   -10.71758     0.00000     0.00000     0.00000     0.00000     0.00000     0.00000     0.00000     0.00000
   -10.69358     0.00000     0.00000     0.00000     0.00000     0.00000     0.00000     0.00000     0.00000
   -10.67058     0.00000     0.00000     0.00000     0.00000     0.00000     0.00000     0.00000     0.00000
   -10.64758     0.00000     0.00000     0.00000     0.00000     0.00000     0.00000     0.00000     0.00000
   -10.62458     0.00000     0.00000     0.00000     0.00000     0.00000     0.00000     0.00000     0.00000
   -10.60158     0.00000     0.00000     0.00000     0.00000     0.00000     0.00000     0.00000     0.00000
   -10.57758     0.00000     0.00000     0.00000     0.00000     0.00000     0.00000     0.00000     0.00000
   -10.55458     0.00000     0.00000     0.00000     0.00000     0.00000     0.00000     0.00000     0.00000
   -10.53158     0.00000     0.00000     0.00000     0.00000     0.00000     0.00000     0.00000     0.00000
   -10.50858     0.00000     0.00000     0.00000     0.00000     0.00000     0.00000     0.00000     0.00000
   -10.48558     0.00000     0.00000     0.00000     0.00000     0.00000     0.00000     0.00000     0.00000
   -10.46158     0.00000     0.00000     0.00000     0.00000     0.00000     0.00000     0.00000     0.00000
   -10.43858     0.00000     0.00000     0.00000     0.00000     0.00000     0.00000     0.00000     0.00000
   -10.41558     0.00000     0.00000     0.00000     0.00000     0.00000     0.00000     0.00000     0.00000
   -10.39258     0.00000     0.00000     0.00000     0.00000     0.00000     0.00000     0.00000     0.00000
   -10.36958     0.00000     0.00000     0.00000     0.00000     0.00000     0.00000     0.00000     0.00000
   -10.34558     0.00000     0.00000     0.00000     0.00000     0.00000     0.00000     0.00000     0.00000
   -10.32258     0.00000     0.00000     0.00000     0.00000     0.00000     0.00000     0.00000     0.00000
   -10.29958     0.00000     0.00000     0.00000     0.00000     0.00000     0.00000     0.00000     0.00000
   -10.27658     0.00000     0.00000     0.00000     0.00000     0.00000     0.00000     0.00000     0.00000
   -10.25358     0.00000     0.00000     0.00000     0.00000     0.00000     0.00000     0.00000     0.00000
   -10.22958     0.00000     0.00000     0.00000     0.00000     0.00000     0.00000     0.00000     0.00000
   -10.20658     0.00000     0.00000     0.00000     0.00000     0.00000     0.00000     0.00000     0.00000
   -10.18358     0.00000     0.00000     0.00000     0.00000     0.00000     0.00000     0.00000     0.00000
   -10.16058     0.00000     0.00000     0.00000     0.00000     0.00000     0.00000     0.00000     0.00000
   -10.13758     0.00000     0.00000     0.00000     0.00000     0.00000     0.00000     0.00000     0.00000
   -10.11358     0.00000     0.00000     0.00000     0.00000     0.00000     0.00000     0.00000     0.00000
   -10.09058     0.00000     0.00000     0.00000     0.00000     0.00000     0.00000     0.00000     0.00000
   -10.06758     0.00000     0.00000     0.00000     0.00000     0.00000     0.00000     0.00000     0.00000
   -10.04458     0.00000     0.00000     0.00000     0.00000     0.00000     0.00000     0.00000     0.00000
   -10.02158     0.00000     0.00000     0.00000     0.00000     0.00000     0.00000     0.00000     0.00000
    -9.99758     0.00000     0.00000     0.00000     0.00000     0.00000     0.00000     0.00000     0.00000
    -9.97458     0.00000     0.00000     0.00000     0.00000     0.00000     0.00000     0.00000     0.00000
    -9.95158     0.00000     0.00000     0.00000     0.00000     0.00000     0.00000     0.00000     0.00000
    -9.92858     0.00000     0.00000     0.00000     0.00000     0.00000     0.00000     0.00000     0.00000
    -9.90558     0.00000     0.00000     0.00000     0.00000     0.00000     0.00000     0.00000     0.00000
    -9.88158     0.00000     0.00000     0.00000     0.00000     0.00000     0.00000     0.00000     0.00000
    -9.85858     0.00000     0.00000     0.00000     0.00000     0.00000     0.00000     0.00000     0.00000
    -9.83558     0.00000     0.00000     0.00000     0.00000     0.00000     0.00000     0.00000     0.00000
    -9.81258     0.00000     0.00000     0.00000     0.00000     0.00000     0.00000     0.00000     0.00000
    -9.78958     0.00000     0.00000     0.00000     0.00000     0.00000     0.00000     0.00000     0.00000
    -9.76558     0.00000     0.00000     0.00000     0.00000     0.00000     0.00000     0.00000     0.00000
    -9.74258     0.00000     0.00000     0.00000     0.00000     0.00000     0.00000     0.00000     0.00000
    -9.71958     0.00000     0.00000     0.00000     0.00000     0.00000     0.00000     0.00000     0.00000
    -9.69658     0.00000     0.00000     0.00000     0.00000     0.00000     0.00000     0.00000     0.00000
    -9.67358     0.00000     0.00000     0.00000     0.00000     0.00000     0.00000     0.00000     0.00000
    -9.64958     0.00000     0.00000     0.00000     0.00000     0.00000     0.00000     0.00000     0.00000
    -9.62658     0.00000     0.00000     0.00000     0.00000     0.00000     0.00000     0.00000     0.00000
    -9.60358     0.00000     0.00000     0.00000     0.00000     0.00000     0.00000     0.00000     0.00000
    -9.58058     0.00000     0.00000     0.00000     0.00000     0.00000     0.00000     0.00000     0.00000
    -9.55758     0.00000     0.00000     0.00000     0.00000     0.00000     0.00000     0.00000     0.00000
    -9.53358     0.00000     0.00000     0.00000     0.00000     0.00000     0.00000     0.00000     0.00000
    -9.51058     0.00000     0.00000     0.00000     0.00000     0.00000     0.00000     0.00000     0.00000
    -9.48758     0.00000     0.00000     0.00000     0.00000     0.00000     0.00000     0.00000     0.00000
    -9.46458     0.00000     0.00000     0.00000     0.00000     0.00000     0.00000     0.00000     0.00000
    -9.44158     0.00000     0.00000     0.00000     0.00000     0.00000     0.00000     0.00000     0.00000
    -9.41758     0.00000     0.00000     0.00000     0.00000     0.00000     0.00000     0.00000     0.00000
    -9.39458     0.00000     0.00000     0.00000     0.00000     0.00000     0.00000     0.00000     0.00000
    -9.37158     0.00000     0.00000     0.00000     0.00000     0.00000     0.00000     0.00000     0.00000
    -9.34858     0.00000     0.00000     0.00000     0.00000     0.00000     0.00000     0.00000     0.00000
    -9.32558     0.00000     0.00000     0.00000     0.00000     0.00000     0.00000     0.00000     0.00000
    -9.30158     0.00000     0.00000     0.00000     0.00000     0.00000     0.00000     0.00000     0.00000
    -9.27858     0.00000     0.00000     0.00000     0.00000     0.00000     0.00000     0.00000     0.00000
    -9.25558     0.00000     0.00000     0.00000     0.00000     0.00000     0.00000     0.00000     0.00000
    -9.23258     0.00000     0.00000     0.00000     0.00000     0.00000     0.00000     0.00000     0.00000
    -9.20958     0.00000     0.00000     0.00000     0.00000     0.00000     0.00000     0.00000     0.00000
    -9.18558     0.00000     0.00000     0.00000     0.00000     0.00000     0.00000     0.00000     0.00000
    -9.16258     0.00000     0.00000     0.00000     0.00000     0.00000     0.00000     0.00000     0.00000
    -9.13958     0.00000     0.00000     0.00000     0.00000     0.00000     0.00000     0.00000     0.00000
    -9.11658     0.00000     0.00000     0.00000     0.00000     0.00000     0.00000     0.00000     0.00000
    -9.09358     0.00000     0.00000     0.00000     0.00000     0.00000     0.00000     0.00000     0.00000
    -9.06958     0.00000     0.00000     0.00000     0.00000     0.00000     0.00000     0.00000     0.00000
    -9.04658     0.00000     0.00000     0.00000     0.00000     0.00000     0.00000     0.00000     0.00000
    -9.02358     0.00000     0.00000     0.00000     0.00000     0.00000     0.00000     0.00000     0.00000
    -9.00058     0.00000     0.00000     0.00000     0.00000     0.00000     0.00000     0.00000     0.00000
    -8.97758     0.00000     0.00000     0.00000     0.00000     0.00000     0.00000     0.00000     0.00000
    -8.95358     0.00000     0.00000     0.00000     0.00000     0.00000     0.00000     0.00000     0.00000
    -8.93058     0.00000     0.00000     0.00000     0.00000     0.00000     0.00000     0.00000     0.00000
    -8.90758     0.00000     0.00000     0.00000     0.00000     0.00000     0.00000     0.00000     0.00000
    -8.88458     0.00000     0.00000     0.00000     0.00000     0.00000     0.00000     0.00000     0.00000
    -8.86158     0.00000     0.00000     0.00000     0.00000     0.00000     0.00000     0.00000     0.00000
    -8.83758     0.00000     0.00000     0.00000     0.00000     0.00000     0.00000     0.00000     0.00000
    -8.81458     0.00000     0.00000     0.00000     0.00000     0.00000     0.00000     0.00000     0.00000
    -8.79158     0.00000     0.00000     0.00000     0.00000     0.00000     0.00000     0.00000     0.00000
    -8.76858     0.00000     0.00000     0.00000     0.00000     0.00000     0.00000     0.00000     0.00000
    -8.74558     0.00000     0.00000     0.00000     0.00000     0.00000     0.00000     0.00000     0.00000
    -8.72158     0.00000     0.00000     0.00000     0.00000     0.00000     0.00000     0.00000     0.00000
    -8.69858     0.00000     0.00000     0.00000     0.00000     0.00000     0.00000     0.00000     0.00000
    -8.67558     0.00000     0.00000     0.00000     0.00000     0.00000     0.00000     0.00000     0.00000
    -8.65258     0.00000     0.00000     0.00000     0.00000     0.00000     0.00000     0.00000     0.00000
    -8.62958     0.00000     0.00000     0.00000     0.00000     0.00000     0.00000     0.00000     0.00000
    -8.60558     0.00000     0.00000     0.00000     0.00000     0.00000     0.00000     0.00000     0.00000
    -8.58258     0.00000     0.00000     0.00000     0.00000     0.00000     0.00000     0.00000     0.00000
    -8.55958     0.00000     0.00000     0.00000     0.00000     0.00000     0.00000     0.00000     0.00000
    -8.53658     0.00000     0.00000     0.00000     0.00000     0.00000     0.00000     0.00000     0.00000
    -8.51358     0.00000     0.00000     0.00000     0.00000     0.00000     0.00000     0.00000     0.00000
    -8.48958     0.00000     0.00000     0.00000     0.00000     0.00000     0.00000     0.00000     0.00000
    -8.46658     0.00000     0.00000     0.00000     0.00000     0.00000     0.00000     0.00000     0.00000
    -8.44358     0.00000     0.00000     0.00000     0.00000     0.00000     0.00000     0.00000     0.00000
    -8.42058     0.00000     0.00000     0.00000     0.00000     0.00000     0.00000     0.00000     0.00000
    -8.39758     0.00000     0.00000     0.00000     0.00000     0.00000     0.00000     0.00000     0.00000
    -8.37358     0.00000     0.00000     0.00000     0.00000     0.00000     0.00000     0.00000     0.00000
    -8.35058     0.00000     0.00000     0.00000     0.00000     0.00000     0.00000     0.00000     0.00000
    -8.32758     0.00000     0.00000     0.00000     0.00000     0.00000     0.00000     0.00000     0.00000
    -8.30458     0.00000     0.00000     0.00000     0.00000     0.00000     0.00000     0.00000     0.00000
    -8.28158     0.00000     0.00000     0.00000     0.00000     0.00000     0.00000     0.00000     0.00000
    -8.25858     0.00000     0.00000     0.00000     0.00000     0.00000     0.00000     0.00000     0.00000
    -8.23458     0.00000     0.00000     0.00000     0.00000     0.00000     0.00000     0.00000     0.00000
    -8.21158     0.00000     0.00000     0.00000     0.00000     0.00000     0.00000     0.00000     0.00000
    -8.18858     0.00000     0.00000     0.00000     0.00000     0.00000     0.00000     0.00000     0.00000
    -8.16558     0.00000     0.00000     0.00000     0.00000     0.00000     0.00000     0.00000     0.00000
    -8.14258     0.00000     0.00000     0.00000     0.00000     0.00000     0.00000     0.00000     0.00000
    -8.11858     0.00000     0.00000     0.00000     0.00000     0.00000     0.00000     0.00000     0.00000
    -8.09558     0.00000     0.00000     0.00000     0.00000     0.00000     0.00000     0.00000     0.00000
    -8.07258     0.00000     0.00000     0.00000     0.00000     0.00000     0.00000     0.00000     0.00000
    -8.04958     0.00000     0.00000     0.00000     0.00000     0.00000     0.00000     0.00000     0.00000
    -8.02658     0.00000     0.00000     0.00000     0.00000     0.00000     0.00000     0.00000     0.00000
    -8.00258     0.00000     0.00000     0.00000     0.00000     0.00000     0.00000     0.00000     0.00000
    -7.97958     0.00000     0.00000     0.00000     0.00000     0.00000     0.00000     0.00000     0.00000
    -7.95658     0.00000     0.00000     0.00000     0.00000     0.00000     0.00000     0.00000     0.00000
    -7.93358     0.00000     0.00000     0.00000     0.00000     0.00000     0.00000     0.00000     0.00000
    -7.91058     0.00000     0.00000     0.00000     0.00000     0.00000     0.00000     0.00000     0.00000
    -7.88658     0.00000     0.00000     0.00000     0.00000     0.00000     0.00000     0.00000     0.00000
    -7.86358     0.00000     0.00000     0.00000     0.00000     0.00000     0.00000     0.00000     0.00000
    -7.84058     0.00000     0.00000     0.00000     0.00000     0.00000     0.00000     0.00000     0.00000
    -7.81758     0.00000     0.00000     0.00000     0.00000     0.00000     0.00000     0.00000     0.00000
    -7.79458     0.00000     0.00000     0.00000     0.00000     0.00000     0.00000     0.00000     0.00000
    -7.77058     0.00000     0.00000     0.00000     0.00000     0.00000     0.00000     0.00000     0.00000
    -7.74758     0.00000     0.00000     0.00000     0.00000     0.00000     0.00000     0.00000     0.00000
    -7.72458     0.00000     0.00000     0.00000     0.00000     0.00000     0.00000     0.00000     0.00000
    -7.70158     0.00000     0.00000     0.00000     0.00000     0.00000     0.00000     0.00000     0.00000
    -7.67858     0.00000     0.00000     0.00000     0.00000     0.00000     0.00000     0.00000     0.00000
    -7.65458     0.00000     0.00000     0.00000     0.00000     0.00000     0.00000     0.00000     0.00000
    -7.63158     0.00000     0.00000     0.00000     0.00000     0.00000     0.00000     0.00000     0.00000
    -7.60858     0.00000     0.00000     0.00000     0.00000     0.00000     0.00000     0.00000     0.00000
    -7.58558     0.00001     0.00000     0.00000     0.00000     0.00000     0.00000     0.00000     0.00000
    -7.56258     0.00001     0.00000     0.00000     0.00000     0.00000     0.00000     0.00000     0.00000
    -7.53858     0.00003     0.00000     0.00000     0.00000     0.00000     0.00000     0.00000     0.00000
    -7.51558     0.00006     0.00000     0.00000     0.00000     0.00000     0.00000     0.00000     0.00000
    -7.49258     0.00012     0.00000     0.00000     0.00000     0.00000     0.00000     0.00000     0.00000
    -7.46958     0.00022     0.00000     0.00000     0.00000     0.00000     0.00000     0.00000     0.00000
    -7.44658     0.00042     0.00001     0.00000     0.00000     0.00000     0.00000     0.00000     0.00000
    -7.42258     0.00076     0.00001     0.00000     0.00000     0.00000     0.00000     0.00000     0.00000
    -7.39958     0.00134     0.00002     0.00000     0.00000     0.00000     0.00000     0.00000     0.00000
    -7.37658     0.00231     0.00003     0.00001     0.00000     0.00000     0.00000     0.00000     0.00000
    -7.35358     0.00389     0.00005     0.00001     0.00001     0.00000     0.00000     0.00000     0.00000
    -7.33058     0.00636     0.00008     0.00002     0.00001     0.00000     0.00000     0.00000     0.00000
    -7.30658     0.01016     0.00014     0.00003     0.00002     0.00000     0.00000     0.00000     0.00001
    -7.28358     0.01583     0.00021     0.00004     0.00003     0.00001     0.00000     0.00000     0.00001
    -7.26058     0.02405     0.00033     0.00007     0.00004     0.00001     0.00000     0.00001     0.00002
    -7.23758     0.03566     0.00049     0.00010     0.00006     0.00001     0.00000     0.00001     0.00003
    -7.21458     0.05163     0.00072     0.00015     0.00008     0.00002     0.00001     0.00001     0.00004
    -7.19058     0.07302     0.00103     0.00021     0.00012     0.00003     0.00001     0.00002     0.00005
    -7.16758     0.10093     0.00145     0.00030     0.00016     0.00004     0.00001     0.00002     0.00008
    -7.14458     0.13643     0.00199     0.00041     0.00022     0.00005     0.00002     0.00003     0.00010
    -7.12158     0.18042     0.00269     0.00055     0.00029     0.00007     0.00002     0.00004     0.00014
    -7.09858     0.23363     0.00357     0.00072     0.00037     0.00009     0.00003     0.00005     0.00019
    -7.07458     0.29644     0.00465     0.00094     0.00047     0.00011     0.00004     0.00006     0.00024
    -7.05158     0.36887     0.00596     0.00119     0.00059     0.00014     0.00006     0.00008     0.00031
    -7.02858     0.45052     0.00750     0.00148     0.00072     0.00017     0.00007     0.00010     0.00039
    -7.00558     0.54056     0.00931     0.00182     0.00087     0.00020     0.00009     0.00012     0.00049
    -6.98258     0.63782     0.01138     0.00220     0.00102     0.00024     0.00011     0.00014     0.00059
    -6.95858     0.74078     0.01373     0.00263     0.00119     0.00028     0.00014     0.00016     0.00071
    -6.93558     0.84788     0.01636     0.00309     0.00136     0.00032     0.00017     0.00018     0.00084
    -6.91258     0.95730     0.01926     0.00361     0.00154     0.00036     0.00020     0.00020     0.00098
    -6.88958     1.06757     0.02244     0.00417     0.00171     0.00040     0.00024     0.00022     0.00112
    -6.86658     1.17737     0.02590     0.00478     0.00188     0.00044     0.00027     0.00025     0.00128
    -6.84258     1.28580     0.02965     0.00545     0.00205     0.00049     0.00031     0.00027     0.00145
    -6.81958     1.39241     0.03371     0.00619     0.00221     0.00053     0.00036     0.00029     0.00163
    -6.79658     1.49722     0.03807     0.00702     0.00238     0.00057     0.00040     0.00031     0.00182
    -6.77358     1.60049     0.04278     0.00796     0.00254     0.00061     0.00046     0.00033     0.00204
    -6.75058     1.70292     0.04783     0.00901     0.00271     0.00066     0.00052     0.00035     0.00228
    -6.72658     1.80513     0.05323     0.01021     0.00288     0.00070     0.00059     0.00037     0.00255
    -6.70358     1.90735     0.05896     0.01156     0.00307     0.00075     0.00068     0.00039     0.00288
    -6.68058     2.00954     0.06496     0.01306     0.00328     0.00079     0.00078     0.00041     0.00325
    -6.65758     2.11055     0.07115     0.01472     0.00349     0.00084     0.00091     0.00043     0.00368
    -6.63458     2.20866     0.07741     0.01651     0.00373     0.00089     0.00106     0.00045     0.00418
    -6.61058     2.30116     0.08359     0.01842     0.00398     0.00093     0.00123     0.00047     0.00474
    -6.58758     2.38477     0.08950     0.02041     0.00424     0.00097     0.00143     0.00049     0.00538
    -6.56458     2.45604     0.09498     0.02248     0.00451     0.00101     0.00165     0.00052     0.00609
    -6.54158     2.51190     0.09987     0.02459     0.00478     0.00104     0.00189     0.00054     0.00689
    -6.51858     2.55011     0.10406     0.02677     0.00506     0.00107     0.00216     0.00057     0.00778
    -6.49458     2.56970     0.10751     0.02903     0.00533     0.00109     0.00247     0.00059     0.00879
    -6.47158     2.57162     0.11028     0.03145     0.00561     0.00111     0.00280     0.00062     0.00995
    -6.44858     2.55850     0.11248     0.03411     0.00591     0.00113     0.00319     0.00066     0.01130
    -6.42558     2.53503     0.11437     0.03714     0.00623     0.00115     0.00364     0.00070     0.01291
    -6.40258     2.50696     0.11623     0.04066     0.00659     0.00117     0.00417     0.00076     0.01486
    -6.37858     2.48136     0.11842     0.04482     0.00702     0.00121     0.00482     0.00082     0.01724
    -6.35558     2.46490     0.12128     0.04974     0.00754     0.00126     0.00561     0.00090     0.02021
    -6.33258     2.46371     0.12513     0.05551     0.00816     0.00134     0.00660     0.00099     0.02393
    -6.30958     2.48260     0.13021     0.06219     0.00891     0.00144     0.00784     0.00109     0.02862
    -6.28658     2.52399     0.13664     0.06977     0.00983     0.00157     0.00944     0.00121     0.03460
    -6.26258     2.58800     0.14443     0.07823     0.01094     0.00175     0.01150     0.00135     0.04234
    -6.23958     2.67247     0.15348     0.08749     0.01228     0.00198     0.01424     0.00150     0.05252
    -6.21658     2.77355     0.16357     0.09751     0.01393     0.00228     0.01791     0.00167     0.06611
    -6.19358     2.88578     0.17449     0.10829     0.01597     0.00267     0.02289     0.00186     0.08448
    -6.17058     3.00395     0.18598     0.11996     0.01853     0.00319     0.02972     0.00208     0.10951
    -6.14658     3.12356     0.19791     0.13279     0.02178     0.00389     0.03904     0.00232     0.14364
    -6.12358     3.24172     0.21024     0.14725     0.02592     0.00480     0.05170     0.00261     0.18987
    -6.10058     3.35770     0.22308     0.16404     0.03120     0.00601     0.06870     0.00295     0.25180
    -6.07758     3.47298     0.23671     0.18406     0.03786     0.00757     0.09112     0.00337     0.33370
    -6.05458     3.59095     0.25149     0.20840     0.04613     0.00956     0.12010     0.00388     0.43980
    -6.03058     3.71590     0.26780     0.23821     0.05619     0.01206     0.15676     0.00451     0.57452
    -6.00758     3.85235     0.28605     0.27469     0.06817     0.01513     0.20195     0.00530     0.74164
    -5.98458     4.00353     0.30645     0.31889     0.08199     0.01881     0.25633     0.00628     0.94428
    -5.96158     4.17035     0.32904     0.37166     0.09748     0.02311     0.31994     0.00747     1.18334
    -5.93858     4.35153     0.35364     0.43343     0.11425     0.02800     0.39239     0.00891     1.45820
    -5.91458     4.54294     0.37981     0.50419     0.13174     0.03339     0.47227     0.01062     1.76630
    -5.89158     4.73793     0.40687     0.58338     0.14924     0.03914     0.55779     0.01261     2.10050
    -5.86858     4.92858     0.43407     0.66978     0.16587     0.04506     0.64630     0.01486     2.45290
    -5.84558     5.10653     0.46049     0.76161     0.18077     0.05093     0.73443     0.01735     2.81000
    -5.82258     5.26335     0.48532     0.85646     0.19309     0.05648     0.81851     0.02002     3.15980
    -5.79858     5.39328     0.50780     0.95158     0.20210     0.06144     0.89482     0.02278     3.48720
    -5.77558     5.49161     0.52742     1.04401     0.20720     0.06557     0.95959     0.02554     3.77700
    -5.75258     5.55719     0.54385     1.13055     0.20820     0.06864     1.00954     0.02820     4.01460
    -5.72958     5.59092     0.55696     1.20865     0.20520     0.07052     1.04268     0.03065     4.18880
    -5.70658     5.59606     0.56693     1.27589     0.19850     0.07114     1.05795     0.03279     4.29260
    -5.68258     5.57714     0.57400     1.33095     0.18873     0.07058     1.05510     0.03458     4.32320
    -5.65958     5.53928     0.57856     1.37372     0.17681     0.06894     1.03590     0.03599     4.28320
    -5.63658     5.48791     0.58106     1.40467     0.16373     0.06645     1.00313     0.03707     4.17950
    -5.61358     5.42694     0.58183     1.42601     0.15058     0.06337     0.96027     0.03788     4.02640
    -5.59058     5.35932     0.58117     1.44089     0.13832     0.06002     0.91155     0.03856     3.83640
    -5.56758     5.28660     0.57932     1.45359     0.12779     0.05671     0.86165     0.03924     3.62860
    -5.54358     5.20912     0.57643     1.46896     0.11960     0.05372     0.81455     0.04008     3.41950
    -5.52058     5.12704     0.57263     1.49273     0.11407     0.05126     0.77386     0.04119     3.22430
    -5.49758     5.04085     0.56814     1.53161     0.11119     0.04944     0.74154     0.04264     3.05420
    -5.47458     4.95261     0.56341     1.59264     0.11072     0.04831     0.71872     0.04444     2.91600
    -5.45158     4.86676     0.55909     1.68429     0.11214     0.04782     0.70507     0.04651     2.80980
    -5.42758     4.79011     0.55613     1.81599     0.11478     0.04785     0.69895     0.04870     2.73440
    -5.40458     4.73300     0.55584     1.99934     0.11786     0.04821     0.69769     0.05082     2.67970
    -5.38158     4.70818     0.55978     2.24743     0.12061     0.04869     0.69826     0.05263     2.63800
    -5.35858     4.73017     0.56972     2.57563     0.12233     0.04908     0.69729     0.05388     2.59630
    -5.33558     4.81392     0.58742     3.00146     0.12249     0.04917     0.69162     0.05438     2.54300
    -5.31158     4.97370     0.61456     3.54394     0.12071     0.04884     0.67903     0.05396     2.47080
    -5.28858     5.22091     0.65247     4.22281     0.11689     0.04799     0.65818     0.05256     2.37370
    -5.26558     5.56359     0.70207     5.05732     0.11109     0.04662     0.62859     0.05018     2.24928
    -5.24258     6.00447     0.76365     6.06452     0.10358     0.04475     0.59091     0.04692     2.09785
    -5.21958     6.54106     0.83683     7.25883     0.09478     0.04248     0.54665     0.04296     1.92512
    -5.19558     7.16538     0.92062     8.64892     0.08518     0.03995     0.49788     0.03850     1.73822
    -5.17258     7.86384     1.01337    10.23704     0.07529     0.03731     0.44695     0.03378     1.54416
    -5.14958     8.61889     1.11291    12.01833     0.06558     0.03467     0.39623     0.02903     1.35164
    -5.12658     9.41030     1.21665    13.97938     0.05648     0.03216     0.34778     0.02447     1.16749
    -5.10358    10.21412     1.32179    16.09926     0.04824     0.02989     0.30332     0.02025     0.99757
    -5.07958    11.00783     1.42542    18.34844     0.04110     0.02791     0.26394     0.01649     0.84601
    -5.05658    11.76933     1.52479    20.69032     0.03509     0.02624     0.23019     0.01325     0.71490
    -5.03358    12.47612     1.61733    23.08313     0.03022     0.02489     0.20223     0.01054     0.60447
    -5.01058    13.11097     1.70086    25.47953     0.02641     0.02383     0.17973     0.00835     0.51395
    -4.98758    13.66050     1.77370    27.83088     0.02352     0.02303     0.16211     0.00662     0.44142
    -4.96358    14.11234     1.83476    30.08665     0.02140     0.02244     0.14865     0.00528     0.38422
    -4.94058    14.46088     1.88352    32.19997     0.01990     0.02203     0.13860     0.00428     0.33973
    -4.91758    14.70476     1.92027    34.12861     0.01888     0.02174     0.13119     0.00354     0.30558
    -4.89458    14.84587     1.94586    35.83992     0.01823     0.02154     0.12580     0.00300     0.27898
    -4.87158    14.89086     1.96191    37.31448     0.01784     0.02140     0.12187     0.00261     0.25838
    -4.84758    14.85175     1.97069    38.54463     0.01766     0.02131     0.11898     0.00233     0.24203
    -4.82458    14.74270     1.97509    39.54441     0.01762     0.02124     0.11684     0.00212     0.22872
    -4.80158    14.58403     1.97849    40.34483     0.01769     0.02121     0.11528     0.00198     0.21760
    -4.77858    14.39724     1.98470    40.99565     0.01786     0.02120     0.11425     0.00186     0.20804
    -4.75558    14.20765     1.99773    41.56183     0.01811     0.02124     0.11375     0.00178     0.19966
    -4.73158    14.04135     2.02156    42.11676     0.01844     0.02132     0.11381     0.00171     0.19224
    -4.70858    13.92227     2.06000    42.74140     0.01886     0.02149     0.11455     0.00167     0.18566
    -4.68558    13.87394     2.11634    43.50677     0.01936     0.02175     0.11608     0.00163     0.17989
    -4.66258    13.91505     2.19309    44.47972     0.01996     0.02213     0.11853     0.00161     0.17493
    -4.63958    14.05773     2.29171    45.70549     0.02069     0.02267     0.12198     0.00159     0.17084
    -4.61558    14.30674     2.41254    47.20117     0.02156     0.02337     0.12655     0.00159     0.16766
    -4.59258    14.65842     2.55446    48.96396     0.02258     0.02425     0.13221     0.00159     0.16541
    -4.56958    15.09984     2.71503    50.96061     0.02379     0.02533     0.13897     0.00160     0.16412
    -4.54658    15.61183     2.89057    53.13959     0.02520     0.02660     0.14675     0.00161     0.16379
    -4.52358    16.16802     3.07634    55.42659     0.02681     0.02805     0.15545     0.00163     0.16437
    -4.49958    16.73455     3.26686    57.74784     0.02862     0.02967     0.16490     0.00164     0.16582
    -4.47658    17.28181     3.45633    60.02605     0.03063     0.03142     0.17490     0.00166     0.16806
    -4.45358    17.77541     3.63868    62.19489     0.03281     0.03327     0.18526     0.00167     0.17101
    -4.43058    18.18733     3.80865    64.20164     0.03512     0.03517     0.19577     0.00167     0.17452
    -4.40758    18.49801     3.96175    66.01663     0.03752     0.03709     0.20619     0.00166     0.17847
    -4.38358    18.68759     4.09431    67.62932     0.03994     0.03898     0.21631     0.00165     0.18269
    -4.36058    18.74859     4.20384    69.03927     0.04232     0.04079     0.22592     0.00162     0.18699
    -4.33758    18.68326     4.28929    70.26233     0.04458     0.04248     0.23483     0.00159     0.19122
    -4.31458    18.49512     4.35054    71.31780     0.04666     0.04401     0.24290     0.00155     0.19511
    -4.29158    18.19654     4.38835    72.22519     0.04850     0.04537     0.25000     0.00150     0.19845
    -4.26758    17.80298     4.40484    72.99855     0.05001     0.04651     0.25604     0.00145     0.20105
    -4.24458    17.33244     4.40232    73.65104     0.05116     0.04743     0.26101     0.00139     0.20271
    -4.22158    16.80643     4.38406    74.18338     0.05190     0.04812     0.26488     0.00134     0.20324
    -4.19858    16.24387     4.35392    74.60171     0.05224     0.04859     0.26776     0.00129     0.20257
    -4.17558    15.66661     4.31576    74.90751     0.05218     0.04887     0.26982     0.00124     0.20063
    -4.15158    15.09212     4.27398    75.10532     0.05174     0.04898     0.27128     0.00119     0.19748
    -4.12858    14.54117     4.23278    75.20944     0.05098     0.04897     0.27239     0.00115     0.19322
    -4.10558    14.02835     4.19639    75.24079     0.05001     0.04890     0.27350     0.00111     0.18806
    -4.08258    13.57036     4.16893    75.22198     0.04890     0.04883     0.27496     0.00108     0.18223
    -4.05958    13.17899     4.15343    75.18556     0.04778     0.04882     0.27710     0.00106     0.17606
    -4.03558    12.86374     4.15279    75.16625     0.04677     0.04894     0.28027     0.00104     0.16985
    -4.01258    12.63176     4.16851    75.19673     0.04599     0.04924     0.28476     0.00102     0.16389
    -3.98958    12.48865     4.20089    75.30758     0.04555     0.04977     0.29068     0.00101     0.15850
    -3.96658    12.42797     4.25004    75.52802     0.04558     0.05055     0.29826     0.00100     0.15393
    -3.94358    12.44808     4.31398    75.87323     0.04615     0.05160     0.30739     0.00100     0.15042
    -3.91958    12.53732     4.39033    76.35466     0.04735     0.05290     0.31809     0.00100     0.14808
    -3.89658    12.68160     4.47538    76.96606     0.04923     0.05445     0.33012     0.00100     0.14710
    -3.87358    12.86116     4.56501    77.69232     0.05180     0.05619     0.34320     0.00100     0.14747
    -3.85058    13.05456     4.65478    78.50446     0.05505     0.05805     0.35698     0.00101     0.14922
    -3.82758    13.23984     4.73995    79.35966     0.05893     0.05997     0.37108     0.00101     0.15232
    -3.80358    13.39205     4.81653    80.20593     0.06335     0.06190     0.38503     0.00102     0.15668
    -3.78058    13.49071     4.88107    80.98671     0.06820     0.06372     0.39841     0.00102     0.16214
    -3.75758    13.51543     4.93061    81.63935     0.07334     0.06538     0.41077     0.00103     0.16855
    -3.73458    13.45312     4.96418    82.11484     0.07859     0.06685     0.42190     0.00103     0.17571
    -3.71158    13.29561     4.98177    82.36946     0.08381     0.06807     0.43146     0.00103     0.18340
    -3.68758    13.03938     4.98387    82.37830     0.08885     0.06904     0.43944     0.00103     0.19141
    -3.66458    12.68851     4.97255    82.13596     0.09355     0.06977     0.44582     0.00103     0.19949
    -3.64158    12.25189     4.94987    81.66218     0.09786     0.07031     0.45076     0.00102     0.20749
    -3.61858    11.74162     4.91840    80.98574     0.10171     0.07066     0.45442     0.00102     0.21524
    -3.59558    11.17375     4.88031    80.16597     0.10512     0.07097     0.45716     0.00102     0.22265
    -3.57158    10.56387     4.83729    79.26382     0.10813     0.07125     0.45919     0.00103     0.22967
    -3.54858     9.92926     4.79041    78.36334     0.11083     0.07158     0.46078     0.00104     0.23630
    -3.52558     9.28502     4.74068    77.54195     0.11334     0.07206     0.46216     0.00105     0.24263
    -3.50258     8.64379     4.68824    76.87857     0.11576     0.07268     0.46348     0.00108     0.24865
    -3.47958     8.01698     4.63382    76.45672     0.11822     0.07351     0.46477     0.00111     0.25450
    -3.45558     7.41309     4.57840    76.34903     0.12082     0.07452     0.46618     0.00114     0.26024
    -3.43258     6.83838     4.52288    76.61860     0.12358     0.07571     0.46765     0.00118     0.26591
    -3.40958     6.29725     4.46952    77.32124     0.12652     0.07705     0.46927     0.00122     0.27148
    -3.38658     5.79258     4.42038    78.49095     0.12960     0.07847     0.47103     0.00127     0.27687
    -3.36358     5.32577     4.37840    80.14605     0.13272     0.07992     0.47308     0.00131     0.28189
    -3.33958     4.89756     4.34642    82.28450     0.13573     0.08133     0.47552     0.00136     0.28619
    -3.31658     4.50796     4.32718    84.87802     0.13851     0.08259     0.47851     0.00140     0.28962
    -3.29358     4.15613     4.32280    87.87437     0.14088     0.08367     0.48222     0.00145     0.29171
    -3.27058     3.84075     4.33433    91.20180     0.14269     0.08450     0.48684     0.00150     0.29221
    -3.24758     3.55995     4.36212    94.77352     0.14383     0.08506     0.49256     0.00154     0.29092
    -3.22358     3.31171     4.40532    98.48486     0.14422     0.08530     0.49948     0.00159     0.28756
    -3.20058     3.09355     4.46213   102.22950     0.14380     0.08526     0.50776     0.00164     0.28212
    -3.17758     2.90241     4.52992   105.89570     0.14259     0.08488     0.51735     0.00169     0.27482
    -3.15458     2.73573     4.60531   109.39636     0.14061     0.08424     0.52824     0.00175     0.26581
    -3.13158     2.59043     4.68473   112.64269     0.13793     0.08334     0.54028     0.00180     0.25540
    -3.10758     2.46376     4.76470   115.57043     0.13462     0.08223     0.55339     0.00186     0.24416
    -3.08458     2.35321     4.84184   118.14125     0.13078     0.08094     0.56728     0.00191     0.23237
    -3.06158     2.25661     4.91378   120.33728     0.12648     0.07950     0.58178     0.00195     0.22062
    -3.03858     2.17241     4.97828   122.16886     0.12182     0.07796     0.59671     0.00200     0.20929
    -3.01558     2.09907     5.03505   123.66263     0.11688     0.07631     0.61183     0.00203     0.19874
    -2.99158     2.03578     5.08434   124.86881     0.11170     0.07458     0.62705     0.00206     0.18925
    -2.96858     1.98225     5.12732   125.84355     0.10636     0.07279     0.64229     0.00209     0.18097
    -2.94558     1.93814     5.16604   126.65831     0.10093     0.07095     0.65758     0.00211     0.17403
    -2.92258     1.90352     5.20296   127.37661     0.09547     0.06909     0.67294     0.00212     0.16838
    -2.89958     1.87840     5.24046   128.05247     0.09003     0.06724     0.68853     0.00213     0.16403
    -2.87658     1.86268     5.28047   128.71937     0.08471     0.06538     0.70444     0.00214     0.16081
    -2.85258     1.85611     5.32461   129.40029     0.07954     0.06356     0.72077     0.00214     0.15861
    -2.82958     1.85822     5.37299   130.08313     0.07460     0.06180     0.73762     0.00215     0.15723
    -2.80658     1.86796     5.42492   130.73902     0.06995     0.06007     0.75501     0.00216     0.15655
    -2.78358     1.88426     5.47867   131.31642     0.06562     0.05842     0.77290     0.00217     0.15634
    -2.76058     1.90536     5.53112   131.75537     0.06163     0.05683     0.79119     0.00219     0.15647
    -2.73658     1.92979     5.57866   131.98468     0.05803     0.05530     0.80968     0.00221     0.15680
    -2.71358     1.95560     5.61735   131.93959     0.05479     0.05383     0.82826     0.00224     0.15715
    -2.69058     1.98118     5.64368   131.55952     0.05191     0.05239     0.84634     0.00228     0.15746
    -2.66758     2.00476     5.65423   130.80528     0.04940     0.05100     0.86416     0.00233     0.15762
    -2.64458     2.02518     5.64654   129.65328     0.04722     0.04965     0.88111     0.00238     0.15760
    -2.62058     2.04149     5.61967   128.10192     0.04536     0.04835     0.89705     0.00243     0.15739
    -2.59758     2.05317     5.57335   126.16861     0.04380     0.04708     0.91179     0.00249     0.15698
    -2.57458     2.06014     5.50904   123.89510     0.04250     0.04590     0.92525     0.00254     0.15641
    -2.55158     2.06270     5.42885   121.33599     0.04148     0.04479     0.93718     0.00260     0.15573
    -2.52858     2.06159     5.33650   118.54983     0.04068     0.04380     0.94758     0.00264     0.15500
    -2.50458     2.05755     5.23544   115.61153     0.04011     0.04293     0.95632     0.00268     0.15429
    -2.48158     2.05204     5.12996   112.59503     0.03974     0.04220     0.96348     0.00271     0.15367
    -2.45858     2.04605     5.02412   109.56976     0.03958     0.04163     0.96905     0.00272     0.15315
    -2.43558     2.04143     4.92224   106.60876     0.03960     0.04122     0.97293     0.00272     0.15278
    -2.41258     2.03957     4.82808   103.77429     0.03978     0.04097     0.97541     0.00270     0.15256
    -2.38858     2.04201     4.74502   101.12552     0.04012     0.04086     0.97668     0.00268     0.15250
    -2.36558     2.05040     4.67629    98.71725     0.04062     0.04088     0.97682     0.00264     0.15253
    -2.34258     2.06597     4.62488    96.58332     0.04124     0.04099     0.97622     0.00258     0.15269
    -2.31958     2.08986     4.59249    94.75919     0.04200     0.04116     0.97535     0.00252     0.15293
    -2.29658     2.12280     4.58056    93.25427     0.04285     0.04135     0.97460     0.00246     0.15324
    -2.27258     2.16488     4.59012    92.07472     0.04380     0.04153     0.97464     0.00238     0.15360
    -2.24958     2.21534     4.62105    91.19858     0.04480     0.04167     0.97589     0.00231     0.15402
    -2.22658     2.27318     4.67235    90.59756     0.04582     0.04176     0.97889     0.00224     0.15450
    -2.20358     2.33679     4.74263    90.23333     0.04684     0.04178     0.98403     0.00217     0.15501
    -2.18058     2.40393     4.82949    90.05501     0.04781     0.04174     0.99156     0.00211     0.15556
    -2.15658     2.47255     4.93094    90.01668     0.04868     0.04166     1.00155     0.00205     0.15609
    -2.13358     2.54030     5.04430    90.07855     0.04941     0.04156     1.01417     0.00200     0.15657
    -2.11058     2.60534     5.16803    90.21409     0.04997     0.04147     1.02912     0.00195     0.15692
    -2.08758     2.66663     5.30046    90.41649     0.05032     0.04142     1.04598     0.00191     0.15707
    -2.06458     2.72361     5.44131    90.69266     0.05046     0.04145     1.06441     0.00187     0.15700
    -2.04058     2.77662     5.59072    91.07271     0.05038     0.04157     1.08370     0.00183     0.15658
    -2.01758     2.82670     5.74981    91.59112     0.05011     0.04180     1.10377     0.00179     0.15585
    -1.99458     2.87559     5.91976    92.29204     0.04968     0.04216     1.12367     0.00176     0.15474
    -1.97158     2.92532     6.10205    93.21270     0.04912     0.04263     1.14296     0.00172     0.15331
    -1.94858     2.97796     6.29782    94.37808     0.04848     0.04318     1.16137     0.00169     0.15157
    -1.92458     3.03557     6.50708    95.79060     0.04784     0.04380     1.17840     0.00166     0.14958
    -1.90158     3.09927     6.72871    97.43029     0.04722     0.04445     1.19389     0.00162     0.14742
    -1.87858     3.16990     6.96041    99.24831     0.04670     0.04508     1.20755     0.00160     0.14515
    -1.85558     3.24732     7.19811   101.17701     0.04628     0.04566     1.21932     0.00157     0.14282
    -1.83258     3.33030     7.43701   103.12710     0.04602     0.04614     1.22953     0.00155     0.14049
    -1.80858     3.41726     7.67073   105.00209     0.04593     0.04650     1.23811     0.00154     0.13818
    -1.78558     3.50577     7.89332   106.70678     0.04603     0.04674     1.24545     0.00153     0.13592
    -1.76258     3.59330     8.09889   108.16022     0.04632     0.04683     1.25182     0.00152     0.13372
    -1.73958     3.67722     8.28220   109.29635     0.04683     0.04679     1.25832     0.00152     0.13158
    -1.71658     3.75501     8.43944   110.07287     0.04754     0.04664     1.26484     0.00153     0.12947
    -1.69258     3.82470     8.56871   110.47793     0.04845     0.04646     1.27262     0.00155     0.12743
    -1.66958     3.88458     8.66948   110.52323     0.04955     0.04623     1.28204     0.00157     0.12546
    -1.64658     3.93384     8.74325   110.24729     0.05083     0.04606     1.29373     0.00161     0.12359
    -1.62358     3.97195     8.79272   109.69703     0.05225     0.04596     1.30787     0.00164     0.12188
    -1.60058     3.99905     8.82135   108.93494     0.05378     0.04600     1.32513     0.00169     0.12039
    -1.57658     4.01554     8.83356   108.01713     0.05538     0.04619     1.34501     0.00174     0.11920
    -1.55358     4.02193     8.83363   106.99406     0.05699     0.04657     1.36715     0.00179     0.11838
    -1.53058     4.01930     8.82526   105.90774     0.05859     0.04712     1.39119     0.00184     0.11799
    -1.50758     4.00847     8.81105   104.77213     0.06014     0.04788     1.41647     0.00189     0.11806
    -1.48458     3.99036     8.79306   103.59223     0.06159     0.04877     1.44153     0.00193     0.11861
    -1.46058     3.96608     8.77187   102.35774     0.06293     0.04980     1.46555     0.00196     0.11958
    -1.43758     3.93665     8.74740   101.04532     0.06412     0.05088     1.48695     0.00198     0.12092
    -1.41458     3.90327     8.71817    99.62620     0.06517     0.05202     1.50467     0.00200     0.12248
    -1.39158     3.86716     8.68327    98.07200     0.06604     0.05315     1.51819     0.00200     0.12413
    -1.36858     3.82978     8.64068    96.36532     0.06675     0.05422     1.52611     0.00199     0.12570
    -1.34458     3.79244     8.58926    94.49365     0.06727     0.05520     1.52851     0.00198     0.12701
    -1.32158     3.75647     8.52786    92.46336     0.06762     0.05607     1.52469     0.00196     0.12791
    -1.29858     3.72318     8.45657    90.29488     0.06778     0.05680     1.51564     0.00193     0.12830
    -1.27558     3.69306     8.37481    88.01595     0.06780     0.05743     1.50131     0.00191     0.12810
    -1.25258     3.66643     8.28334    85.66898     0.06768     0.05793     1.48330     0.00188     0.12728
    -1.22858     3.64263     8.18210    83.29336     0.06748     0.05836     1.46250     0.00187     0.12589
    -1.20558     3.62017     8.07139    80.93154     0.06724     0.05873     1.44028     0.00186     0.12398
    -1.18258     3.59680     7.95056    78.62224     0.06700     0.05906     1.41781     0.00186     0.12166
    -1.15958     3.56932     7.81874    76.39427     0.06682     0.05939     1.39615     0.00187     0.11907
    -1.13658     3.53465     7.67414    74.26155     0.06670     0.05974     1.37619     0.00189     0.11631
    -1.11258     3.48896     7.51522    72.23211     0.06670     0.06013     1.35873     0.00192     0.11349
    -1.08958     3.42966     7.34016    70.30475     0.06680     0.06055     1.34349     0.00196     0.11072
    -1.06658     3.35460     7.14821    68.47064     0.06694     0.06104     1.33121     0.00201     0.10804
    -1.04358     3.26327     6.93933    66.71592     0.06710     0.06156     1.32110     0.00206     0.10545
    -1.02058     3.15661     6.71560    65.02896     0.06721     0.06214     1.31298     0.00212     0.10300
    -0.99658     3.03740     6.48090    63.39995     0.06721     0.06281     1.30619     0.00218     0.10064
    -0.97358     2.90974     6.24055    61.82409     0.06704     0.06356     1.30040     0.00223     0.09838
    -0.95058     2.77892     6.00185    60.30454     0.06666     0.06442     1.29550     0.00229     0.09618
    -0.92758     2.65071     5.77281    58.84653     0.06605     0.06541     1.29080     0.00234     0.09406
    -0.90458     2.53077     5.56182    57.46634     0.06521     0.06656     1.28690     0.00239     0.09204
    -0.88058     2.42395     5.37670    56.17687     0.06417     0.06786     1.28310     0.00244     0.09015
    -0.85758     2.33381     5.22341    54.99559     0.06297     0.06933     1.28020     0.00247     0.08844
    -0.83458     2.26223     5.10633    53.93913     0.06168     0.07097     1.27870     0.00251     0.08695
    -0.81158     2.20928     5.02710    53.01633     0.06033     0.07273     1.27840     0.00253     0.08576
    -0.78858     2.17329     4.98505    52.23314     0.05896     0.07459     1.28020     0.00255     0.08489
    -0.76458     2.15138     4.97712    51.58930     0.05762     0.07650     1.28376     0.00255     0.08436
    -0.74158     2.13961     4.99798    51.07278     0.05630     0.07839     1.28959     0.00254     0.08419
    -0.71858     2.13383     5.04165    50.67147     0.05502     0.08016     1.29739     0.00253     0.08433
    -0.69558     2.12992     5.10152    50.36435     0.05374     0.08178     1.30685     0.00250     0.08474
    -0.67258     2.12462     5.17101    50.12809     0.05248     0.08317     1.31689     0.00246     0.08535
    -0.64858     2.11556     5.24405    49.94033     0.05118     0.08426     1.32713     0.00241     0.08603
    -0.62558     2.10169     5.31568    49.77947     0.04988     0.08501     1.33613     0.00235     0.08672
    -0.60258     2.08311     5.38221    49.63128     0.04856     0.08541     1.34281     0.00228     0.08726
    -0.57958     2.06126     5.44115    49.48487     0.04725     0.08542     1.34606     0.00221     0.08755
    -0.55658     2.03792     5.49113    49.34205     0.04600     0.08506     1.34468     0.00213     0.08751
    -0.53258     2.01569     5.53205    49.20914     0.04486     0.08435     1.33844     0.00204     0.08706
    -0.50958     1.99712     5.56433    49.09908     0.04390     0.08335     1.32698     0.00196     0.08617
    -0.48658     1.98451     5.58867    49.02667     0.04314     0.08209     1.31055     0.00187     0.08484
    -0.46358     1.97957     5.60627    49.00749     0.04266     0.08065     1.28976     0.00179     0.08309
    -0.44058     1.98311     5.61777    49.05113     0.04246     0.07910     1.26620     0.00170     0.08100
    -0.41658     1.99515     5.62356    49.16099     0.04254     0.07751     1.24071     0.00163     0.07867
    -0.39358     2.01448     5.62358    49.33141     0.04288     0.07593     1.21486     0.00156     0.07619
    -0.37058     2.03946     5.61732    49.54812     0.04344     0.07437     1.18969     0.00151     0.07369
    -0.34758     2.06779     5.60350    49.79160     0.04418     0.07295     1.16633     0.00147     0.07128
    -0.32458     2.09643     5.58120    50.03985     0.04502     0.07165     1.14595     0.00145     0.06905
    -0.30058     2.12247     5.54922    50.27141     0.04590     0.07055     1.12906     0.00146     0.06710
    -0.27758     2.14312     5.50681    50.47039     0.04676     0.06965     1.11583     0.00149     0.06547
    -0.25458     2.15594     5.45364    50.63107     0.04752     0.06900     1.10637     0.00154     0.06422
    -0.23158     2.15895     5.38979    50.75306     0.04816     0.06859     1.10038     0.00163     0.06334
    -0.20858     2.15067     5.31575    50.84923     0.04863     0.06843     1.09760     0.00173     0.06283
    -0.18558     2.13047     5.23245    50.93640     0.04890     0.06852     1.09759     0.00185     0.06263
    -0.16158     2.09851     5.14092    51.03653     0.04895     0.06881     1.09968     0.00198     0.06272
    -0.13858     2.05563     5.04247    51.17447     0.04877     0.06925     1.10345     0.00212     0.06303
    -0.11558     2.00334     4.93821    51.37441     0.04834     0.06979     1.10828     0.00226     0.06350
    -0.09258     1.94372     4.82988    51.65918     0.04767     0.07033     1.11378     0.00240     0.06407
    -0.06958     1.87965     4.71925    52.05103     0.04677     0.07079     1.11937     0.00252     0.06470
    -0.04558     1.81413     4.60812    52.57367     0.04567     0.07109     1.12487     0.00263     0.06536
    -0.02258     1.75053     4.49971    53.24668     0.04437     0.07116     1.12985     0.00272     0.06604
     0.00042     1.69209     4.39702    54.09491     0.04293     0.07095     1.13410     0.00279     0.06672
     0.02342     1.64186     4.30405    55.13973     0.04139     0.07046     1.13806     0.00283     0.06742
     0.04642     1.60253     4.22475    56.40223     0.03979     0.06966     1.14117     0.00286     0.06817
     0.07042     1.57616     4.16347    57.89595     0.03821     0.06864     1.14429     0.00286     0.06894
     0.09342     1.56399     4.12334    59.62824     0.03667     0.06743     1.14725     0.00285     0.06977
     0.11642     1.56654     4.10728    61.59048     0.03524     0.06614     1.15063     0.00282     0.07064
     0.13942     1.58335     4.11653    63.76912     0.03395     0.06486     1.15507     0.00278     0.07150
     0.16242     1.61339     4.15078    66.12471     0.03283     0.06360     1.16051     0.00272     0.07232
     0.18642     1.65479     4.20808    68.61319     0.03189     0.06250     1.16727     0.00266     0.07306
     0.20942     1.70507     4.28452    71.16973     0.03114     0.06157     1.17538     0.00259     0.07367
     0.23242     1.76143     4.37511    73.72999     0.03057     0.06082     1.18490     0.00252     0.07410
     0.25542     1.82095     4.47386    76.22430     0.03017     0.06023     1.19543     0.00246     0.07434
     0.27842     1.88034     4.57392    78.58479     0.02991     0.05982     1.20661     0.00239     0.07437
     0.30242     1.93677     4.66852    80.75820     0.02977     0.05952     1.21793     0.00234     0.07423
     0.32542     1.98741     4.75141    82.69617     0.02971     0.05930     1.22902     0.00231     0.07391
     0.34842     2.03023     4.81686    84.36936     0.02970     0.05913     1.23946     0.00229     0.07352
     0.37142     2.06334     4.86095    85.76603     0.02972     0.05895     1.24910     0.00230     0.07310
     0.39442     2.08588     4.88056    86.89249     0.02975     0.05874     1.25720     0.00233     0.07272
     0.41842     2.09752     4.87456    87.76451     0.02975     0.05850     1.26430     0.00238     0.07244
     0.44142     2.09834     4.84320    88.41934     0.02971     0.05820     1.27030     0.00245     0.07228
     0.46442     2.08933     4.78864    88.90373     0.02963     0.05786     1.27500     0.00253     0.07227
     0.48742     2.07191     4.71393    89.26748     0.02949     0.05749     1.27910     0.00262     0.07241
     0.51042     2.04741     4.62351    89.57168     0.02930     0.05709     1.28230     0.00271     0.07268
     0.53442     2.01762     4.52243    89.87099     0.02905     0.05669     1.28540     0.00279     0.07304
     0.55742     1.98434     4.41634    90.22176     0.02877     0.05630     1.28860     0.00286     0.07349
     0.58042     1.94887     4.31038    90.66819     0.02847     0.05593     1.29170     0.00292     0.07399
     0.60342     1.91261     4.21001    91.24887     0.02816     0.05559     1.29540     0.00296     0.07454
     0.62642     1.87661     4.11962    91.98850     0.02789     0.05528     1.29940     0.00298     0.07512
     0.65042     1.84143     4.04299    92.90496     0.02766     0.05504     1.30435     0.00300     0.07579
     0.67342     1.80755     3.98269    93.99821     0.02749     0.05482     1.31017     0.00302     0.07653
     0.69642     1.77503     3.94048    95.25862     0.02741     0.05464     1.31675     0.00304     0.07738
     0.71942     1.74435     3.91689    96.66100     0.02741     0.05453     1.32489     0.00308     0.07835
     0.74242     1.71521     3.91167    98.18199     0.02751     0.05446     1.33423     0.00313     0.07944
     0.76642     1.68806     3.92312    99.77928     0.02767     0.05446     1.34465     0.00320     0.08062
     0.78942     1.66281     3.94909   101.41076     0.02791     0.05455     1.35639     0.00329     0.08188
     0.81242     1.63962     3.98653   103.02783     0.02821     0.05471     1.36911     0.00339     0.08315
     0.83542     1.61862     4.03172   104.59039     0.02853     0.05495     1.38247     0.00350     0.08436
     0.85842     1.59988     4.08086   106.05437     0.02889     0.05527     1.39612     0.00362     0.08545
     0.88242     1.58357     4.12937   107.38753     0.02925     0.05565     1.40928     0.00374     0.08637
     0.90542     1.56971     4.17303   108.56967     0.02961     0.05612     1.42207     0.00384     0.08707
     0.92842     1.55845     4.20800   109.59296     0.02998     0.05663     1.43369     0.00395     0.08756
     0.95142     1.54937     4.23124   110.46530     0.03033     0.05716     1.44400     0.00404     0.08782
     0.97442     1.54282     4.23989   111.21061     0.03067     0.05768     1.45320     0.00411     0.08792
     0.99842     1.53867     4.23311   111.87493     0.03099     0.05817     1.46120     0.00418     0.08789
     1.02142     1.53677     4.20997   112.50810     0.03129     0.05858     1.46850     0.00423     0.08780
     1.04442     1.53717     4.17166   113.17640     0.03154     0.05888     1.47560     0.00427     0.08773
     1.06742     1.53958     4.11970   113.94250     0.03175     0.05905     1.48310     0.00430     0.08772
     1.09042     1.54424     4.05644   114.86870     0.03190     0.05908     1.49160     0.00433     0.08784
     1.11442     1.55053     3.98489   116.00920     0.03199     0.05896     1.50130     0.00435     0.08810
     1.13742     1.55806     3.90759   117.38920     0.03201     0.05868     1.51311     0.00437     0.08851
     1.16042     1.56620     3.82742   119.01670     0.03197     0.05824     1.52711     0.00438     0.08910
     1.18342     1.57402     3.74681   120.87400     0.03187     0.05768     1.54376     0.00439     0.08983
     1.20642     1.58057     3.66704   122.91100     0.03171     0.05701     1.56255     0.00441     0.09069
     1.23042     1.58447     3.58938   125.06140     0.03151     0.05624     1.58339     0.00443     0.09168
     1.25342     1.58465     3.51438   127.23930     0.03127     0.05541     1.60635     0.00446     0.09278
     1.27642     1.58007     3.44207   129.35230     0.03103     0.05452     1.63063     0.00451     0.09399
     1.29942     1.56990     3.37223   131.31550     0.03078     0.05359     1.65586     0.00456     0.09532
     1.32242     1.55397     3.30470   133.05480     0.03053     0.05265     1.68161     0.00464     0.09676
     1.34642     1.53199     3.23980   134.52150     0.03031     0.05172     1.70735     0.00473     0.09831
     1.36942     1.50475     3.17749   135.69224     0.03010     0.05082     1.73310     0.00483     0.09997
     1.39242     1.47326     3.11862   136.57886     0.02993     0.04996     1.75869     0.00495     0.10171
     1.41542     1.43884     3.06346   137.21837     0.02978     0.04920     1.78434     0.00508     0.10350
     1.43842     1.40306     3.01329   137.67990     0.02966     0.04856     1.81050     0.00522     0.10532
     1.46242     1.36760     2.96843   138.03926     0.02956     0.04802     1.83710     0.00536     0.10710
     1.48542     1.33386     2.92929   138.38409     0.02948     0.04765     1.86520     0.00550     0.10881
     1.50842     1.30314     2.89570   138.79846     0.02942     0.04739     1.89490     0.00563     0.11037
     1.53142     1.27607     2.86714   139.35198     0.02935     0.04731     1.92660     0.00576     0.11177
     1.55442     1.25312     2.84244   140.09146     0.02928     0.04733     1.96060     0.00587     0.11294
     1.57842     1.23397     2.82012   141.03342     0.02919     0.04744     1.99590     0.00596     0.11385
     1.60142     1.21825     2.79842   142.16863     0.02908     0.04761     2.03220     0.00605     0.11449
     1.62442     1.20507     2.77580   143.46088     0.02896     0.04779     2.06880     0.00611     0.11488
     1.64742     1.19348     2.75088   144.85220     0.02881     0.04797     2.10460     0.00615     0.11501
     1.67042     1.18252     2.72281   146.27011     0.02865     0.04811     2.13880     0.00617     0.11494
     1.69442     1.17139     2.69113   147.63100     0.02847     0.04818     2.17030     0.00618     0.11470
     1.71742     1.15937     2.65605   148.85760     0.02830     0.04820     2.19790     0.00617     0.11434
     1.74042     1.14600     2.61797   149.87560     0.02813     0.04815     2.22120     0.00614     0.11394
     1.76342     1.13119     2.57760   150.61420     0.02795     0.04803     2.23920     0.00609     0.11354
     1.78642     1.11490     2.53553   151.00920     0.02777     0.04786     2.25160     0.00603     0.11317
     1.81042     1.09715     2.49210   151.00414     0.02760     0.04762     2.25750     0.00596     0.11285
     1.83342     1.07806     2.44709   150.53431     0.02740     0.04728     2.25660     0.00586     0.11254
     1.85642     1.05772     2.39967   149.53703     0.02716     0.04685     2.24800     0.00575     0.11218
     1.87942     1.03607     2.34860   147.94092     0.02686     0.04625     2.23070     0.00562     0.11169
     1.90242     1.01278     2.29218   145.66959     0.02648     0.04547     2.20400     0.00546     0.11096
     1.92642     0.98741     2.22852   142.64779     0.02598     0.04444     2.16600     0.00528     0.10982
     1.94942     0.95939     2.15562   138.80127     0.02536     0.04314     2.11610     0.00507     0.10812
     1.97242     0.92813     2.07193   134.07694     0.02457     0.04151     2.05260     0.00484     0.10574
     1.99542     0.89301     1.97633   128.43951     0.02362     0.03956     1.97540     0.00458     0.10257
     2.01842     0.85349     1.86857   121.89633     0.02249     0.03729     1.88358     0.00429     0.09851
     2.04242     0.80915     1.74901   114.48874     0.02120     0.03472     1.77790     0.00397     0.09356
     2.06542     0.76002     1.61895   106.30973     0.01973     0.03191     1.65928     0.00364     0.08777
     2.08842     0.70631     1.48044    97.49409     0.01814     0.02891     1.52960     0.00329     0.08125
     2.11142     0.64864     1.33614    88.22163     0.01645     0.02581     1.39134     0.00294     0.07412
     2.13442     0.58796     1.18914    78.69592     0.01469     0.02268     1.24752     0.00258     0.06659
     2.15842     0.52544     1.04274    69.14198     0.01292     0.01961     1.10173     0.00224     0.05887
     2.18142     0.46249     0.90022    59.78729     0.01118     0.01667     0.95733     0.00191     0.05117
     2.20442     0.40054     0.76459    50.84287     0.00951     0.01393     0.81810     0.00160     0.04371
     2.22742     0.34104     0.63846    42.49209     0.00795     0.01144     0.68689     0.00132     0.03667
     2.25042     0.28524     0.52380    34.87931     0.00652     0.00922     0.56631     0.00107     0.03020
     2.27442     0.23419     0.42196    28.10287     0.00525     0.00730     0.45818     0.00085     0.02440
     2.29742     0.18860     0.33357    22.21421     0.00414     0.00567     0.36357     0.00066     0.01933
     2.32042     0.14891     0.25863    17.21827     0.00320     0.00432     0.28282     0.00051     0.01501
     2.34342     0.11520     0.19658    13.08033     0.00243     0.00322     0.21555     0.00038     0.01142
     2.36642     0.08727     0.14639     9.73503     0.00180     0.00236     0.16089     0.00028     0.00851
     2.39042     0.06472     0.10677     7.09518     0.00131     0.00169     0.11757     0.00020     0.00620
     2.41342     0.04696     0.07623     5.06220     0.00093     0.00119     0.08407     0.00014     0.00443
     2.43642     0.03333     0.05326     3.53422     0.00065     0.00082     0.05881     0.00010     0.00309
     2.45942     0.02313     0.03640     2.41386     0.00044     0.00055     0.04024     0.00007     0.00211
     2.48242     0.01569     0.02433     1.61228     0.00029     0.00036     0.02691     0.00004     0.00141
     2.50642     0.01040     0.01590     1.05283     0.00019     0.00023     0.01759     0.00003     0.00092
     2.52942     0.00673     0.01015     0.67196     0.00012     0.00015     0.01124     0.00002     0.00059
     2.55242     0.00425     0.00633     0.41908     0.00007     0.00009     0.00701     0.00001     0.00037
     2.57542     0.00263     0.00386     0.25533     0.00004     0.00005     0.00427     0.00001     0.00022
     2.59842     0.00158     0.00230     0.15194     0.00003     0.00003     0.00254     0.00000     0.00013
     2.62142     0.00093     0.00133     0.08829     0.00002     0.00002     0.00148     0.00000     0.00008
     2.64542     0.00053     0.00076     0.05009     0.00001     0.00001     0.00084     0.00000     0.00004
     2.66842     0.00030     0.00042     0.02774     0.00000     0.00001     0.00046     0.00000     0.00002
     2.69142     0.00016     0.00023     0.01499     0.00000     0.00000     0.00025     0.00000     0.00001
     2.71442     0.00009     0.00012     0.00791     0.00000     0.00000     0.00013     0.00000     0.00001
     2.73742     0.00005     0.00006     0.00407     0.00000     0.00000     0.00007     0.00000     0.00000
     2.76142     0.00002     0.00003     0.00204     0.00000     0.00000     0.00003     0.00000     0.00000
     2.78442     0.00001     0.00002     0.00100     0.00000     0.00000     0.00002     0.00000     0.00000
     2.80742     0.00001     0.00001     0.00048     0.00000     0.00000     0.00001     0.00000     0.00000
     2.83042     0.00000     0.00000     0.00022     0.00000     0.00000     0.00000     0.00000     0.00000
     2.85342     0.00000     0.00000     0.00010     0.00000     0.00000     0.00000     0.00000     0.00000
     2.87742     0.00000     0.00000     0.00004     0.00000     0.00000     0.00000     0.00000     0.00000
     2.90042     0.00000     0.00000     0.00002     0.00000     0.00000     0.00000     0.00000     0.00000
     2.92342     0.00000     0.00000     0.00001     0.00000     0.00000     0.00000     0.00000     0.00000
     2.94642     0.00000     0.00000     0.00000     0.00000     0.00000     0.00000     0.00000     0.00000
     2.96942     0.00000     0.00000     0.00000     0.00000     0.00000     0.00000     0.00000     0.00000
     2.99342     0.00000     0.00000     0.00000     0.00000     0.00000     0.00000     0.00000     0.00000
     3.01642     0.00000     0.00000     0.00000     0.00000     0.00000     0.00000     0.00000     0.00000
     3.03942     0.00000     0.00000     0.00000     0.00000     0.00000     0.00000     0.00000     0.00000
     3.06242     0.00000     0.00000     0.00000     0.00000     0.00000     0.00000     0.00000     0.00000
     3.08542     0.00000     0.00000     0.00000     0.00000     0.00000     0.00000     0.00000     0.00000
     3.10942     0.00000     0.00000     0.00000     0.00000     0.00000     0.00000     0.00000     0.00000
     3.13242     0.00000     0.00000     0.00000     0.00000     0.00000     0.00000     0.00000     0.00000
     3.15542     0.00000     0.00000     0.00000     0.00000     0.00000     0.00000     0.00000     0.00000
     3.17842     0.00000     0.00000     0.00000     0.00000     0.00000     0.00000     0.00000     0.00000
     3.20142     0.00000     0.00000     0.00000     0.00000     0.00000     0.00000     0.00000     0.00000
     3.22542     0.00000     0.00000     0.00000     0.00000     0.00000     0.00000     0.00000     0.00000
     3.24842     0.00000     0.00000     0.00000     0.00000     0.00000     0.00000     0.00000     0.00000
     3.27142     0.00000     0.00000     0.00000     0.00000     0.00000     0.00000     0.00000     0.00000
     3.29442     0.00000     0.00000     0.00000     0.00000     0.00000     0.00000     0.00000     0.00000
     3.31742     0.00000     0.00000     0.00000     0.00000     0.00000     0.00000     0.00000     0.00000
     3.34142     0.00000     0.00000     0.00000     0.00000     0.00000     0.00000     0.00000     0.00000
     3.36442     0.00000     0.00000     0.00000     0.00000     0.00000     0.00000     0.00000     0.00000
     3.38742     0.00000     0.00000     0.00000     0.00000     0.00000     0.00000     0.00000     0.00000
     3.41042     0.00000     0.00000     0.00000     0.00000     0.00000     0.00000     0.00000     0.00000
     3.43342     0.00000     0.00000     0.00000     0.00000     0.00000     0.00000     0.00000     0.00000
     3.45742     0.00000     0.00000     0.00000     0.00000     0.00000     0.00000     0.00000     0.00000
     3.48042     0.00000     0.00000     0.00000     0.00000     0.00000     0.00000     0.00000     0.00000
     3.50342     0.00000     0.00000     0.00000     0.00000     0.00000     0.00000     0.00000     0.00000
     3.52642     0.00000     0.00000     0.00000     0.00000     0.00000     0.00000     0.00000     0.00000
     3.54942     0.00000     0.00000     0.00000     0.00000     0.00000     0.00000     0.00000     0.00000
     3.57342     0.00000     0.00000     0.00000     0.00000     0.00000     0.00000     0.00000     0.00000
     3.59642     0.00000     0.00000     0.00000     0.00000     0.00000     0.00000     0.00000     0.00000
     3.61942     0.00000     0.00000     0.00000     0.00000     0.00000     0.00000     0.00000     0.00000
     3.64242     0.00000     0.00000     0.00000     0.00000     0.00000     0.00000     0.00000     0.00000
     3.66542     0.00000     0.00000     0.00000     0.00000     0.00000     0.00000     0.00000     0.00000
     3.68942     0.00000     0.00000     0.00000     0.00000     0.00000     0.00000     0.00000     0.00000
     3.71242     0.00000     0.00000     0.00000     0.00000     0.00000     0.00000     0.00000     0.00000
     3.73542     0.00000     0.00000     0.00000     0.00000     0.00000     0.00000     0.00000     0.00000
     3.75842     0.00000     0.00000     0.00000     0.00000     0.00000     0.00000     0.00000     0.00000
     3.78142     0.00000     0.00000     0.00000     0.00000     0.00000     0.00000     0.00000     0.00000
     3.80542     0.00000     0.00000     0.00000     0.00000     0.00000     0.00000     0.00000     0.00000
     3.82842     0.00000     0.00000     0.00000     0.00000     0.00000     0.00000     0.00000     0.00000
     3.85142     0.00000     0.00000     0.00000     0.00000     0.00000     0.00000     0.00000     0.00000
     3.87442     0.00000     0.00000     0.00000     0.00000     0.00000     0.00000     0.00000     0.00000
     3.89742     0.00000     0.00000     0.00000     0.00000     0.00000     0.00000     0.00000     0.00000
     3.92142     0.00000     0.00000     0.00000     0.00000     0.00000     0.00000     0.00000     0.00000
     3.94442     0.00000     0.00000     0.00000     0.00000     0.00000     0.00000     0.00000     0.00000
     3.96742     0.00000     0.00000     0.00000     0.00000     0.00000     0.00000     0.00000     0.00000
     3.99042     0.00000     0.00000     0.00000     0.00000     0.00000     0.00000     0.00000     0.00000
     4.01342     0.00000     0.00000     0.00000     0.00000     0.00000     0.00000     0.00000     0.00000
     4.03742     0.00000     0.00000     0.00000     0.00000     0.00000     0.00000     0.00000     0.00000
     4.06042     0.00000     0.00000     0.00000     0.00000     0.00000     0.00000     0.00000     0.00000
     4.08342     0.00000     0.00000     0.00000     0.00000     0.00000     0.00000     0.00000     0.00000
     4.10642     0.00000     0.00000     0.00000     0.00000     0.00000     0.00000     0.00000     0.00000
     4.12942     0.00000     0.00000     0.00000     0.00000     0.00000     0.00000     0.00000     0.00000
     4.15342     0.00000     0.00000     0.00000     0.00000     0.00000     0.00000     0.00000     0.00000
     4.17642     0.00000     0.00000     0.00000     0.00000     0.00000     0.00000     0.00000     0.00000
     4.19942     0.00000     0.00000     0.00000     0.00000     0.00000     0.00000     0.00000     0.00000
     4.22242     0.00000     0.00000     0.00000     0.00000     0.00000     0.00000     0.00000     0.00000
     4.24542     0.00000     0.00000     0.00000     0.00000     0.00000     0.00000     0.00000     0.00000
     4.26942     0.00000     0.00000     0.00000     0.00000     0.00000     0.00000     0.00000     0.00000
     4.29242     0.00000     0.00000     0.00000     0.00000     0.00000     0.00000     0.00000     0.00000
     4.31542     0.00000     0.00000     0.00000     0.00000     0.00000     0.00000     0.00000     0.00000
     4.33842     0.00000     0.00000     0.00000     0.00000     0.00000     0.00000     0.00000     0.00000
     4.36142     0.00000     0.00000     0.00000     0.00000     0.00000     0.00000     0.00000     0.00000
     4.38542     0.00000     0.00000     0.00000     0.00000     0.00000     0.00000     0.00000     0.00000
     4.40842     0.00000     0.00000     0.00000     0.00000     0.00000     0.00000     0.00000     0.00000
     4.43142     0.00000     0.00000     0.00000     0.00000     0.00000     0.00000     0.00000     0.00000
     4.45442     0.00000     0.00000     0.00000     0.00000     0.00000     0.00000     0.00000     0.00000
     4.47742     0.00000     0.00000     0.00000     0.00000     0.00000     0.00000     0.00000     0.00000
     4.50142     0.00000     0.00000     0.00000     0.00000     0.00000     0.00000     0.00000     0.00000
     4.52442     0.00000     0.00000     0.00000     0.00000     0.00000     0.00000     0.00000     0.00000
     4.54742     0.00000     0.00000     0.00000     0.00000     0.00000     0.00000     0.00000     0.00000
     4.57042     0.00000     0.00000     0.00000     0.00000     0.00000     0.00000     0.00000     0.00000
     4.59342     0.00000     0.00000     0.00000     0.00000     0.00000     0.00000     0.00000     0.00000
     4.61742     0.00000     0.00000     0.00000     0.00000     0.00000     0.00000     0.00000     0.00000
     4.64042     0.00000     0.00000     0.00000     0.00000     0.00000     0.00000     0.00000     0.00000
     4.66342     0.00000     0.00000     0.00000     0.00000     0.00000     0.00000     0.00000     0.00000
     4.68642     0.00000     0.00000     0.00000     0.00000     0.00000     0.00000     0.00000     0.00000
     4.70942     0.00000     0.00000     0.00000     0.00000     0.00000     0.00000     0.00000     0.00000
     4.73342     0.00000     0.00000     0.00000     0.00000     0.00000     0.00000     0.00000     0.00000
     4.75642     0.00000     0.00000     0.00000     0.00000     0.00000     0.00000     0.00000     0.00000
     4.77942     0.00000     0.00000     0.00000     0.00000     0.00000     0.00000     0.00000     0.00000
     4.80242     0.00000     0.00000     0.00000     0.00000     0.00000     0.00000     0.00000     0.00000
     4.82542     0.00000     0.00000     0.00000     0.00000     0.00000     0.00000     0.00000     0.00000
     4.84942     0.00000     0.00000     0.00000     0.00000     0.00000     0.00000     0.00000     0.00000
     4.87242     0.00000     0.00000     0.00000     0.00000     0.00000     0.00000     0.00000     0.00000
     4.89542     0.00000     0.00000     0.00000     0.00000     0.00000     0.00000     0.00000     0.00000
     4.91842     0.00000     0.00000     0.00000     0.00000     0.00000     0.00000     0.00000     0.00000
     4.94142     0.00000     0.00000     0.00000     0.00000     0.00000     0.00000     0.00000     0.00000
     4.96542     0.00000     0.00000     0.00000     0.00000     0.00000     0.00000     0.00000     0.00000
     4.98842     0.00000     0.00000     0.00000     0.00000     0.00000     0.00000     0.00000     0.00000
     5.01142     0.00000     0.00000     0.00000     0.00000     0.00000     0.00000     0.00000     0.00000
     5.03442     0.00000     0.00000     0.00000     0.00000     0.00000     0.00000     0.00000     0.00000
     5.05742     0.00000     0.00000     0.00000     0.00000     0.00000     0.00000     0.00000     0.00000
     5.08142     0.00000     0.00000     0.00000     0.00000     0.00000     0.00000     0.00000     0.00000
     5.10442     0.00000     0.00000     0.00000     0.00000     0.00000     0.00000     0.00000     0.00000
     5.12742     0.00000     0.00000     0.00000     0.00000     0.00000     0.00000     0.00000     0.00000
     5.15042     0.00000     0.00000     0.00000     0.00000     0.00000     0.00000     0.00000     0.00000
     5.17342     0.00000     0.00000     0.00000     0.00000     0.00000     0.00000     0.00000     0.00000
     5.19742     0.00000     0.00000     0.00000     0.00000     0.00000     0.00000     0.00000     0.00000
     5.22042     0.00000     0.00000     0.00000     0.00000     0.00000     0.00000     0.00000     0.00000
     5.24342     0.00000     0.00000     0.00000     0.00000     0.00000     0.00000     0.00000     0.00000
     5.26642     0.00000     0.00000     0.00000     0.00000     0.00000     0.00000     0.00000     0.00000
     5.28942     0.00000     0.00000     0.00000     0.00000     0.00000     0.00000     0.00000     0.00000
     5.31242     0.00000     0.00000     0.00000     0.00000     0.00000     0.00000     0.00000     0.00000
     5.33642     0.00000     0.00000     0.00000     0.00000     0.00000     0.00000     0.00000     0.00000
     5.35942     0.00000     0.00000     0.00000     0.00000     0.00000     0.00000     0.00000     0.00000
